ts,year,round,game_no,sport,league,market_family,n_way,market_label,home,away,date_text,odds,result
2026-08-07T03:50:37+00:00,2026,92,0322,bs,MLB,승①패,3,승①패,뉴욕양키 2,0 세인카디,08.05(수) 08:05,"1.95,3.35,2.95",홈승
2026-08-07T03:50:37+00:00,2026,92,0323,bs,MLB,핸디캡,2,H -2.5,뉴욕양키 -0.5,0 세인카디,08.05(수) 08:05,"2.60,1.33",핸디패
2026-08-07T03:50:37+00:00,2026,92,0324,bs,MLB,언더오버,2,U 8.5,뉴욕양키,세인카디,08.05(수) 08:05,"1.67,1.86",언더
2026-08-07T03:50:37+00:00,2026,92,0325,bs,MLB,홀짝,2,,뉴욕양키,세인카디,08.05(수) 08:05,"1.56,2.02",짝
2026-08-07T03:50:37+00:00,2026,92,0326,bs,MLB,승패,2,,보스레드 14,2 시카화이,08.05(수) 08:10,"1.66,1.87",홈승
2026-08-07T03:50:37+00:00,2026,92,0327,bs,MLB,승①패,3,승①패,보스레드 14,2 시카화이,08.05(수) 08:10,"2.35,3.35,2.35",홈승
2026-08-07T03:50:37+00:00,2026,92,0328,bs,MLB,핸디캡,2,H -2.5,보스레드 11.5,2 시카화이,08.05(수) 08:10,"3.23,1.21",핸디승
2026-08-07T03:50:37+00:00,2026,92,0329,bs,MLB,언더오버,2,U 8.5,보스레드,시카화이,08.05(수) 08:10,"1.85,1.68",오버
2026-08-07T03:50:37+00:00,2026,92,0330,bs,MLB,홀짝,2,,보스레드,시카화이,08.05(수) 08:10,"1.55,2.04",짝
2026-08-07T03:50:37+00:00,2026,92,0331,bs,MLB,승패,2,,애틀브레 4,2 마이말린,08.05(수) 08:15,"1.56,2.02",홈승
2026-08-07T03:50:37+00:00,2026,92,0332,bs,MLB,승①패,3,승①패,애틀브레 4,2 마이말린,08.05(수) 08:15,"2.09,3.50,2.60",홈승
2026-08-07T03:50:37+00:00,2026,92,0333,bs,MLB,핸디캡,2,H -2.5,애틀브레 1.5,2 마이말린,08.05(수) 08:15,"2.92,1.26",핸디패
2026-08-07T03:50:37+00:00,2026,92,0334,bs,MLB,언더오버,2,U 9.5,애틀브레,마이말린,08.05(수) 08:15,"1.66,1.87",언더
2026-08-07T03:50:37+00:00,2026,92,0335,bs,MLB,홀짝,2,,애틀브레,마이말린,08.05(수) 08:15,"1.56,2.02",짝
2026-08-07T03:50:37+00:00,2026,92,0336,bs,MLB,승패,2,,밀워브루 4,2 피츠파이,08.05(수) 08:40,"1.47,2.19",홈승
2026-08-07T03:50:37+00:00,2026,92,0337,bs,MLB,승①패,3,승①패,밀워브루 4,2 피츠파이,08.05(수) 08:40,"1.96,3.40,2.90",홈승
2026-08-07T03:50:37+00:00,2026,92,0338,bs,MLB,핸디캡,2,H -2.5,밀워브루 1.5,2 피츠파이,08.05(수) 08:40,"2.72,1.30",핸디패
2026-08-07T03:50:37+00:00,2026,92,0339,bs,MLB,언더오버,2,U 7.5,밀워브루,피츠파이,08.05(수) 08:40,"1.79,1.73",언더
2026-08-07T03:50:37+00:00,2026,92,0340,bs,MLB,홀짝,2,,밀워브루,피츠파이,08.05(수) 08:40,"1.55,2.04",짝
2026-08-07T03:50:37+00:00,2026,92,0341,bs,MLB,승패,2,,캔자로얄 8,2 미네트윈,08.05(수) 08:40,"2.11,1.51",홈승
2026-08-07T03:50:37+00:00,2026,92,0342,bs,MLB,승①패,3,승①패,캔자로얄 8,2 미네트윈,08.05(수) 08:40,"3.20,3.40,1.84",홈승
2026-08-07T03:50:37+00:00,2026,92,0343,bs,MLB,핸디캡,2,H +2.5,캔자로얄 10.5,2 미네트윈,08.05(수) 08:40,"1.40,2.37",핸디승
2026-08-07T03:50:37+00:00,2026,92,0344,bs,MLB,언더오버,2,U 9.5,캔자로얄,미네트윈,08.05(수) 08:40,"1.65,1.89",오버
2026-08-07T03:50:37+00:00,2026,92,0345,bs,MLB,홀짝,2,,캔자로얄,미네트윈,08.05(수) 08:40,"1.56,2.02",짝
2026-08-07T03:50:37+00:00,2026,92,0346,bs,MLB,승패,2,,텍사레인 5,4 샌프자이,08.05(수) 09:05,"1.36,2.49",홈승
2026-08-07T03:50:37+00:00,2026,92,0347,bs,MLB,승①패,3,승①패,텍사레인 5,4 샌프자이,08.05(수) 09:05,"1.81,3.40,3.30",①
2026-08-07T03:50:37+00:00,2026,92,0348,bs,MLB,핸디캡,2,H -2.5,텍사레인 2.5,4 샌프자이,08.05(수) 09:05,"2.40,1.39",핸디패
2026-08-07T03:50:37+00:00,2026,92,0349,bs,MLB,언더오버,2,U 7.5,텍사레인,샌프자이,08.05(수) 09:05,"1.78,1.74",오버
2026-08-07T03:50:37+00:00,2026,92,0350,bs,MLB,홀짝,2,,텍사레인,샌프자이,08.05(수) 09:05,"1.56,2.02",홀
2026-08-07T03:50:37+00:00,2026,92,0351,bs,MLB,승패,2,,시카컵스 5,1 LA다저스,08.05(수) 09:05,"2.53,1.35",홈승
2026-08-07T03:50:37+00:00,2026,92,0352,bs,MLB,승①패,3,승①패,시카컵스 5,1 LA다저스,08.05(수) 09:05,"4.10,3.55,1.60",홈승
2026-08-07T03:50:37+00:00,2026,92,0353,bs,MLB,핸디캡,2,H +2.5,시카컵스 7.5,1 LA다저스,08.05(수) 09:05,"1.55,2.04",핸디승
2026-08-07T03:50:37+00:00,2026,92,0354,bs,MLB,언더오버,2,U 8.5,시카컵스,LA다저스,08.05(수) 09:05,"1.79,1.73",언더
2026-08-07T03:50:37+00:00,2026,92,0355,bs,MLB,홀짝,2,,시카컵스,LA다저스,08.05(수) 09:05,"1.57,2.00",짝
2026-08-07T03:50:37+00:00,2026,92,0356,bs,MLB,승패,2,,휴스애스 7,2 토론블루,08.05(수) 09:10,"1.64,1.90",홈승
2026-08-07T03:50:37+00:00,2026,92,0357,bs,MLB,승①패,3,승①패,휴스애스 7,2 토론블루,08.05(수) 09:10,"2.31,3.25,2.45",홈승
2026-08-07T03:50:37+00:00,2026,92,0358,bs,MLB,핸디캡,2,H -2.5,휴스애스 4.5,2 토론블루,08.05(수) 09:10,"3.23,1.21",핸디승
2026-08-07T03:50:37+00:00,2026,92,0359,bs,MLB,언더오버,2,U 8.5,휴스애스,토론블루,08.05(수) 09:10,"1.67,1.86",오버
2026-08-07T03:50:37+00:00,2026,92,0360,bs,MLB,홀짝,2,,휴스애스,토론블루,08.05(수) 09:10,"1.55,2.04",홀
2026-08-07T03:50:37+00:00,2026,92,0361,bs,MLB,승패,2,,콜로로키 7,9 탬파레이,08.05(수) 09:40,"2.02,1.56",홈패
2026-08-07T03:50:37+00:00,2026,92,0362,bs,MLB,승①패,3,승①패,콜로로키 7,9 탬파레이,08.05(수) 09:40,"3.00,3.50,1.89",홈패
2026-08-07T03:50:37+00:00,2026,92,0363,bs,MLB,핸디캡,2,H +2.5,콜로로키 9.5,9 탬파레이,08.05(수) 09:40,"1.38,2.43",핸디승
2026-08-07T03:50:37+00:00,2026,92,0364,bs,MLB,언더오버,2,U 11.5,콜로로키,탬파레이,08.05(수) 09:40,"1.66,1.87",오버
2026-08-07T03:50:37+00:00,2026,92,0365,bs,MLB,홀짝,2,,콜로로키,탬파레이,08.05(수) 09:40,"1.56,2.02",짝
2026-08-07T03:50:37+00:00,2026,92,0366,bs,MLB,승패,2,,시애매리 0,8 디트타이,08.05(수) 10:40,"1.61,1.94",홈패
2026-08-07T03:50:37+00:00,2026,92,0367,bs,MLB,승①패,3,승①패,시애매리 0,8 디트타이,08.05(수) 10:40,"2.06,3.40,2.70",홈패
2026-08-07T03:50:37+00:00,2026,92,0368,bs,MLB,핸디캡,2,H -2.5,시애매리 -2.5,8 디트타이,08.05(수) 10:40,"2.68,1.31",핸디패
2026-08-07T03:50:37+00:00,2026,92,0369,bs,MLB,언더오버,2,U 8.5,시애매리,디트타이,08.05(수) 10:40,"1.65,1.89",언더
2026-08-07T03:50:37+00:00,2026,92,0370,bs,MLB,홀짝,2,,시애매리,디트타이,08.05(수) 10:40,"1.55,2.04",짝
2026-08-07T03:50:37+00:00,2026,92,0371,bs,MLB,전반승무패,3,h(전반),시애매리 0,4 디트타이,08.05(수) 10:40,"1.91,5.50,2.25",홈패
2026-08-07T03:50:37+00:00,2026,92,0372,bs,MLB,전반핸디캡,2,h H -1.5,시애매리 -1.5,4 디트타이,08.05(수) 10:40,"2.68,1.31",핸디패
2026-08-07T03:50:37+00:00,2026,92,0373,bs,MLB,전반언더오버,2,h U 4.5,시애매리,디트타이,08.05(수) 10:40,"1.72,1.80",언더
2026-08-07T03:50:37+00:00,2026,92,0374,bs,MLB,승패,2,,애리다이 4,9 샌디파드,08.05(수) 10:40,"1.57,2.00",홈패
2026-08-07T03:50:37+00:00,2026,92,0375,bs,MLB,승①패,3,승①패,애리다이 4,9 샌디파드,08.05(수) 10:40,"2.14,3.45,2.55",홈패
2026-08-07T03:50:37+00:00,2026,92,0376,bs,MLB,핸디캡,2,H -2.5,애리다이 1.5,9 샌디파드,08.05(수) 10:40,"3.09,1.23",핸디패
2026-08-07T03:50:37+00:00,2026,92,0377,bs,MLB,언더오버,2,U 8.5,애리다이,샌디파드,08.05(수) 10:40,"1.85,1.68",오버
2026-08-07T03:50:37+00:00,2026,92,0378,bs,MLB,홀짝,2,,애리다이,샌디파드,08.05(수) 10:40,"1.55,2.04",홀
2026-08-07T03:50:37+00:00,2026,92,0379,bs,NPB,승패,2,,요코베이 11,7 한신,08.05(수) 17:45,"2.13,1.50",홈승
2026-08-07T03:50:37+00:00,2026,92,0380,bs,NPB,승①패,3,승①패,요코베이 11,7 한신,08.05(수) 17:45,"3.50,2.65,2.06",홈승
2026-08-07T03:50:37+00:00,2026,92,0381,bs,NPB,핸디캡,2,H +2.5,요코베이 13.5,7 한신,08.05(수) 17:45,"1.27,2.87",핸디승
2026-08-07T03:50:37+00:00,2026,92,0382,bs,NPB,언더오버,2,U 6.5,요코베이,한신,08.05(수) 17:45,"1.69,1.84",오버
2026-08-07T03:50:37+00:00,2026,92,0383,bs,NPB,홀짝,2,,요코베이,한신,08.05(수) 17:45,"1.61,1.94",짝
2026-08-07T03:50:37+00:00,2026,92,0384,bs,NPB,승패,2,,주니치 4,1 야쿠르트,08.05(수) 18:00,"1.68,1.85",홈승
2026-08-07T03:50:37+00:00,2026,92,0385,bs,NPB,승①패,3,승①패,주니치 4,1 야쿠르트,08.05(수) 18:00,"2.53,2.65,2.65",홈승
2026-08-07T03:50:37+00:00,2026,92,0386,bs,NPB,핸디캡,2,H -2.5,주니치 1.5,1 야쿠르트,08.05(수) 18:00,"3.38,1.19",핸디승
2026-08-07T03:50:37+00:00,2026,92,0387,bs,NPB,언더오버,2,U 6.5,주니치,야쿠르트,08.05(수) 18:00,"1.87,1.66",언더
2026-08-07T03:50:37+00:00,2026,92,0388,bs,NPB,홀짝,2,,주니치,야쿠르트,08.05(수) 18:00,"1.61,1.94",홀
2026-08-07T03:50:37+00:00,2026,92,0389,bs,NPB,승패,2,,히로카프 0,4 요미우리,08.05(수) 18:00,"2.00,1.57",홈패
2026-08-07T03:50:37+00:00,2026,92,0390,bs,NPB,승①패,3,승①패,히로카프 0,4 요미우리,08.05(수) 18:00,"3.30,2.65,2.13",홈패
2026-08-07T03:50:37+00:00,2026,92,0391,bs,NPB,핸디캡,2,H +2.5,히로카프 2.5,4 요미우리,08.05(수) 18:00,"1.23,3.09",핸디패
2026-08-07T03:50:37+00:00,2026,92,0392,bs,NPB,언더오버,2,U 6.5,히로카프,요미우리,08.05(수) 18:00,"1.68,1.85",언더
2026-08-07T03:50:37+00:00,2026,92,0393,bs,NPB,홀짝,2,,히로카프,요미우리,08.05(수) 18:00,"1.61,1.94",짝
2026-08-07T03:50:37+00:00,2026,92,0394,bs,NPB,승패,2,,지바롯데 8,0 세이부,08.05(수) 18:00,"1.89,1.65",홈승
2026-08-07T03:50:37+00:00,2026,92,0395,bs,NPB,승①패,3,승①패,지바롯데 8,0 세이부,08.05(수) 18:00,"2.90,2.75,2.27",홈승
2026-08-07T03:50:37+00:00,2026,92,0396,bs,NPB,핸디캡,2,H +2.5,지바롯데 10.5,0 세이부,08.05(수) 18:00,"1.22,3.16",핸디승
2026-08-07T03:50:37+00:00,2026,92,0397,bs,NPB,언더오버,2,U 7.5,지바롯데,세이부,08.05(수) 18:00,"1.80,1.72",오버
2026-08-07T03:50:37+00:00,2026,92,0398,bs,NPB,홀짝,2,,지바롯데,세이부,08.05(수) 18:00,"1.61,1.94",짝
2026-08-07T03:50:37+00:00,2026,92,0399,bs,NPB,승패,2,,오릭스 3,1 라쿠텐,08.05(수) 18:00,"1.44,2.26",홈승
2026-08-07T03:50:37+00:00,2026,92,0400,bs,NPB,승①패,3,승①패,오릭스 3,1 라쿠텐,08.05(수) 18:00,"2.06,2.85,3.20",홈승
2026-08-07T03:50:37+00:00,2026,92,0401,bs,NPB,핸디캡,2,H -2.5,오릭스 0.5,1 라쿠텐,08.05(수) 18:00,"2.72,1.30",핸디패
2026-08-07T03:50:37+00:00,2026,92,0402,bs,NPB,언더오버,2,U 7.5,오릭스,라쿠텐,08.05(수) 18:00,"1.70,1.82",언더
2026-08-07T03:50:37+00:00,2026,92,0403,bs,NPB,홀짝,2,,오릭스,라쿠텐,08.05(수) 18:00,"1.61,1.94",짝
2026-08-07T03:50:37+00:00,2026,92,0404,bs,NPB,승패,2,,소프트뱅 7,5 닛폰햄,08.05(수) 18:00,"1.60,1.96",홈승
2026-08-07T03:50:37+00:00,2026,92,0405,bs,NPB,승①패,3,승①패,소프트뱅 7,5 닛폰햄,08.05(수) 18:00,"2.42,2.55,2.90",홈승
2026-08-07T03:50:37+00:00,2026,92,0406,bs,NPB,핸디캡,2,H -2.5,소프트뱅 4.5,5 닛폰햄,08.05(수) 18:00,"3.30,1.20",핸디패
2026-08-07T03:50:37+00:00,2026,92,0407,bs,NPB,언더오버,2,U 6.5,소프트뱅,닛폰햄,08.05(수) 18:00,"1.75,1.77",오버
2026-08-07T03:50:37+00:00,2026,92,0408,bs,NPB,홀짝,2,,소프트뱅,닛폰햄,08.05(수) 18:00,"1.61,1.94",짝
2026-08-07T03:50:37+00:00,2026,92,0409,bs,KBO,승패,2,,두산,NC,08.05(수) 18:30,"1.00,1.00",취소
2026-08-07T03:50:37+00:00,2026,92,0410,bs,KBO,승①패,3,승①패,두산,NC,08.05(수) 18:30,"1.00,1.00,1.00",취소
2026-08-07T03:50:37+00:00,2026,92,0411,bs,KBO,핸디캡,2,H +2.5,두산,NC,08.05(수) 18:30,"1.00,1.00",취소
2026-08-07T03:50:37+00:00,2026,92,0412,bs,KBO,언더오버,2,U 7.5,두산,NC,08.05(수) 18:30,"1.00,1.00",취소
2026-08-07T03:50:37+00:00,2026,92,0413,bs,KBO,홀짝,2,,두산,NC,08.05(수) 18:30,"1.00,1.00",취소
2026-08-07T03:50:37+00:00,2026,92,0414,bs,KBO,전반승무패,3,h(전반),두산,NC,08.05(수) 18:30,"1.00,1.00,1.00",취소
2026-08-07T03:50:37+00:00,2026,92,0415,bs,KBO,전반핸디캡,2,h H +1.5,두산,NC,08.05(수) 18:30,"1.00,1.00",취소
2026-08-07T03:50:37+00:00,2026,92,0416,bs,KBO,전반언더오버,2,h U 4.5,두산,NC,08.05(수) 18:30,"1.00,1.00",취소
2026-08-07T03:50:37+00:00,2026,92,0417,bs,KBO,승패,2,,삼성,한화,08.05(수) 18:30,"1.00,1.00",취소
2026-08-07T03:50:37+00:00,2026,92,0418,bs,KBO,승①패,3,승①패,삼성,한화,08.05(수) 18:30,"1.00,1.00,1.00",취소
2026-08-07T03:50:37+00:00,2026,92,0419,bs,KBO,핸디캡,2,H -2.5,삼성,한화,08.05(수) 18:30,"1.00,1.00",취소
2026-08-07T03:50:37+00:00,2026,92,0420,bs,KBO,언더오버,2,U 11.5,삼성,한화,08.05(수) 18:30,"1.00,1.00",취소
2026-08-07T03:50:37+00:00,2026,92,0421,bs,KBO,홀짝,2,,삼성,한화,08.05(수) 18:30,"1.00,1.00",취소
2026-08-07T03:50:37+00:00,2026,92,0422,bs,KBO,전반승무패,3,h(전반),삼성,한화,08.05(수) 18:30,"1.00,1.00,1.00",취소
2026-08-07T03:50:37+00:00,2026,92,0423,bs,KBO,전반핸디캡,2,h H -1.5,삼성,한화,08.05(수) 18:30,"1.00,1.00",취소
2026-08-07T03:50:37+00:00,2026,92,0424,bs,KBO,전반언더오버,2,h U 6.5,삼성,한화,08.05(수) 18:30,"1.00,1.00",취소
2026-08-07T03:50:37+00:00,2026,92,0425,bs,KBO,승패,2,,롯데,키움,08.05(수) 18:30,"1.00,1.00",취소
2026-08-07T03:50:37+00:00,2026,92,0426,bs,KBO,승①패,3,승①패,롯데,키움,08.05(수) 18:30,"1.00,1.00,1.00",취소
2026-08-07T03:50:37+00:00,2026,92,0427,bs,KBO,핸디캡,2,H +2.5,롯데,키움,08.05(수) 18:30,"1.00,1.00",취소
2026-08-07T03:50:37+00:00,2026,92,0428,bs,KBO,언더오버,2,U 9.5,롯데,키움,08.05(수) 18:30,"1.00,1.00",취소
2026-08-07T03:50:37+00:00,2026,92,0429,bs,KBO,홀짝,2,,롯데,키움,08.05(수) 18:30,"1.00,1.00",취소
2026-08-07T03:50:37+00:00,2026,92,0430,bs,KBO,전반승무패,3,h(전반),롯데,키움,08.05(수) 18:30,"1.00,1.00,1.00",취소
2026-08-07T03:50:37+00:00,2026,92,0431,bs,KBO,전반핸디캡,2,h H +1.5,롯데,키움,08.05(수) 18:30,"1.00,1.00",취소
2026-08-07T03:50:37+00:00,2026,92,0432,bs,KBO,전반언더오버,2,h U 5.5,롯데,키움,08.05(수) 18:30,"1.00,1.00",취소
2026-08-07T03:50:37+00:00,2026,92,0433,bs,KBO,승패,2,,SSG,LG,08.05(수) 18:30,"1.00,1.00",취소
2026-08-07T03:50:37+00:00,2026,92,0434,bs,KBO,승①패,3,승①패,SSG,LG,08.05(수) 18:30,"1.00,1.00,1.00",취소
2026-08-07T03:50:37+00:00,2026,92,0435,bs,KBO,핸디캡,2,H +2.5,SSG,LG,08.05(수) 18:30,"1.00,1.00",취소
2026-08-07T03:50:37+00:00,2026,92,0436,bs,KBO,언더오버,2,U 9.5,SSG,LG,08.05(수) 18:30,"1.00,1.00",취소
2026-08-07T03:50:37+00:00,2026,92,0437,bs,KBO,홀짝,2,,SSG,LG,08.05(수) 18:30,"1.00,1.00",취소
2026-08-07T03:50:37+00:00,2026,92,0438,bs,KBO,전반승무패,3,h(전반),SSG,LG,08.05(수) 18:30,"1.00,1.00,1.00",취소
2026-08-07T03:50:37+00:00,2026,92,0439,bs,KBO,전반핸디캡,2,h H +1.5,SSG,LG,08.05(수) 18:30,"1.00,1.00",취소
2026-08-07T03:50:37+00:00,2026,92,0440,bs,KBO,전반언더오버,2,h U 5.5,SSG,LG,08.05(수) 18:30,"1.00,1.00",취소
2026-08-07T03:50:37+00:00,2026,92,0441,bs,KBO,승패,2,,KIA,KT,08.05(수) 18:30,"1.00,1.00",취소
2026-08-07T03:50:37+00:00,2026,92,0442,bs,KBO,승①패,3,승①패,KIA,KT,08.05(수) 18:30,"1.00,1.00,1.00",취소
2026-08-07T03:50:37+00:00,2026,92,0443,bs,KBO,핸디캡,2,H -2.5,KIA,KT,08.05(수) 18:30,"1.00,1.00",취소
2026-08-07T03:50:37+00:00,2026,92,0444,bs,KBO,언더오버,2,U 8.5,KIA,KT,08.05(수) 18:30,"1.00,1.00",취소
2026-08-07T03:50:37+00:00,2026,92,0445,bs,KBO,홀짝,2,,KIA,KT,08.05(수) 18:30,"1.00,1.00",취소
2026-08-07T03:50:37+00:00,2026,92,0446,bs,KBO,전반승무패,3,h(전반),KIA,KT,08.05(수) 18:30,"1.00,1.00,1.00",취소
2026-08-07T03:50:37+00:00,2026,92,0447,bs,KBO,전반핸디캡,2,h H -1.5,KIA,KT,08.05(수) 18:30,"1.00,1.00",취소
2026-08-07T03:50:37+00:00,2026,92,0448,bs,KBO,전반언더오버,2,h U 4.5,KIA,KT,08.05(수) 18:30,"1.00,1.00",취소
2026-08-07T03:50:37+00:00,2026,92,0449,sc,축클럽친,승무패,3,,팀K리그 1,3 맨체스C,08.05(수) 20:00,"5.70,5.20,1.28",홈패
2026-08-07T03:50:37+00:00,2026,92,0450,sc,축클럽친,핸디캡,3,H +1.0,팀K리그 2,3 맨체스C,08.05(수) 20:00,"3.00,4.40,1.70",핸디패
2026-08-07T03:50:37+00:00,2026,92,0451,sc,축클럽친,언더오버,2,U 4.5,팀K리그,맨체스C,08.05(수) 20:00,"1.84,1.69",언더
2026-08-07T03:50:37+00:00,2026,92,0452,sc,축클럽친,홀짝,2,,팀K리그,맨체스C,08.05(수) 20:00,"1.76,1.76",짝
2026-08-07T03:50:37+00:00,2026,92,0453,sc,축클럽친,승무패,3,,첼시 0,1 유벤투스,08.05(수) 20:30,"2.18,3.35,2.55",홈패
2026-08-07T03:50:37+00:00,2026,92,0454,sc,축클럽친,핸디캡,3,H -1.0,첼시 -1,1 유벤투스,08.05(수) 20:30,"4.10,3.50,1.61",핸디패
2026-08-07T03:50:37+00:00,2026,92,0455,sc,축클럽친,언더오버,2,U 3.5,첼시,유벤투스,08.05(수) 20:30,"1.54,2.05",언더
2026-08-07T03:50:37+00:00,2026,92,0456,sc,축클럽친,홀짝,2,,첼시,유벤투스,08.05(수) 20:30,"1.76,1.76",홀
2026-08-07T03:50:37+00:00,2026,92,0457,sc,UCL,승무패,3,,페네르SK 2,0 S그라츠,08.06(목) 03:00,"1.33,4.05,6.60",홈승
2026-08-07T03:50:37+00:00,2026,92,0458,sc,UCL,핸디캡,3,H -1.0,페네르SK 1,0 S그라츠,08.06(목) 03:00,"1.98,3.15,3.05",핸디승
2026-08-07T03:50:37+00:00,2026,92,0459,sc,UCL,핸디캡,3,H -2.0,페네르SK 0,0 S그라츠,08.06(목) 03:00,"3.30,3.60,1.76",핸디무
2026-08-07T03:50:37+00:00,2026,92,0460,sc,UCL,언더오버,2,U 2.5,페네르SK,S그라츠,08.06(목) 03:00,"2.17,1.48",언더
2026-08-07T03:50:37+00:00,2026,92,0461,sc,UCL,홀짝,2,,페네르SK,S그라츠,08.06(목) 03:00,"1.76,1.76",짝
2026-08-07T03:50:37+00:00,2026,92,0462,sc,UCL,전반승무패,3,h(전반),페네르SK 2,0 S그라츠,08.06(목) 03:00,"1.72,2.40,6.60",홈승
2026-08-07T03:50:37+00:00,2026,92,0463,sc,UCL,전반핸디캡,3,h H -1.0,페네르SK 1,0 S그라츠,08.06(목) 03:00,"3.85,2.95,1.82",핸디승
2026-08-07T03:50:37+00:00,2026,92,0464,sc,UCL,전반언더오버,2,h U 1.5,페네르SK,S그라츠,08.06(목) 03:00,"1.45,2.24",오버
2026-08-07T03:50:37+00:00,2026,92,0489,bs,MLB,승패,2,,휴스애스 4,5 토론블루,08.06(목) 03:10,"1.49,2.15",홈패
2026-08-07T03:50:37+00:00,2026,92,0490,bs,MLB,승①패,3,승①패,휴스애스 4,5 토론블루,08.06(목) 03:10,"2.03,3.35,2.80",①
2026-08-07T03:50:37+00:00,2026,92,0491,bs,MLB,핸디캡,2,H -2.5,휴스애스 1.5,5 토론블루,08.06(목) 03:10,"2.72,1.30",핸디패
2026-08-07T03:50:37+00:00,2026,92,0492,bs,MLB,언더오버,2,U 8.5,휴스애스,토론블루,08.06(목) 03:10,"1.67,1.86",오버
2026-08-07T03:50:37+00:00,2026,92,0493,bs,MLB,홀짝,2,,휴스애스,토론블루,08.06(목) 03:10,"1.55,2.04",홀
2026-08-07T03:50:37+00:00,2026,92,0494,bs,MLB,승패,2,,시카컵스 7,6 LA다저스,08.06(목) 03:20,"1.68,1.85",홈승
2026-08-07T03:50:37+00:00,2026,92,0495,bs,MLB,승①패,3,승①패,시카컵스 7,6 LA다저스,08.06(목) 03:20,"2.35,3.40,2.33",①
2026-08-07T03:50:37+00:00,2026,92,0496,bs,MLB,핸디캡,2,H -2.5,시카컵스 4.5,6 LA다저스,08.06(목) 03:20,"3.23,1.21",핸디패
2026-08-07T03:50:37+00:00,2026,92,0497,bs,MLB,언더오버,2,U 9.5,시카컵스,LA다저스,08.06(목) 03:20,"1.70,1.82",오버
2026-08-07T03:50:37+00:00,2026,92,0498,bs,MLB,홀짝,2,,시카컵스,LA다저스,08.06(목) 03:20,"1.56,2.02",홀
2026-08-07T03:50:37+00:00,2026,92,0499,sc,축클럽친,승무패,3,,아스널 1,3 베티스,08.06(목) 03:30,"1.52,3.75,4.45",홈패
2026-08-07T03:50:37+00:00,2026,92,0500,sc,축클럽친,핸디캡,3,H -1.0,아스널 0,3 베티스,08.06(목) 03:30,"2.60,3.30,2.17",핸디패
2026-08-07T03:50:37+00:00,2026,92,0501,sc,축클럽친,언더오버,2,U 2.5,아스널,베티스,08.06(목) 03:30,"2.19,1.47",오버
2026-08-07T03:50:37+00:00,2026,92,0502,sc,축클럽친,홀짝,2,,아스널,베티스,08.06(목) 03:30,"1.76,1.76",짝
2026-08-07T03:50:37+00:00,2026,92,0503,bs,MLB,승패,2,,텍사레인 6,0 샌프자이,08.06(목) 03:35,"1.36,2.49",홈승
2026-08-07T03:50:37+00:00,2026,92,0504,bs,MLB,승①패,3,승①패,텍사레인 6,0 샌프자이,08.06(목) 03:35,"1.80,3.45,3.30",홈승
2026-08-07T03:50:37+00:00,2026,92,0505,bs,MLB,핸디캡,2,H -2.5,텍사레인 3.5,0 샌프자이,08.06(목) 03:35,"2.37,1.40",핸디승
2026-08-07T03:50:37+00:00,2026,92,0506,bs,MLB,언더오버,2,U 8.5,텍사레인,샌프자이,08.06(목) 03:35,"1.66,1.87",언더
2026-08-07T03:50:37+00:00,2026,92,0507,bs,MLB,홀짝,2,,텍사레인,샌프자이,08.06(목) 03:35,"1.56,2.02",짝
2026-08-07T03:50:37+00:00,2026,92,0508,bs,MLB,승패,2,,콜로로키 0,4 탬파레이,08.06(목) 04:10,"2.24,1.45",홈패
2026-08-07T03:50:37+00:00,2026,92,0509,bs,MLB,승①패,3,승①패,콜로로키 0,4 탬파레이,08.06(목) 04:10,"3.45,3.55,1.73",홈패
2026-08-07T03:50:37+00:00,2026,92,0510,bs,MLB,핸디캡,2,H +2.5,콜로로키 2.5,4 탬파레이,08.06(목) 04:10,"1.47,2.19",핸디패
2026-08-07T03:50:37+00:00,2026,92,0511,bs,MLB,언더오버,2,U 11.5,콜로로키,탬파레이,08.06(목) 04:10,"1.73,1.79",언더
2026-08-07T03:50:37+00:00,2026,92,0512,bs,MLB,홀짝,2,,콜로로키,탬파레이,08.06(목) 04:10,"1.57,2.00",짝
2026-08-07T03:50:37+00:00,2026,92,0513,bs,MLB,승패,2,,볼티오리 5,2 LA에인절,08.06(목) 07:35,"1.55,2.04",홈승
2026-08-07T03:50:37+00:00,2026,92,0514,bs,MLB,승①패,3,승①패,볼티오리 5,2 LA에인절,08.06(목) 07:35,"2.15,3.25,2.65",홈승
2026-08-07T03:50:37+00:00,2026,92,0515,bs,MLB,핸디캡,2,H -2.5,볼티오리 2.5,2 LA에인절,08.06(목) 07:35,"2.92,1.26",핸디승
2026-08-07T03:50:37+00:00,2026,92,0516,bs,MLB,언더오버,2,U 8.5,볼티오리,LA에인절,08.06(목) 07:35,"1.67,1.86",언더
2026-08-07T03:50:37+00:00,2026,92,0517,bs,MLB,홀짝,2,,볼티오리,LA에인절,08.06(목) 07:35,"1.55,2.04",홀
2026-08-07T03:50:37+00:00,2026,92,0518,bs,MLB,승패,2,,필라필리 4,10 워싱내셔,08.06(목) 07:40,"1.45,2.24",홈패
2026-08-07T03:50:37+00:00,2026,92,0519,bs,MLB,승①패,3,승①패,필라필리 4,10 워싱내셔,08.06(목) 07:40,"1.94,3.45,2.90",홈패
2026-08-07T03:50:37+00:00,2026,92,0520,bs,MLB,핸디캡,2,H -2.5,필라필리 1.5,10 워싱내셔,08.06(목) 07:40,"2.56,1.34",핸디패
2026-08-07T03:50:37+00:00,2026,92,0521,bs,MLB,언더오버,2,U 9.5,필라필리,워싱내셔,08.06(목) 07:40,"1.73,1.79",오버
2026-08-07T03:50:37+00:00,2026,92,0522,bs,MLB,홀짝,2,,필라필리,워싱내셔,08.06(목) 07:40,"1.56,2.02",짝
2026-08-07T03:50:37+00:00,2026,92,0523,bs,MLB,승패,2,,클리가디 5,6 뉴욕메츠,08.06(목) 07:40,"1.81,1.71",홈패
2026-08-07T03:50:37+00:00,2026,92,0524,bs,MLB,승①패,3,승①패,클리가디 5,6 뉴욕메츠,08.06(목) 07:40,"2.65,3.25,2.15",①
2026-08-07T03:50:37+00:00,2026,92,0525,bs,MLB,핸디캡,2,H +2.5,클리가디 7.5,6 뉴욕메츠,08.06(목) 07:40,"1.27,2.87",핸디승
2026-08-07T03:50:37+00:00,2026,92,0526,bs,MLB,언더오버,2,U 8.5,클리가디,뉴욕메츠,08.06(목) 07:40,"1.75,1.77",오버
2026-08-07T03:50:37+00:00,2026,92,0527,bs,MLB,홀짝,2,,클리가디,뉴욕메츠,08.06(목) 07:40,"1.55,2.04",홀
2026-08-07T03:50:37+00:00,2026,92,0528,bs,MLB,승패,2,,신시레즈 3,2 애슬레틱,08.06(목) 07:40,"1.55,2.04",홈승
2026-08-07T03:50:37+00:00,2026,92,0529,bs,MLB,승①패,3,승①패,신시레즈 3,2 애슬레틱,08.06(목) 07:40,"2.12,3.40,2.60",①
2026-08-07T03:50:37+00:00,2026,92,0530,bs,MLB,핸디캡,2,H -2.5,신시레즈 0.5,2 애슬레틱,08.06(목) 07:40,"2.82,1.28",핸디패
2026-08-07T03:50:37+00:00,2026,92,0531,bs,MLB,언더오버,2,U 9.5,신시레즈,애슬레틱,08.06(목) 07:40,"1.80,1.72",언더
2026-08-07T03:50:37+00:00,2026,92,0532,bs,MLB,홀짝,2,,신시레즈,애슬레틱,08.06(목) 07:40,"1.56,2.02",홀
2026-08-07T03:50:37+00:00,2026,92,0533,bs,MLB,승패,2,,뉴욕양키 1,3 세인카디,08.06(목) 08:05,"1.48,2.17",홈패
2026-08-07T03:50:37+00:00,2026,92,0534,bs,MLB,승①패,3,승①패,뉴욕양키 1,3 세인카디,08.06(목) 08:05,"2.01,3.40,2.80",홈패
2026-08-07T03:50:37+00:00,2026,92,0535,bs,MLB,핸디캡,2,H -2.5,뉴욕양키 -1.5,3 세인카디,08.06(목) 08:05,"2.68,1.31",핸디패
2026-08-07T03:50:37+00:00,2026,92,0536,bs,MLB,언더오버,2,U 8.5,뉴욕양키,세인카디,08.06(목) 08:05,"1.82,1.70",언더
2026-08-07T03:50:37+00:00,2026,92,0537,bs,MLB,홀짝,2,,뉴욕양키,세인카디,08.06(목) 08:05,"1.56,2.02",짝
2026-08-07T03:50:37+00:00,2026,92,0538,bs,MLB,승패,2,,보스레드 4,0 시카화이,08.06(목) 08:10,"1.64,1.90",홈승
2026-08-07T03:50:37+00:00,2026,92,0539,bs,MLB,승①패,3,승①패,보스레드 4,0 시카화이,08.06(목) 08:10,"2.26,3.35,2.45",홈승
2026-08-07T03:50:37+00:00,2026,92,0540,bs,MLB,핸디캡,2,H -2.5,보스레드 1.5,0 시카화이,08.06(목) 08:10,"3.16,1.22",핸디승
2026-08-07T03:50:37+00:00,2026,92,0541,bs,MLB,언더오버,2,U 8.5,보스레드,시카화이,08.06(목) 08:10,"1.74,1.78",언더
2026-08-07T03:50:37+00:00,2026,92,0542,bs,MLB,홀짝,2,,보스레드,시카화이,08.06(목) 08:10,"1.55,2.04",짝
2026-08-07T03:50:37+00:00,2026,92,0543,bs,MLB,승패,2,,애틀브레 4,1 마이말린,08.06(목) 08:15,"1.66,1.87",홈승
2026-08-07T03:50:37+00:00,2026,92,0544,bs,MLB,승①패,3,승①패,애틀브레 4,1 마이말린,08.06(목) 08:15,"2.28,3.40,2.40",홈승
2026-08-07T03:50:37+00:00,2026,92,0545,bs,MLB,핸디캡,2,H -2.5,애틀브레 1.5,1 마이말린,08.06(목) 08:15,"3.23,1.21",핸디승
2026-08-07T03:50:37+00:00,2026,92,0546,bs,MLB,언더오버,2,U 8.5,애틀브레,마이말린,08.06(목) 08:15,"1.81,1.71",언더
2026-08-07T03:50:37+00:00,2026,92,0547,bs,MLB,홀짝,2,,애틀브레,마이말린,08.06(목) 08:15,"1.55,2.04",홀
2026-08-07T03:50:37+00:00,2026,92,0548,bs,MLB,승패,2,,밀워브루 4,2 피츠파이,08.06(목) 08:40,"1.60,1.96",홈승
2026-08-07T03:50:37+00:00,2026,92,0549,bs,MLB,승①패,3,승①패,밀워브루 4,2 피츠파이,08.06(목) 08:40,"2.27,3.15,2.55",홈승
2026-08-07T03:50:37+00:00,2026,92,0550,bs,MLB,핸디캡,2,H -2.5,밀워브루 1.5,2 피츠파이,08.06(목) 08:40,"3.16,1.22",핸디패
2026-08-07T03:50:37+00:00,2026,92,0551,bs,MLB,언더오버,2,U 7.5,밀워브루,피츠파이,08.06(목) 08:40,"1.65,1.89",언더
2026-08-07T03:50:37+00:00,2026,92,0552,bs,MLB,홀짝,2,,밀워브루,피츠파이,08.06(목) 08:40,"1.54,2.05",짝
2026-08-07T03:50:37+00:00,2026,92,0553,bs,MLB,승패,2,,캔자로얄 2,1 미네트윈,08.06(목) 08:40,"1.75,1.77",홈승
2026-08-07T03:50:37+00:00,2026,92,0554,bs,MLB,승①패,3,승①패,캔자로얄 2,1 미네트윈,08.06(목) 08:40,"2.50,3.35,2.22",①
2026-08-07T03:50:37+00:00,2026,92,0555,bs,MLB,핸디캡,2,H -2.5,캔자로얄 -0.5,1 미네트윈,08.06(목) 08:40,"3.46,1.18",핸디패
2026-08-07T03:50:37+00:00,2026,92,0556,bs,MLB,언더오버,2,U 9.5,캔자로얄,미네트윈,08.06(목) 08:40,"1.66,1.87",언더
2026-08-07T03:50:37+00:00,2026,92,0557,bs,MLB,홀짝,2,,캔자로얄,미네트윈,08.06(목) 08:40,"1.55,2.04",홀
2026-08-07T03:50:37+00:00,2026,92,0558,bs,MLB,승패,2,,시애매리 4,2 디트타이,08.06(목) 10:40,"1.53,2.07",홈승
2026-08-07T03:50:37+00:00,2026,92,0559,bs,MLB,승①패,3,승①패,시애매리 4,2 디트타이,08.06(목) 10:40,"2.08,3.35,2.70",홈승
2026-08-07T03:50:37+00:00,2026,92,0560,bs,MLB,핸디캡,2,H -2.5,시애매리 1.5,2 디트타이,08.06(목) 10:40,"2.77,1.29",핸디패
2026-08-07T03:50:37+00:00,2026,92,0561,bs,MLB,언더오버,2,U 8.5,시애매리,디트타이,08.06(목) 10:40,"1.72,1.80",언더
2026-08-07T03:50:37+00:00,2026,92,0562,bs,MLB,홀짝,2,,시애매리,디트타이,08.06(목) 10:40,"1.55,2.04",짝
2026-08-07T03:50:37+00:00,2026,92,0563,bs,MLB,전반승무패,3,h(전반),시애매리 0,0 디트타이,08.06(목) 10:40,"1.83,5.40,2.40",무승부
2026-08-07T03:50:37+00:00,2026,92,0564,bs,MLB,전반핸디캡,2,h H -1.5,시애매리 -1.5,0 디트타이,08.06(목) 10:40,"2.53,1.35",핸디패
2026-08-07T03:50:37+00:00,2026,92,0565,bs,MLB,전반언더오버,2,h U 4.5,시애매리,디트타이,08.06(목) 10:40,"1.67,1.86",언더
2026-08-07T03:50:37+00:00,2026,92,0566,bs,MLB,승패,2,,애리다이 10,4 샌디파드,08.06(목) 10:40,"1.87,1.66",홈승
2026-08-07T03:50:37+00:00,2026,92,0567,bs,MLB,승①패,3,승①패,애리다이 10,4 샌디파드,08.06(목) 10:40,"2.65,3.45,2.07",홈승
2026-08-07T03:50:37+00:00,2026,92,0568,bs,MLB,핸디캡,2,H +2.5,애리다이 12.5,4 샌디파드,08.06(목) 10:40,"1.32,2.64",핸디승
2026-08-07T03:50:37+00:00,2026,92,0569,bs,MLB,언더오버,2,U 9.5,애리다이,샌디파드,08.06(목) 10:40,"1.60,1.96",오버
2026-08-07T03:50:37+00:00,2026,92,0570,bs,MLB,홀짝,2,,애리다이,샌디파드,08.06(목) 10:40,"1.55,2.04",짝
2026-08-07T03:50:37+00:00,2026,92,0571,bs,NPB,승패,2,,요코베이 5,10 한신,08.06(목) 17:45,"1.89,1.65",홈패
2026-08-07T03:50:37+00:00,2026,92,0572,bs,NPB,승①패,3,승①패,요코베이 5,10 한신,08.06(목) 17:45,"3.05,2.80,2.15",홈패
2026-08-07T03:50:37+00:00,2026,92,0573,bs,NPB,핸디캡,2,H +2.5,요코베이 7.5,10 한신,08.06(목) 17:45,"1.31,2.68",핸디패
2026-08-07T03:50:37+00:00,2026,92,0574,bs,NPB,언더오버,2,U 7.5,요코베이,한신,08.06(목) 17:45,"1.86,1.67",오버
2026-08-07T03:50:37+00:00,2026,92,0575,bs,NPB,홀짝,2,,요코베이,한신,08.06(목) 17:45,"1.61,1.94",홀
2026-08-07T03:50:37+00:00,2026,92,0576,bs,NPB,승패,2,,주니치 5,0 야쿠르트,08.06(목) 18:00,"1.48,2.17",홈승
2026-08-07T03:50:37+00:00,2026,92,0577,bs,NPB,승①패,3,승①패,주니치 5,0 야쿠르트,08.06(목) 18:00,"2.22,2.65,3.10",홈승
2026-08-07T03:50:37+00:00,2026,92,0578,bs,NPB,핸디캡,2,H -2.5,주니치 2.5,0 야쿠르트,08.06(목) 18:00,"2.97,1.25",핸디승
2026-08-07T03:50:37+00:00,2026,92,0579,bs,NPB,언더오버,2,U 6.5,주니치,야쿠르트,08.06(목) 18:00,"1.74,1.78",언더
2026-08-07T03:50:37+00:00,2026,92,0580,bs,NPB,홀짝,2,,주니치,야쿠르트,08.06(목) 18:00,"1.61,1.94",홀
2026-08-07T03:50:37+00:00,2026,92,0581,bs,NPB,승패,2,,히로카프 7,11 요미우리,08.06(목) 18:00,"1.73,1.79",홈패
2026-08-07T03:50:37+00:00,2026,92,0582,bs,NPB,승①패,3,승①패,히로카프 7,11 요미우리,08.06(목) 18:00,"2.54,2.75,2.55",홈패
2026-08-07T03:50:37+00:00,2026,92,0583,bs,NPB,핸디캡,2,H -2.5,히로카프 4.5,11 요미우리,08.06(목) 18:00,"3.38,1.19",핸디패
2026-08-07T03:50:37+00:00,2026,92,0584,bs,NPB,언더오버,2,U 6.5,히로카프,요미우리,08.06(목) 18:00,"1.99,1.58",오버
2026-08-07T03:50:37+00:00,2026,92,0585,bs,NPB,홀짝,2,,히로카프,요미우리,08.06(목) 18:00,"1.61,1.94",짝
2026-08-07T03:50:37+00:00,2026,92,0586,bs,NPB,승패,2,,오릭스 1,3 라쿠텐,08.06(목) 18:00,"1.65,1.89",홈패
2026-08-07T03:50:37+00:00,2026,92,0587,bs,NPB,승①패,3,승①패,오릭스 1,3 라쿠텐,08.06(목) 18:00,"2.54,2.70,2.60",홈패
2026-08-07T03:50:37+00:00,2026,92,0588,bs,NPB,핸디캡,2,H -2.5,오릭스 -1.5,3 라쿠텐,08.06(목) 18:00,"3.46,1.18",핸디패
2026-08-07T03:50:37+00:00,2026,92,0589,bs,NPB,언더오버,2,U 6.5,오릭스,라쿠텐,08.06(목) 18:00,"1.99,1.58",언더
2026-08-07T03:50:37+00:00,2026,92,0590,bs,NPB,홀짝,2,,오릭스,라쿠텐,08.06(목) 18:00,"1.61,1.94",짝
2026-08-07T03:50:37+00:00,2026,92,0591,bs,NPB,승패,2,,소프트뱅 2,6 닛폰햄,08.06(목) 18:00,"1.63,1.91",홈패
2026-08-07T03:50:37+00:00,2026,92,0592,bs,NPB,승①패,3,승①패,소프트뱅 2,6 닛폰햄,08.06(목) 18:00,"2.34,2.90,2.65",홈패
2026-08-07T03:50:37+00:00,2026,92,0593,bs,NPB,핸디캡,2,H -2.5,소프트뱅 -0.5,6 닛폰햄,08.06(목) 18:00,"3.23,1.21",핸디패
2026-08-07T03:50:37+00:00,2026,92,0594,bs,NPB,언더오버,2,U 7.5,소프트뱅,닛폰햄,08.06(목) 18:00,"1.81,1.71",오버
2026-08-07T03:50:37+00:00,2026,92,0595,bs,NPB,홀짝,2,,소프트뱅,닛폰햄,08.06(목) 18:00,"1.61,1.94",짝
2026-08-07T03:50:37+00:00,2026,92,0596,bs,KBO,승패,2,,두산,NC,08.06(목) 18:30,"1.00,1.00",취소
2026-08-07T03:50:37+00:00,2026,92,0597,bs,KBO,승①패,2,승①패,두산,NC,08.06(목) 18:30,"1.00,1.00",취소
2026-08-07T03:50:37+00:00,2026,92,0598,bs,KBO,핸디캡,2,H 0.0,두산,NC,08.06(목) 18:30,"1.00,1.00",취소
2026-08-07T03:50:37+00:00,2026,92,0599,bs,KBO,언더오버,2,U 0.0,두산,NC,08.06(목) 18:30,"1.00,1.00",취소
2026-08-07T03:50:37+00:00,2026,92,0600,bs,KBO,홀짝,2,,두산,NC,08.06(목) 18:30,"1.00,1.00",취소
2026-08-07T03:50:37+00:00,2026,92,0601,bs,KBO,전반승패,2,h(전반),두산,NC,08.06(목) 18:30,"1.00,1.00",취소
2026-08-07T03:50:37+00:00,2026,92,0602,bs,KBO,전반핸디캡,2,h H 0.0,두산,NC,08.06(목) 18:30,"1.00,1.00",취소
2026-08-07T03:50:37+00:00,2026,92,0603,bs,KBO,전반언더오버,2,h U 0.0,두산,NC,08.06(목) 18:30,"1.00,1.00",취소
2026-08-07T03:50:37+00:00,2026,92,0604,bs,KBO,승패,2,,삼성,한화,08.06(목) 18:30,"1.00,1.00",취소
2026-08-07T03:50:37+00:00,2026,92,0605,bs,KBO,승①패,2,승①패,삼성,한화,08.06(목) 18:30,"1.00,1.00",취소
2026-08-07T03:50:37+00:00,2026,92,0606,bs,KBO,핸디캡,2,H 0.0,삼성,한화,08.06(목) 18:30,"1.00,1.00",취소
2026-08-07T03:50:37+00:00,2026,92,0607,bs,KBO,언더오버,2,U 0.0,삼성,한화,08.06(목) 18:30,"1.00,1.00",취소
2026-08-07T03:50:37+00:00,2026,92,0608,bs,KBO,홀짝,2,,삼성,한화,08.06(목) 18:30,"1.00,1.00",취소
2026-08-07T03:50:37+00:00,2026,92,0609,bs,KBO,전반승패,2,h(전반),삼성,한화,08.06(목) 18:30,"1.00,1.00",취소
2026-08-07T03:50:37+00:00,2026,92,0610,bs,KBO,전반핸디캡,2,h H 0.0,삼성,한화,08.06(목) 18:30,"1.00,1.00",취소
2026-08-07T03:50:37+00:00,2026,92,0611,bs,KBO,전반언더오버,2,h U 0.0,삼성,한화,08.06(목) 18:30,"1.00,1.00",취소
2026-08-07T03:50:37+00:00,2026,92,0612,bs,KBO,승패,2,,롯데,키움,08.06(목) 18:30,"1.00,1.00",취소
2026-08-07T03:50:37+00:00,2026,92,0613,bs,KBO,승①패,2,승①패,롯데,키움,08.06(목) 18:30,"1.00,1.00",취소
2026-08-07T03:50:37+00:00,2026,92,0614,bs,KBO,핸디캡,2,H 0.0,롯데,키움,08.06(목) 18:30,"1.00,1.00",취소
2026-08-07T03:50:37+00:00,2026,92,0615,bs,KBO,언더오버,2,U 0.0,롯데,키움,08.06(목) 18:30,"1.00,1.00",취소
2026-08-07T03:50:37+00:00,2026,92,0616,bs,KBO,홀짝,2,,롯데,키움,08.06(목) 18:30,"1.00,1.00",취소
2026-08-07T03:50:37+00:00,2026,92,0617,bs,KBO,전반승패,2,h(전반),롯데,키움,08.06(목) 18:30,"1.00,1.00",취소
2026-08-07T03:50:37+00:00,2026,92,0618,bs,KBO,전반핸디캡,2,h H 0.0,롯데,키움,08.06(목) 18:30,"1.00,1.00",취소
2026-08-07T03:50:37+00:00,2026,92,0619,bs,KBO,전반언더오버,2,h U 0.0,롯데,키움,08.06(목) 18:30,"1.00,1.00",취소
2026-08-07T03:50:37+00:00,2026,92,0620,bs,KBO,승패,2,,SSG,LG,08.06(목) 18:30,"1.00,1.00",취소
2026-08-07T03:50:37+00:00,2026,92,0621,bs,KBO,승①패,2,승①패,SSG,LG,08.06(목) 18:30,"1.00,1.00",취소
2026-08-07T03:50:37+00:00,2026,92,0622,bs,KBO,핸디캡,2,H 0.0,SSG,LG,08.06(목) 18:30,"1.00,1.00",취소
2026-08-07T03:50:37+00:00,2026,92,0623,bs,KBO,언더오버,2,U 0.0,SSG,LG,08.06(목) 18:30,"1.00,1.00",취소
2026-08-07T03:50:37+00:00,2026,92,0624,bs,KBO,홀짝,2,,SSG,LG,08.06(목) 18:30,"1.00,1.00",취소
2026-08-07T03:50:37+00:00,2026,92,0625,bs,KBO,전반승패,2,h(전반),SSG,LG,08.06(목) 18:30,"1.00,1.00",취소
2026-08-07T03:50:37+00:00,2026,92,0626,bs,KBO,전반핸디캡,2,h H 0.0,SSG,LG,08.06(목) 18:30,"1.00,1.00",취소
2026-08-07T03:50:37+00:00,2026,92,0627,bs,KBO,전반언더오버,2,h U 0.0,SSG,LG,08.06(목) 18:30,"1.00,1.00",취소
2026-08-07T03:50:37+00:00,2026,92,0628,bs,KBO,승패,2,,KIA,KT,08.06(목) 18:30,"1.00,1.00",취소
2026-08-07T03:50:37+00:00,2026,92,0629,bs,KBO,승①패,2,승①패,KIA,KT,08.06(목) 18:30,"1.00,1.00",취소
2026-08-07T03:50:37+00:00,2026,92,0630,bs,KBO,핸디캡,2,H 0.0,KIA,KT,08.06(목) 18:30,"1.00,1.00",취소
2026-08-07T03:50:37+00:00,2026,92,0631,bs,KBO,언더오버,2,U 0.0,KIA,KT,08.06(목) 18:30,"1.00,1.00",취소
2026-08-07T03:50:37+00:00,2026,92,0632,bs,KBO,홀짝,2,,KIA,KT,08.06(목) 18:30,"1.00,1.00",취소
2026-08-07T03:50:37+00:00,2026,92,0633,bs,KBO,전반승패,2,h(전반),KIA,KT,08.06(목) 18:30,"1.00,1.00",취소
2026-08-07T03:50:37+00:00,2026,92,0634,bs,KBO,전반핸디캡,2,h H 0.0,KIA,KT,08.06(목) 18:30,"1.00,1.00",취소
2026-08-07T03:50:37+00:00,2026,92,0635,bs,KBO,전반언더오버,2,h U 0.0,KIA,KT,08.06(목) 18:30,"1.00,1.00",취소
2026-08-07T03:50:37+00:00,2026,92,0636,bs,MLB,승패,2,,볼티오리 1,4 LA에인절,08.07(금) 01:35,"1.43,2.29",홈패
2026-08-07T03:50:37+00:00,2026,92,0637,bs,MLB,승①패,3,승①패,볼티오리 1,4 LA에인절,08.07(금) 01:35,"1.84,3.60,3.05",홈패
2026-08-07T03:50:37+00:00,2026,92,0638,bs,MLB,핸디캡,2,H -2.5,볼티오리 -1.5,4 LA에인절,08.07(금) 01:35,"2.46,1.37",핸디패
2026-08-07T03:50:37+00:00,2026,92,0639,bs,MLB,언더오버,2,U 9.5,볼티오리,LA에인절,08.07(금) 01:35,"1.77,1.75",언더
2026-08-07T03:50:37+00:00,2026,92,0640,bs,MLB,홀짝,2,,볼티오리,LA에인절,08.07(금) 01:35,"1.56,2.02",홀
2026-08-07T03:50:37+00:00,2026,92,0641,bs,MLB,승패,2,,신시레즈 6,5 애슬레틱,08.07(금) 01:40,"1.48,2.17",홈승
2026-08-07T03:50:37+00:00,2026,92,0642,bs,MLB,승①패,3,승①패,신시레즈 6,5 애슬레틱,08.07(금) 01:40,"1.99,3.45,2.80",①
2026-08-07T03:50:37+00:00,2026,92,0643,bs,MLB,핸디캡,2,H -2.5,신시레즈 3.5,5 애슬레틱,08.07(금) 01:40,"2.64,1.32",핸디패
2026-08-07T03:50:37+00:00,2026,92,0644,bs,MLB,언더오버,2,U 9.5,신시레즈,애슬레틱,08.07(금) 01:40,"1.70,1.82",오버
2026-08-07T03:50:37+00:00,2026,92,0645,bs,MLB,홀짝,2,,신시레즈,애슬레틱,08.07(금) 01:40,"1.56,2.02",홀
2026-08-07T03:50:37+00:00,2026,92,0646,bs,MLB,승패,2,,클리가디 6,13 뉴욕메츠,08.07(금) 02:10,"1.79,1.73",홈패
2026-08-07T03:50:37+00:00,2026,92,0647,bs,MLB,승①패,3,승①패,클리가디 6,13 뉴욕메츠,08.07(금) 02:10,"2.55,3.20,2.25",홈패
2026-08-07T03:50:37+00:00,2026,92,0648,bs,MLB,핸디캡,2,H +2.5,클리가디 8.5,13 뉴욕메츠,08.07(금) 02:10,"1.26,2.92",핸디패
2026-08-07T03:50:37+00:00,2026,92,0649,bs,MLB,언더오버,2,U 7.5,클리가디,뉴욕메츠,08.07(금) 02:10,"1.75,1.77",오버
2026-08-07T03:50:37+00:00,2026,92,0650,bs,MLB,홀짝,2,,클리가디,뉴욕메츠,08.07(금) 02:10,"1.55,2.04",홀
2026-08-07T03:50:37+00:00,2026,92,0651,bs,MLB,승패,2,,밀워브루 5,2 피츠파이,08.07(금) 03:10,"1.60,1.96",홈승
2026-08-07T03:50:37+00:00,2026,92,0652,bs,MLB,승①패,3,승①패,밀워브루 5,2 피츠파이,08.07(금) 03:10,"2.26,3.25,2.50",홈승
2026-08-07T03:50:37+00:00,2026,92,0653,bs,MLB,핸디캡,2,H -2.5,밀워브루 2.5,2 피츠파이,08.07(금) 03:10,"3.16,1.22",핸디승
2026-08-07T03:50:37+00:00,2026,92,0654,bs,MLB,언더오버,2,U 7.5,밀워브루,피츠파이,08.07(금) 03:10,"1.78,1.74",언더
2026-08-07T03:50:37+00:00,2026,92,0655,bs,MLB,홀짝,2,,밀워브루,피츠파이,08.07(금) 03:10,"1.55,2.04",홀
2026-08-07T03:50:37+00:00,2026,92,0656,bs,MLB,승패,2,,시카컵스 3,2 토론블루,08.07(금) 03:20,"1.89,1.65",홈승
2026-08-07T03:50:37+00:00,2026,92,0657,bs,MLB,승①패,3,승①패,시카컵스 3,2 토론블루,08.07(금) 03:20,"2.80,3.20,2.08",①
2026-08-07T03:50:37+00:00,2026,92,0658,bs,MLB,핸디캡,2,H +2.5,시카컵스 5.5,2 토론블루,08.07(금) 03:20,"1.29,2.77",핸디승
2026-08-07T03:50:37+00:00,2026,92,0659,bs,MLB,언더오버,2,U 7.5,시카컵스,토론블루,08.07(금) 03:20,"1.76,1.76",언더
2026-08-07T03:50:37+00:00,2026,92,0660,bs,MLB,홀짝,2,,시카컵스,토론블루,08.07(금) 03:20,"1.55,2.04",홀
2026-08-07T03:50:37+00:00,2026,92,0661,bs,MLB,승패,2,,시애매리 0,11 디트타이,08.07(금) 05:10,"1.62,1.93",홈패
2026-08-07T03:50:37+00:00,2026,92,0662,bs,MLB,승①패,3,승①패,시애매리 0,11 디트타이,08.07(금) 05:10,"2.29,3.20,2.50",홈패
2026-08-07T03:50:37+00:00,2026,92,0663,bs,MLB,핸디캡,2,H -2.5,시애매리 -2.5,11 디트타이,08.07(금) 05:10,"3.16,1.22",핸디패
2026-08-07T03:50:37+00:00,2026,92,0664,bs,MLB,언더오버,2,U 7.5,시애매리,디트타이,08.07(금) 05:10,"1.73,1.79",오버
2026-08-07T03:50:37+00:00,2026,92,0665,bs,MLB,홀짝,2,,시애매리,디트타이,08.07(금) 05:10,"1.55,2.04",홀
2026-08-07T03:50:37+00:00,2026,92,0666,bs,MLB,승패,2,,필라필리 7,3 워싱내셔,08.07(금) 07:05,"1.21,3.23",홈승
2026-08-07T03:50:37+00:00,2026,92,0667,bs,MLB,승①패,3,승①패,필라필리 7,3 워싱내셔,08.07(금) 07:05,"1.51,3.90,4.35",홈승
2026-08-07T03:50:37+00:00,2026,92,0668,bs,MLB,핸디캡,2,H -2.5,필라필리 4.5,3 워싱내셔,08.07(금) 07:05,"1.89,1.65",핸디승
2026-08-07T03:50:37+00:00,2026,92,0669,bs,MLB,언더오버,2,U 8.5,필라필리,워싱내셔,08.07(금) 07:05,"1.81,1.71",오버
2026-08-07T03:50:37+00:00,2026,92,0670,bs,MLB,홀짝,2,,필라필리,워싱내셔,08.07(금) 07:05,"1.58,1.99",짝
2026-08-07T03:50:37+00:00,2026,92,0671,bs,MLB,승패,2,,보스레드 12,11 시카화이,08.07(금) 08:10,"1.42,2.31",홈승
2026-08-07T03:50:37+00:00,2026,92,0672,bs,MLB,승①패,3,승①패,보스레드 12,11 시카화이,08.07(금) 08:10,"1.83,3.55,3.10",①
2026-08-07T03:50:37+00:00,2026,92,0673,bs,MLB,핸디캡,2,H -2.5,보스레드 9.5,11 시카화이,08.07(금) 08:10,"2.49,1.36",핸디패
2026-08-07T03:50:37+00:00,2026,92,0674,bs,MLB,언더오버,2,U 9.5,보스레드,시카화이,08.07(금) 08:10,"1.65,1.89",오버
2026-08-07T03:50:37+00:00,2026,92,0675,bs,MLB,홀짝,2,,보스레드,시카화이,08.07(금) 08:10,"1.56,2.02",홀
2026-08-07T03:50:37+00:00,2026,92,0676,bs,MLB,승패,2,,애틀브레 11,3 마이말린,08.07(금) 08:15,"1.44,2.26",홈승
2026-08-07T03:50:37+00:00,2026,92,0677,bs,MLB,승①패,3,승①패,애틀브레 11,3 마이말린,08.07(금) 08:15,"1.92,3.45,2.95",홈승
2026-08-07T03:50:37+00:00,2026,92,0678,bs,MLB,핸디캡,2,H -2.5,애틀브레 8.5,3 마이말린,08.07(금) 08:15,"2.56,1.34",핸디승
2026-08-07T03:50:37+00:00,2026,92,0679,bs,MLB,언더오버,2,U 9.5,애틀브레,마이말린,08.07(금) 08:15,"1.60,1.96",오버
2026-08-07T03:50:37+00:00,2026,92,0680,bs,MLB,홀짝,2,,애틀브레,마이말린,08.07(금) 08:15,"1.56,2.02",짝
2026-08-07T03:50:37+00:00,2026,92,0681,bs,MLB,승패,2,,캔자로얄 3,4 미네트윈,08.07(금) 08:40,"1.69,1.84",홈패
2026-08-07T03:50:37+00:00,2026,92,0682,bs,MLB,승①패,3,승①패,캔자로얄 3,4 미네트윈,08.07(금) 08:40,"2.40,3.30,2.33",①
2026-08-07T03:50:37+00:00,2026,92,0683,bs,MLB,핸디캡,2,H -2.5,캔자로얄 0.5,4 미네트윈,08.07(금) 08:40,"3.30,1.20",핸디패
2026-08-07T03:50:37+00:00,2026,92,0684,bs,MLB,언더오버,2,U 8.5,캔자로얄,미네트윈,08.07(금) 08:40,"1.91,1.63",언더
2026-08-07T03:50:37+00:00,2026,92,0685,bs,MLB,홀짝,2,,캔자로얄,미네트윈,08.07(금) 08:40,"1.55,2.04",홀
2026-08-07T03:50:37+00:00,2026,92,0686,bs,MLB,승패,2,,애리다이 1,5 샌디파드,08.07(금) 10:40,"1.72,1.80",7회초
2026-08-07T03:50:37+00:00,2026,92,0687,bs,MLB,승①패,3,승①패,애리다이 1,5 샌디파드,08.07(금) 10:40,"2.45,3.35,2.26",7회초
2026-08-07T03:50:37+00:00,2026,92,0688,bs,MLB,핸디캡,2,H -2.5,애리다이 -1.5,5 샌디파드,08.07(금) 10:40,"3.38,1.19",7회초
2026-08-07T03:50:37+00:00,2026,92,0689,bs,MLB,언더오버,2,U 9.5,애리다이,샌디파드,08.07(금) 10:40,"1.64,1.90",7회초
2026-08-07T03:50:37+00:00,2026,92,0690,bs,MLB,홀짝,2,,애리다이,샌디파드,08.07(금) 10:40,"1.55,2.04",7회초
2026-08-07T03:50:37+00:00,2026,92,0691,bs,MLB,전반승무패,3,h(전반),애리다이 1,3 샌디파드,08.07(금) 10:40,"1.89,6.00,2.20",7회초
2026-08-07T03:50:37+00:00,2026,92,0692,bs,MLB,전반핸디캡,2,h H -1.5,애리다이 -0.5,3 샌디파드,08.07(금) 10:40,"2.72,1.30",7회초
2026-08-07T03:50:37+00:00,2026,92,0693,bs,MLB,전반언더오버,2,h U 4.5,애리다이,샌디파드,08.07(금) 10:40,"1.96,1.60",7회초
2026-08-07T03:50:37+00:00,2026,92,0724,bs,KBO,승패,2,,LG,KIA,08.07(금) 18:30,"1.00,1.00",취소
2026-08-07T03:50:37+00:00,2026,92,0725,bs,KBO,승①패,2,승①패,LG,KIA,08.07(금) 18:30,"1.00,1.00",취소
2026-08-07T03:50:37+00:00,2026,92,0726,bs,KBO,핸디캡,2,H 0.0,LG,KIA,08.07(금) 18:30,"1.00,1.00",취소
2026-08-07T03:50:37+00:00,2026,92,0727,bs,KBO,언더오버,2,U 0.0,LG,KIA,08.07(금) 18:30,"1.00,1.00",취소
2026-08-07T03:50:37+00:00,2026,92,0728,bs,KBO,홀짝,2,,LG,KIA,08.07(금) 18:30,"1.00,1.00",취소
2026-08-07T03:50:37+00:00,2026,92,0729,bs,KBO,전반승패,2,h(전반),LG,KIA,08.07(금) 18:30,"1.00,1.00",취소
2026-08-07T03:50:37+00:00,2026,92,0730,bs,KBO,전반핸디캡,2,h H 0.0,LG,KIA,08.07(금) 18:30,"1.00,1.00",취소
2026-08-07T03:50:37+00:00,2026,92,0731,bs,KBO,전반언더오버,2,h U 0.0,LG,KIA,08.07(금) 18:30,"1.00,1.00",취소
2026-08-07T03:50:37+00:00,2026,92,0732,bs,KBO,승패,2,,삼성,두산,08.07(금) 18:30,"1.00,1.00",취소
2026-08-07T03:50:37+00:00,2026,92,0733,bs,KBO,승①패,2,승①패,삼성,두산,08.07(금) 18:30,"1.00,1.00",취소
2026-08-07T03:50:37+00:00,2026,92,0734,bs,KBO,핸디캡,2,H 0.0,삼성,두산,08.07(금) 18:30,"1.00,1.00",취소
2026-08-07T03:50:37+00:00,2026,92,0735,bs,KBO,언더오버,2,U 0.0,삼성,두산,08.07(금) 18:30,"1.00,1.00",취소
2026-08-07T03:50:37+00:00,2026,92,0736,bs,KBO,홀짝,2,,삼성,두산,08.07(금) 18:30,"1.00,1.00",취소
2026-08-07T03:50:37+00:00,2026,92,0737,bs,KBO,전반승패,2,h(전반),삼성,두산,08.07(금) 18:30,"1.00,1.00",취소
2026-08-07T03:50:37+00:00,2026,92,0738,bs,KBO,전반핸디캡,2,h H 0.0,삼성,두산,08.07(금) 18:30,"1.00,1.00",취소
2026-08-07T03:50:37+00:00,2026,92,0739,bs,KBO,전반언더오버,2,h U 0.0,삼성,두산,08.07(금) 18:30,"1.00,1.00",취소
2026-08-07T03:50:37+00:00,2026,92,0740,bs,KBO,승패,2,,KT,롯데,08.07(금) 18:30,"1.00,1.00",취소
2026-08-07T03:50:37+00:00,2026,92,0741,bs,KBO,승①패,2,승①패,KT,롯데,08.07(금) 18:30,"1.00,1.00",취소
2026-08-07T03:50:37+00:00,2026,92,0742,bs,KBO,핸디캡,2,H 0.0,KT,롯데,08.07(금) 18:30,"1.00,1.00",취소
2026-08-07T03:50:37+00:00,2026,92,0743,bs,KBO,언더오버,2,U 0.0,KT,롯데,08.07(금) 18:30,"1.00,1.00",취소
2026-08-07T03:50:37+00:00,2026,92,0744,bs,KBO,홀짝,2,,KT,롯데,08.07(금) 18:30,"1.00,1.00",취소
2026-08-07T03:50:37+00:00,2026,92,0745,bs,KBO,전반승패,2,h(전반),KT,롯데,08.07(금) 18:30,"1.00,1.00",취소
2026-08-07T03:50:37+00:00,2026,92,0746,bs,KBO,전반핸디캡,2,h H 0.0,KT,롯데,08.07(금) 18:30,"1.00,1.00",취소
2026-08-07T03:50:37+00:00,2026,92,0747,bs,KBO,전반언더오버,2,h U 0.0,KT,롯데,08.07(금) 18:30,"1.00,1.00",취소
2026-08-07T03:50:37+00:00,2026,92,0748,bs,KBO,승패,2,,NC,SSG,08.07(금) 18:30,"1.00,1.00",취소
2026-08-07T03:50:37+00:00,2026,92,0749,bs,KBO,승①패,2,승①패,NC,SSG,08.07(금) 18:30,"1.00,1.00",취소
2026-08-07T03:50:37+00:00,2026,92,0750,bs,KBO,핸디캡,2,H 0.0,NC,SSG,08.07(금) 18:30,"1.00,1.00",취소
2026-08-07T03:50:37+00:00,2026,92,0751,bs,KBO,언더오버,2,U 0.0,NC,SSG,08.07(금) 18:30,"1.00,1.00",취소
2026-08-07T03:50:37+00:00,2026,92,0752,bs,KBO,홀짝,2,,NC,SSG,08.07(금) 18:30,"1.00,1.00",취소
2026-08-07T03:50:37+00:00,2026,92,0753,bs,KBO,전반승패,2,h(전반),NC,SSG,08.07(금) 18:30,"1.00,1.00",취소
2026-08-07T03:50:37+00:00,2026,92,0754,bs,KBO,전반핸디캡,2,h H 0.0,NC,SSG,08.07(금) 18:30,"1.00,1.00",취소
2026-08-07T03:50:37+00:00,2026,92,0755,bs,KBO,전반언더오버,2,h U 0.0,NC,SSG,08.07(금) 18:30,"1.00,1.00",취소
2026-08-07T03:50:37+00:00,2026,92,0756,bs,KBO,승패,2,,한화,키움,08.07(금) 18:30,"1.00,1.00",취소
2026-08-07T03:50:37+00:00,2026,92,0757,bs,KBO,승①패,2,승①패,한화,키움,08.07(금) 18:30,"1.00,1.00",취소
2026-08-07T03:50:37+00:00,2026,92,0758,bs,KBO,핸디캡,2,H 0.0,한화,키움,08.07(금) 18:30,"1.00,1.00",취소
2026-08-07T03:50:37+00:00,2026,92,0759,bs,KBO,언더오버,2,U 0.0,한화,키움,08.07(금) 18:30,"1.00,1.00",취소
2026-08-07T03:50:37+00:00,2026,92,0760,bs,KBO,홀짝,2,,한화,키움,08.07(금) 18:30,"1.00,1.00",취소
2026-08-07T03:50:37+00:00,2026,92,0761,bs,KBO,전반승패,2,h(전반),한화,키움,08.07(금) 18:30,"1.00,1.00",취소
2026-08-07T03:50:37+00:00,2026,92,0762,bs,KBO,전반핸디캡,2,h H 0.0,한화,키움,08.07(금) 18:30,"1.00,1.00",취소
2026-08-07T03:50:37+00:00,2026,92,0763,bs,KBO,전반언더오버,2,h U 0.0,한화,키움,08.07(금) 18:30,"1.00,1.00",취소
2026-08-07T03:50:37+00:00,2026,92,0764,sc,J1리그,승무패,3,,요코마리,가시마A,08.07(금) 19:25,"3.60,3.05,1.84",경기전
2026-08-07T03:50:37+00:00,2026,92,0765,sc,J1리그,핸디캡,3,H +1.0,요코마리,가시마A,08.07(금) 19:25,"1.79,3.25,3.55",경기전
2026-08-07T03:50:37+00:00,2026,92,0766,sc,J1리그,언더오버,2,U 2.5,요코마리,가시마A,08.07(금) 19:25,"1.59,1.97",경기전
2026-08-07T03:50:37+00:00,2026,92,0767,sc,J1리그,홀짝,2,,요코마리,가시마A,08.07(금) 19:25,"1.77,1.75",경기전
2026-08-07T03:50:37+00:00,2026,92,0768,sc,J1리그,승무패,3,,G오사카,우라와R,08.07(금) 19:30,"2.15,3.05,2.80",경기전
2026-08-07T03:50:37+00:00,2026,92,0769,sc,J1리그,핸디캡,3,H -1.0,G오사카,우라와R,08.07(금) 19:30,"4.40,3.60,1.55",경기전
2026-08-07T03:50:37+00:00,2026,92,0770,sc,J1리그,언더오버,2,U 2.5,G오사카,우라와R,08.07(금) 19:30,"1.67,1.86",경기전
2026-08-07T03:50:37+00:00,2026,92,0771,sc,J1리그,홀짝,2,,G오사카,우라와R,08.07(금) 19:30,"1.77,1.75",경기전
2026-08-07T03:50:37+00:00,2026,92,0772,sc,K리그2,승무패,3,,충남아산,안산그리,08.07(금) 20:00,"1.46,3.65,5.30",경기전
2026-08-07T03:50:37+00:00,2026,92,0773,sc,K리그2,핸디캡,3,H -1.0,충남아산,안산그리,08.07(금) 20:00,"2.40,3.25,2.35",경기전
2026-08-07T03:50:37+00:00,2026,92,0774,sc,K리그2,언더오버,2,U 2.5,충남아산,안산그리,08.07(금) 20:00,"1.87,1.66",경기전
2026-08-07T03:50:37+00:00,2026,92,0775,sc,K리그2,홀짝,2,,충남아산,안산그리,08.07(금) 20:00,"1.77,1.75",경기전
2026-08-07T03:50:37+00:00,2026,92,0776,sc,K리그2,승무패,3,,김포FC,충북청주,08.07(금) 20:00,"1.68,3.20,4.15",경기전
2026-08-07T03:50:37+00:00,2026,92,0777,sc,K리그2,핸디캡,3,H -1.0,김포FC,충북청주,08.07(금) 20:00,"3.10,3.20,1.94",경기전
2026-08-07T03:50:37+00:00,2026,92,0778,sc,K리그2,언더오버,2,U 2.5,김포FC,충북청주,08.07(금) 20:00,"1.65,1.89",경기전
2026-08-07T03:50:37+00:00,2026,92,0779,sc,K리그2,홀짝,2,,김포FC,충북청주,08.07(금) 20:00,"1.77,1.75",경기전
2026-08-07T03:50:37+00:00,2026,92,0780,sc,K리그2,승무패,3,,경남FC,대구FC,08.07(금) 20:00,"3.70,3.35,1.72",경기전
2026-08-07T03:50:37+00:00,2026,92,0781,sc,K리그2,핸디캡,3,H +1.0,경남FC,대구FC,08.07(금) 20:00,"1.89,3.35,3.10",경기전
2026-08-07T03:50:37+00:00,2026,92,0782,sc,K리그2,언더오버,2,U 2.5,경남FC,대구FC,08.07(금) 20:00,"1.86,1.67",경기전
2026-08-07T03:50:37+00:00,2026,92,0783,sc,K리그2,홀짝,2,,경남FC,대구FC,08.07(금) 20:00,"1.77,1.75",경기전
2026-08-07T03:50:37+00:00,2026,92,0784,sc,K리그2,승무패,3,,화성FC,서울이랜,08.07(금) 20:00,"2.65,3.20,2.18",경기전
2026-08-07T03:50:37+00:00,2026,92,0785,sc,K리그2,핸디캡,3,H +1.0,화성FC,서울이랜,08.07(금) 20:00,"1.54,3.75,4.30",경기전
2026-08-07T03:50:37+00:00,2026,92,0786,sc,K리그2,언더오버,2,U 2.5,화성FC,서울이랜,08.07(금) 20:00,"1.87,1.66",경기전
2026-08-07T03:50:37+00:00,2026,92,0787,sc,K리그2,홀짝,2,,화성FC,서울이랜,08.07(금) 20:00,"1.77,1.75",경기전
2026-08-07T03:50:37+00:00,2026,92,0788,sc,K리그2,승무패,3,,수원삼성,김해FC,08.07(금) 20:00,"1.24,4.40,8.60",경기전
2026-08-07T03:50:37+00:00,2026,92,0789,sc,K리그2,핸디캡,3,H -1.0,수원삼성,김해FC,08.07(금) 20:00,"1.84,3.30,3.30",경기전
2026-08-07T03:50:37+00:00,2026,92,0790,sc,K리그2,언더오버,2,U 2.5,수원삼성,김해FC,08.07(금) 20:00,"2.05,1.54",경기전
2026-08-07T03:50:37+00:00,2026,92,0791,sc,K리그2,홀짝,2,,수원삼성,김해FC,08.07(금) 20:00,"1.76,1.76",경기전
2026-08-07T03:50:37+00:00,2026,92,0792,sc,K리그2,승무패,3,,용인FC,부산아이,08.07(금) 20:00,"3.40,3.15,1.86",경기전
2026-08-07T03:50:37+00:00,2026,92,0793,sc,K리그2,핸디캡,3,H +1.0,용인FC,부산아이,08.07(금) 20:00,"1.76,3.35,3.55",경기전
2026-08-07T03:50:37+00:00,2026,92,0794,sc,K리그2,언더오버,2,U 2.5,용인FC,부산아이,08.07(금) 20:00,"1.70,1.82",경기전
2026-08-07T03:50:37+00:00,2026,92,0795,sc,K리그2,홀짝,2,,용인FC,부산아이,08.07(금) 20:00,"1.77,1.75",경기전
2026-08-07T03:50:37+00:00,2026,92,0796,sc,축클럽친,승무패,3,,A빌라,바이뮌헨,08.07(금) 21:00,"3.00,3.60,1.86",경기전
2026-08-07T03:50:37+00:00,2026,92,0797,sc,축클럽친,핸디캡,3,H +1.0,A빌라,바이뮌헨,08.07(금) 21:00,"1.75,3.75,3.20",경기전
2026-08-07T03:50:37+00:00,2026,92,0798,sc,축클럽친,언더오버,2,U 3.5,A빌라,바이뮌헨,08.07(금) 21:00,"1.59,1.97",경기전
2026-08-07T03:50:37+00:00,2026,92,0799,sc,축클럽친,홀짝,2,,A빌라,바이뮌헨,08.07(금) 21:00,"1.76,1.76",경기전
2026-08-07T03:50:37+00:00,2026,92,0800,sc,축ASEA챔,승무패,3,,싱가포르,인도네시,08.07(금) 22:00,"4.15,3.45,1.62",경기전
2026-08-07T03:50:37+00:00,2026,92,0801,sc,축ASEA챔,핸디캡,3,H +1.0,싱가포르,인도네시,08.07(금) 22:00,"2.04,3.30,2.80",경기전
2026-08-07T03:50:37+00:00,2026,92,0802,sc,축ASEA챔,언더오버,2,U 2.5,싱가포르,인도네시,08.07(금) 22:00,"1.90,1.64",경기전
2026-08-07T03:50:37+00:00,2026,92,0803,sc,축ASEA챔,홀짝,2,,싱가포르,인도네시,08.07(금) 22:00,"1.77,1.75",경기전
2026-08-07T03:50:37+00:00,2026,93,0671,bs,MLB,승패,2,,보스레드 12,11 시카화이,08.07(금) 08:10,"1.42,2.31",홈승
2026-08-07T03:50:37+00:00,2026,93,0672,bs,MLB,승①패,3,승①패,보스레드 12,11 시카화이,08.07(금) 08:10,"1.83,3.55,3.10",①
2026-08-07T03:50:37+00:00,2026,93,0673,bs,MLB,핸디캡,2,H -2.5,보스레드 9.5,11 시카화이,08.07(금) 08:10,"2.49,1.36",핸디패
2026-08-07T03:50:37+00:00,2026,93,0674,bs,MLB,언더오버,2,U 9.5,보스레드,시카화이,08.07(금) 08:10,"1.65,1.89",오버
2026-08-07T03:50:37+00:00,2026,93,0675,bs,MLB,홀짝,2,,보스레드,시카화이,08.07(금) 08:10,"1.56,2.02",홀
2026-08-07T03:50:37+00:00,2026,93,0676,bs,MLB,승패,2,,애틀브레 11,3 마이말린,08.07(금) 08:15,"1.44,2.26",홈승
2026-08-07T03:50:37+00:00,2026,93,0677,bs,MLB,승①패,3,승①패,애틀브레 11,3 마이말린,08.07(금) 08:15,"1.92,3.45,2.95",홈승
2026-08-07T03:50:37+00:00,2026,93,0678,bs,MLB,핸디캡,2,H -2.5,애틀브레 8.5,3 마이말린,08.07(금) 08:15,"2.56,1.34",핸디승
2026-08-07T03:50:37+00:00,2026,93,0679,bs,MLB,언더오버,2,U 9.5,애틀브레,마이말린,08.07(금) 08:15,"1.60,1.96",오버
2026-08-07T03:50:37+00:00,2026,93,0680,bs,MLB,홀짝,2,,애틀브레,마이말린,08.07(금) 08:15,"1.56,2.02",짝
2026-08-07T03:50:37+00:00,2026,93,0681,bs,MLB,승패,2,,캔자로얄 3,4 미네트윈,08.07(금) 08:40,"1.69,1.84",홈패
2026-08-07T03:50:37+00:00,2026,93,0682,bs,MLB,승①패,3,승①패,캔자로얄 3,4 미네트윈,08.07(금) 08:40,"2.40,3.30,2.33",①
2026-08-07T03:50:37+00:00,2026,93,0683,bs,MLB,핸디캡,2,H -2.5,캔자로얄 0.5,4 미네트윈,08.07(금) 08:40,"3.30,1.20",핸디패
2026-08-07T03:50:37+00:00,2026,93,0684,bs,MLB,언더오버,2,U 8.5,캔자로얄,미네트윈,08.07(금) 08:40,"1.91,1.63",언더
2026-08-07T03:50:37+00:00,2026,93,0685,bs,MLB,홀짝,2,,캔자로얄,미네트윈,08.07(금) 08:40,"1.55,2.04",홀
2026-08-07T03:50:37+00:00,2026,93,0686,bs,MLB,승패,2,,애리다이 1,5 샌디파드,08.07(금) 10:40,"1.72,1.80",7회초
2026-08-07T03:50:37+00:00,2026,93,0687,bs,MLB,승①패,3,승①패,애리다이 1,5 샌디파드,08.07(금) 10:40,"2.45,3.35,2.26",7회초
2026-08-07T03:50:37+00:00,2026,93,0688,bs,MLB,핸디캡,2,H -2.5,애리다이 -1.5,5 샌디파드,08.07(금) 10:40,"3.38,1.19",7회초
2026-08-07T03:50:37+00:00,2026,93,0689,bs,MLB,언더오버,2,U 9.5,애리다이,샌디파드,08.07(금) 10:40,"1.69,1.84",7회초
2026-08-07T03:50:37+00:00,2026,93,0690,bs,MLB,홀짝,2,,애리다이,샌디파드,08.07(금) 10:40,"1.55,2.04",7회초
2026-08-07T03:50:37+00:00,2026,93,0691,bs,MLB,전반승무패,3,h(전반),애리다이 1,3 샌디파드,08.07(금) 10:40,"1.95,5.80,2.15",7회초
2026-08-07T03:50:37+00:00,2026,93,0692,bs,MLB,전반핸디캡,2,h H -1.5,애리다이 -0.5,3 샌디파드,08.07(금) 10:40,"2.72,1.30",7회초
2026-08-07T03:50:37+00:00,2026,93,0693,bs,MLB,전반언더오버,2,h U 4.5,애리다이,샌디파드,08.07(금) 10:40,"1.96,1.60",7회초
2026-08-07T03:50:37+00:00,2026,93,0694,bs,NPB,승패,2,,요미우리,야쿠르트,08.07(금) 18:00,"1.49,2.15",경기전
2026-08-07T03:50:37+00:00,2026,93,0695,bs,NPB,승①패,3,승①패,요미우리,야쿠르트,08.07(금) 18:00,"2.25,2.65,3.05",경기전
2026-08-07T03:50:37+00:00,2026,93,0696,bs,NPB,핸디캡,2,H -2.5,요미우리,야쿠르트,08.07(금) 18:00,"2.97,1.25",경기전
2026-08-07T03:50:37+00:00,2026,93,0697,bs,NPB,언더오버,2,U 6.5,요미우리,야쿠르트,08.07(금) 18:00,"1.68,1.85",경기전
2026-08-07T03:50:37+00:00,2026,93,0698,bs,NPB,홀짝,2,,요미우리,야쿠르트,08.07(금) 18:00,"1.61,1.94",경기전
2026-08-07T03:50:37+00:00,2026,93,0699,bs,NPB,승패,2,,요코베이,히로카프,08.07(금) 18:00,"1.36,2.49",경기전
2026-08-07T03:50:37+00:00,2026,93,0700,bs,NPB,승①패,3,승①패,요코베이,히로카프,08.07(금) 18:00,"1.93,2.90,3.50",경기전
2026-08-07T03:50:37+00:00,2026,93,0701,bs,NPB,핸디캡,2,H -2.5,요코베이,히로카프,08.07(금) 18:00,"2.53,1.35",경기전
2026-08-07T03:50:37+00:00,2026,93,0702,bs,NPB,언더오버,2,U 7.5,요코베이,히로카프,08.07(금) 18:00,"1.72,1.80",경기전
2026-08-07T03:50:37+00:00,2026,93,0703,bs,NPB,홀짝,2,,요코베이,히로카프,08.07(금) 18:00,"1.62,1.93",경기전
2026-08-07T03:50:37+00:00,2026,93,0704,bs,NPB,승패,2,,한신,주니치,08.07(금) 18:00,"1.42,2.31",경기전
2026-08-07T03:50:37+00:00,2026,93,0705,bs,NPB,승①패,3,승①패,한신,주니치,08.07(금) 18:00,"2.16,2.55,3.40",경기전
2026-08-07T03:50:37+00:00,2026,93,0706,bs,NPB,핸디캡,2,H -2.5,한신,주니치,08.07(금) 18:00,"2.82,1.28",경기전
2026-08-07T03:50:37+00:00,2026,93,0707,bs,NPB,언더오버,2,U 5.5,한신,주니치,08.07(금) 18:00,"1.78,1.74",경기전
2026-08-07T03:50:37+00:00,2026,93,0708,bs,NPB,홀짝,2,,한신,주니치,08.07(금) 18:00,"1.62,1.93",경기전
2026-08-07T03:50:37+00:00,2026,93,0709,bs,NPB,승패,2,,닛폰햄,라쿠텐,08.07(금) 18:00,"1.29,2.77",경기전
2026-08-07T03:50:37+00:00,2026,93,0710,bs,NPB,승①패,3,승①패,닛폰햄,라쿠텐,08.07(금) 18:00,"1.75,3.10,3.90",경기전
2026-08-07T03:50:37+00:00,2026,93,0711,bs,NPB,핸디캡,2,H -2.5,닛폰햄,라쿠텐,08.07(금) 18:00,"2.26,1.44",경기전
2026-08-07T03:50:37+00:00,2026,93,0712,bs,NPB,언더오버,2,U 8.5,닛폰햄,라쿠텐,08.07(금) 18:00,"1.82,1.70",경기전
2026-08-07T03:50:37+00:00,2026,93,0713,bs,NPB,홀짝,2,,닛폰햄,라쿠텐,08.07(금) 18:00,"1.62,1.93",경기전
2026-08-07T03:50:37+00:00,2026,93,0714,bs,NPB,승패,2,,세이부,소프트뱅,08.07(금) 18:00,"2.11,1.51",경기전
2026-08-07T03:50:37+00:00,2026,93,0715,bs,NPB,승①패,3,승①패,세이부,소프트뱅,08.07(금) 18:00,"3.55,2.80,1.96",경기전
2026-08-07T03:50:37+00:00,2026,93,0716,bs,NPB,핸디캡,2,H +2.5,세이부,소프트뱅,08.07(금) 18:00,"1.31,2.68",경기전
2026-08-07T03:50:37+00:00,2026,93,0717,bs,NPB,언더오버,2,U 7.5,세이부,소프트뱅,08.07(금) 18:00,"1.69,1.84",경기전
2026-08-07T03:50:37+00:00,2026,93,0718,bs,NPB,홀짝,2,,세이부,소프트뱅,08.07(금) 18:00,"1.61,1.94",경기전
2026-08-07T03:50:37+00:00,2026,93,0719,bs,NPB,승패,2,,지바롯데,오릭스,08.07(금) 18:00,"1.71,1.81",경기전
2026-08-07T03:50:37+00:00,2026,93,0720,bs,NPB,승①패,3,승①패,지바롯데,오릭스,08.07(금) 18:00,"2.60,2.80,2.45",경기전
2026-08-07T03:50:37+00:00,2026,93,0721,bs,NPB,핸디캡,2,H -2.5,지바롯데,오릭스,08.07(금) 18:00,"3.65,1.16",경기전
2026-08-07T03:50:37+00:00,2026,93,0722,bs,NPB,언더오버,2,U 8.5,지바롯데,오릭스,08.07(금) 18:00,"1.71,1.81",경기전
2026-08-07T03:50:37+00:00,2026,93,0723,bs,NPB,홀짝,2,,지바롯데,오릭스,08.07(금) 18:00,"1.60,1.96",경기전
2026-08-07T03:50:37+00:00,2026,93,0724,bs,KBO,승패,2,,LG,KIA,08.07(금) 18:30,"1.00,1.00",취소
2026-08-07T03:50:37+00:00,2026,93,0725,bs,KBO,승①패,2,승①패,LG,KIA,08.07(금) 18:30,"1.00,1.00",취소
2026-08-07T03:50:37+00:00,2026,93,0726,bs,KBO,핸디캡,2,H 0.0,LG,KIA,08.07(금) 18:30,"1.00,1.00",취소
2026-08-07T03:50:37+00:00,2026,93,0727,bs,KBO,언더오버,2,U 0.0,LG,KIA,08.07(금) 18:30,"1.00,1.00",취소
2026-08-07T03:50:37+00:00,2026,93,0728,bs,KBO,홀짝,2,,LG,KIA,08.07(금) 18:30,"1.00,1.00",취소
2026-08-07T03:50:37+00:00,2026,93,0729,bs,KBO,전반승패,2,h(전반),LG,KIA,08.07(금) 18:30,"1.00,1.00",취소
2026-08-07T03:50:37+00:00,2026,93,0730,bs,KBO,전반핸디캡,2,h H 0.0,LG,KIA,08.07(금) 18:30,"1.00,1.00",취소
2026-08-07T03:50:37+00:00,2026,93,0731,bs,KBO,전반언더오버,2,h U 0.0,LG,KIA,08.07(금) 18:30,"1.00,1.00",취소
2026-08-07T03:50:37+00:00,2026,93,0732,bs,KBO,승패,2,,삼성,두산,08.07(금) 18:30,"1.00,1.00",취소
2026-08-07T03:50:37+00:00,2026,93,0733,bs,KBO,승①패,2,승①패,삼성,두산,08.07(금) 18:30,"1.00,1.00",취소
2026-08-07T03:50:37+00:00,2026,93,0734,bs,KBO,핸디캡,2,H 0.0,삼성,두산,08.07(금) 18:30,"1.00,1.00",취소
2026-08-07T03:50:37+00:00,2026,93,0735,bs,KBO,언더오버,2,U 0.0,삼성,두산,08.07(금) 18:30,"1.00,1.00",취소
2026-08-07T03:50:37+00:00,2026,93,0736,bs,KBO,홀짝,2,,삼성,두산,08.07(금) 18:30,"1.00,1.00",취소
2026-08-07T03:50:37+00:00,2026,93,0737,bs,KBO,전반승패,2,h(전반),삼성,두산,08.07(금) 18:30,"1.00,1.00",취소
2026-08-07T03:50:37+00:00,2026,93,0738,bs,KBO,전반핸디캡,2,h H 0.0,삼성,두산,08.07(금) 18:30,"1.00,1.00",취소
2026-08-07T03:50:37+00:00,2026,93,0739,bs,KBO,전반언더오버,2,h U 0.0,삼성,두산,08.07(금) 18:30,"1.00,1.00",취소
2026-08-07T03:50:37+00:00,2026,93,0740,bs,KBO,승패,2,,KT,롯데,08.07(금) 18:30,"1.00,1.00",취소
2026-08-07T03:50:37+00:00,2026,93,0741,bs,KBO,승①패,2,승①패,KT,롯데,08.07(금) 18:30,"1.00,1.00",취소
2026-08-07T03:50:37+00:00,2026,93,0742,bs,KBO,핸디캡,2,H 0.0,KT,롯데,08.07(금) 18:30,"1.00,1.00",취소
2026-08-07T03:50:37+00:00,2026,93,0743,bs,KBO,언더오버,2,U 0.0,KT,롯데,08.07(금) 18:30,"1.00,1.00",취소
2026-08-07T03:50:37+00:00,2026,93,0744,bs,KBO,홀짝,2,,KT,롯데,08.07(금) 18:30,"1.00,1.00",취소
2026-08-07T03:50:37+00:00,2026,93,0745,bs,KBO,전반승패,2,h(전반),KT,롯데,08.07(금) 18:30,"1.00,1.00",취소
2026-08-07T03:50:37+00:00,2026,93,0746,bs,KBO,전반핸디캡,2,h H 0.0,KT,롯데,08.07(금) 18:30,"1.00,1.00",취소
2026-08-07T03:50:37+00:00,2026,93,0747,bs,KBO,전반언더오버,2,h U 0.0,KT,롯데,08.07(금) 18:30,"1.00,1.00",취소
2026-08-07T03:50:37+00:00,2026,93,0748,bs,KBO,승패,2,,NC,SSG,08.07(금) 18:30,"1.00,1.00",취소
2026-08-07T03:50:37+00:00,2026,93,0749,bs,KBO,승①패,2,승①패,NC,SSG,08.07(금) 18:30,"1.00,1.00",취소
2026-08-07T03:50:37+00:00,2026,93,0750,bs,KBO,핸디캡,2,H 0.0,NC,SSG,08.07(금) 18:30,"1.00,1.00",취소
2026-08-07T03:50:37+00:00,2026,93,0751,bs,KBO,언더오버,2,U 0.0,NC,SSG,08.07(금) 18:30,"1.00,1.00",취소
2026-08-07T03:50:37+00:00,2026,93,0752,bs,KBO,홀짝,2,,NC,SSG,08.07(금) 18:30,"1.00,1.00",취소
2026-08-07T03:50:37+00:00,2026,93,0753,bs,KBO,전반승패,2,h(전반),NC,SSG,08.07(금) 18:30,"1.00,1.00",취소
2026-08-07T03:50:37+00:00,2026,93,0754,bs,KBO,전반핸디캡,2,h H 0.0,NC,SSG,08.07(금) 18:30,"1.00,1.00",취소
2026-08-07T03:50:37+00:00,2026,93,0755,bs,KBO,전반언더오버,2,h U 0.0,NC,SSG,08.07(금) 18:30,"1.00,1.00",취소
2026-08-07T03:50:37+00:00,2026,93,0756,bs,KBO,승패,2,,한화,키움,08.07(금) 18:30,"1.00,1.00",취소
2026-08-07T03:50:37+00:00,2026,93,0757,bs,KBO,승①패,2,승①패,한화,키움,08.07(금) 18:30,"1.00,1.00",취소
2026-08-07T03:50:37+00:00,2026,93,0758,bs,KBO,핸디캡,2,H 0.0,한화,키움,08.07(금) 18:30,"1.00,1.00",취소
2026-08-07T03:50:37+00:00,2026,93,0759,bs,KBO,언더오버,2,U 0.0,한화,키움,08.07(금) 18:30,"1.00,1.00",취소
2026-08-07T03:50:37+00:00,2026,93,0760,bs,KBO,홀짝,2,,한화,키움,08.07(금) 18:30,"1.00,1.00",취소
2026-08-07T03:50:37+00:00,2026,93,0761,bs,KBO,전반승패,2,h(전반),한화,키움,08.07(금) 18:30,"1.00,1.00",취소
2026-08-07T03:50:37+00:00,2026,93,0762,bs,KBO,전반핸디캡,2,h H 0.0,한화,키움,08.07(금) 18:30,"1.00,1.00",취소
2026-08-07T03:50:37+00:00,2026,93,0763,bs,KBO,전반언더오버,2,h U 0.0,한화,키움,08.07(금) 18:30,"1.00,1.00",취소
2026-08-07T03:50:37+00:00,2026,93,0764,sc,J1리그,승무패,3,,요코마리,가시마A,08.07(금) 19:25,"3.60,3.05,1.84",경기전
2026-08-07T03:50:37+00:00,2026,93,0765,sc,J1리그,핸디캡,3,H +1.0,요코마리,가시마A,08.07(금) 19:25,"1.79,3.25,3.55",경기전
2026-08-07T03:50:37+00:00,2026,93,0766,sc,J1리그,언더오버,2,U 2.5,요코마리,가시마A,08.07(금) 19:25,"1.59,1.97",경기전
2026-08-07T03:50:37+00:00,2026,93,0767,sc,J1리그,홀짝,2,,요코마리,가시마A,08.07(금) 19:25,"1.77,1.75",경기전
2026-08-07T03:50:37+00:00,2026,93,0768,sc,J1리그,승무패,3,,G오사카,우라와R,08.07(금) 19:30,"2.15,3.05,2.80",경기전
2026-08-07T03:50:37+00:00,2026,93,0769,sc,J1리그,핸디캡,3,H -1.0,G오사카,우라와R,08.07(금) 19:30,"4.40,3.60,1.55",경기전
2026-08-07T03:50:37+00:00,2026,93,0770,sc,J1리그,언더오버,2,U 2.5,G오사카,우라와R,08.07(금) 19:30,"1.67,1.86",경기전
2026-08-07T03:50:37+00:00,2026,93,0771,sc,J1리그,홀짝,2,,G오사카,우라와R,08.07(금) 19:30,"1.77,1.75",경기전
2026-08-07T03:50:37+00:00,2026,93,0772,sc,K리그2,승무패,3,,충남아산,안산그리,08.07(금) 20:00,"1.46,3.65,5.30",경기전
2026-08-07T03:50:37+00:00,2026,93,0773,sc,K리그2,핸디캡,3,H -1.0,충남아산,안산그리,08.07(금) 20:00,"2.40,3.25,2.35",경기전
2026-08-07T03:50:37+00:00,2026,93,0774,sc,K리그2,언더오버,2,U 2.5,충남아산,안산그리,08.07(금) 20:00,"1.87,1.66",경기전
2026-08-07T03:50:37+00:00,2026,93,0775,sc,K리그2,홀짝,2,,충남아산,안산그리,08.07(금) 20:00,"1.77,1.75",경기전
2026-08-07T03:50:37+00:00,2026,93,0776,sc,K리그2,승무패,3,,김포FC,충북청주,08.07(금) 20:00,"1.68,3.20,4.15",경기전
2026-08-07T03:50:37+00:00,2026,93,0777,sc,K리그2,핸디캡,3,H -1.0,김포FC,충북청주,08.07(금) 20:00,"3.10,3.20,1.94",경기전
2026-08-07T03:50:37+00:00,2026,93,0778,sc,K리그2,언더오버,2,U 2.5,김포FC,충북청주,08.07(금) 20:00,"1.65,1.89",경기전
2026-08-07T03:50:37+00:00,2026,93,0779,sc,K리그2,홀짝,2,,김포FC,충북청주,08.07(금) 20:00,"1.77,1.75",경기전
2026-08-07T03:50:37+00:00,2026,93,0780,sc,K리그2,승무패,3,,경남FC,대구FC,08.07(금) 20:00,"3.70,3.35,1.72",경기전
2026-08-07T03:50:37+00:00,2026,93,0781,sc,K리그2,핸디캡,3,H +1.0,경남FC,대구FC,08.07(금) 20:00,"1.89,3.35,3.10",경기전
2026-08-07T03:50:37+00:00,2026,93,0782,sc,K리그2,언더오버,2,U 2.5,경남FC,대구FC,08.07(금) 20:00,"1.86,1.67",경기전
2026-08-07T03:50:37+00:00,2026,93,0783,sc,K리그2,홀짝,2,,경남FC,대구FC,08.07(금) 20:00,"1.77,1.75",경기전
2026-08-07T03:50:37+00:00,2026,93,0784,sc,K리그2,승무패,3,,화성FC,서울이랜,08.07(금) 20:00,"2.65,3.20,2.18",경기전
2026-08-07T03:50:37+00:00,2026,93,0785,sc,K리그2,핸디캡,3,H +1.0,화성FC,서울이랜,08.07(금) 20:00,"1.54,3.75,4.30",경기전
2026-08-07T03:50:37+00:00,2026,93,0786,sc,K리그2,언더오버,2,U 2.5,화성FC,서울이랜,08.07(금) 20:00,"1.87,1.66",경기전
2026-08-07T03:50:37+00:00,2026,93,0787,sc,K리그2,홀짝,2,,화성FC,서울이랜,08.07(금) 20:00,"1.77,1.75",경기전
2026-08-07T03:50:37+00:00,2026,93,0788,sc,K리그2,승무패,3,,수원삼성,김해FC,08.07(금) 20:00,"1.24,4.40,8.60",경기전
2026-08-07T03:50:37+00:00,2026,93,0789,sc,K리그2,핸디캡,3,H -1.0,수원삼성,김해FC,08.07(금) 20:00,"1.84,3.30,3.30",경기전
2026-08-07T03:50:37+00:00,2026,93,0790,sc,K리그2,언더오버,2,U 2.5,수원삼성,김해FC,08.07(금) 20:00,"2.05,1.54",경기전
2026-08-07T03:50:37+00:00,2026,93,0791,sc,K리그2,홀짝,2,,수원삼성,김해FC,08.07(금) 20:00,"1.76,1.76",경기전
2026-08-07T03:50:37+00:00,2026,93,0792,sc,K리그2,승무패,3,,용인FC,부산아이,08.07(금) 20:00,"3.40,3.15,1.86",경기전
2026-08-07T03:50:37+00:00,2026,93,0793,sc,K리그2,핸디캡,3,H +1.0,용인FC,부산아이,08.07(금) 20:00,"1.76,3.35,3.55",경기전
2026-08-07T03:50:37+00:00,2026,93,0794,sc,K리그2,언더오버,2,U 2.5,용인FC,부산아이,08.07(금) 20:00,"1.70,1.82",경기전
2026-08-07T03:50:37+00:00,2026,93,0795,sc,K리그2,홀짝,2,,용인FC,부산아이,08.07(금) 20:00,"1.77,1.75",경기전
2026-08-07T03:50:37+00:00,2026,93,0796,sc,축클럽친,승무패,3,,A빌라,바이뮌헨,08.07(금) 21:00,"3.00,3.60,1.86",경기전
2026-08-07T03:50:37+00:00,2026,93,0797,sc,축클럽친,핸디캡,3,H +1.0,A빌라,바이뮌헨,08.07(금) 21:00,"1.75,3.75,3.20",경기전
2026-08-07T03:50:37+00:00,2026,93,0798,sc,축클럽친,언더오버,2,U 3.5,A빌라,바이뮌헨,08.07(금) 21:00,"1.68,1.85",경기전
2026-08-07T03:50:37+00:00,2026,93,0799,sc,축클럽친,홀짝,2,,A빌라,바이뮌헨,08.07(금) 21:00,"1.76,1.76",경기전
2026-08-07T03:50:37+00:00,2026,93,0800,sc,축ASEA챔,승무패,3,,싱가포르,인도네시,08.07(금) 22:00,"4.15,3.45,1.62",경기전
2026-08-07T03:50:37+00:00,2026,93,0801,sc,축ASEA챔,핸디캡,3,H +1.0,싱가포르,인도네시,08.07(금) 22:00,"2.04,3.30,2.80",경기전
2026-08-07T03:50:37+00:00,2026,93,0802,sc,축ASEA챔,언더오버,2,U 2.5,싱가포르,인도네시,08.07(금) 22:00,"1.90,1.64",경기전
2026-08-07T03:50:37+00:00,2026,93,0803,sc,축ASEA챔,홀짝,2,,싱가포르,인도네시,08.07(금) 22:00,"1.77,1.75",경기전
2026-08-07T03:50:37+00:00,2026,93,0808,sc,엘리테세,승무패,3,,사네피오,KFUM카메,08.08(토) 02:00,"1.86,3.35,3.20",경기전
2026-08-07T03:50:37+00:00,2026,93,0809,sc,엘리테세,핸디캡,3,H -1.0,사네피오,KFUM카메,08.08(토) 02:00,"3.45,3.55,1.73",경기전
2026-08-07T03:50:37+00:00,2026,93,0810,sc,엘리테세,언더오버,2,U 2.5,사네피오,KFUM카메,08.08(토) 02:00,"1.97,1.59",경기전
2026-08-07T03:50:37+00:00,2026,93,0811,sc,엘리테세,홀짝,2,,사네피오,KFUM카메,08.08(토) 02:00,"1.77,1.75",경기전
2026-08-07T03:50:37+00:00,2026,93,0812,sc,에레디비,승무패,3,,캄뷔르,엑셀시오,08.08(토) 03:00,"2.26,3.35,2.45",경기전
2026-08-07T03:50:37+00:00,2026,93,0813,sc,에레디비,핸디캡,3,H -1.0,캄뷔르,엑셀시오,08.08(토) 03:00,"4.40,3.90,1.50",경기전
2026-08-07T03:50:37+00:00,2026,93,0814,sc,에레디비,언더오버,2,U 2.5,캄뷔르,엑셀시오,08.08(토) 03:00,"2.11,1.51",경기전
2026-08-07T03:50:37+00:00,2026,93,0815,sc,에레디비,홀짝,2,,캄뷔르,엑셀시오,08.08(토) 03:00,"1.76,1.76",경기전
2026-08-07T03:50:37+00:00,2026,93,0816,sc,잉리그컵,승무패,3,,미들즈브,렉섬,08.08(토) 04:00,"1.61,3.50,4.10",경기전
2026-08-07T03:50:37+00:00,2026,93,0817,sc,잉리그컵,핸디캡,3,H -1.0,미들즈브,렉섬,08.08(토) 04:00,"2.75,3.35,2.05",경기전
2026-08-07T03:50:37+00:00,2026,93,0818,sc,잉리그컵,언더오버,2,U 2.5,미들즈브,렉섬,08.08(토) 04:00,"1.93,1.62",경기전
2026-08-07T03:50:37+00:00,2026,93,0819,sc,잉리그컵,홀짝,2,,미들즈브,렉섬,08.08(토) 04:00,"1.77,1.75",경기전
2026-08-07T03:50:37+00:00,2026,93,0912,bs,KBO,승패,2,,LG,KIA,08.08(토) 18:00,"1.00,1.00",취소
2026-08-07T03:50:37+00:00,2026,93,0913,bs,KBO,승①패,2,승①패,LG,KIA,08.08(토) 18:00,"1.00,1.00",취소
2026-08-07T03:50:37+00:00,2026,93,0914,bs,KBO,핸디캡,2,H 0.0,LG,KIA,08.08(토) 18:00,"1.00,1.00",취소
2026-08-07T03:50:37+00:00,2026,93,0915,bs,KBO,언더오버,2,U 0.0,LG,KIA,08.08(토) 18:00,"1.00,1.00",취소
2026-08-07T03:50:37+00:00,2026,93,0916,bs,KBO,홀짝,2,,LG,KIA,08.08(토) 18:00,"1.00,1.00",취소
2026-08-07T03:50:37+00:00,2026,93,0917,bs,KBO,전반승패,2,h(전반),LG,KIA,08.08(토) 18:00,"1.00,1.00",취소
2026-08-07T03:50:37+00:00,2026,93,0918,bs,KBO,전반핸디캡,2,h H 0.0,LG,KIA,08.08(토) 18:00,"1.00,1.00",취소
2026-08-07T03:50:37+00:00,2026,93,0919,bs,KBO,전반언더오버,2,h U 0.0,LG,KIA,08.08(토) 18:00,"1.00,1.00",취소
2026-08-07T03:50:37+00:00,2026,93,0920,bs,KBO,승패,2,,삼성,두산,08.08(토) 18:00,"1.00,1.00",취소
2026-08-07T03:50:37+00:00,2026,93,0921,bs,KBO,승①패,2,승①패,삼성,두산,08.08(토) 18:00,"1.00,1.00",취소
2026-08-07T03:50:37+00:00,2026,93,0922,bs,KBO,핸디캡,2,H 0.0,삼성,두산,08.08(토) 18:00,"1.00,1.00",취소
2026-08-07T03:50:37+00:00,2026,93,0923,bs,KBO,언더오버,2,U 0.0,삼성,두산,08.08(토) 18:00,"1.00,1.00",취소
2026-08-07T03:50:37+00:00,2026,93,0924,bs,KBO,홀짝,2,,삼성,두산,08.08(토) 18:00,"1.00,1.00",취소
2026-08-07T03:50:37+00:00,2026,93,0925,bs,KBO,전반승패,2,h(전반),삼성,두산,08.08(토) 18:00,"1.00,1.00",취소
2026-08-07T03:50:37+00:00,2026,93,0926,bs,KBO,전반핸디캡,2,h H 0.0,삼성,두산,08.08(토) 18:00,"1.00,1.00",취소
2026-08-07T03:50:37+00:00,2026,93,0927,bs,KBO,전반언더오버,2,h U 0.0,삼성,두산,08.08(토) 18:00,"1.00,1.00",취소
2026-08-07T03:50:37+00:00,2026,93,0928,bs,KBO,승패,2,,KT,롯데,08.08(토) 18:00,"1.00,1.00",취소
2026-08-07T03:50:37+00:00,2026,93,0929,bs,KBO,승①패,2,승①패,KT,롯데,08.08(토) 18:00,"1.00,1.00",취소
2026-08-07T03:50:37+00:00,2026,93,0930,bs,KBO,핸디캡,2,H 0.0,KT,롯데,08.08(토) 18:00,"1.00,1.00",취소
2026-08-07T03:50:37+00:00,2026,93,0931,bs,KBO,언더오버,2,U 0.0,KT,롯데,08.08(토) 18:00,"1.00,1.00",취소
2026-08-07T03:50:37+00:00,2026,93,0932,bs,KBO,홀짝,2,,KT,롯데,08.08(토) 18:00,"1.00,1.00",취소
2026-08-07T03:50:37+00:00,2026,93,0933,bs,KBO,전반승패,2,h(전반),KT,롯데,08.08(토) 18:00,"1.00,1.00",취소
2026-08-07T03:50:37+00:00,2026,93,0934,bs,KBO,전반핸디캡,2,h H 0.0,KT,롯데,08.08(토) 18:00,"1.00,1.00",취소
2026-08-07T03:50:37+00:00,2026,93,0935,bs,KBO,전반언더오버,2,h U 0.0,KT,롯데,08.08(토) 18:00,"1.00,1.00",취소
2026-08-07T03:50:37+00:00,2026,93,0936,bs,KBO,승패,2,,NC,SSG,08.08(토) 18:00,"1.00,1.00",취소
2026-08-07T03:50:37+00:00,2026,93,0937,bs,KBO,승①패,2,승①패,NC,SSG,08.08(토) 18:00,"1.00,1.00",취소
2026-08-07T03:50:37+00:00,2026,93,0938,bs,KBO,핸디캡,2,H 0.0,NC,SSG,08.08(토) 18:00,"1.00,1.00",취소
2026-08-07T03:50:37+00:00,2026,93,0939,bs,KBO,언더오버,2,U 0.0,NC,SSG,08.08(토) 18:00,"1.00,1.00",취소
2026-08-07T03:50:37+00:00,2026,93,0940,bs,KBO,홀짝,2,,NC,SSG,08.08(토) 18:00,"1.00,1.00",취소
2026-08-07T03:50:37+00:00,2026,93,0941,bs,KBO,전반승패,2,h(전반),NC,SSG,08.08(토) 18:00,"1.00,1.00",취소
2026-08-07T03:50:37+00:00,2026,93,0942,bs,KBO,전반핸디캡,2,h H 0.0,NC,SSG,08.08(토) 18:00,"1.00,1.00",취소
2026-08-07T03:50:37+00:00,2026,93,0943,bs,KBO,전반언더오버,2,h U 0.0,NC,SSG,08.08(토) 18:00,"1.00,1.00",취소
2026-08-07T03:50:37+00:00,2026,93,0944,bs,KBO,승패,2,,한화,키움,08.08(토) 18:00,"1.00,1.00",취소
2026-08-07T03:50:37+00:00,2026,93,0945,bs,KBO,승①패,2,승①패,한화,키움,08.08(토) 18:00,"1.00,1.00",취소
2026-08-07T03:50:37+00:00,2026,93,0946,bs,KBO,핸디캡,2,H 0.0,한화,키움,08.08(토) 18:00,"1.00,1.00",취소
2026-08-07T03:50:37+00:00,2026,93,0947,bs,KBO,언더오버,2,U 0.0,한화,키움,08.08(토) 18:00,"1.00,1.00",취소
2026-08-07T03:50:37+00:00,2026,93,0948,bs,KBO,홀짝,2,,한화,키움,08.08(토) 18:00,"1.00,1.00",취소
2026-08-07T03:50:37+00:00,2026,93,0949,bs,KBO,전반승패,2,h(전반),한화,키움,08.08(토) 18:00,"1.00,1.00",취소
2026-08-07T03:50:37+00:00,2026,93,0950,bs,KBO,전반핸디캡,2,h H 0.0,한화,키움,08.08(토) 18:00,"1.00,1.00",취소
2026-08-07T03:50:37+00:00,2026,93,0951,bs,KBO,전반언더오버,2,h U 0.0,한화,키움,08.08(토) 18:00,"1.00,1.00",취소
2026-08-07T03:50:37+00:00,2026,93,0804,sc,호주FA컵,승무패,3,,웨스원더,멜버빅토,08.08(토) 18:30,"2.80,3.35,2.03",경기전
2026-08-07T03:50:37+00:00,2026,93,0805,sc,호주FA컵,핸디캡,3,H +1.0,웨스원더,멜버빅토,08.08(토) 18:30,"1.62,3.70,3.80",경기전
2026-08-07T03:50:37+00:00,2026,93,0806,sc,호주FA컵,언더오버,2,U 2.5,웨스원더,멜버빅토,08.08(토) 18:30,"2.07,1.53",경기전
2026-08-07T03:50:37+00:00,2026,93,0807,sc,호주FA컵,홀짝,2,,웨스원더,멜버빅토,08.08(토) 18:30,"1.76,1.76",경기전
2026-08-07T03:50:37+00:00,2026,93,0980,sc,J1리그,승무패,3,,가시와R,미토홀리,08.08(토) 19:00,"1.51,3.45,5.10",경기전
2026-08-07T03:50:37+00:00,2026,93,0981,sc,J1리그,핸디캡,3,H -1.0,가시와R,미토홀리,08.08(토) 19:00,"2.60,3.15,2.24",경기전
2026-08-07T03:50:37+00:00,2026,93,0982,sc,J1리그,언더오버,2,U 2.5,가시와R,미토홀리,08.08(토) 19:00,"1.75,1.77",경기전
2026-08-07T03:50:37+00:00,2026,93,0983,sc,J1리그,홀짝,2,,가시와R,미토홀리,08.08(토) 19:00,"1.77,1.75",경기전
2026-08-07T03:50:37+00:00,2026,93,0984,sc,J1리그,승무패,3,,FC도쿄,마치다Z,08.08(토) 19:00,"2.27,2.85,2.80",경기전
2026-08-07T03:50:37+00:00,2026,93,0985,sc,J1리그,핸디캡,3,H -1.0,FC도쿄,마치다Z,08.08(토) 19:00,"4.90,3.60,1.50",경기전
2026-08-07T03:50:37+00:00,2026,93,0986,sc,J1리그,언더오버,2,U 2.5,FC도쿄,마치다Z,08.08(토) 19:00,"1.50,2.13",경기전
2026-08-07T03:50:37+00:00,2026,93,0987,sc,J1리그,홀짝,2,,FC도쿄,마치다Z,08.08(토) 19:00,"1.78,1.74",경기전
2026-08-07T03:50:37+00:00,2026,93,0988,sc,J1리그,승무패,3,,나고야G,시미즈S,08.08(토) 19:00,"1.94,3.15,3.15",경기전
2026-08-07T03:50:37+00:00,2026,93,0989,sc,J1리그,핸디캡,3,H -1.0,나고야G,시미즈S,08.08(토) 19:00,"3.75,3.45,1.69",경기전
2026-08-07T03:50:37+00:00,2026,93,0990,sc,J1리그,언더오버,2,U 2.5,나고야G,시미즈S,08.08(토) 19:00,"1.76,1.76",경기전
2026-08-07T03:50:37+00:00,2026,93,0991,sc,J1리그,홀짝,2,,나고야G,시미즈S,08.08(토) 19:00,"1.77,1.75",경기전
2026-08-07T03:50:37+00:00,2026,93,0992,sc,J1리그,승무패,3,,C오사카,오카야마,08.08(토) 19:00,"1.77,3.30,3.55",경기전
2026-08-07T03:50:37+00:00,2026,93,0993,sc,J1리그,핸디캡,3,H -1.0,C오사카,오카야마,08.08(토) 19:00,"3.25,3.40,1.83",경기전
2026-08-07T03:50:37+00:00,2026,93,0994,sc,J1리그,언더오버,2,U 2.5,C오사카,오카야마,08.08(토) 19:00,"1.86,1.67",경기전
2026-08-07T03:50:37+00:00,2026,93,0995,sc,J1리그,홀짝,2,,C오사카,오카야마,08.08(토) 19:00,"1.77,1.75",경기전
2026-08-07T03:50:37+00:00,2026,93,0996,sc,J1리그,승무패,3,,후쿠오카,비셀고베,08.08(토) 19:00,"3.70,2.85,1.89",경기전
2026-08-07T03:50:37+00:00,2026,93,0997,sc,J1리그,핸디캡,3,H +1.0,후쿠오카,비셀고베,08.08(토) 19:00,"1.73,3.20,3.85",경기전
2026-08-07T03:50:37+00:00,2026,93,0998,sc,J1리그,언더오버,2,U 2.5,후쿠오카,비셀고베,08.08(토) 19:00,"1.43,2.29",경기전
2026-08-07T03:50:37+00:00,2026,93,0999,sc,J1리그,홀짝,2,,후쿠오카,비셀고베,08.08(토) 19:00,"1.78,1.74",경기전
2026-08-07T03:50:37+00:00,2026,93,1016,sc,J1리그,승무패,3,,산프히로,제프유나,08.08(토) 19:15,"1.42,3.75,5.60",경기전
2026-08-07T03:50:37+00:00,2026,93,1017,sc,J1리그,핸디캡,3,H -1.0,산프히로,제프유나,08.08(토) 19:15,"2.32,3.15,2.50",경기전
2026-08-07T03:50:37+00:00,2026,93,1018,sc,J1리그,언더오버,2,U 2.5,산프히로,제프유나,08.08(토) 19:15,"1.90,1.64",경기전
2026-08-07T03:50:37+00:00,2026,93,1019,sc,J1리그,홀짝,2,,산프히로,제프유나,08.08(토) 19:15,"1.77,1.75",경기전
2026-08-07T03:50:37+00:00,2026,93,1024,sc,K리그1,승무패,3,,FC안양,대전하나,08.08(토) 20:00,"2.60,3.05,2.29",경기전
2026-08-07T03:50:37+00:00,2026,93,1025,sc,K리그1,핸디캡,3,H +1.0,FC안양,대전하나,08.08(토) 20:00,"1.49,3.75,4.75",경기전
2026-08-07T03:50:37+00:00,2026,93,1026,sc,K리그1,핸디캡,3,H +2.0,FC안양,대전하나,08.08(토) 20:00,"1.09,6.70,12.00",경기전
2026-08-07T03:50:37+00:00,2026,93,1027,sc,K리그1,언더오버,2,U 2.5,FC안양,대전하나,08.08(토) 20:00,"1.70,1.82",경기전
2026-08-07T03:50:37+00:00,2026,93,1028,sc,K리그1,홀짝,2,,FC안양,대전하나,08.08(토) 20:00,"1.77,1.75",경기전
2026-08-07T03:50:37+00:00,2026,93,1029,sc,K리그1,전반승무패,3,h(전반),FC안양,대전하나,08.08(토) 20:00,"3.35,1.95,2.95",경기전
2026-08-07T03:50:37+00:00,2026,93,1030,sc,K리그1,전반핸디캡,3,h H +1.0,FC안양,대전하나,08.08(토) 20:00,"1.27,3.95,9.20",경기전
2026-08-07T03:50:37+00:00,2026,93,1031,sc,K리그1,전반언더오버,2,h U 1.5,FC안양,대전하나,08.08(토) 20:00,"1.33,2.60",경기전
2026-08-07T03:50:37+00:00,2026,93,1032,sc,K리그1,승무패,3,,부천FC,광주FC,08.08(토) 20:00,"1.87,3.00,3.55",경기전
2026-08-07T03:50:37+00:00,2026,93,1033,sc,K리그1,핸디캡,3,H -1.0,부천FC,광주FC,08.08(토) 20:00,"3.70,3.25,1.75",경기전
2026-08-07T03:50:37+00:00,2026,93,1034,sc,K리그1,핸디캡,3,H -2.0,부천FC,광주FC,08.08(토) 20:00,"8.60,5.40,1.18",경기전
2026-08-07T03:50:37+00:00,2026,93,1035,sc,K리그1,언더오버,2,U 2.5,부천FC,광주FC,08.08(토) 20:00,"1.55,2.04",경기전
2026-08-07T03:50:37+00:00,2026,93,1036,sc,K리그1,홀짝,2,,부천FC,광주FC,08.08(토) 20:00,"1.77,1.75",경기전
2026-08-07T03:50:37+00:00,2026,93,1037,sc,K리그1,전반승무패,3,h(전반),부천FC,광주FC,08.08(토) 20:00,"2.55,1.88,4.45",경기전
2026-08-07T03:50:37+00:00,2026,93,1038,sc,K리그1,전반핸디캡,3,h H -1.0,부천FC,광주FC,08.08(토) 20:00,"7.60,3.55,1.36",경기전
2026-08-07T03:50:37+00:00,2026,93,1039,sc,K리그1,전반언더오버,2,h U 1.5,부천FC,광주FC,08.08(토) 20:00,"1.27,2.87",경기전
2026-08-07T03:50:37+00:00,2026,93,1040,sc,K리그1,승무패,3,,김천상무,FC서울,08.08(토) 20:00,"3.45,3.30,1.80",경기전
2026-08-07T03:50:37+00:00,2026,93,1041,sc,K리그1,핸디캡,3,H +1.0,김천상무,FC서울,08.08(토) 20:00,"1.81,3.40,3.30",경기전
2026-08-07T03:50:37+00:00,2026,93,1042,sc,K리그1,핸디캡,3,H +2.0,김천상무,FC서울,08.08(토) 20:00,"1.23,5.20,6.90",경기전
2026-08-07T03:50:37+00:00,2026,93,1043,sc,K리그1,언더오버,2,U 2.5,김천상무,FC서울,08.08(토) 20:00,"1.86,1.67",경기전
2026-08-07T03:50:37+00:00,2026,93,1044,sc,K리그1,홀짝,2,,김천상무,FC서울,08.08(토) 20:00,"1.77,1.75",경기전
2026-08-07T03:50:37+00:00,2026,93,1045,sc,K리그1,전반승무패,3,h(전반),김천상무,FC서울,08.08(토) 20:00,"4.15,2.07,2.35",경기전
2026-08-07T03:50:37+00:00,2026,93,1046,sc,K리그1,전반핸디캡,3,h H +1.0,김천상무,FC서울,08.08(토) 20:00,"1.42,3.50,6.30",경기전
2026-08-07T03:50:37+00:00,2026,93,1047,sc,K리그1,전반언더오버,2,h U 1.5,김천상무,FC서울,08.08(토) 20:00,"1.40,2.37",경기전
2026-08-07T03:50:37+00:00,2026,93,1048,sc,K리그1,승무패,3,,전북현대,제주SKFC,08.08(토) 20:00,"1.65,3.25,4.25",경기전
2026-08-07T03:50:37+00:00,2026,93,1049,sc,K리그1,핸디캡,3,H -1.0,전북현대,제주SKFC,08.08(토) 20:00,"3.00,3.20,1.99",경기전
2026-08-07T03:50:37+00:00,2026,93,1050,sc,K리그1,핸디캡,3,H -2.0,전북현대,제주SKFC,08.08(토) 20:00,"6.40,4.70,1.28",경기전
2026-08-07T03:50:37+00:00,2026,93,1051,sc,K리그1,언더오버,2,U 2.5,전북현대,제주SKFC,08.08(토) 20:00,"1.67,1.86",경기전
2026-08-07T03:50:37+00:00,2026,93,1052,sc,K리그1,홀짝,2,,전북현대,제주SKFC,08.08(토) 20:00,"1.77,1.75",경기전
2026-08-07T03:50:37+00:00,2026,93,1053,sc,K리그1,전반승무패,3,h(전반),전북현대,제주SKFC,08.08(토) 20:00,"2.25,1.98,5.00",경기전
2026-08-07T03:50:37+00:00,2026,93,1054,sc,K리그1,전반핸디캡,3,h H -1.0,전북현대,제주SKFC,08.08(토) 20:00,"6.00,3.30,1.47",경기전
2026-08-07T03:50:37+00:00,2026,93,1055,sc,K리그1,전반언더오버,2,h U 1.5,전북현대,제주SKFC,08.08(토) 20:00,"1.32,2.64",경기전
2026-08-07T03:50:37+00:00,2026,93,1056,sc,K리그1,승무패,3,,포항스틸,울산HDFC,08.08(토) 20:00,"2.50,3.10,2.34",경기전
2026-08-07T03:50:37+00:00,2026,93,1057,sc,K리그1,핸디캡,3,H +1.0,포항스틸,울산HDFC,08.08(토) 20:00,"1.46,3.80,5.00",경기전
2026-08-07T03:50:37+00:00,2026,93,1058,sc,K리그1,핸디캡,3,H +2.0,포항스틸,울산HDFC,08.08(토) 20:00,"1.08,7.00,12.50",경기전
2026-08-07T03:50:37+00:00,2026,93,1059,sc,K리그1,언더오버,2,U 2.5,포항스틸,울산HDFC,08.08(토) 20:00,"1.71,1.81",경기전
2026-08-07T03:50:37+00:00,2026,93,1060,sc,K리그1,홀짝,2,,포항스틸,울산HDFC,08.08(토) 20:00,"1.77,1.75",경기전
2026-08-07T03:50:37+00:00,2026,93,1061,sc,K리그1,전반승무패,3,h(전반),포항스틸,울산HDFC,08.08(토) 20:00,"3.25,1.95,3.05",경기전
2026-08-07T03:50:37+00:00,2026,93,1062,sc,K리그1,전반핸디캡,3,h H +1.0,포항스틸,울산HDFC,08.08(토) 20:00,"1.25,4.05,9.80",경기전
2026-08-07T03:50:37+00:00,2026,93,1063,sc,K리그1,전반언더오버,2,h U 1.5,포항스틸,울산HDFC,08.08(토) 20:00,"1.33,2.60",경기전
2026-08-07T03:50:37+00:00,2026,93,1064,sc,K리그2,승무패,3,,파주프런,수원FC,08.08(토) 20:00,"3.40,3.40,1.78",경기전
2026-08-07T03:50:37+00:00,2026,93,1065,sc,K리그2,핸디캡,3,H +1.0,파주프런,수원FC,08.08(토) 20:00,"1.83,3.45,3.20",경기전
2026-08-07T03:50:37+00:00,2026,93,1066,sc,K리그2,언더오버,2,U 2.5,파주프런,수원FC,08.08(토) 20:00,"1.99,1.58",경기전
2026-08-07T03:50:37+00:00,2026,93,1067,sc,K리그2,홀짝,2,,파주프런,수원FC,08.08(토) 20:00,"1.77,1.75",경기전
2026-08-07T03:50:37+00:00,2026,93,1068,sc,K리그2,승무패,3,,성남FC,천안시티,08.08(토) 20:00,"1.94,3.10,3.20",경기전
2026-08-07T03:50:37+00:00,2026,93,1069,sc,K리그2,핸디캡,3,H -1.0,성남FC,천안시티,08.08(토) 20:00,"3.85,3.40,1.68",경기전
2026-08-07T03:50:37+00:00,2026,93,1070,sc,K리그2,언더오버,2,U 2.5,성남FC,천안시티,08.08(토) 20:00,"1.67,1.86",경기전
2026-08-07T03:50:37+00:00,2026,93,1071,sc,K리그2,홀짝,2,,성남FC,천안시티,08.08(토) 20:00,"1.77,1.75",경기전
2026-08-07T03:50:37+00:00,2026,93,1072,sc,엘리테세,승무패,3,,볼레렝아,보되글림,08.08(토) 21:00,"5.20,4.40,1.37",경기전
2026-08-07T03:50:37+00:00,2026,93,1073,sc,엘리테세,핸디캡,3,H +1.0,볼레렝아,보되글림,08.08(토) 21:00,"2.60,3.65,2.04",경기전
2026-08-07T03:50:37+00:00,2026,93,1074,sc,엘리테세,핸디캡,3,H +2.0,볼레렝아,보되글림,08.08(토) 21:00,"1.64,4.15,3.35",경기전
2026-08-07T03:50:37+00:00,2026,93,1075,sc,엘리테세,핸디캡,2,H +3.5,볼레렝아,보되글림,08.08(토) 21:00,"1.07,4.96",경기전
2026-08-07T03:50:37+00:00,2026,93,1076,sc,엘리테세,언더오버,2,U 3.5,볼레렝아,보되글림,08.08(토) 21:00,"1.79,1.73",경기전
2026-08-07T03:50:37+00:00,2026,93,1077,sc,엘리테세,홀짝,2,,볼레렝아,보되글림,08.08(토) 21:00,"1.76,1.76",경기전
2026-08-07T03:50:37+00:00,2026,93,1078,sc,축클럽친,승무패,3,,첼시,AC밀란,08.08(토) 21:00,"1.83,3.70,3.00",경기전
2026-08-07T03:50:37+00:00,2026,93,1079,sc,축클럽친,핸디캡,3,H -1.0,첼시,AC밀란,08.08(토) 21:00,"3.10,3.80,1.77",경기전
2026-08-07T03:50:37+00:00,2026,93,1080,sc,축클럽친,언더오버,2,U 3.5,첼시,AC밀란,08.08(토) 21:00,"1.66,1.87",경기전
2026-08-07T03:50:37+00:00,2026,93,1081,sc,축클럽친,홀짝,2,,첼시,AC밀란,08.08(토) 21:00,"1.76,1.76",경기전
2026-08-07T03:50:37+00:00,2026,93,1082,sc,잉리그컵,승무패,3,,퀸즈파크,밀월,08.08(토) 22:00,"2.75,3.10,2.16",경기전
2026-08-07T03:50:37+00:00,2026,93,1083,sc,잉리그컵,핸디캡,3,H +1.0,퀸즈파크,밀월,08.08(토) 22:00,"1.55,3.65,4.35",경기전
2026-08-07T03:50:37+00:00,2026,93,1084,sc,잉리그컵,언더오버,2,U 2.5,퀸즈파크,밀월,08.08(토) 22:00,"1.74,1.78",경기전
2026-08-07T03:50:37+00:00,2026,93,1085,sc,잉리그컵,홀짝,2,,퀸즈파크,밀월,08.08(토) 22:00,"1.77,1.75",경기전
2026-08-07T03:50:37+00:00,2026,93,1086,sc,축ASEA챔,승무패,3,,말레이시,필리핀,08.08(토) 22:00,"1.35,3.95,6.40",경기전
2026-08-07T03:50:37+00:00,2026,93,1087,sc,축ASEA챔,핸디캡,3,H -1.0,말레이시,필리핀,08.08(토) 22:00,"2.14,3.20,2.70",경기전
2026-08-07T03:50:37+00:00,2026,93,1088,sc,축ASEA챔,언더오버,2,U 2.5,말레이시,필리핀,08.08(토) 22:00,"1.94,1.61",경기전
2026-08-07T03:50:37+00:00,2026,93,1089,sc,축ASEA챔,홀짝,2,,말레이시,필리핀,08.08(토) 22:00,"1.77,1.75",경기전
2026-08-07T03:50:37+00:00,2026,93,1090,sc,엘리테세,승무패,3,,비킹FK,사릅스보,08.08(토) 23:00,"1.30,4.70,6.00",경기전
2026-08-07T03:50:37+00:00,2026,93,1091,sc,엘리테세,핸디캡,3,H -1.0,비킹FK,사릅스보,08.08(토) 23:00,"1.87,3.70,2.90",경기전
2026-08-07T03:50:37+00:00,2026,93,1092,sc,엘리테세,언더오버,2,U 3.5,비킹FK,사릅스보,08.08(토) 23:00,"1.81,1.71",경기전
2026-08-07T03:50:37+00:00,2026,93,1093,sc,엘리테세,홀짝,2,,비킹FK,사릅스보,08.08(토) 23:00,"1.76,1.76",경기전
2026-08-07T03:50:37+00:00,2026,93,1094,sc,잉리그컵,승무패,3,,더비카운,링컨시티,08.08(토) 23:00,"1.95,3.25,3.05",경기전
2026-08-07T03:50:37+00:00,2026,93,1095,sc,잉리그컵,핸디캡,3,H -1.0,더비카운,링컨시티,08.08(토) 23:00,"3.65,3.55,1.68",경기전
2026-08-07T03:50:37+00:00,2026,93,1096,sc,잉리그컵,언더오버,2,U 2.5,더비카운,링컨시티,08.08(토) 23:00,"1.93,1.62",경기전
2026-08-07T03:50:37+00:00,2026,93,1097,sc,잉리그컵,홀짝,2,,더비카운,링컨시티,08.08(토) 23:00,"1.77,1.75",경기전
2026-08-07T03:50:37+00:00,2026,93,1098,sc,잉리그컵,승무패,3,,스완지C,버밍엄C,08.08(토) 23:00,"2.65,3.15,2.20",경기전
2026-08-07T03:50:37+00:00,2026,93,1099,sc,잉리그컵,핸디캡,3,H +1.0,스완지C,버밍엄C,08.08(토) 23:00,"1.53,3.70,4.45",경기전
2026-08-07T03:50:37+00:00,2026,93,1100,sc,잉리그컵,언더오버,2,U 2.5,스완지C,버밍엄C,08.08(토) 23:00,"1.79,1.73",경기전
2026-08-07T03:50:37+00:00,2026,93,1101,sc,잉리그컵,홀짝,2,,스완지C,버밍엄C,08.08(토) 23:00,"1.77,1.75",경기전
2026-08-07T03:50:37+00:00,2026,93,1102,sc,잉리그컵,승무패,3,,웨스트햄,포츠머스,08.08(토) 23:00,"1.42,3.95,5.20",경기전
2026-08-07T03:50:37+00:00,2026,93,1103,sc,잉리그컵,핸디캡,3,H -1.0,웨스트햄,포츠머스,08.08(토) 23:00,"2.24,3.40,2.45",경기전
2026-08-07T03:50:37+00:00,2026,93,1104,sc,잉리그컵,언더오버,2,U 3.5,웨스트햄,포츠머스,08.08(토) 23:00,"1.48,2.17",경기전
2026-08-07T03:50:37+00:00,2026,93,1105,sc,잉리그컵,홀짝,2,,웨스트햄,포츠머스,08.08(토) 23:00,"1.76,1.76",경기전
2026-08-07T03:50:37+00:00,2026,93,1106,sc,축클럽친,승무패,3,,브라이턴,AS로마,08.08(토) 23:00,"2.22,3.45,2.45",경기전
2026-08-07T03:50:37+00:00,2026,93,1107,sc,축클럽친,핸디캡,3,H -1.0,브라이턴,AS로마,08.08(토) 23:00,"4.15,4.05,1.51",경기전
2026-08-07T03:50:37+00:00,2026,93,1108,sc,축클럽친,언더오버,2,U 3.5,브라이턴,AS로마,08.08(토) 23:00,"1.53,2.07",경기전
2026-08-07T03:50:37+00:00,2026,93,1109,sc,축클럽친,홀짝,2,,브라이턴,AS로마,08.08(토) 23:00,"1.76,1.76",경기전
2026-08-07T03:50:37+00:00,2026,93,1110,sc,에레디비,승무패,3,,네이메헌,텔스타,08.08(토) 23:30,"1.39,4.20,5.20",경기전
2026-08-07T03:50:37+00:00,2026,93,1111,sc,에레디비,핸디캡,3,H -1.0,네이메헌,텔스타,08.08(토) 23:30,"2.09,3.60,2.55",경기전
2026-08-07T03:50:37+00:00,2026,93,1112,sc,에레디비,언더오버,2,U 3.5,네이메헌,텔스타,08.08(토) 23:30,"1.69,1.84",경기전
2026-08-07T03:50:37+00:00,2026,93,1113,sc,에레디비,홀짝,2,,네이메헌,텔스타,08.08(토) 23:30,"1.76,1.76",경기전
2026-08-07T03:50:37+00:00,2026,93,1118,sc,축클럽친,승무패,3,,PSG,맨체스U,08.09(일) 00:00,"2.65,3.65,2.01",경기전
2026-08-07T03:50:37+00:00,2026,93,1119,sc,축클럽친,핸디캡,3,H +1.0,PSG,맨체스U,08.09(일) 00:00,"1.63,4.00,3.50",경기전
2026-08-07T03:50:37+00:00,2026,93,1120,sc,축클럽친,언더오버,2,U 3.5,PSG,맨체스U,08.09(일) 00:00,"1.71,1.81",경기전
2026-08-07T03:50:37+00:00,2026,93,1121,sc,축클럽친,홀짝,2,,PSG,맨체스U,08.09(일) 00:00,"1.76,1.76",경기전
2026-08-07T03:50:37+00:00,2026,93,1122,sc,엘리테세,승무패,3,,IK스타르,프레드릭,08.09(일) 01:00,"2.08,3.20,2.80",경기전
2026-08-07T03:50:37+00:00,2026,93,1123,sc,엘리테세,핸디캡,3,H -1.0,IK스타르,프레드릭,08.09(일) 01:00,"4.10,3.65,1.58",경기전
2026-08-07T03:50:37+00:00,2026,93,1124,sc,엘리테세,언더오버,2,U 2.5,IK스타르,프레드릭,08.09(일) 01:00,"1.87,1.66",경기전
2026-08-07T03:50:37+00:00,2026,93,1125,sc,엘리테세,홀짝,2,,IK스타르,프레드릭,08.09(일) 01:00,"1.77,1.75",경기전
2026-08-07T03:50:37+00:00,2026,93,1126,sc,에레디비,승무패,3,,고어헤드,빌럼II,08.09(일) 01:45,"1.55,3.70,4.25",경기전
2026-08-07T03:50:37+00:00,2026,93,1127,sc,에레디비,핸디캡,3,H -1.0,고어헤드,빌럼II,08.09(일) 01:45,"2.55,3.40,2.16",경기전
2026-08-07T03:50:37+00:00,2026,93,1128,sc,에레디비,언더오버,2,U 2.5,고어헤드,빌럼II,08.09(일) 01:45,"2.15,1.49",경기전
2026-08-07T03:50:37+00:00,2026,93,1129,sc,에레디비,홀짝,2,,고어헤드,빌럼II,08.09(일) 01:45,"1.76,1.76",경기전
2026-08-07T03:50:37+00:00,2026,93,1130,sc,에레디비,승무패,3,,PSV,F시타르,08.09(일) 03:00,"1.13,6.20,9.70",경기전
2026-08-07T03:50:37+00:00,2026,93,1131,sc,에레디비,핸디캡,3,H -1.0,PSV,F시타르,08.09(일) 03:00,"1.47,4.20,4.35",경기전
2026-08-07T03:50:37+00:00,2026,93,1132,sc,에레디비,핸디캡,3,H -2.0,PSV,F시타르,08.09(일) 03:00,"2.03,3.90,2.50",경기전
2026-08-07T03:50:37+00:00,2026,93,1133,sc,에레디비,핸디캡,2,H -3.5,PSV,F시타르,08.09(일) 03:00,"3.09,1.23",경기전
2026-08-07T03:50:37+00:00,2026,93,1134,sc,에레디비,언더오버,2,U 4.5,PSV,F시타르,08.09(일) 03:00,"1.52,2.09",경기전
2026-08-07T03:50:37+00:00,2026,93,1135,sc,에레디비,홀짝,2,,PSV,F시타르,08.09(일) 03:00,"1.76,1.76",경기전
2026-08-07T03:50:37+00:00,2026,93,1136,sc,에레디비,승무패,3,,알크마르,덴하흐,08.09(일) 04:00,"1.37,4.15,5.60",경기전
2026-08-07T03:50:37+00:00,2026,93,1137,sc,에레디비,핸디캡,3,H -1.0,알크마르,덴하흐,08.09(일) 04:00,"2.09,3.50,2.60",경기전
2026-08-07T03:50:37+00:00,2026,93,1138,sc,에레디비,언더오버,2,U 3.5,알크마르,덴하흐,08.09(일) 04:00,"1.55,2.04",경기전
2026-08-07T03:50:37+00:00,2026,93,1139,sc,에레디비,홀짝,2,,알크마르,덴하흐,08.09(일) 04:00,"1.76,1.76",경기전
2026-08-07T03:50:37+00:00,2026,93,1159,sc,MLS,승무패,3,,뉴잉레벌,휴스다이,08.09(일) 05:30,"2.19,3.25,2.60",경기전
2026-08-07T03:50:37+00:00,2026,93,1160,sc,MLS,핸디캡,3,H -1.0,뉴잉레벌,휴스다이,08.09(일) 05:30,"4.30,3.80,1.53",경기전
2026-08-07T03:50:37+00:00,2026,93,1161,sc,MLS,언더오버,2,U 2.5,뉴잉레벌,휴스다이,08.09(일) 05:30,"1.93,1.62",경기전
2026-08-07T03:50:37+00:00,2026,93,1162,sc,MLS,홀짝,2,,뉴잉레벌,휴스다이,08.09(일) 05:30,"1.77,1.75",경기전
2026-08-07T03:50:37+00:00,2026,93,1114,sc,호주FA컵,승무패,3,,브리로어,시드니FC,08.09(일) 16:00,"2.85,3.10,2.10",경기전
2026-08-07T03:50:37+00:00,2026,93,1115,sc,호주FA컵,핸디캡,3,H +1.0,브리로어,시드니FC,08.09(일) 16:00,"1.59,3.60,4.10",경기전
2026-08-07T03:50:37+00:00,2026,93,1116,sc,호주FA컵,언더오버,2,U 2.5,브리로어,시드니FC,08.09(일) 16:00,"1.73,1.79",경기전
2026-08-07T03:50:37+00:00,2026,93,1117,sc,호주FA컵,홀짝,2,,브리로어,시드니FC,08.09(일) 16:00,"1.77,1.75",경기전
2026-08-07T03:50:37+00:00,2026,93,1246,sc,J1리그,승무패,3,,도쿄베르,가와사키,08.09(일) 18:00,"2.90,2.95,2.15",경기전
2026-08-07T03:50:37+00:00,2026,93,1247,sc,J1리그,핸디캡,3,H +1.0,도쿄베르,가와사키,08.09(일) 18:00,"1.56,3.50,4.50",경기전
2026-08-07T03:50:37+00:00,2026,93,1248,sc,J1리그,언더오버,2,U 2.5,도쿄베르,가와사키,08.09(일) 18:00,"1.56,2.02",경기전
2026-08-07T03:50:37+00:00,2026,93,1249,sc,J1리그,홀짝,2,,도쿄베르,가와사키,08.09(일) 18:00,"1.77,1.75",경기전
2026-08-07T03:50:37+00:00,2026,93,1254,bs,KBO,승패,2,,LG,KIA,08.09(일) 18:00,"1.00,1.00",취소
2026-08-07T03:50:37+00:00,2026,93,1255,bs,KBO,승①패,2,승①패,LG,KIA,08.09(일) 18:00,"1.00,1.00",취소
2026-08-07T03:50:37+00:00,2026,93,1256,bs,KBO,핸디캡,2,H 0.0,LG,KIA,08.09(일) 18:00,"1.00,1.00",취소
2026-08-07T03:50:37+00:00,2026,93,1257,bs,KBO,언더오버,2,U 0.0,LG,KIA,08.09(일) 18:00,"1.00,1.00",취소
2026-08-07T03:50:37+00:00,2026,93,1258,bs,KBO,홀짝,2,,LG,KIA,08.09(일) 18:00,"1.00,1.00",취소
2026-08-07T03:50:37+00:00,2026,93,1259,bs,KBO,전반승패,2,h(전반),LG,KIA,08.09(일) 18:00,"1.00,1.00",취소
2026-08-07T03:50:37+00:00,2026,93,1260,bs,KBO,전반핸디캡,2,h H 0.0,LG,KIA,08.09(일) 18:00,"1.00,1.00",취소
2026-08-07T03:50:37+00:00,2026,93,1261,bs,KBO,전반언더오버,2,h U 0.0,LG,KIA,08.09(일) 18:00,"1.00,1.00",취소
2026-08-07T03:50:37+00:00,2026,93,1262,bs,KBO,승패,2,,삼성,두산,08.09(일) 18:00,"1.00,1.00",취소
2026-08-07T03:50:37+00:00,2026,93,1263,bs,KBO,승①패,2,승①패,삼성,두산,08.09(일) 18:00,"1.00,1.00",취소
2026-08-07T03:50:37+00:00,2026,93,1264,bs,KBO,핸디캡,2,H 0.0,삼성,두산,08.09(일) 18:00,"1.00,1.00",취소
2026-08-07T03:50:37+00:00,2026,93,1265,bs,KBO,언더오버,2,U 0.0,삼성,두산,08.09(일) 18:00,"1.00,1.00",취소
2026-08-07T03:50:37+00:00,2026,93,1266,bs,KBO,홀짝,2,,삼성,두산,08.09(일) 18:00,"1.00,1.00",취소
2026-08-07T03:50:37+00:00,2026,93,1267,bs,KBO,전반승패,2,h(전반),삼성,두산,08.09(일) 18:00,"1.00,1.00",취소
2026-08-07T03:50:37+00:00,2026,93,1268,bs,KBO,전반핸디캡,2,h H 0.0,삼성,두산,08.09(일) 18:00,"1.00,1.00",취소
2026-08-07T03:50:37+00:00,2026,93,1269,bs,KBO,전반언더오버,2,h U 0.0,삼성,두산,08.09(일) 18:00,"1.00,1.00",취소
2026-08-07T03:50:37+00:00,2026,93,1270,bs,KBO,승패,2,,KT,롯데,08.09(일) 18:00,"1.00,1.00",취소
2026-08-07T03:50:37+00:00,2026,93,1271,bs,KBO,승①패,2,승①패,KT,롯데,08.09(일) 18:00,"1.00,1.00",취소
2026-08-07T03:50:37+00:00,2026,93,1272,bs,KBO,핸디캡,2,H 0.0,KT,롯데,08.09(일) 18:00,"1.00,1.00",취소
2026-08-07T03:50:37+00:00,2026,93,1273,bs,KBO,언더오버,2,U 0.0,KT,롯데,08.09(일) 18:00,"1.00,1.00",취소
2026-08-07T03:50:37+00:00,2026,93,1274,bs,KBO,홀짝,2,,KT,롯데,08.09(일) 18:00,"1.00,1.00",취소
2026-08-07T03:50:37+00:00,2026,93,1275,bs,KBO,전반승패,2,h(전반),KT,롯데,08.09(일) 18:00,"1.00,1.00",취소
2026-08-07T03:50:37+00:00,2026,93,1276,bs,KBO,전반핸디캡,2,h H 0.0,KT,롯데,08.09(일) 18:00,"1.00,1.00",취소
2026-08-07T03:50:37+00:00,2026,93,1277,bs,KBO,전반언더오버,2,h U 0.0,KT,롯데,08.09(일) 18:00,"1.00,1.00",취소
2026-08-07T03:50:37+00:00,2026,93,1278,bs,KBO,승패,2,,NC,SSG,08.09(일) 18:00,"1.00,1.00",취소
2026-08-07T03:50:37+00:00,2026,93,1279,bs,KBO,승①패,2,승①패,NC,SSG,08.09(일) 18:00,"1.00,1.00",취소
2026-08-07T03:50:37+00:00,2026,93,1280,bs,KBO,핸디캡,2,H 0.0,NC,SSG,08.09(일) 18:00,"1.00,1.00",취소
2026-08-07T03:50:37+00:00,2026,93,1281,bs,KBO,언더오버,2,U 0.0,NC,SSG,08.09(일) 18:00,"1.00,1.00",취소
2026-08-07T03:50:37+00:00,2026,93,1282,bs,KBO,홀짝,2,,NC,SSG,08.09(일) 18:00,"1.00,1.00",취소
2026-08-07T03:50:37+00:00,2026,93,1283,bs,KBO,전반승패,2,h(전반),NC,SSG,08.09(일) 18:00,"1.00,1.00",취소
2026-08-07T03:50:37+00:00,2026,93,1284,bs,KBO,전반핸디캡,2,h H 0.0,NC,SSG,08.09(일) 18:00,"1.00,1.00",취소
2026-08-07T03:50:37+00:00,2026,93,1285,bs,KBO,전반언더오버,2,h U 0.0,NC,SSG,08.09(일) 18:00,"1.00,1.00",취소
2026-08-07T03:50:37+00:00,2026,93,1286,bs,KBO,승패,2,,한화,키움,08.09(일) 18:00,"1.00,1.00",취소
2026-08-07T03:50:37+00:00,2026,93,1287,bs,KBO,승①패,2,승①패,한화,키움,08.09(일) 18:00,"1.00,1.00",취소
2026-08-07T03:50:37+00:00,2026,93,1288,bs,KBO,핸디캡,2,H 0.0,한화,키움,08.09(일) 18:00,"1.00,1.00",취소
2026-08-07T03:50:37+00:00,2026,93,1289,bs,KBO,언더오버,2,U 0.0,한화,키움,08.09(일) 18:00,"1.00,1.00",취소
2026-08-07T03:50:37+00:00,2026,93,1290,bs,KBO,홀짝,2,,한화,키움,08.09(일) 18:00,"1.00,1.00",취소
2026-08-07T03:50:37+00:00,2026,93,1291,bs,KBO,전반승패,2,h(전반),한화,키움,08.09(일) 18:00,"1.00,1.00",취소
2026-08-07T03:50:37+00:00,2026,93,1292,bs,KBO,전반핸디캡,2,h H 0.0,한화,키움,08.09(일) 18:00,"1.00,1.00",취소
2026-08-07T03:50:37+00:00,2026,93,1293,bs,KBO,전반언더오버,2,h U 0.0,한화,키움,08.09(일) 18:00,"1.00,1.00",취소
2026-08-07T03:50:37+00:00,2026,93,1304,sc,J1리그,승무패,3,,V바렌나,교토상가,08.09(일) 19:00,"2.70,2.95,2.27",경기전
2026-08-07T03:50:37+00:00,2026,93,1305,sc,J1리그,핸디캡,3,H +1.0,V바렌나,교토상가,08.09(일) 19:00,"1.50,3.65,4.80",경기전
2026-08-07T03:50:37+00:00,2026,93,1306,sc,J1리그,언더오버,2,U 2.5,V바렌나,교토상가,08.09(일) 19:00,"1.62,1.93",경기전
2026-08-07T03:50:37+00:00,2026,93,1307,sc,J1리그,홀짝,2,,V바렌나,교토상가,08.09(일) 19:00,"1.77,1.75",경기전
2026-08-07T03:50:37+00:00,2026,93,1312,sc,에레디비,승무패,3,,스파로테,페예노르,08.09(일) 19:15,"3.95,3.75,1.59",경기전
2026-08-07T03:50:37+00:00,2026,93,1313,sc,에레디비,핸디캡,3,H +1.0,스파로테,페예노르,08.09(일) 19:15,"2.07,3.55,2.60",경기전
2026-08-07T03:50:37+00:00,2026,93,1314,sc,에레디비,언더오버,2,U 3.5,스파로테,페예노르,08.09(일) 19:15,"1.55,2.04",경기전
2026-08-07T03:50:37+00:00,2026,93,1315,sc,에레디비,홀짝,2,,스파로테,페예노르,08.09(일) 19:15,"1.76,1.76",경기전
2026-08-07T03:50:37+00:00,2026,93,1320,sc,에레디비,승무패,3,,즈볼러,아약스,08.09(일) 21:30,"4.85,4.10,1.43",경기전
2026-08-07T03:50:37+00:00,2026,93,1321,sc,에레디비,핸디캡,3,H +1.0,즈볼러,아약스,08.09(일) 21:30,"2.40,3.55,2.22",경기전
2026-08-07T03:50:37+00:00,2026,93,1322,sc,에레디비,언더오버,2,U 3.5,즈볼러,아약스,08.09(일) 21:30,"1.61,1.94",경기전
2026-08-07T03:50:37+00:00,2026,93,1323,sc,에레디비,홀짝,2,,즈볼러,아약스,08.09(일) 21:30,"1.76,1.76",경기전
2026-08-07T03:50:37+00:00,2026,93,1324,sc,에레디비,승무패,3,,흐로닝언,위트레흐,08.09(일) 21:30,"2.18,3.20,2.65",경기전
2026-08-07T03:50:37+00:00,2026,93,1325,sc,에레디비,핸디캡,3,H -1.0,흐로닝언,위트레흐,08.09(일) 21:30,"4.30,3.75,1.54",경기전
2026-08-07T03:50:37+00:00,2026,93,1326,sc,에레디비,언더오버,2,U 2.5,흐로닝언,위트레흐,08.09(일) 21:30,"1.90,1.64",경기전
2026-08-07T03:50:37+00:00,2026,93,1327,sc,에레디비,홀짝,2,,흐로닝언,위트레흐,08.09(일) 21:30,"1.77,1.75",경기전
2026-08-07T03:50:37+00:00,2026,93,1328,sc,엘리테세,승무패,3,,릴레스트,로센보르,08.09(일) 21:30,"2.17,3.30,2.60",경기전
2026-08-07T03:50:37+00:00,2026,93,1329,sc,엘리테세,핸디캡,3,H -1.0,릴레스트,로센보르,08.09(일) 21:30,"4.15,3.85,1.54",경기전
2026-08-07T03:50:37+00:00,2026,93,1330,sc,엘리테세,언더오버,2,U 2.5,릴레스트,로센보르,08.09(일) 21:30,"2.07,1.53",경기전
2026-08-07T03:50:37+00:00,2026,93,1331,sc,엘리테세,홀짝,2,,릴레스트,로센보르,08.09(일) 21:30,"1.76,1.76",경기전
2026-08-07T03:50:37+00:00,2026,93,1340,sc,에레디비,승무패,3,,헤이렌베,트벤테,08.09(일) 23:45,"2.75,3.60,1.97",경기전
2026-08-07T03:50:37+00:00,2026,93,1341,sc,에레디비,핸디캡,3,H +1.0,헤이렌베,트벤테,08.09(일) 23:45,"1.66,3.85,3.50",경기전
2026-08-07T03:50:37+00:00,2026,93,1342,sc,에레디비,언더오버,2,U 3.5,헤이렌베,트벤테,08.09(일) 23:45,"1.62,1.93",경기전
2026-08-07T03:50:37+00:00,2026,93,1343,sc,에레디비,홀짝,2,,헤이렌베,트벤테,08.09(일) 23:45,"1.76,1.76",경기전
2026-08-07T03:50:37+00:00,2026,93,1348,sc,엘리테세,승무패,3,,함캄,올레순FK,08.10(월) 00:00,"1.95,3.50,2.85",경기전
2026-08-07T03:50:37+00:00,2026,93,1349,sc,엘리테세,핸디캡,3,H -1.0,함캄,올레순FK,08.10(월) 00:00,"3.50,3.80,1.67",경기전
2026-08-07T03:50:37+00:00,2026,93,1350,sc,엘리테세,언더오버,2,U 3.5,함캄,올레순FK,08.10(월) 00:00,"1.53,2.07",경기전
2026-08-07T03:50:37+00:00,2026,93,1351,sc,엘리테세,홀짝,2,,함캄,올레순FK,08.10(월) 00:00,"1.76,1.76",경기전
2026-08-07T03:50:37+00:00,2026,93,1357,sc,엘리테세,승무패,3,,크리스티,몰데FK,08.10(월) 02:15,"4.00,3.65,1.60",경기전
2026-08-07T03:50:37+00:00,2026,93,1358,sc,엘리테세,핸디캡,3,H +1.0,크리스티,몰데FK,08.10(월) 02:15,"2.06,3.40,2.70",경기전
2026-08-07T03:50:37+00:00,2026,93,1359,sc,엘리테세,언더오버,2,U 2.5,크리스티,몰데FK,08.10(월) 02:15,"2.19,1.47",경기전
2026-08-07T03:50:37+00:00,2026,93,1360,sc,엘리테세,홀짝,2,,크리스티,몰데FK,08.10(월) 02:15,"1.76,1.76",경기전
2026-08-07T04:05:53+00:00,2026,92,0321,bs,MLB,승패,2,,뉴욕양키 2,0 세인카디,08.05(수) 08:05,"1.44,2.26",홈승
2026-08-07T04:05:53+00:00,2026,92,0322,bs,MLB,승①패,3,승①패,뉴욕양키 2,0 세인카디,08.05(수) 08:05,"1.95,3.35,2.95",홈승
2026-08-07T04:05:53+00:00,2026,92,0323,bs,MLB,핸디캡,2,H -2.5,뉴욕양키 -0.5,0 세인카디,08.05(수) 08:05,"2.60,1.33",핸디패
2026-08-07T04:05:53+00:00,2026,92,0324,bs,MLB,언더오버,2,U 8.5,뉴욕양키,세인카디,08.05(수) 08:05,"1.67,1.86",2026-08-07T16:07:31+00:00
2026-08-07T16:07:31+00:00,2026,93,0672,bs,MLB,승①패,3,승①패,보스레드 12,11 시카화이,08.07(금) 08:10,"1.83,3.55,3.10",①
2026-08-07T16:07:31+00:00,2026,93,0673,bs,MLB,핸디캡,2,H -2.5,보스레드 9.5,11 시카화이,08.07(금) 08:10,"2.49,1.36",핸디패
2026-08-07T16:07:31+00:00,2026,93,0674,bs,MLB,언더오버,2,U 9.5,보스레드,시카화이,08.07(금) 08:10,"1.65,1.89",오버
2026-08-07T16:07:31+00:00,2026,93,0675,bs,MLB,홀짝,2,,보스레드,시카화이,08.07(금) 08:10,"1.56,2.02",홀
2026-08-07T16:07:31+00:00,2026,93,0676,bs,MLB,승패,2,,애틀브레 11,3 마이말린,08.07(금) 08:15,"1.44,2.26",홈승
2026-08-07T16:07:31+00:00,2026,93,0677,bs,MLB,승①패,3,승①패,애틀브레 11,3 마이말린,08.07(금) 08:15,"1.92,3.45,2.95",홈승
2026-08-07T16:07:31+00:00,2026,93,0678,bs,MLB,핸디캡,2,H -2.5,애틀브레 8.5,3 마이말린,08.07(금) 08:15,"2.56,1.34",핸디승
2026-08-07T16:07:31+00:00,2026,93,0679,bs,MLB,언더오버,2,U 9.5,애틀브레,마이말린,08.07(금) 08:15,"1.60,1.96",오버
2026-08-07T16:07:31+00:00,2026,93,0680,bs,MLB,홀짝,2,,애틀브레,마이말린,08.07(금) 08:15,"1.56,2.02",짝
2026-08-07T16:07:31+00:00,2026,93,0681,bs,MLB,승패,2,,캔자로얄 3,4 미네트윈,08.07(금) 08:40,"1.69,1.84",홈패
2026-08-07T16:07:31+00:00,2026,93,0682,bs,MLB,승①패,3,승①패,캔자로얄 3,4 미네트윈,08.07(금) 08:40,"2.40,3.30,2.33",①
2026-08-07T16:07:31+00:00,2026,93,0683,bs,MLB,핸디캡,2,H -2.5,캔자로얄 0.5,4 미네트윈,08.07(금) 08:40,"3.30,1.20",핸디패
2026-08-07T16:07:31+00:00,2026,93,0684,bs,MLB,언더오버,2,U 8.5,캔자로얄,미네트윈,08.07(금) 08:40,"1.91,1.63",언더
2026-08-07T16:07:31+00:00,2026,93,0685,bs,MLB,홀짝,2,,캔자로얄,미네트윈,08.07(금) 08:40,"1.55,2.04",홀
2026-08-07T16:07:31+00:00,2026,93,0686,bs,MLB,승패,2,,애리다이 1,5 샌디파드,08.07(금) 10:40,"1.72,1.80",홈패
2026-08-07T16:07:31+00:00,2026,93,0687,bs,MLB,승①패,3,승①패,애리다이 1,5 샌디파드,08.07(금) 10:40,"2.45,3.35,2.26",홈패
2026-08-07T16:07:31+00:00,2026,93,0688,bs,MLB,핸디캡,2,H -2.5,애리다이 -1.5,5 샌디파드,08.07(금) 10:40,"3.38,1.19",핸디패
2026-08-07T16:07:31+00:00,2026,93,0689,bs,MLB,언더오버,2,U 9.5,애리다이,샌디파드,08.07(금) 10:40,"1.69,1.84",언더
2026-08-07T16:07:31+00:00,2026,93,0690,bs,MLB,홀짝,2,,애리다이,샌디파드,08.07(금) 10:40,"1.55,2.04",짝
2026-08-07T16:07:31+00:00,2026,93,0691,bs,MLB,전반승무패,3,h(전반),애리다이 1,3 샌디파드,08.07(금) 10:40,"1.95,5.80,2.15",홈패
2026-08-07T16:07:31+00:00,2026,93,0692,bs,MLB,전반핸디캡,2,h H -1.5,애리다이 -0.5,3 샌디파드,08.07(금) 10:40,"2.72,1.30",핸디패
2026-08-07T16:07:31+00:00,2026,93,0693,bs,MLB,전반언더오버,2,h U 4.5,애리다이,샌디파드,08.07(금) 10:40,"1.96,1.60",언더
2026-08-07T16:07:31+00:00,2026,93,0694,bs,NPB,승패,2,,요미우리 0,1 야쿠르트,08.07(금) 18:00,"1.45,2.24",홈패
2026-08-07T16:07:31+00:00,2026,93,0695,bs,NPB,승①패,3,승①패,요미우리 0,1 야쿠르트,08.07(금) 18:00,"2.10,2.85,3.10",①
2026-08-07T16:07:31+00:00,2026,93,0696,bs,NPB,핸디캡,2,H -2.5,요미우리 -2.5,1 야쿠르트,08.07(금) 18:00,"2.97,1.25",핸디패
2026-08-07T16:07:31+00:00,2026,93,0697,bs,NPB,언더오버,2,U 6.5,요미우리,야쿠르트,08.07(금) 18:00,"1.68,1.85",언더
2026-08-07T16:07:31+00:00,2026,93,0698,bs,NPB,홀짝,2,,요미우리,야쿠르트,08.07(금) 18:00,"1.61,1.94",홀
2026-08-07T16:07:31+00:00,2026,93,0699,bs,NPB,승패,2,,요코베이 2,1 히로카프,08.07(금) 18:00,"1.36,2.49",홈승
2026-08-07T16:07:31+00:00,2026,93,0700,bs,NPB,승①패,3,승①패,요코베이 2,1 히로카프,08.07(금) 18:00,"1.93,2.90,3.50",①
2026-08-07T16:07:31+00:00,2026,93,0701,bs,NPB,핸디캡,2,H -2.5,요코베이 -0.5,1 히로카프,08.07(금) 18:00,"2.40,1.39",핸디패
2026-08-07T16:07:31+00:00,2026,93,0702,bs,NPB,언더오버,2,U 7.5,요코베이,히로카프,08.07(금) 18:00,"1.72,1.80",언더
2026-08-07T16:07:31+00:00,2026,93,0703,bs,NPB,홀짝,2,,요코베이,히로카프,08.07(금) 18:00,"1.62,1.93",홀
2026-08-07T16:07:31+00:00,2026,93,0704,bs,NPB,승패,2,,한신 2,3 주니치,08.07(금) 18:00,"1.42,2.31",홈패
2026-08-07T16:07:31+00:00,2026,93,0705,bs,NPB,승①패,3,승①패,한신 2,3 주니치,08.07(금) 18:00,"2.10,2.60,3.45",①
2026-08-07T16:07:31+00:00,2026,93,0706,bs,NPB,핸디캡,2,H -2.5,한신 -0.5,3 주니치,08.07(금) 18:00,"2.82,1.28",핸디패
2026-08-07T16:07:31+00:00,2026,93,0707,bs,NPB,언더오버,2,U 5.5,한신,주니치,08.07(금) 18:00,"1.84,1.69",언더
2026-08-07T16:07:31+00:00,2026,93,0708,bs,NPB,홀짝,2,,한신,주니치,08.07(금) 18:00,"1.62,1.93",홀
2026-08-07T16:07:31+00:00,2026,93,0709,bs,NPB,승패,2,,닛폰햄 3,2 라쿠텐,08.07(금) 18:00,"1.29,2.77",홈승
2026-08-07T16:07:31+00:00,2026,93,0710,bs,NPB,승①패,3,승①패,닛폰햄 3,2 라쿠텐,08.07(금) 18:00,"1.69,3.35,3.85",①
2026-08-07T16:07:31+00:00,2026,93,0711,bs,NPB,핸디캡,2,H -2.5,닛폰햄 0.5,2 라쿠텐,08.07(금) 18:00,"2.17,1.48",핸디패
2026-08-07T16:07:31+00:00,2026,93,0712,bs,NPB,언더오버,2,U 8.5,닛폰햄,라쿠텐,08.07(금) 18:00,"1.82,1.70",언더
2026-08-07T16:07:31+00:00,2026,93,0713,bs,NPB,홀짝,2,,닛폰햄,라쿠텐,08.07(금) 18:00,"1.62,1.93",홀
2026-08-07T16:07:31+00:00,2026,93,0714,bs,NPB,승패,2,,세이부 2,5 소프트뱅,08.07(금) 18:00,"2.02,1.56",홈패
2026-08-07T16:07:31+00:00,2026,93,0715,bs,NPB,승①패,3,승①패,세이부 2,5 소프트뱅,08.07(금) 18:00,"3.55,2.80,1.96",홈패
2026-08-07T16:07:31+00:00,2026,93,0716,bs,NPB,핸디캡,2,H +2.5,세이부 4.5,5 소프트뱅,08.07(금) 18:00,"1.31,2.68",핸디패
2026-08-07T16:07:31+00:00,2026,93,0717,bs,NPB,언더오버,2,U 7.5,세이부,소프트뱅,08.07(금) 18:00,"1.69,1.84",언더
2026-08-07T16:07:31+00:00,2026,93,0718,bs,NPB,홀짝,2,,세이부,소프트뱅,08.07(금) 18:00,"1.61,1.94",홀
2026-08-07T16:07:31+00:00,2026,93,0719,bs,NPB,승패,2,,지바롯데 2,6 오릭스,08.07(금) 18:00,"1.71,1.81",홈패
2026-08-07T16:07:31+00:00,2026,93,0720,bs,NPB,승①패,3,승①패,지바롯데 2,6 오릭스,08.07(금) 18:00,"2.60,2.80,2.45",홈패
2026-08-07T16:07:31+00:00,2026,93,0721,bs,NPB,핸디캡,2,H -2.5,지바롯데 -0.5,6 오릭스,08.07(금) 18:00,"3.38,1.19",핸디패
2026-08-07T16:07:31+00:00,2026,93,0722,bs,NPB,언더오버,2,U 8.5,지바롯데,오릭스,08.07(금) 18:00,"1.71,1.81",언더
2026-08-07T16:07:31+00:00,2026,93,0723,bs,NPB,홀짝,2,,지바롯데,오릭스,08.07(금) 18:00,"1.60,1.96",짝
2026-08-07T16:07:31+00:00,2026,93,0724,bs,KBO,승패,2,,LG,KIA,08.07(금) 18:30,"1.00,1.00",취소
2026-08-07T16:07:31+00:00,2026,93,0725,bs,KBO,승①패,2,승①패,LG,KIA,08.07(금) 18:30,"1.00,1.00",취소
2026-08-07T16:07:31+00:00,2026,93,0726,bs,KBO,핸디캡,2,H 0.0,LG,KIA,08.07(금) 18:30,"1.00,1.00",취소
2026-08-07T16:07:31+00:00,2026,93,0727,bs,KBO,언더오버,2,U 0.0,LG,KIA,08.07(금) 18:30,"1.00,1.00",취소
2026-08-07T16:07:31+00:00,2026,93,0728,bs,KBO,홀짝,2,,LG,KIA,08.07(금) 18:30,"1.00,1.00",취소
2026-08-07T16:07:31+00:00,2026,93,0729,bs,KBO,전반승패,2,h(전반),LG,KIA,08.07(금) 18:30,"1.00,1.00",취소
2026-08-07T16:07:31+00:00,2026,93,0730,bs,KBO,전반핸디캡,2,h H 0.0,LG,KIA,08.07(금) 18:30,"1.00,1.00",취소
2026-08-07T16:07:31+00:00,2026,93,0731,bs,KBO,전반언더오버,2,h U 0.0,LG,KIA,08.07(금) 18:30,"1.00,1.00",취소
2026-08-07T16:07:31+00:00,2026,93,0732,bs,KBO,승패,2,,삼성,두산,08.07(금) 18:30,"1.00,1.00",취소
2026-08-07T16:07:31+00:00,2026,93,0733,bs,KBO,승①패,2,승①패,삼성,두산,08.07(금) 18:30,"1.00,1.00",취소
2026-08-07T16:07:31+00:00,2026,93,0734,bs,KBO,핸디캡,2,H 0.0,삼성,두산,08.07(금) 18:30,"1.00,1.00",취소
2026-08-07T16:07:31+00:00,2026,93,0735,bs,KBO,언더오버,2,U 0.0,삼성,두산,08.07(금) 18:30,"1.00,1.00",취소
2026-08-07T16:07:31+00:00,2026,93,0736,bs,KBO,홀짝,2,,삼성,두산,08.07(금) 18:30,"1.00,1.00",취소
2026-08-07T16:07:31+00:00,2026,93,0737,bs,KBO,전반승패,2,h(전반),삼성,두산,08.07(금) 18:30,"1.00,1.00",취소
2026-08-07T16:07:31+00:00,2026,93,0738,bs,KBO,전반핸디캡,2,h H 0.0,삼성,두산,08.07(금) 18:30,"1.00,1.00",취소
2026-08-07T16:07:31+00:00,2026,93,0739,bs,KBO,전반언더오버,2,h U 0.0,삼성,두산,08.07(금) 18:30,"1.00,1.00",취소
2026-08-07T16:07:31+00:00,2026,93,0740,bs,KBO,승패,2,,KT,롯데,08.07(금) 18:30,"1.00,1.00",취소
2026-08-07T16:07:31+00:00,2026,93,0741,bs,KBO,승①패,2,승①패,KT,롯데,08.07(금) 18:30,"1.00,1.00",취소
2026-08-07T16:07:31+00:00,2026,93,0742,bs,KBO,핸디캡,2,H 0.0,KT,롯데,08.07(금) 18:30,"1.00,1.00",취소
2026-08-07T16:07:31+00:00,2026,93,0743,bs,KBO,언더오버,2,U 0.0,KT,롯데,08.07(금) 18:30,"1.00,1.00",취소
2026-08-07T16:07:31+00:00,2026,93,0744,bs,KBO,홀짝,2,,KT,롯데,08.07(금) 18:30,"1.00,1.00",취소
2026-08-07T16:07:31+00:00,2026,93,0745,bs,KBO,전반승패,2,h(전반),KT,롯데,08.07(금) 18:30,"1.00,1.00",취소
2026-08-07T16:07:31+00:00,2026,93,0746,bs,KBO,전반핸디캡,2,h H 0.0,KT,롯데,08.07(금) 18:30,"1.00,1.00",취소
2026-08-07T16:07:31+00:00,2026,93,0747,bs,KBO,전반언더오버,2,h U 0.0,KT,롯데,08.07(금) 18:30,"1.00,1.00",취소
2026-08-07T16:07:31+00:00,2026,93,0748,bs,KBO,승패,2,,NC,SSG,08.07(금) 18:30,"1.00,1.00",취소
2026-08-07T16:07:31+00:00,2026,93,0749,bs,KBO,승①패,2,승①패,NC,SSG,08.07(금) 18:30,"1.00,1.00",취소
2026-08-07T16:07:31+00:00,2026,93,0750,bs,KBO,핸디캡,2,H 0.0,NC,SSG,08.07(금) 18:30,"1.00,1.00",취소
2026-08-07T16:07:31+00:00,2026,93,0751,bs,KBO,언더오버,2,U 0.0,NC,SSG,08.07(금) 18:30,"1.00,1.00",취소
2026-08-07T16:07:31+00:00,2026,93,0752,bs,KBO,홀짝,2,,NC,SSG,08.07(금) 18:30,"1.00,1.00",취소
2026-08-07T16:07:31+00:00,2026,93,0753,bs,KBO,전반승패,2,h(전반),NC,SSG,08.07(금) 18:30,"1.00,1.00",취소
2026-08-07T16:07:31+00:00,2026,93,0754,bs,KBO,전반핸디캡,2,h H 0.0,NC,SSG,08.07(금) 18:30,"1.00,1.00",취소
2026-08-07T16:07:31+00:00,2026,93,0755,bs,KBO,전반언더오버,2,h U 0.0,NC,SSG,08.07(금) 18:30,"1.00,1.00",취소
2026-08-07T16:07:31+00:00,2026,93,0756,bs,KBO,승패,2,,한화,키움,08.07(금) 18:30,"1.00,1.00",취소
2026-08-07T16:07:31+00:00,2026,93,0757,bs,KBO,승①패,2,승①패,한화,키움,08.07(금) 18:30,"1.00,1.00",취소
2026-08-07T16:07:31+00:00,2026,93,0758,bs,KBO,핸디캡,2,H 0.0,한화,키움,08.07(금) 18:30,"1.00,1.00",취소
2026-08-07T16:07:31+00:00,2026,93,0759,bs,KBO,언더오버,2,U 0.0,한화,키움,08.07(금) 18:30,"1.00,1.00",취소
2026-08-07T16:07:31+00:00,2026,93,0760,bs,KBO,홀짝,2,,한화,키움,08.07(금) 18:30,"1.00,1.00",취소
2026-08-07T16:07:31+00:00,2026,93,0761,bs,KBO,전반승패,2,h(전반),한화,키움,08.07(금) 18:30,"1.00,1.00",취소
2026-08-07T16:07:31+00:00,2026,93,0762,bs,KBO,전반핸디캡,2,h H 0.0,한화,키움,08.07(금) 18:30,"1.00,1.00",취소
2026-08-07T16:07:31+00:00,2026,93,0763,bs,KBO,전반언더오버,2,h U 0.0,한화,키움,08.07(금) 18:30,"1.00,1.00",취소
2026-08-07T16:07:31+00:00,2026,93,0764,sc,J1리그,승무패,3,,요코마리 3,4 가시마A,08.07(금) 19:25,"3.05,2.95,2.07",홈패
2026-08-07T16:07:31+00:00,2026,93,0765,sc,J1리그,핸디캡,3,H +1.0,요코마리 4,4 가시마A,08.07(금) 19:25,"1.57,3.45,4.50",핸디무
2026-08-07T16:07:31+00:00,2026,93,0766,sc,J1리그,언더오버,2,U 2.5,요코마리,가시마A,08.07(금) 19:25,"1.64,1.90",오버
2026-08-07T16:07:31+00:00,2026,93,0767,sc,J1리그,홀짝,2,,요코마리,가시마A,08.07(금) 19:25,"1.77,1.75",홀
2026-08-07T16:07:31+00:00,2026,93,0768,sc,J1리그,승무패,3,,G오사카 4,3 우라와R,08.07(금) 19:30,"2.12,2.95,2.95",홈승
2026-08-07T16:07:31+00:00,2026,93,0769,sc,J1리그,핸디캡,3,H -1.0,G오사카 3,3 우라와R,08.07(금) 19:30,"4.35,3.45,1.59",핸디무
2026-08-07T16:07:31+00:00,2026,93,0770,sc,J1리그,언더오버,2,U 2.5,G오사카,우라와R,08.07(금) 19:30,"1.67,1.86",오버
2026-08-07T16:07:31+00:00,2026,93,0771,sc,J1리그,홀짝,2,,G오사카,우라와R,08.07(금) 19:30,"1.77,1.75",홀
2026-08-07T16:07:31+00:00,2026,93,0772,sc,K리그2,승무패,3,,충남아산 1,1 안산그리,08.07(금) 20:00,"1.40,3.85,5.70",무승부
2026-08-07T16:07:31+00:00,2026,93,0773,sc,K리그2,핸디캡,3,H -1.0,충남아산 0,1 안산그리,08.07(금) 20:00,"2.22,3.35,2.50",핸디패
2026-08-07T16:07:31+00:00,2026,93,0774,sc,K리그2,언더오버,2,U 2.5,충남아산,안산그리,08.07(금) 20:00,"1.87,1.66",언더
2026-08-07T16:07:31+00:00,2026,93,0775,sc,K리그2,홀짝,2,,충남아산,안산그리,08.07(금) 20:00,"1.77,1.75",짝
2026-08-07T16:07:31+00:00,2026,93,0776,sc,K리그2,승무패,3,,김포FC 3,0 충북청주,08.07(금) 20:00,"1.74,3.00,4.15",홈승
2026-08-07T16:07:31+00:00,2026,93,0777,sc,K리그2,핸디캡,3,H -1.0,김포FC 2,0 충북청주,08.07(금) 20:00,"3.25,3.05,1.95",핸디승
2026-08-07T16:07:31+00:00,2026,93,0778,sc,K리그2,언더오버,2,U 2.5,김포FC,충북청주,08.07(금) 20:00,"1.65,1.89",오버
2026-08-07T16:07:31+00:00,2026,93,0779,sc,K리그2,홀짝,2,,김포FC,충북청주,08.07(금) 20:00,"1.77,1.75",홀
2026-08-07T16:07:31+00:00,2026,93,0780,sc,K리그2,승무패,3,,경남FC 0,1 대구FC,08.07(금) 20:00,"3.05,3.20,1.96",홈패
2026-08-07T16:07:31+00:00,2026,93,0781,sc,K리그2,핸디캡,3,H +1.0,경남FC 1,1 대구FC,08.07(금) 20:00,"1.70,3.30,3.85",핸디무
2026-08-07T16:07:31+00:00,2026,93,0782,sc,K리그2,언더오버,2,U 2.5,경남FC,대구FC,08.07(금) 20:00,"1.93,1.62",언더
2026-08-07T16:07:31+00:00,2026,93,0783,sc,K리그2,홀짝,2,,경남FC,대구FC,08.07(금) 20:00,"1.77,1.75",홀
2026-08-07T16:07:31+00:00,2026,93,0784,sc,K리그2,승무패,3,,화성FC 0,0 서울이랜,08.07(금) 20:00,"2.65,3.05,2.25",무승부
2026-08-07T16:07:31+00:00,2026,93,0785,sc,K리그2,핸디캡,3,H +1.0,화성FC 1,0 서울이랜,08.07(금) 20:00,"1.54,3.75,4.30",핸디승
2026-08-07T16:07:31+00:00,2026,93,0786,sc,K리그2,언더오버,2,U 2.5,화성FC,서울이랜,08.07(금) 20:00,"2.02,1.56",언더
2026-08-07T16:07:31+00:00,2026,93,0787,sc,K리그2,홀짝,2,,화성FC,서울이랜,08.07(금) 20:00,"1.77,1.75",짝
2026-08-07T16:07:31+00:00,2026,93,0788,sc,K리그2,승무패,3,,수원삼성 1,0 김해FC,08.07(금) 20:00,"1.24,4.40,8.60",홈승
2026-08-07T16:07:31+00:00,2026,93,0789,sc,K리그2,핸디캡,3,H -1.0,수원삼성 0,0 김해FC,08.07(금) 20:00,"1.79,3.60,3.20",핸디무
2026-08-07T16:07:31+00:00,2026,93,0790,sc,K리그2,언더오버,2,U 2.5,수원삼성,김해FC,08.07(금) 20:00,"2.05,1.54",언더
2026-08-07T16:07:31+00:00,2026,93,0791,sc,K리그2,홀짝,2,,수원삼성,김해FC,08.07(금) 20:00,"1.76,1.76",홀
2026-08-07T16:07:31+00:00,2026,93,0792,sc,K리그2,승무패,3,,용인FC 2,0 부산아이,08.07(금) 20:00,"3.40,3.30,1.81",홈승
2026-08-07T16:07:31+00:00,2026,93,0793,sc,K리그2,핸디캡,3,H +1.0,용인FC 3,0 부산아이,08.07(금) 20:00,"1.76,3.35,3.55",핸디승
2026-08-07T16:07:31+00:00,2026,93,0794,sc,K리그2,언더오버,2,U 2.5,용인FC,부산아이,08.07(금) 20:00,"1.70,1.82",언더
2026-08-07T16:07:31+00:00,2026,93,0795,sc,K리그2,홀짝,2,,용인FC,부산아이,08.07(금) 20:00,"1.77,1.75",짝
2026-08-07T16:07:31+00:00,2026,93,0796,sc,축클럽친,승무패,3,,A빌라 1,2 바이뮌헨,08.07(금) 21:00,"2.85,3.60,1.92",홈패
2026-08-07T16:07:31+00:00,2026,93,0797,sc,축클럽친,핸디캡,3,H +1.0,A빌라 2,2 바이뮌헨,08.07(금) 21:00,"1.75,3.75,3.20",핸디무
2026-08-07T16:07:31+00:00,2026,93,0798,sc,축클럽친,언더오버,2,U 3.5,A빌라,바이뮌헨,08.07(금) 21:00,"1.68,1.85",언더
2026-08-07T16:07:31+00:00,2026,93,0799,sc,축클럽친,홀짝,2,,A빌라,바이뮌헨,08.07(금) 21:00,"1.76,1.76",홀
2026-08-07T16:07:31+00:00,2026,93,0800,sc,축ASEA챔,승무패,3,,싱가포르 1,1 인도네시,08.07(금) 22:00,"3.95,3.35,1.67",무승부
2026-08-07T16:07:31+00:00,2026,93,0801,sc,축ASEA챔,핸디캡,3,H +1.0,싱가포르 2,1 인도네시,08.07(금) 22:00,"1.93,3.30,3.05",핸디승
2026-08-07T16:07:31+00:00,2026,93,0802,sc,축ASEA챔,언더오버,2,U 2.5,싱가포르,인도네시,08.07(금) 22:00,"1.78,1.74",언더
2026-08-07T16:07:31+00:00,2026,93,0803,sc,축ASEA챔,홀짝,2,,싱가포르,인도네시,08.07(금) 22:00,"1.77,1.75",짝
2026-08-07T16:07:31+00:00,2026,93,0808,sc,엘리테세,승무패,3,,사네피오,KFUM카메,08.08(토) 02:00,"1.86,3.35,3.20",경기전
2026-08-07T16:07:31+00:00,2026,93,0809,sc,엘리테세,핸디캡,3,H -1.0,사네피오,KFUM카메,08.08(토) 02:00,"3.45,3.55,1.73",경기전
2026-08-07T16:07:31+00:00,2026,93,0810,sc,엘리테세,언더오버,2,U 2.5,사네피오,KFUM카메,08.08(토) 02:00,"1.97,1.59",경기전
2026-08-07T16:07:31+00:00,2026,93,0811,sc,엘리테세,홀짝,2,,사네피오,KFUM카메,08.08(토) 02:00,"1.77,1.75",경기전
2026-08-07T16:07:31+00:00,2026,93,0812,sc,에레디비,승무패,3,,캄뷔르,엑셀시오,08.08(토) 03:00,"2.26,3.35,2.45",경기전
2026-08-07T16:07:31+00:00,2026,93,0813,sc,에레디비,핸디캡,3,H -1.0,캄뷔르,엑셀시오,08.08(토) 03:00,"4.40,3.90,1.50",경기전
2026-08-07T16:07:31+00:00,2026,93,0814,sc,에레디비,언더오버,2,U 2.5,캄뷔르,엑셀시오,08.08(토) 03:00,"2.11,1.51",경기전
2026-08-07T16:07:31+00:00,2026,93,0815,sc,에레디비,홀짝,2,,캄뷔르,엑셀시오,08.08(토) 03:00,"1.76,1.76",경기전
2026-08-07T16:07:31+00:00,2026,93,0816,sc,잉리그컵,승무패,3,,미들즈브,렉섬,08.08(토) 04:00,"1.61,3.50,4.10",경기전
2026-08-07T16:07:31+00:00,2026,93,0817,sc,잉리그컵,핸디캡,3,H -1.0,미들즈브,렉섬,08.08(토) 04:00,"2.75,3.35,2.05",경기전
2026-08-07T16:07:31+00:00,2026,93,0818,sc,잉리그컵,언더오버,2,U 2.5,미들즈브,렉섬,08.08(토) 04:00,"1.93,1.62",경기전
2026-08-07T16:07:31+00:00,2026,93,0819,sc,잉리그컵,홀짝,2,,미들즈브,렉섬,08.08(토) 04:00,"1.77,1.75",경기전
2026-08-07T16:07:31+00:00,2026,93,0820,bs,MLB,승패,2,,피츠파이,뉴욕메츠,08.08(토) 07:40,"1.56,2.02",경기전
2026-08-07T16:07:31+00:00,2026,93,0821,bs,MLB,승①패,3,승①패,피츠파이,뉴욕메츠,08.08(토) 07:40,"2.17,3.30,2.60",경기전
2026-08-07T16:07:31+00:00,2026,93,0822,bs,MLB,핸디캡,2,H -2.5,피츠파이,뉴욕메츠,08.08(토) 07:40,"2.97,1.25",경기전
2026-08-07T16:07:31+00:00,2026,93,0823,bs,MLB,언더오버,2,U 8.5,피츠파이,뉴욕메츠,08.08(토) 07:40,"1.64,1.90",경기전
2026-08-07T16:07:31+00:00,2026,93,0824,bs,MLB,홀짝,2,,피츠파이,뉴욕메츠,08.08(토) 07:40,"1.55,2.04",경기전
2026-08-07T16:07:31+00:00,2026,93,0825,bs,MLB,승패,2,,필라필리,토론블루,08.08(토) 07:40,"1.28,2.82",경기전
2026-08-07T16:07:31+00:00,2026,93,0826,bs,MLB,승①패,3,승①패,필라필리,토론블루,08.08(토) 07:40,"1.66,3.60,3.70",경기전
2026-08-07T16:07:31+00:00,2026,93,0827,bs,MLB,핸디캡,2,H -2.5,필라필리,토론블루,08.08(토) 07:40,"2.13,1.50",경기전
2026-08-07T16:07:31+00:00,2026,93,0828,bs,MLB,언더오버,2,U 8.5,필라필리,토론블루,08.08(토) 07:40,"1.65,1.89",경기전
2026-08-07T16:07:31+00:00,2026,93,0829,bs,MLB,홀짝,2,,필라필리,토론블루,08.08(토) 07:40,"1.57,2.00",경기전
2026-08-07T16:07:31+00:00,2026,93,0830,bs,MLB,승패,2,,워싱내셔,신시레즈,08.08(토) 07:45,"1.63,1.91",경기전
2026-08-07T16:07:31+00:00,2026,93,0831,bs,MLB,승①패,3,승①패,워싱내셔,신시레즈,08.08(토) 07:45,"2.28,3.40,2.40",경기전
2026-08-07T16:07:31+00:00,2026,93,0832,bs,MLB,핸디캡,2,H -2.5,워싱내셔,신시레즈,08.08(토) 07:45,"3.09,1.23",경기전
2026-08-07T16:07:31+00:00,2026,93,0833,bs,MLB,언더오버,2,U 9.5,워싱내셔,신시레즈,08.08(토) 07:45,"1.73,1.79",경기전
2026-08-07T16:07:31+00:00,2026,93,0834,bs,MLB,홀짝,2,,워싱내셔,신시레즈,08.08(토) 07:45,"1.56,2.02",경기전
2026-08-07T16:07:31+00:00,2026,93,0835,bs,MLB,승패,2,,뉴욕양키,애틀브레,08.08(토) 08:05,"1.50,2.13",경기전
2026-08-07T16:07:31+00:00,2026,93,0836,bs,MLB,승①패,3,승①패,뉴욕양키,애틀브레,08.08(토) 08:05,"2.05,3.35,2.75",경기전
2026-08-07T16:07:31+00:00,2026,93,0837,bs,MLB,핸디캡,2,H -2.5,뉴욕양키,애틀브레,08.08(토) 08:05,"2.77,1.29",경기전
2026-08-07T16:07:31+00:00,2026,93,0838,bs,MLB,언더오버,2,U 8.5,뉴욕양키,애틀브레,08.08(토) 08:05,"1.74,1.78",경기전
2026-08-07T16:07:31+00:00,2026,93,0839,bs,MLB,홀짝,2,,뉴욕양키,애틀브레,08.08(토) 08:05,"1.55,2.04",경기전
2026-08-07T16:07:31+00:00,2026,93,0840,bs,MLB,승패,2,,마이말린,LA에인절,08.08(토) 08:10,"1.42,2.31",경기전
2026-08-07T16:07:31+00:00,2026,93,0841,bs,MLB,승①패,3,승①패,마이말린,LA에인절,08.08(토) 08:10,"1.90,3.45,3.00",경기전
2026-08-07T16:07:31+00:00,2026,93,0842,bs,MLB,핸디캡,2,H -2.5,마이말린,LA에인절,08.08(토) 08:10,"2.49,1.36",경기전
2026-08-07T16:07:31+00:00,2026,93,0843,bs,MLB,언더오버,2,U 9.5,마이말린,LA에인절,08.08(토) 08:10,"1.64,1.90",경기전
2026-08-07T16:07:31+00:00,2026,93,0844,bs,MLB,홀짝,2,,마이말린,LA에인절,08.08(토) 08:10,"1.56,2.02",경기전
2026-08-07T16:07:31+00:00,2026,93,0845,bs,MLB,승패,2,,보스레드,애슬레틱,08.08(토) 08:10,"1.26,2.92",경기전
2026-08-07T16:07:31+00:00,2026,93,0846,bs,MLB,승①패,3,승①패,보스레드,애슬레틱,08.08(토) 08:10,"1.61,3.70,3.90",경기전
2026-08-07T16:07:31+00:00,2026,93,0847,bs,MLB,핸디캡,2,H -2.5,보스레드,애슬레틱,08.08(토) 08:10,"2.05,1.54",경기전
2026-08-07T16:07:31+00:00,2026,93,0848,bs,MLB,언더오버,2,U 8.5,보스레드,애슬레틱,08.08(토) 08:10,"1.80,1.72",경기전
2026-08-07T16:07:31+00:00,2026,93,0849,bs,MLB,홀짝,2,,보스레드,애슬레틱,08.08(토) 08:10,"1.57,2.00",경기전
2026-08-07T16:07:31+00:00,2026,93,0850,bs,MLB,승패,2,,밀워브루,미네트윈,08.08(토) 08:40,"1.49,2.15",경기전
2026-08-07T16:07:31+00:00,2026,93,0851,bs,MLB,승①패,3,승①패,밀워브루,미네트윈,08.08(토) 08:40,"2.13,3.30,2.65",경기전
2026-08-07T16:07:31+00:00,2026,93,0852,bs,MLB,핸디캡,2,H -2.5,밀워브루,미네트윈,08.08(토) 08:40,"2.87,1.27",경기전
2026-08-07T16:07:31+00:00,2026,93,0853,bs,MLB,언더오버,2,U 8.5,밀워브루,미네트윈,08.08(토) 08:40,"1.71,1.81",경기전
2026-08-07T16:07:31+00:00,2026,93,0854,bs,MLB,홀짝,2,,밀워브루,미네트윈,08.08(토) 08:40,"1.55,2.04",경기전
2026-08-07T16:07:31+00:00,2026,93,0855,bs,MLB,승패,2,,시카화이,클리가디,08.08(토) 08:40,"1.85,1.68",경기전
2026-08-07T16:07:31+00:00,2026,93,0856,bs,MLB,승①패,3,승①패,시카화이,클리가디,08.08(토) 08:40,"2.70,3.30,2.10",경기전
2026-08-07T16:07:31+00:00,2026,93,0857,bs,MLB,핸디캡,2,H +2.5,시카화이,클리가디,08.08(토) 08:40,"1.29,2.77",경기전
2026-08-07T16:07:31+00:00,2026,93,0858,bs,MLB,언더오버,2,U 8.5,시카화이,클리가디,08.08(토) 08:40,"1.65,1.89",경기전
2026-08-07T16:07:31+00:00,2026,93,0859,bs,MLB,홀짝,2,,시카화이,클리가디,08.08(토) 08:40,"1.55,2.04",경기전
2026-08-07T16:07:31+00:00,2026,93,0860,bs,MLB,승패,2,,캔자로얄,시카컵스,08.08(토) 09:10,"2.24,1.45",경기전
2026-08-07T16:07:31+00:00,2026,93,0861,bs,MLB,승①패,3,승①패,캔자로얄,시카컵스,08.08(토) 09:10,"3.45,3.45,1.76",경기전
2026-08-07T16:07:31+00:00,2026,93,0862,bs,MLB,핸디캡,2,H +2.5,캔자로얄,시카컵스,08.08(토) 09:10,"1.45,2.24",경기전
2026-08-07T16:07:31+00:00,2026,93,0863,bs,MLB,언더오버,2,U 9.5,캔자로얄,시카컵스,08.08(토) 09:10,"1.71,1.81",경기전
2026-08-07T16:07:31+00:00,2026,93,0864,bs,MLB,홀짝,2,,캔자로얄,시카컵스,08.08(토) 09:10,"1.56,2.02",경기전
2026-08-07T16:07:31+00:00,2026,93,0865,bs,MLB,승패,2,,텍사레인,볼티오리,08.08(토) 09:15,"1.55,2.04",경기전
2026-08-07T16:07:31+00:00,2026,93,0866,bs,MLB,승①패,3,승①패,텍사레인,볼티오리,08.08(토) 09:15,"2.17,3.30,2.60",경기전
2026-08-07T16:07:31+00:00,2026,93,0867,bs,MLB,핸디캡,2,H -2.5,텍사레인,볼티오리,08.08(토) 09:15,"2.92,1.26",경기전
2026-08-07T16:07:31+00:00,2026,93,0868,bs,MLB,언더오버,2,U 8.5,텍사레인,볼티오리,08.08(토) 09:15,"1.64,1.90",경기전
2026-08-07T16:07:31+00:00,2026,93,0869,bs,MLB,홀짝,2,,텍사레인,볼티오리,08.08(토) 09:15,"1.55,2.04",경기전
2026-08-07T16:07:31+00:00,2026,93,0870,bs,MLB,승패,2,,세인카디,콜로로키,08.08(토) 09:15,"1.51,2.11",경기전
2026-08-07T16:07:31+00:00,2026,93,0871,bs,MLB,승①패,3,승①패,세인카디,콜로로키,08.08(토) 09:15,"2.05,3.35,2.75",경기전
2026-08-07T16:07:31+00:00,2026,93,0872,bs,MLB,핸디캡,2,H -2.5,세인카디,콜로로키,08.08(토) 09:15,"2.77,1.29",경기전
2026-08-07T16:07:31+00:00,2026,93,0873,bs,MLB,언더오버,2,U 8.5,세인카디,콜로로키,08.08(토) 09:15,"1.81,1.71",경기전
2026-08-07T16:07:31+00:00,2026,93,0874,bs,MLB,홀짝,2,,세인카디,콜로로키,08.08(토) 09:15,"1.55,2.04",경기전
2026-08-07T16:07:31+00:00,2026,93,0875,bs,MLB,승패,2,,샌디파드,휴스애스,08.08(토) 10:40,"1.65,1.89",경기전
2026-08-07T16:07:31+00:00,2026,93,0876,bs,MLB,승①패,3,승①패,샌디파드,휴스애스,08.08(토) 10:40,"2.35,3.25,2.40",경기전
2026-08-07T16:07:31+00:00,2026,93,0877,bs,MLB,핸디캡,2,H -2.5,샌디파드,휴스애스,08.08(토) 10:40,"3.23,1.21",경기전
2026-08-07T16:07:31+00:00,2026,93,0878,bs,MLB,언더오버,2,U 8.5,샌디파드,휴스애스,08.08(토) 10:40,"1.66,1.87",경기전
2026-08-07T16:07:31+00:00,2026,93,0879,bs,MLB,홀짝,2,,샌디파드,휴스애스,08.08(토) 10:40,"1.55,2.04",경기전
2026-08-07T16:07:31+00:00,2026,93,0880,bs,MLB,승패,2,,애리다이,LA다저스,08.08(토) 10:40,"2.13,1.50",경기전
2026-08-07T16:07:31+00:00,2026,93,0881,bs,MLB,승①패,3,승①패,애리다이,LA다저스,08.08(토) 10:40,"3.25,3.40,1.83",경기전
2026-08-07T16:07:31+00:00,2026,93,0882,bs,MLB,핸디캡,2,H +2.5,애리다이,LA다저스,08.08(토) 10:40,"1.41,2.34",경기전
2026-08-07T16:07:31+00:00,2026,93,0883,bs,MLB,언더오버,2,U 9.5,애리다이,LA다저스,08.08(토) 10:40,"1.65,1.89",경기전
2026-08-07T16:07:31+00:00,2026,93,0884,bs,MLB,홀짝,2,,애리다이,LA다저스,08.08(토) 10:40,"1.56,2.02",경기전
2026-08-07T16:07:31+00:00,2026,93,0885,bs,MLB,승패,2,,시애매리,탬파레이,08.08(토) 10:45,"1.63,1.91",경기전
2026-08-07T16:07:31+00:00,2026,93,0886,bs,MLB,승①패,3,승①패,시애매리,탬파레이,08.08(토) 10:45,"2.33,3.20,2.45",경기전
2026-08-07T16:07:31+00:00,2026,93,0887,bs,MLB,핸디캡,2,H -2.5,시애매리,탬파레이,08.08(토) 10:45,"3.30,1.20",경기전
2026-08-07T16:07:31+00:00,2026,93,0888,bs,MLB,언더오버,2,U 7.5,시애매리,탬파레이,08.08(토) 10:45,"1.60,1.96",경기전
2026-08-07T16:07:31+00:00,2026,93,0889,bs,MLB,홀짝,2,,시애매리,탬파레이,08.08(토) 10:45,"1.54,2.05",경기전
2026-08-07T16:07:31+00:00,2026,93,0890,bs,MLB,승패,2,,샌프자이,디트타이,08.08(토) 11:15,"1.99,1.58",경기전
2026-08-07T16:07:31+00:00,2026,93,0891,bs,MLB,승①패,3,승①패,샌프자이,디트타이,08.08(토) 11:15,"3.00,3.30,1.95",경기전
2026-08-07T16:07:31+00:00,2026,93,0892,bs,MLB,핸디캡,2,H +2.5,샌프자이,디트타이,08.08(토) 11:15,"1.34,2.56",경기전
2026-08-07T16:07:31+00:00,2026,93,0893,bs,MLB,언더오버,2,U 8.5,샌프자이,디트타이,08.08(토) 11:15,"1.72,1.80",경기전
2026-08-07T16:07:31+00:00,2026,93,0894,bs,MLB,홀짝,2,,샌프자이,디트타이,08.08(토) 11:15,"1.55,2.04",경기전
2026-08-07T16:07:31+00:00,2026,93,0895,bs,MLB,전반승무패,3,h(전반),샌프자이,디트타이,08.08(토) 11:15,"2.45,5.90,1.75",경기전
2026-08-07T16:07:31+00:00,2026,93,0896,bs,MLB,전반핸디캡,2,h H +1.5,샌프자이,디트타이,08.08(토) 11:15,"1.36,2.49",경기전
2026-08-07T16:07:31+00:00,2026,93,0897,bs,MLB,전반언더오버,2,h U 4.5,샌프자이,디트타이,08.08(토) 11:15,"1.78,1.74",경기전
2026-08-07T16:07:31+00:00,2026,93,0912,bs,KBO,승패,2,,LG,KIA,08.08(토) 18:00,"1.00,1.00",취소
2026-08-07T16:07:31+00:00,2026,93,0913,bs,KBO,승①패,2,승①패,LG,KIA,08.08(토) 18:00,"1.00,1.00",취소
2026-08-07T16:07:31+00:00,2026,93,0914,bs,KBO,핸디캡,2,H 0.0,LG,KIA,08.08(토) 18:00,"1.00,1.00",취소
2026-08-07T16:07:31+00:00,2026,93,0915,bs,KBO,언더오버,2,U 0.0,LG,KIA,08.08(토) 18:00,"1.00,1.00",취소
2026-08-07T16:07:31+00:00,2026,93,0916,bs,KBO,홀짝,2,,LG,KIA,08.08(토) 18:00,"1.00,1.00",취소
2026-08-07T16:07:31+00:00,2026,93,0917,bs,KBO,전반승패,2,h(전반),LG,KIA,08.08(토) 18:00,"1.00,1.00",취소
2026-08-07T16:07:31+00:00,2026,93,0918,bs,KBO,전반핸디캡,2,h H 0.0,LG,KIA,08.08(토) 18:00,"1.00,1.00",취소
2026-08-07T16:07:31+00:00,2026,93,0919,bs,KBO,전반언더오버,2,h U 0.0,LG,KIA,08.08(토) 18:00,"1.00,1.00",취소
2026-08-07T16:07:31+00:00,2026,93,0920,bs,KBO,승패,2,,삼성,두산,08.08(토) 18:00,"1.00,1.00",취소
2026-08-07T16:07:31+00:00,2026,93,0921,bs,KBO,승①패,2,승①패,삼성,두산,08.08(토) 18:00,"1.00,1.00",취소
2026-08-07T16:07:31+00:00,2026,93,0922,bs,KBO,핸디캡,2,H 0.0,삼성,두산,08.08(토) 18:00,"1.00,1.00",취소
2026-08-07T16:07:31+00:00,2026,93,0923,bs,KBO,언더오버,2,U 0.0,삼성,두산,08.08(토) 18:00,"1.00,1.00",취소
2026-08-07T16:07:31+00:00,2026,93,0924,bs,KBO,홀짝,2,,삼성,두산,08.08(토) 18:00,"1.00,1.00",취소
2026-08-07T16:07:31+00:00,2026,93,0925,bs,KBO,전반승패,2,h(전반),삼성,두산,08.08(토) 18:00,"1.00,1.00",취소
2026-08-07T16:07:31+00:00,2026,93,0926,bs,KBO,전반핸디캡,2,h H 0.0,삼성,두산,08.08(토) 18:00,"1.00,1.00",취소
2026-08-07T16:07:31+00:00,2026,93,0927,bs,KBO,전반언더오버,2,h U 0.0,삼성,두산,08.08(토) 18:00,"1.00,1.00",취소
2026-08-07T16:07:31+00:00,2026,93,0928,bs,KBO,승패,2,,KT,롯데,08.08(토) 18:00,"1.00,1.00",취소
2026-08-07T16:07:31+00:00,2026,93,0929,bs,KBO,승①패,2,승①패,KT,롯데,08.08(토) 18:00,"1.00,1.00",취소
2026-08-07T16:07:31+00:00,2026,93,0930,bs,KBO,핸디캡,2,H 0.0,KT,롯데,08.08(토) 18:00,"1.00,1.00",취소
2026-08-07T16:07:31+00:00,2026,93,0931,bs,KBO,언더오버,2,U 0.0,KT,롯데,08.08(토) 18:00,"1.00,1.00",취소
2026-08-07T16:07:31+00:00,2026,93,0932,bs,KBO,홀짝,2,,KT,롯데,08.08(토) 18:00,"1.00,1.00",취소
2026-08-07T16:07:31+00:00,2026,93,0933,bs,KBO,전반승패,2,h(전반),KT,롯데,08.08(토) 18:00,"1.00,1.00",취소
2026-08-07T16:07:31+00:00,2026,93,0934,bs,KBO,전반핸디캡,2,h H 0.0,KT,롯데,08.08(토) 18:00,"1.00,1.00",취소
2026-08-07T16:07:31+00:00,2026,93,0935,bs,KBO,전반언더오버,2,h U 0.0,KT,롯데,08.08(토) 18:00,"1.00,1.00",취소
2026-08-07T16:07:31+00:00,2026,93,0936,bs,KBO,승패,2,,NC,SSG,08.08(토) 18:00,"1.00,1.00",취소
2026-08-07T16:07:31+00:00,2026,93,0937,bs,KBO,승①패,2,승①패,NC,SSG,08.08(토) 18:00,"1.00,1.00",취소
2026-08-07T16:07:31+00:00,2026,93,0938,bs,KBO,핸디캡,2,H 0.0,NC,SSG,08.08(토) 18:00,"1.00,1.00",취소
2026-08-07T16:07:31+00:00,2026,93,0939,bs,KBO,언더오버,2,U 0.0,NC,SSG,08.08(토) 18:00,"1.00,1.00",취소
2026-08-07T16:07:31+00:00,2026,93,0940,bs,KBO,홀짝,2,,NC,SSG,08.08(토) 18:00,"1.00,1.00",취소
2026-08-07T16:07:31+00:00,2026,93,0941,bs,KBO,전반승패,2,h(전반),NC,SSG,08.08(토) 18:00,"1.00,1.00",취소
2026-08-07T16:07:31+00:00,2026,93,0942,bs,KBO,전반핸디캡,2,h H 0.0,NC,SSG,08.08(토) 18:00,"1.00,1.00",취소
2026-08-07T16:07:31+00:00,2026,93,0943,bs,KBO,전반언더오버,2,h U 0.0,NC,SSG,08.08(토) 18:00,"1.00,1.00",취소
2026-08-07T16:07:31+00:00,2026,93,0944,bs,KBO,승패,2,,한화,키움,08.08(토) 18:00,"1.00,1.00",취소
2026-08-07T16:07:31+00:00,2026,93,0945,bs,KBO,승①패,2,승①패,한화,키움,08.08(토) 18:00,"1.00,1.00",취소
2026-08-07T16:07:31+00:00,2026,93,0946,bs,KBO,핸디캡,2,H 0.0,한화,키움,08.08(토) 18:00,"1.00,1.00",취소
2026-08-07T16:07:31+00:00,2026,93,0947,bs,KBO,언더오버,2,U 0.0,한화,키움,08.08(토) 18:00,"1.00,1.00",취소
2026-08-07T16:07:31+00:00,2026,93,0948,bs,KBO,홀짝,2,,한화,키움,08.08(토) 18:00,"1.00,1.00",취소
2026-08-07T16:07:31+00:00,2026,93,0949,bs,KBO,전반승패,2,h(전반),한화,키움,08.08(토) 18:00,"1.00,1.00",취소
2026-08-07T16:07:31+00:00,2026,93,0950,bs,KBO,전반핸디캡,2,h H 0.0,한화,키움,08.08(토) 18:00,"1.00,1.00",취소
2026-08-07T16:07:31+00:00,2026,93,0951,bs,KBO,전반언더오버,2,h U 0.0,한화,키움,08.08(토) 18:00,"1.00,1.00",취소
2026-08-07T16:07:31+00:00,2026,93,0804,sc,호주FA컵,승무패,3,,웨스원더,멜버빅토,08.08(토) 18:30,"2.80,3.35,2.03",경기전
2026-08-07T16:07:31+00:00,2026,93,0805,sc,호주FA컵,핸디캡,3,H +1.0,웨스원더,멜버빅토,08.08(토) 18:30,"1.62,3.70,3.80",경기전
2026-08-07T16:07:31+00:00,2026,93,0806,sc,호주FA컵,언더오버,2,U 2.5,웨스원더,멜버빅토,08.08(토) 18:30,"2.07,1.53",경기전
2026-08-07T16:07:31+00:00,2026,93,0807,sc,호주FA컵,홀짝,2,,웨스원더,멜버빅토,08.08(토) 18:30,"1.76,1.76",경기전
2026-08-07T16:07:31+00:00,2026,93,0980,sc,J1리그,승무패,3,,가시와R,미토홀리,08.08(토) 19:00,"1.51,3.45,5.10",경기전
2026-08-07T16:07:31+00:00,2026,93,0981,sc,J1리그,핸디캡,3,H -1.0,가시와R,미토홀리,08.08(토) 19:00,"2.60,3.15,2.24",경기전
2026-08-07T16:07:31+00:00,2026,93,0982,sc,J1리그,언더오버,2,U 2.5,가시와R,미토홀리,08.08(토) 19:00,"1.75,1.77",경기전
2026-08-07T16:07:31+00:00,2026,93,0983,sc,J1리그,홀짝,2,,가시와R,미토홀리,08.08(토) 19:00,"1.77,1.75",경기전
2026-08-07T16:07:31+00:00,2026,93,0984,sc,J1리그,승무패,3,,FC도쿄,마치다Z,08.08(토) 19:00,"2.27,2.85,2.80",경기전
2026-08-07T16:07:31+00:00,2026,93,0985,sc,J1리그,핸디캡,3,H -1.0,FC도쿄,마치다Z,08.08(토) 19:00,"4.90,3.60,1.50",경기전
2026-08-07T16:07:31+00:00,2026,93,0986,sc,J1리그,언더오버,2,U 2.5,FC도쿄,마치다Z,08.08(토) 19:00,"1.50,2.13",경기전
2026-08-07T16:07:31+00:00,2026,93,0987,sc,J1리그,홀짝,2,,FC도쿄,마치다Z,08.08(토) 19:00,"1.78,1.74",경기전
2026-08-07T16:07:31+00:00,2026,93,0988,sc,J1리그,승무패,3,,나고야G,시미즈S,08.08(토) 19:00,"1.94,3.15,3.15",경기전
2026-08-07T16:07:31+00:00,2026,93,0989,sc,J1리그,핸디캡,3,H -1.0,나고야G,시미즈S,08.08(토) 19:00,"3.75,3.45,1.69",경기전
2026-08-07T16:07:31+00:00,2026,93,0990,sc,J1리그,언더오버,2,U 2.5,나고야G,시미즈S,08.08(토) 19:00,"1.76,1.76",경기전
2026-08-07T16:07:31+00:00,2026,93,0991,sc,J1리그,홀짝,2,,나고야G,시미즈S,08.08(토) 19:00,"1.77,1.75",경기전
2026-08-07T16:07:31+00:00,2026,93,0992,sc,J1리그,승무패,3,,C오사카,오카야마,08.08(토) 19:00,"1.77,3.30,3.55",경기전
2026-08-07T16:07:31+00:00,2026,93,0993,sc,J1리그,핸디캡,3,H -1.0,C오사카,오카야마,08.08(토) 19:00,"3.25,3.40,1.83",경기전
2026-08-07T16:07:31+00:00,2026,93,0994,sc,J1리그,언더오버,2,U 2.5,C오사카,오카야마,08.08(토) 19:00,"1.86,1.67",경기전
2026-08-07T16:07:31+00:00,2026,93,0995,sc,J1리그,홀짝,2,,C오사카,오카야마,08.08(토) 19:00,"1.77,1.75",경기전
2026-08-07T16:07:31+00:00,2026,93,0996,sc,J1리그,승무패,3,,후쿠오카,비셀고베,08.08(토) 19:00,"3.70,2.85,1.89",경기전
2026-08-07T16:07:31+00:00,2026,93,0997,sc,J1리그,핸디캡,3,H +1.0,후쿠오카,비셀고베,08.08(토) 19:00,"1.73,3.20,3.85",경기전
2026-08-07T16:07:31+00:00,2026,93,0998,sc,J1리그,언더오버,2,U 2.5,후쿠오카,비셀고베,08.08(토) 19:00,"1.43,2.29",경기전
2026-08-07T16:07:31+00:00,2026,93,0999,sc,J1리그,홀짝,2,,후쿠오카,비셀고베,08.08(토) 19:00,"1.78,1.74",경기전
2026-08-07T16:07:31+00:00,2026,93,1016,sc,J1리그,승무패,3,,산프히로,제프유나,08.08(토) 19:15,"1.42,3.75,5.60",경기전
2026-08-07T16:07:31+00:00,2026,93,1017,sc,J1리그,핸디캡,3,H -1.0,산프히로,제프유나,08.08(토) 19:15,"2.32,3.15,2.50",경기전
2026-08-07T16:07:31+00:00,2026,93,1018,sc,J1리그,언더오버,2,U 2.5,산프히로,제프유나,08.08(토) 19:15,"1.90,1.64",경기전
2026-08-07T16:07:31+00:00,2026,93,1019,sc,J1리그,홀짝,2,,산프히로,제프유나,08.08(토) 19:15,"1.77,1.75",경기전
2026-08-07T16:07:31+00:00,2026,93,1024,sc,K리그1,승무패,3,,FC안양,대전하나,08.08(토) 20:00,"2.60,3.05,2.29",경기전
2026-08-07T16:07:31+00:00,2026,93,1025,sc,K리그1,핸디캡,3,H +1.0,FC안양,대전하나,08.08(토) 20:00,"1.49,3.75,4.75",경기전
2026-08-07T16:07:31+00:00,2026,93,1026,sc,K리그1,핸디캡,3,H +2.0,FC안양,대전하나,08.08(토) 20:00,"1.09,6.70,12.00",경기전
2026-08-07T16:07:31+00:00,2026,93,1027,sc,K리그1,언더오버,2,U 2.5,FC안양,대전하나,08.08(토) 20:00,"1.70,1.82",경기전
2026-08-07T16:07:31+00:00,2026,93,1028,sc,K리그1,홀짝,2,,FC안양,대전하나,08.08(토) 20:00,"1.77,1.75",경기전
2026-08-07T16:07:31+00:00,2026,93,1029,sc,K리그1,전반승무패,3,h(전반),FC안양,대전하나,08.08(토) 20:00,"3.35,1.95,2.95",경기전
2026-08-07T16:07:31+00:00,2026,93,1030,sc,K리그1,전반핸디캡,3,h H +1.0,FC안양,대전하나,08.08(토) 20:00,"1.27,3.95,9.20",경기전
2026-08-07T16:07:31+00:00,2026,93,1031,sc,K리그1,전반언더오버,2,h U 1.5,FC안양,대전하나,08.08(토) 20:00,"1.33,2.60",경기전
2026-08-07T16:07:31+00:00,2026,93,1032,sc,K리그1,승무패,3,,부천FC,광주FC,08.08(토) 20:00,"1.87,3.00,3.55",경기전
2026-08-07T16:07:31+00:00,2026,93,1033,sc,K리그1,핸디캡,3,H -1.0,부천FC,광주FC,08.08(토) 20:00,"3.70,3.25,1.75",경기전
2026-08-07T16:07:31+00:00,2026,93,1034,sc,K리그1,핸디캡,3,H -2.0,부천FC,광주FC,08.08(토) 20:00,"8.60,5.40,1.18",경기전
2026-08-07T16:07:31+00:00,2026,93,1035,sc,K리그1,언더오버,2,U 2.5,부천FC,광주FC,08.08(토) 20:00,"1.55,2.04",경기전
2026-08-07T16:07:31+00:00,2026,93,1036,sc,K리그1,홀짝,2,,부천FC,광주FC,08.08(토) 20:00,"1.77,1.75",경기전
2026-08-07T16:07:31+00:00,2026,93,1037,sc,K리그1,전반승무패,3,h(전반),부천FC,광주FC,08.08(토) 20:00,"2.55,1.88,4.45",경기전
2026-08-07T16:07:31+00:00,2026,93,1038,sc,K리그1,전반핸디캡,3,h H -1.0,부천FC,광주FC,08.08(토) 20:00,"7.60,3.55,1.36",경기전
2026-08-07T16:07:31+00:00,2026,93,1039,sc,K리그1,전반언더오버,2,h U 1.5,부천FC,광주FC,08.08(토) 20:00,"1.27,2.87",경기전
2026-08-07T16:07:31+00:00,2026,93,1040,sc,K리그1,승무패,3,,김천상무,FC서울,08.08(토) 20:00,"3.45,3.30,1.80",경기전
2026-08-07T16:07:31+00:00,2026,93,1041,sc,K리그1,핸디캡,3,H +1.0,김천상무,FC서울,08.08(토) 20:00,"1.81,3.40,3.30",경기전
2026-08-07T16:07:31+00:00,2026,93,1042,sc,K리그1,핸디캡,3,H +2.0,김천상무,FC서울,08.08(토) 20:00,"1.23,5.20,6.90",경기전
2026-08-07T16:07:31+00:00,2026,93,1043,sc,K리그1,언더오버,2,U 2.5,김천상무,FC서울,08.08(토) 20:00,"1.86,1.67",경기전
2026-08-07T16:07:31+00:00,2026,93,1044,sc,K리그1,홀짝,2,,김천상무,FC서울,08.08(토) 20:00,"1.77,1.75",경기전
2026-08-07T16:07:31+00:00,2026,93,1045,sc,K리그1,전반승무패,3,h(전반),김천상무,FC서울,08.08(토) 20:00,"4.15,2.07,2.35",경기전
2026-08-07T16:07:31+00:00,2026,93,1046,sc,K리그1,전반핸디캡,3,h H +1.0,김천상무,FC서울,08.08(토) 20:00,"1.42,3.50,6.30",경기전
2026-08-07T16:07:31+00:00,2026,93,1047,sc,K리그1,전반언더오버,2,h U 1.5,김천상무,FC서울,08.08(토) 20:00,"1.40,2.37",경기전
2026-08-07T16:07:31+00:00,2026,93,1048,sc,K리그1,승무패,3,,전북현대,제주SKFC,08.08(토) 20:00,"1.65,3.25,4.25",경기전
2026-08-07T16:07:31+00:00,2026,93,1049,sc,K리그1,핸디캡,3,H -1.0,전북현대,제주SKFC,08.08(토) 20:00,"3.00,3.20,1.99",경기전
2026-08-07T16:07:31+00:00,2026,93,1050,sc,K리그1,핸디캡,3,H -2.0,전북현대,제주SKFC,08.08(토) 20:00,"6.40,4.70,1.28",경기전
2026-08-07T16:07:31+00:00,2026,93,1051,sc,K리그1,언더오버,2,U 2.5,전북현대,제주SKFC,08.08(토) 20:00,"1.67,1.86",경기전
2026-08-07T16:07:31+00:00,2026,93,1052,sc,K리그1,홀짝,2,,전북현대,제주SKFC,08.08(토) 20:00,"1.77,1.75",경기전
2026-08-07T16:07:31+00:00,2026,93,1053,sc,K리그1,전반승무패,3,h(전반),전북현대,제주SKFC,08.08(토) 20:00,"2.25,1.98,5.00",경기전
2026-08-07T16:07:31+00:00,2026,93,1054,sc,K리그1,전반핸디캡,3,h H -1.0,전북현대,제주SKFC,08.08(토) 20:00,"6.00,3.30,1.47",경기전
2026-08-07T16:07:31+00:00,2026,93,1055,sc,K리그1,전반언더오버,2,h U 1.5,전북현대,제주SKFC,08.08(토) 20:00,"1.32,2.64",경기전
2026-08-07T16:07:31+00:00,2026,93,1056,sc,K리그1,승무패,3,,포항스틸,울산HDFC,08.08(토) 20:00,"2.50,3.10,2.34",경기전
2026-08-07T16:07:31+00:00,2026,93,1057,sc,K리그1,핸디캡,3,H +1.0,포항스틸,울산HDFC,08.08(토) 20:00,"1.46,3.80,5.00",경기전
2026-08-07T16:07:31+00:00,2026,93,1058,sc,K리그1,핸디캡,3,H +2.0,포항스틸,울산HDFC,08.08(토) 20:00,"1.08,7.00,12.50",경기전
2026-08-07T16:07:31+00:00,2026,93,1059,sc,K리그1,언더오버,2,U 2.5,포항스틸,울산HDFC,08.08(토) 20:00,"1.71,1.81",경기전
2026-08-07T16:07:31+00:00,2026,93,1060,sc,K리그1,홀짝,2,,포항스틸,울산HDFC,08.08(토) 20:00,"1.77,1.75",경기전
2026-08-07T16:07:31+00:00,2026,93,1061,sc,K리그1,전반승무패,3,h(전반),포항스틸,울산HDFC,08.08(토) 20:00,"3.25,1.95,3.05",경기전
2026-08-07T16:07:31+00:00,2026,93,1062,sc,K리그1,전반핸디캡,3,h H +1.0,포항스틸,울산HDFC,08.08(토) 20:00,"1.25,4.05,9.80",경기전
2026-08-07T16:07:31+00:00,2026,93,1063,sc,K리그1,전반언더오버,2,h U 1.5,포항스틸,울산HDFC,08.08(토) 20:00,"1.33,2.60",경기전
2026-08-07T16:07:31+00:00,2026,93,1064,sc,K리그2,승무패,3,,파주프런,수원FC,08.08(토) 20:00,"3.40,3.40,1.78",경기전
2026-08-07T16:07:31+00:00,2026,93,1065,sc,K리그2,핸디캡,3,H +1.0,파주프런,수원FC,08.08(토) 20:00,"1.83,3.45,3.20",경기전
2026-08-07T16:07:31+00:00,2026,93,1066,sc,K리그2,언더오버,2,U 2.5,파주프런,수원FC,08.08(토) 20:00,"1.99,1.58",경기전
2026-08-07T16:07:31+00:00,2026,93,1067,sc,K리그2,홀짝,2,,파주프런,수원FC,08.08(토) 20:00,"1.77,1.75",경기전
2026-08-07T16:07:31+00:00,2026,93,1068,sc,K리그2,승무패,3,,성남FC,천안시티,08.08(토) 20:00,"1.94,3.10,3.20",경기전
2026-08-07T16:07:31+00:00,2026,93,1069,sc,K리그2,핸디캡,3,H -1.0,성남FC,천안시티,08.08(토) 20:00,"3.85,3.40,1.68",경기전
2026-08-07T16:07:31+00:00,2026,93,1070,sc,K리그2,언더오버,2,U 2.5,성남FC,천안시티,08.08(토) 20:00,"1.67,1.86",경기전
2026-08-07T16:07:31+00:00,2026,93,1071,sc,K리그2,홀짝,2,,성남FC,천안시티,08.08(토) 20:00,"1.77,1.75",경기전
2026-08-07T16:07:31+00:00,2026,93,1072,sc,엘리테세,승무패,3,,볼레렝아,보되글림,08.08(토) 21:00,"5.20,4.40,1.37",경기전
2026-08-07T16:07:31+00:00,2026,93,1073,sc,엘리테세,핸디캡,3,H +1.0,볼레렝아,보되글림,08.08(토) 21:00,"2.60,3.65,2.04",경기전
2026-08-07T16:07:31+00:00,2026,93,1074,sc,엘리테세,핸디캡,3,H +2.0,볼레렝아,보되글림,08.08(토) 21:00,"1.64,4.15,3.35",경기전
2026-08-07T16:07:31+00:00,2026,93,1075,sc,엘리테세,핸디캡,2,H +3.5,볼레렝아,보되글림,08.08(토) 21:00,"1.07,4.96",경기전
2026-08-07T16:07:31+00:00,2026,93,1076,sc,엘리테세,언더오버,2,U 3.5,볼레렝아,보되글림,08.08(토) 21:00,"1.79,1.73",경기전
2026-08-07T16:07:31+00:00,2026,93,1077,sc,엘리테세,홀짝,2,,볼레렝아,보되글림,08.08(토) 21:00,"1.76,1.76",경기전
2026-08-07T16:07:31+00:00,2026,93,1078,sc,축클럽친,승무패,3,,첼시,AC밀란,08.08(토) 21:00,"1.83,3.70,3.00",경기전
2026-08-07T16:07:31+00:00,2026,93,1079,sc,축클럽친,핸디캡,3,H -1.0,첼시,AC밀란,08.08(토) 21:00,"3.10,3.80,1.77",경기전
2026-08-07T16:07:31+00:00,2026,93,1080,sc,축클럽친,언더오버,2,U 3.5,첼시,AC밀란,08.08(토) 21:00,"1.66,1.87",경기전
2026-08-07T16:07:31+00:00,2026,93,1081,sc,축클럽친,홀짝,2,,첼시,AC밀란,08.08(토) 21:00,"1.76,1.76",경기전
2026-08-07T16:07:31+00:00,2026,93,1082,sc,잉리그컵,승무패,3,,퀸즈파크,밀월,08.08(토) 22:00,"2.75,3.10,2.16",경기전
2026-08-07T16:07:31+00:00,2026,93,1083,sc,잉리그컵,핸디캡,3,H +1.0,퀸즈파크,밀월,08.08(토) 22:00,"1.55,3.65,4.35",경기전
2026-08-07T16:07:31+00:00,2026,93,1084,sc,잉리그컵,언더오버,2,U 2.5,퀸즈파크,밀월,08.08(토) 22:00,"1.74,1.78",경기전
2026-08-07T16:07:31+00:00,2026,93,1085,sc,잉리그컵,홀짝,2,,퀸즈파크,밀월,08.08(토) 22:00,"1.77,1.75",경기전
2026-08-07T16:07:31+00:00,2026,93,1086,sc,축ASEA챔,승무패,3,,말레이시,필리핀,08.08(토) 22:00,"1.35,3.95,6.40",경기전
2026-08-07T16:07:31+00:00,2026,93,1087,sc,축ASEA챔,핸디캡,3,H -1.0,말레이시,필리핀,08.08(토) 22:00,"2.14,3.20,2.70",경기전
2026-08-07T16:07:31+00:00,2026,93,1088,sc,축ASEA챔,언더오버,2,U 2.5,말레이시,필리핀,08.08(토) 22:00,"1.94,1.61",경기전
2026-08-07T16:07:31+00:00,2026,93,1089,sc,축ASEA챔,홀짝,2,,말레이시,필리핀,08.08(토) 22:00,"1.77,1.75",경기전
2026-08-07T16:07:31+00:00,2026,93,1090,sc,엘리테세,승무패,3,,비킹FK,사릅스보,08.08(토) 23:00,"1.30,4.70,6.00",경기전
2026-08-07T16:07:31+00:00,2026,93,1091,sc,엘리테세,핸디캡,3,H -1.0,비킹FK,사릅스보,08.08(토) 23:00,"1.87,3.70,2.90",경기전
2026-08-07T16:07:31+00:00,2026,93,1092,sc,엘리테세,언더오버,2,U 3.5,비킹FK,사릅스보,08.08(토) 23:00,"1.81,1.71",경기전
2026-08-07T16:07:31+00:00,2026,93,1093,sc,엘리테세,홀짝,2,,비킹FK,사릅스보,08.08(토) 23:00,"1.76,1.76",경기전
2026-08-07T16:07:31+00:00,2026,93,1094,sc,잉리그컵,승무패,3,,더비카운,링컨시티,08.08(토) 23:00,"1.95,3.25,3.05",경기전
2026-08-07T16:07:31+00:00,2026,93,1095,sc,잉리그컵,핸디캡,3,H -1.0,더비카운,링컨시티,08.08(토) 23:00,"3.65,3.55,1.68",경기전
2026-08-07T16:07:31+00:00,2026,93,1096,sc,잉리그컵,언더오버,2,U 2.5,더비카운,링컨시티,08.08(토) 23:00,"1.93,1.62",경기전
2026-08-07T16:07:31+00:00,2026,93,1097,sc,잉리그컵,홀짝,2,,더비카운,링컨시티,08.08(토) 23:00,"1.77,1.75",경기전
2026-08-07T16:07:31+00:00,2026,93,1098,sc,잉리그컵,승무패,3,,스완지C,버밍엄C,08.08(토) 23:00,"2.65,3.15,2.20",경기전
2026-08-07T16:07:31+00:00,2026,93,1099,sc,잉리그컵,핸디캡,3,H +1.0,스완지C,버밍엄C,08.08(토) 23:00,"1.53,3.70,4.45",경기전
2026-08-07T16:07:31+00:00,2026,93,1100,sc,잉리그컵,언더오버,2,U 2.5,스완지C,버밍엄C,08.08(토) 23:00,"1.79,1.73",경기전
2026-08-07T16:07:31+00:00,2026,93,1101,sc,잉리그컵,홀짝,2,,스완지C,버밍엄C,08.08(토) 23:00,"1.77,1.75",경기전
2026-08-07T16:07:31+00:00,2026,93,1102,sc,잉리그컵,승무패,3,,웨스트햄,포츠머스,08.08(토) 23:00,"1.42,3.95,5.20",경기전
2026-08-07T16:07:31+00:00,2026,93,1103,sc,잉리그컵,핸디캡,3,H -1.0,웨스트햄,포츠머스,08.08(토) 23:00,"2.24,3.40,2.45",경기전
2026-08-07T16:07:31+00:00,2026,93,1104,sc,잉리그컵,언더오버,2,U 3.5,웨스트햄,포츠머스,08.08(토) 23:00,"1.48,2.17",경기전
2026-08-07T16:07:31+00:00,2026,93,1105,sc,잉리그컵,홀짝,2,,웨스트햄,포츠머스,08.08(토) 23:00,"1.76,1.76",경기전
2026-08-07T16:07:31+00:00,2026,93,1106,sc,축클럽친,승무패,3,,브라이턴,AS로마,08.08(토) 23:00,"2.22,3.45,2.45",경기전
2026-08-07T16:07:31+00:00,2026,93,1107,sc,축클럽친,핸디캡,3,H -1.0,브라이턴,AS로마,08.08(토) 23:00,"4.15,4.05,1.51",경기전
2026-08-07T16:07:31+00:00,2026,93,1108,sc,축클럽친,언더오버,2,U 3.5,브라이턴,AS로마,08.08(토) 23:00,"1.53,2.07",경기전
2026-08-07T16:07:31+00:00,2026,93,1109,sc,축클럽친,홀짝,2,,브라이턴,AS로마,08.08(토) 23:00,"1.76,1.76",경기전
2026-08-07T16:07:31+00:00,2026,93,1110,sc,에레디비,승무패,3,,네이메헌,텔스타,08.08(토) 23:30,"1.39,4.20,5.20",경기전
2026-08-07T16:07:31+00:00,2026,93,1111,sc,에레디비,핸디캡,3,H -1.0,네이메헌,텔스타,08.08(토) 23:30,"2.09,3.60,2.55",경기전
2026-08-07T16:07:31+00:00,2026,93,1112,sc,에레디비,언더오버,2,U 3.5,네이메헌,텔스타,08.08(토) 23:30,"1.69,1.84",경기전
2026-08-07T16:07:31+00:00,2026,93,1113,sc,에레디비,홀짝,2,,네이메헌,텔스타,08.08(토) 23:30,"1.76,1.76",경기전
2026-08-07T16:07:31+00:00,2026,93,1118,sc,축클럽친,승무패,3,,PSG,맨체스U,08.09(일) 00:00,"2.65,3.65,2.01",경기전
2026-08-07T16:07:31+00:00,2026,93,1119,sc,축클럽친,핸디캡,3,H +1.0,PSG,맨체스U,08.09(일) 00:00,"1.63,4.00,3.50",경기전
2026-08-07T16:07:31+00:00,2026,93,1120,sc,축클럽친,언더오버,2,U 3.5,PSG,맨체스U,08.09(일) 00:00,"1.71,1.81",경기전
2026-08-07T16:07:31+00:00,2026,93,1121,sc,축클럽친,홀짝,2,,PSG,맨체스U,08.09(일) 00:00,"1.76,1.76",경기전
2026-08-07T16:07:31+00:00,2026,93,1122,sc,엘리테세,승무패,3,,IK스타르,프레드릭,08.09(일) 01:00,"2.08,3.20,2.80",경기전
2026-08-07T16:07:31+00:00,2026,93,1123,sc,엘리테세,핸디캡,3,H -1.0,IK스타르,프레드릭,08.09(일) 01:00,"4.10,3.65,1.58",경기전
2026-08-07T16:07:31+00:00,2026,93,1124,sc,엘리테세,언더오버,2,U 2.5,IK스타르,프레드릭,08.09(일) 01:00,"1.87,1.66",경기전
2026-08-07T16:07:31+00:00,2026,93,1125,sc,엘리테세,홀짝,2,,IK스타르,프레드릭,08.09(일) 01:00,"1.77,1.75",경기전
2026-08-07T16:07:31+00:00,2026,93,1126,sc,에레디비,승무패,3,,고어헤드,빌럼II,08.09(일) 01:45,"1.55,3.70,4.25",경기전
2026-08-07T16:07:31+00:00,2026,93,1127,sc,에레디비,핸디캡,3,H -1.0,고어헤드,빌럼II,08.09(일) 01:45,"2.55,3.40,2.16",경기전
2026-08-07T16:07:31+00:00,2026,93,1128,sc,에레디비,언더오버,2,U 2.5,고어헤드,빌럼II,08.09(일) 01:45,"2.15,1.49",경기전
2026-08-07T16:07:31+00:00,2026,93,1129,sc,에레디비,홀짝,2,,고어헤드,빌럼II,08.09(일) 01:45,"1.76,1.76",경기전
2026-08-07T16:07:31+00:00,2026,93,1130,sc,에레디비,승무패,3,,PSV,F시타르,08.09(일) 03:00,"1.13,6.20,9.70",경기전
2026-08-07T16:07:31+00:00,2026,93,1131,sc,에레디비,핸디캡,3,H -1.0,PSV,F시타르,08.09(일) 03:00,"1.47,4.20,4.35",경기전
2026-08-07T16:07:31+00:00,2026,93,1132,sc,에레디비,핸디캡,3,H -2.0,PSV,F시타르,08.09(일) 03:00,"2.03,3.90,2.50",경기전
2026-08-07T16:07:31+00:00,2026,93,1133,sc,에레디비,핸디캡,2,H -3.5,PSV,F시타르,08.09(일) 03:00,"3.09,1.23",경기전
2026-08-07T16:07:31+00:00,2026,93,1134,sc,에레디비,언더오버,2,U 4.5,PSV,F시타르,08.09(일) 03:00,"1.52,2.09",경기전
2026-08-07T16:07:31+00:00,2026,93,1135,sc,에레디비,홀짝,2,,PSV,F시타르,08.09(일) 03:00,"1.76,1.76",경기전
2026-08-07T16:07:31+00:00,2026,93,1136,sc,에레디비,승무패,3,,알크마르,덴하흐,08.09(일) 04:00,"1.37,4.15,5.60",경기전
2026-08-07T16:07:31+00:00,2026,93,1137,sc,에레디비,핸디캡,3,H -1.0,알크마르,덴하흐,08.09(일) 04:00,"2.09,3.50,2.60",경기전
2026-08-07T16:07:31+00:00,2026,93,1138,sc,에레디비,언더오버,2,U 3.5,알크마르,덴하흐,08.09(일) 04:00,"1.55,2.04",경기전
2026-08-07T16:07:31+00:00,2026,93,1139,sc,에레디비,홀짝,2,,알크마르,덴하흐,08.09(일) 04:00,"1.76,1.76",경기전
2026-08-07T16:07:31+00:00,2026,93,1159,sc,MLS,승무패,3,,뉴잉레벌,휴스다이,08.09(일) 05:30,"2.19,3.25,2.60",경기전
2026-08-07T16:07:31+00:00,2026,93,1160,sc,MLS,핸디캡,3,H -1.0,뉴잉레벌,휴스다이,08.09(일) 05:30,"4.30,3.80,1.53",경기전
2026-08-07T16:07:31+00:00,2026,93,1161,sc,MLS,언더오버,2,U 2.5,뉴잉레벌,휴스다이,08.09(일) 05:30,"1.93,1.62",경기전
2026-08-07T16:07:31+00:00,2026,93,1162,sc,MLS,홀짝,2,,뉴잉레벌,휴스다이,08.09(일) 05:30,"1.77,1.75",경기전
2026-08-07T16:07:31+00:00,2026,93,1114,sc,호주FA컵,승무패,3,,브리로어,시드니FC,08.09(일) 16:00,"2.85,3.10,2.10",경기전
2026-08-07T16:07:31+00:00,2026,93,1115,sc,호주FA컵,핸디캡,3,H +1.0,브리로어,시드니FC,08.09(일) 16:00,"1.59,3.60,4.10",경기전
2026-08-07T16:07:31+00:00,2026,93,1116,sc,호주FA컵,언더오버,2,U 2.5,브리로어,시드니FC,08.09(일) 16:00,"1.73,1.79",경기전
2026-08-07T16:07:31+00:00,2026,93,1117,sc,호주FA컵,홀짝,2,,브리로어,시드니FC,08.09(일) 16:00,"1.77,1.75",경기전
2026-08-07T16:07:31+00:00,2026,93,1246,sc,J1리그,승무패,3,,도쿄베르,가와사키,08.09(일) 18:00,"2.90,2.95,2.15",경기전
2026-08-07T16:07:31+00:00,2026,93,1247,sc,J1리그,핸디캡,3,H +1.0,도쿄베르,가와사키,08.09(일) 18:00,"1.56,3.50,4.50",경기전
2026-08-07T16:07:31+00:00,2026,93,1248,sc,J1리그,언더오버,2,U 2.5,도쿄베르,가와사키,08.09(일) 18:00,"1.56,2.02",경기전
2026-08-07T16:07:31+00:00,2026,93,1249,sc,J1리그,홀짝,2,,도쿄베르,가와사키,08.09(일) 18:00,"1.77,1.75",경기전
2026-08-07T16:07:31+00:00,2026,93,1254,bs,KBO,승패,2,,LG,KIA,08.09(일) 18:00,"1.00,1.00",취소
2026-08-07T16:07:31+00:00,2026,93,1255,bs,KBO,승①패,2,승①패,LG,KIA,08.09(일) 18:00,"1.00,1.00",취소
2026-08-07T16:07:31+00:00,2026,93,1256,bs,KBO,핸디캡,2,H 0.0,LG,KIA,08.09(일) 18:00,"1.00,1.00",취소
2026-08-07T16:07:31+00:00,2026,93,1257,bs,KBO,언더오버,2,U 0.0,LG,KIA,08.09(일) 18:00,"1.00,1.00",취소
2026-08-07T16:07:31+00:00,2026,93,1258,bs,KBO,홀짝,2,,LG,KIA,08.09(일) 18:00,"1.00,1.00",취소
2026-08-07T16:07:31+00:00,2026,93,1259,bs,KBO,전반승패,2,h(전반),LG,KIA,08.09(일) 18:00,"1.00,1.00",취소
2026-08-07T16:07:31+00:00,2026,93,1260,bs,KBO,전반핸디캡,2,h H 0.0,LG,KIA,08.09(일) 18:00,"1.00,1.00",취소
2026-08-07T16:07:31+00:00,2026,93,1261,bs,KBO,전반언더오버,2,h U 0.0,LG,KIA,08.09(일) 18:00,"1.00,1.00",취소
2026-08-07T16:07:31+00:00,2026,93,1262,bs,KBO,승패,2,,삼성,두산,08.09(일) 18:00,"1.00,1.00",취소
2026-08-07T16:07:31+00:00,2026,93,1263,bs,KBO,승①패,2,승①패,삼성,두산,08.09(일) 18:00,"1.00,1.00",취소
2026-08-07T16:07:31+00:00,2026,93,1264,bs,KBO,핸디캡,2,H 0.0,삼성,두산,08.09(일) 18:00,"1.00,1.00",취소
2026-08-07T16:07:31+00:00,2026,93,1265,bs,KBO,언더오버,2,U 0.0,삼성,두산,08.09(일) 18:00,"1.00,1.00",취소
2026-08-07T16:07:31+00:00,2026,93,1266,bs,KBO,홀짝,2,,삼성,두산,08.09(일) 18:00,"1.00,1.00",취소
2026-08-07T16:07:31+00:00,2026,93,1267,bs,KBO,전반승패,2,h(전반),삼성,두산,08.09(일) 18:00,"1.00,1.00",취소
2026-08-07T16:07:31+00:00,2026,93,1268,bs,KBO,전반핸디캡,2,h H 0.0,삼성,두산,08.09(일) 18:00,"1.00,1.00",취소
2026-08-07T16:07:31+00:00,2026,93,1269,bs,KBO,전반언더오버,2,h U 0.0,삼성,두산,08.09(일) 18:00,"1.00,1.00",취소
2026-08-07T16:07:31+00:00,2026,93,1270,bs,KBO,승패,2,,KT,롯데,08.09(일) 18:00,"1.00,1.00",취소
2026-08-07T16:07:31+00:00,2026,93,1271,bs,KBO,승①패,2,승①패,KT,롯데,08.09(일) 18:00,"1.00,1.00",취소
2026-08-07T16:07:31+00:00,2026,93,1272,bs,KBO,핸디캡,2,H 0.0,KT,롯데,08.09(일) 18:00,"1.00,1.00",취소
2026-08-07T16:07:31+00:00,2026,93,1273,bs,KBO,언더오버,2,U 0.0,KT,롯데,08.09(일) 18:00,"1.00,1.00",취소
2026-08-07T16:07:31+00:00,2026,93,1274,bs,KBO,홀짝,2,,KT,롯데,08.09(일) 18:00,"1.00,1.00",취소
2026-08-07T16:07:31+00:00,2026,93,1275,bs,KBO,전반승패,2,h(전반),KT,롯데,08.09(일) 18:00,"1.00,1.00",취소
2026-08-07T16:07:31+00:00,2026,93,1276,bs,KBO,전반핸디캡,2,h H 0.0,KT,롯데,08.09(일) 18:00,"1.00,1.00",취소
2026-08-07T16:07:31+00:00,2026,93,1277,bs,KBO,전반언더오버,2,h U 0.0,KT,롯데,08.09(일) 18:00,"1.00,1.00",취소
2026-08-07T16:07:31+00:00,2026,93,1278,bs,KBO,승패,2,,NC,SSG,08.09(일) 18:00,"1.00,1.00",취소
2026-08-07T16:07:31+00:00,2026,93,1279,bs,KBO,승①패,2,승①패,NC,SSG,08.09(일) 18:00,"1.00,1.00",취소
2026-08-07T16:07:31+00:00,2026,93,1280,bs,KBO,핸디캡,2,H 0.0,NC,SSG,08.09(일) 18:00,"1.00,1.00",취소
2026-08-07T16:07:31+00:00,2026,93,1281,bs,KBO,언더오버,2,U 0.0,NC,SSG,08.09(일) 18:00,"1.00,1.00",취소
2026-08-07T16:07:31+00:00,2026,93,1282,bs,KBO,홀짝,2,,NC,SSG,08.09(일) 18:00,"1.00,1.00",취소
2026-08-07T16:07:31+00:00,2026,93,1283,bs,KBO,전반승패,2,h(전반),NC,SSG,08.09(일) 18:00,"1.00,1.00",취소
2026-08-07T16:07:31+00:00,2026,93,1284,bs,KBO,전반핸디캡,2,h H 0.0,NC,SSG,08.09(일) 18:00,"1.00,1.00",취소
2026-08-07T16:07:31+00:00,2026,93,1285,bs,KBO,전반언더오버,2,h U 0.0,NC,SSG,08.09(일) 18:00,"1.00,1.00",취소
2026-08-07T16:07:31+00:00,2026,93,1286,bs,KBO,승패,2,,한화,키움,08.09(일) 18:00,"1.00,1.00",취소
2026-08-07T16:07:31+00:00,2026,93,1287,bs,KBO,승①패,2,승①패,한화,키움,08.09(일) 18:00,"1.00,1.00",취소
2026-08-07T16:07:31+00:00,2026,93,1288,bs,KBO,핸디캡,2,H 0.0,한화,키움,08.09(일) 18:00,"1.00,1.00",취소
2026-08-07T16:07:31+00:00,2026,93,1289,bs,KBO,언더오버,2,U 0.0,한화,키움,08.09(일) 18:00,"1.00,1.00",취소
2026-08-07T16:07:31+00:00,2026,93,1290,bs,KBO,홀짝,2,,한화,키움,08.09(일) 18:00,"1.00,1.00",취소
2026-08-07T16:07:31+00:00,2026,93,1291,bs,KBO,전반승패,2,h(전반),한화,키움,08.09(일) 18:00,"1.00,1.00",취소
2026-08-07T16:07:31+00:00,2026,93,1292,bs,KBO,전반핸디캡,2,h H 0.0,한화,키움,08.09(일) 18:00,"1.00,1.00",취소
2026-08-07T16:07:31+00:00,2026,93,1293,bs,KBO,전반언더오버,2,h U 0.0,한화,키움,08.09(일) 18:00,"1.00,1.00",취소
2026-08-07T16:07:31+00:00,2026,93,1304,sc,J1리그,승무패,3,,V바렌나,교토상가,08.09(일) 19:00,"2.70,2.95,2.27",경기전
2026-08-07T16:07:31+00:00,2026,93,1305,sc,J1리그,핸디캡,3,H +1.0,V바렌나,교토상가,08.09(일) 19:00,"1.50,3.65,4.80",경기전
2026-08-07T16:07:31+00:00,2026,93,1306,sc,J1리그,언더오버,2,U 2.5,V바렌나,교토상가,08.09(일) 19:00,"1.62,1.93",경기전
2026-08-07T16:07:31+00:00,2026,93,1307,sc,J1리그,홀짝,2,,V바렌나,교토상가,08.09(일) 19:00,"1.77,1.75",경기전
2026-08-07T16:07:31+00:00,2026,93,1312,sc,에레디비,승무패,3,,스파로테,페예노르,08.09(일) 19:15,"3.95,3.75,1.59",경기전
2026-08-07T16:07:31+00:00,2026,93,1313,sc,에레디비,핸디캡,3,H +1.0,스파로테,페예노르,08.09(일) 19:15,"2.07,3.55,2.60",경기전
2026-08-07T16:07:31+00:00,2026,93,1314,sc,에레디비,언더오버,2,U 3.5,스파로테,페예노르,08.09(일) 19:15,"1.55,2.04",경기전
2026-08-07T16:07:31+00:00,2026,93,1315,sc,에레디비,홀짝,2,,스파로테,페예노르,08.09(일) 19:15,"1.76,1.76",경기전
2026-08-07T16:07:31+00:00,2026,93,1320,sc,에레디비,승무패,3,,즈볼러,아약스,08.09(일) 21:30,"4.85,4.10,1.43",경기전
2026-08-07T16:07:31+00:00,2026,93,1321,sc,에레디비,핸디캡,3,H +1.0,즈볼러,아약스,08.09(일) 21:30,"2.40,3.55,2.22",경기전
2026-08-07T16:07:31+00:00,2026,93,1322,sc,에레디비,언더오버,2,U 3.5,즈볼러,아약스,08.09(일) 21:30,"1.61,1.94",경기전
2026-08-07T16:07:31+00:00,2026,93,1323,sc,에레디비,홀짝,2,,즈볼러,아약스,08.09(일) 21:30,"1.76,1.76",경기전
2026-08-07T16:07:31+00:00,2026,93,1324,sc,에레디비,승무패,3,,흐로닝언,위트레흐,08.09(일) 21:30,"2.18,3.20,2.65",경기전
2026-08-07T16:07:31+00:00,2026,93,1325,sc,에레디비,핸디캡,3,H -1.0,흐로닝언,위트레흐,08.09(일) 21:30,"4.30,3.75,1.54",경기전
2026-08-07T16:07:31+00:00,2026,93,1326,sc,에레디비,언더오버,2,U 2.5,흐로닝언,위트레흐,08.09(일) 21:30,"1.90,1.64",경기전
2026-08-07T16:07:31+00:00,2026,93,1327,sc,에레디비,홀짝,2,,흐로닝언,위트레흐,08.09(일) 21:30,"1.77,1.75",경기전
2026-08-07T16:07:31+00:00,2026,93,1328,sc,엘리테세,승무패,3,,릴레스트,로센보르,08.09(일) 21:30,"2.17,3.30,2.60",경기전
2026-08-07T16:07:31+00:00,2026,93,1329,sc,엘리테세,핸디캡,3,H -1.0,릴레스트,로센보르,08.09(일) 21:30,"4.15,3.85,1.54",경기전
2026-08-07T16:07:31+00:00,2026,93,1330,sc,엘리테세,언더오버,2,U 2.5,릴레스트,로센보르,08.09(일) 21:30,"2.07,1.53",경기전
2026-08-07T16:07:31+00:00,2026,93,1331,sc,엘리테세,홀짝,2,,릴레스트,로센보르,08.09(일) 21:30,"1.76,1.76",경기전
2026-08-07T16:07:31+00:00,2026,93,1340,sc,에레디비,승무패,3,,헤이렌베,트벤테,08.09(일) 23:45,"2.75,3.60,1.97",경기전
2026-08-07T16:07:31+00:00,2026,93,1341,sc,에레디비,핸디캡,3,H +1.0,헤이렌베,트벤테,08.09(일) 23:45,"1.66,3.85,3.50",경기전
2026-08-07T16:07:31+00:00,2026,93,1342,sc,에레디비,언더오버,2,U 3.5,헤이렌베,트벤테,08.09(일) 23:45,"1.62,1.93",경기전
2026-08-07T16:07:31+00:00,2026,93,1343,sc,에레디비,홀짝,2,,헤이렌베,트벤테,08.09(일) 23:45,"1.76,1.76",경기전
2026-08-07T16:07:31+00:00,2026,93,1348,sc,엘리테세,승무패,3,,함캄,올레순FK,08.10(월) 00:00,"1.95,3.50,2.85",경기전
2026-08-07T16:07:31+00:00,2026,93,1349,sc,엘리테세,핸디캡,3,H -1.0,함캄,올레순FK,08.10(월) 00:00,"3.50,3.80,1.67",경기전
2026-08-07T16:07:31+00:00,2026,93,1350,sc,엘리테세,언더오버,2,U 3.5,함캄,올레순FK,08.10(월) 00:00,"1.53,2.07",경기전
2026-08-07T16:07:31+00:00,2026,93,1351,sc,엘리테세,홀짝,2,,함캄,올레순FK,08.10(월) 00:00,"1.76,1.76",경기전
2026-08-07T16:07:31+00:00,2026,93,1357,sc,엘리테세,승무패,3,,크리스티,몰데FK,08.10(월) 02:15,"4.00,3.65,1.60",경기전
2026-08-07T16:07:31+00:00,2026,93,1358,sc,엘리테세,핸디캡,3,H +1.0,크리스티,몰데FK,08.10(월) 02:15,"2.06,3.40,2.70",경기전
2026-08-07T16:07:31+00:00,2026,93,1359,sc,엘리테세,언더오버,2,U 2.5,크리스티,몰데FK,08.10(월) 02:15,"2.19,1.47",경기전
2026-08-07T16:07:31+00:00,2026,93,1360,sc,엘리테세,홀짝,2,,크리스티,몰데FK,08.10(월) 02:15,"1.76,1.76",경기전
2026-08-07T16:22:41+00:00,2026,93,0671,bs,MLB,승패,2,,보스레드 12,11 시카화이,08.07(금) 08:10,"1.42,2.31",홈승
2026-08-07T16:22:41+00:00,2026,93,0672,bs,MLB,승①패,3,승①패,보스레드 12,11 시카화이,08.07(금) 08:10,"1.83,3.55,3.10",①
2026-08-07T16:22:41+00:00,2026,93,0673,bs,MLB,핸디캡,2,H -2.5,보스레드 9.5,11 시카화이,08.07(금) 08:10,"2.49,1.36",핸디패
2026-08-07T16:22:41+00:00,2026,93,0674,bs,MLB,언더오버,2,U 9.5,보스레드,시카화이,08.07(금) 08:10,"1.65,1.89",오버
2026-08-07T16:22:41+00:00,2026,93,0675,bs,MLB,홀짝,2,,보스레드,시카화이,08.07(금) 08:10,"1.56,2.02",홀
2026-08-07T16:22:41+00:00,2026,93,0676,bs,MLB,승패,2,,애틀브레 11,3 마이말린,08.07(금) 08:15,"1.44,2.26",홈승
2026-08-07T16:22:41+00:00,2026,93,0677,bs,MLB,승①패,3,승①패,애틀브레 11,3 마이말린,08.07(금) 08:15,"1.92,3.45,2.95",홈승
2026-08-07T16:22:41+00:00,2026,93,0678,bs,MLB,핸디캡,2,H -2.5,애틀브레 8.5,3 마이말린,08.07(금) 08:15,"2.56,1.34",핸디승
2026-08-07T16:22:41+00:00,2026,93,0679,bs,MLB,언더오버,2,U 9.5,애틀브레,마이말린,08.07(금) 08:15,"1.60,1.96",오버
2026-08-07T16:22:41+00:00,2026,93,0680,bs,MLB,홀짝,2,,애틀브레,마이말린,08.07(금) 08:15,"1.56,2.02",짝
2026-08-07T16:22:41+00:00,2026,93,0681,bs,MLB,승패,2,,캔자로얄 3,4 미네트윈,08.07(금) 08:40,"1.69,1.84",홈패
2026-08-07T16:22:41+00:00,2026,93,0682,bs,MLB,승①패,3,승①패,캔자로얄 3,4 미네트윈,08.07(금) 08:40,"2.40,3.30,2.33",①
2026-08-07T16:22:41+00:00,2026,93,0683,bs,MLB,핸디캡,2,H -2.5,캔자로얄 0.5,4 미네트윈,08.07(금) 08:40,"3.30,1.20",핸디패
2026-08-07T16:22:41+00:00,2026,93,0684,bs,MLB,언더오버,2,U 8.5,캔자로얄,미네트윈,08.07(금) 08:40,"1.91,1.63",언더
2026-08-07T16:22:41+00:00,2026,93,0685,bs,MLB,홀짝,2,,캔자로얄,미네트윈,08.07(금) 08:40,"1.55,2.04",홀
2026-08-07T16:22:41+00:00,2026,93,0686,bs,MLB,승패,2,,애리다이 1,5 샌디파드,08.07(금) 10:40,"1.72,1.80",홈패
2026-08-07T16:22:41+00:00,2026,93,0687,bs,MLB,승①패,3,승①패,애리다이 1,5 샌디파드,08.07(금) 10:40,"2.45,3.35,2.26",홈패
2026-08-07T16:22:41+00:00,2026,93,0688,bs,MLB,핸디캡,2,H -2.5,애리다이 -1.5,5 샌디파드,08.07(금) 10:40,"3.38,1.19",핸디패
2026-08-07T16:22:41+00:00,2026,93,0689,bs,MLB,언더오버,2,U 9.5,애리다이,샌디파드,08.07(금) 10:40,"1.69,1.84",언더
2026-08-07T16:22:41+00:00,2026,93,0690,bs,MLB,홀짝,2,,애리다이,샌디파드,08.07(금) 10:40,"1.55,2.04",짝
2026-08-07T16:22:41+00:00,2026,93,0691,bs,MLB,전반승무패,3,h(전반),애리다이 1,3 샌디파드,08.07(금) 10:40,"1.95,5.80,2.15",홈패
2026-08-07T16:22:41+00:00,2026,93,0692,bs,MLB,전반핸디캡,2,h H -1.5,애리다이 -0.5,3 샌디파드,08.07(금) 10:40,"2.72,1.30",핸디패
2026-08-07T16:22:41+00:00,2026,93,0693,bs,MLB,전반언더오버,2,h U 4.5,애리다이,샌디파드,08.07(금) 10:40,"1.96,1.60",언더
2026-08-07T16:22:41+00:00,2026,93,0694,bs,NPB,승패,2,,요미우리 0,1 야쿠르트,08.07(금) 18:00,"1.45,2.24",홈패
2026-08-07T16:22:41+00:00,2026,93,0695,bs,NPB,승①패,3,승①패,요미우리 0,1 야쿠르트,08.07(금) 18:02026-08-08T04:21:53+00:00,2026,93
