ts,year,round,game_no,sport,league,market_family,n_way,market_label,home,away,date_text,odds,result
2026-08-06T00:07:04+00:00,2026,89,9152,bs,MLB,승패,2,,뉴욕메츠,애틀브레,07.29(수) 08:10,"1.00,1.00",취소
2026-08-06T00:07:04+00:00,2026,89,9153,bs,MLB,승①패,3,승①패,뉴욕메츠,애틀브레,07.29(수) 08:10,"1.00,1.00,1.00",취소
2026-08-06T00:07:04+00:00,2026,89,9154,bs,MLB,핸디캡,2,H +2.5,뉴욕메츠,애틀브레,07.29(수) 08:10,"1.00,1.00",취소
2026-08-06T00:07:04+00:00,2026,89,9155,bs,MLB,언더오버,2,U 7.5,뉴욕메츠,애틀브레,07.29(수) 08:10,"1.00,1.00",취소
2026-08-06T00:07:04+00:00,2026,89,9156,bs,MLB,홀짝,2,,뉴욕메츠,애틀브레,07.29(수) 08:10,"1.00,1.00",취소
2026-08-06T00:07:04+00:00,2026,89,9162,bs,MLB,승패,2,,미네트윈 3,2 캔자로얄,07.29(수) 08:40,"1.49,2.15",홈승
2026-08-06T00:07:04+00:00,2026,89,9163,bs,MLB,승①패,3,승①패,미네트윈 3,2 캔자로얄,07.29(수) 08:40,"1.95,3.50,2.85",①
2026-08-06T00:07:04+00:00,2026,89,9164,bs,MLB,핸디캡,2,H -2.5,미네트윈 0.5,2 캔자로얄,07.29(수) 08:40,"2.68,1.31",핸디패
2026-08-06T00:07:04+00:00,2026,89,9165,bs,MLB,언더오버,2,U 9.5,미네트윈,캔자로얄,07.29(수) 08:40,"1.67,1.86",언더
2026-08-06T00:07:04+00:00,2026,89,9166,bs,MLB,홀짝,2,,미네트윈,캔자로얄,07.29(수) 08:40,"1.56,2.02",홀
2026-08-06T00:07:04+00:00,2026,89,9167,bs,MLB,승패,2,,시카화이 2,3 뉴욕양키,07.29(수) 08:40,"2.02,1.56",홈패
2026-08-06T00:07:04+00:00,2026,89,9168,bs,MLB,승①패,3,승①패,시카화이 2,3 뉴욕양키,07.29(수) 08:40,"3.05,3.30,1.93",①
2026-08-06T00:07:04+00:00,2026,89,9169,bs,MLB,핸디캡,2,H +2.5,시카화이 4.5,3 뉴욕양키,07.29(수) 08:40,"1.35,2.53",핸디승
2026-08-06T00:07:04+00:00,2026,89,9170,bs,MLB,언더오버,2,U 8.5,시카화이,뉴욕양키,07.29(수) 08:40,"1.66,1.87",언더
2026-08-06T00:07:04+00:00,2026,89,9171,bs,MLB,홀짝,2,,시카화이,뉴욕양키,07.29(수) 08:40,"1.55,2.04",홀
2026-08-06T00:07:04+00:00,2026,89,9172,bs,MLB,승패,2,,세인카디 2,10 시카컵스,07.29(수) 08:45,"1.78,1.74",홈패
2026-08-06T00:07:04+00:00,2026,89,9173,bs,MLB,승①패,3,승①패,세인카디 2,10 시카컵스,07.29(수) 08:45,"2.60,3.30,2.17",홈패
2026-08-06T00:07:04+00:00,2026,89,9174,bs,MLB,핸디캡,2,H +2.5,세인카디 4.5,10 시카컵스,07.29(수) 08:45,"1.26,2.92",핸디패
2026-08-06T00:07:04+00:00,2026,89,9175,bs,MLB,언더오버,2,U 8.5,세인카디,시카컵스,07.29(수) 08:45,"1.81,1.71",오버
2026-08-06T00:07:04+00:00,2026,89,9176,bs,MLB,홀짝,2,,세인카디,시카컵스,07.29(수) 08:45,"1.55,2.04",짝
2026-08-06T00:07:04+00:00,2026,89,9177,bs,MLB,승패,2,,LA에인절 2,3 휴스애스,07.29(수) 10:38,"1.82,1.70",홈패
2026-08-06T00:07:04+00:00,2026,89,9178,bs,MLB,승①패,3,승①패,LA에인절 2,3 휴스애스,07.29(수) 10:38,"2.60,3.30,2.16",①
2026-08-06T00:07:04+00:00,2026,89,9179,bs,MLB,핸디캡,2,H +2.5,LA에인절 4.5,3 휴스애스,07.29(수) 10:38,"1.25,2.97",핸디승
2026-08-06T00:07:04+00:00,2026,89,9180,bs,MLB,언더오버,2,U 8.5,LA에인절,휴스애스,07.29(수) 10:38,"1.66,1.87",언더
2026-08-06T00:07:04+00:00,2026,89,9181,bs,MLB,홀짝,2,,LA에인절,휴스애스,07.29(수) 10:38,"1.55,2.04",홀
2026-08-06T00:07:04+00:00,2026,89,9182,bs,MLB,승패,2,,샌디파드 8,7 콜로로키,07.29(수) 10:40,"1.38,2.43",홈승
2026-08-06T00:07:04+00:00,2026,89,9183,bs,MLB,승①패,3,승①패,샌디파드 8,7 콜로로키,07.29(수) 10:40,"1.73,3.60,3.40",①
2026-08-06T00:07:04+00:00,2026,89,9184,bs,MLB,핸디캡,2,H -2.5,샌디파드 5.5,7 콜로로키,07.29(수) 10:40,"2.31,1.42",핸디패
2026-08-06T00:07:04+00:00,2026,89,9185,bs,MLB,언더오버,2,U 8.5,샌디파드,콜로로키,07.29(수) 10:40,"1.73,1.79",오버
2026-08-06T00:07:04+00:00,2026,89,9186,bs,MLB,홀짝,2,,샌디파드,콜로로키,07.29(수) 10:40,"1.56,2.02",홀
2026-08-06T00:07:04+00:00,2026,89,9187,bs,MLB,승패,2,,애슬레틱 4,3 보스레드,07.29(수) 10:40,"2.24,1.45",홈승
2026-08-06T00:07:04+00:00,2026,89,9188,bs,MLB,승①패,3,승①패,애슬레틱 4,3 보스레드,07.29(수) 10:40,"3.40,3.55,1.74",①
2026-08-06T00:07:04+00:00,2026,89,9189,bs,MLB,핸디캡,2,H +2.5,애슬레틱 6.5,3 보스레드,07.29(수) 10:40,"1.41,2.34",핸디승
2026-08-06T00:07:04+00:00,2026,89,9190,bs,MLB,언더오버,2,U 9.5,애슬레틱,보스레드,07.29(수) 10:40,"1.84,1.69",언더
2026-08-06T00:07:04+00:00,2026,89,9191,bs,MLB,홀짝,2,,애슬레틱,보스레드,07.29(수) 10:40,"1.56,2.02",홀
2026-08-06T00:07:04+00:00,2026,89,9192,bs,MLB,승패,2,,샌프자이 2,8 밀워브루,07.29(수) 10:45,"2.11,1.51",홈패
2026-08-06T00:07:04+00:00,2026,89,9193,bs,MLB,승①패,3,승①패,샌프자이 2,8 밀워브루,07.29(수) 10:45,"3.25,3.25,1.87",홈패
2026-08-06T00:07:04+00:00,2026,89,9194,bs,MLB,핸디캡,2,H +2.5,샌프자이 4.5,8 밀워브루,07.29(수) 10:45,"1.38,2.43",핸디패
2026-08-06T00:07:04+00:00,2026,89,9195,bs,MLB,언더오버,2,U 7.5,샌프자이,밀워브루,07.29(수) 10:45,"1.73,1.79",오버
2026-08-06T00:07:04+00:00,2026,89,9196,bs,MLB,홀짝,2,,샌프자이,밀워브루,07.29(수) 10:45,"1.55,2.04",짝
2026-08-06T00:07:04+00:00,2026,89,9197,bs,MLB,승패,2,,LA다저스 6,7 시애매리,07.29(수) 11:10,"1.39,2.40",홈패
2026-08-06T00:07:04+00:00,2026,89,9198,bs,MLB,승①패,3,승①패,LA다저스 6,7 시애매리,07.29(수) 11:10,"1.75,3.75,3.20",①
2026-08-06T00:07:04+00:00,2026,89,9199,bs,MLB,핸디캡,2,H -2.5,LA다저스 3.5,7 시애매리,07.29(수) 11:10,"2.26,1.44",핸디패
2026-08-06T00:07:04+00:00,2026,89,9200,bs,MLB,언더오버,2,U 9.5,LA다저스,시애매리,07.29(수) 11:10,"1.66,1.87",오버
2026-08-06T00:07:04+00:00,2026,89,9201,bs,MLB,홀짝,2,,LA다저스,시애매리,07.29(수) 11:10,"1.56,2.02",홀
2026-08-06T00:07:04+00:00,2026,89,9202,bs,MLB,전반승무패,3,h(전반),LA다저스 5,4 시애매리,07.29(수) 11:10,"1.66,6.50,2.55",홈승
2026-08-06T00:07:04+00:00,2026,89,9203,bs,MLB,전반핸디캡,2,h H -1.5,LA다저스 3.5,4 시애매리,07.29(수) 11:10,"2.29,1.43",핸디패
2026-08-06T00:07:04+00:00,2026,89,9204,bs,MLB,전반언더오버,2,h U 5.5,LA다저스,시애매리,07.29(수) 11:10,"1.61,1.94",오버
2026-08-06T00:07:04+00:00,2026,89,9205,vl,남배네이,승패,2,,슬로베M 3,0 튀르키M,07.29(수) 16:00,"1.28,2.82",홈승
2026-08-06T00:07:04+00:00,2026,89,9206,vl,남배네이,핸디캡,2,H -1.5,슬로베M 1.5,0 튀르키M,07.29(수) 16:00,"1.62,1.93",핸디승
2026-08-06T00:07:04+00:00,2026,89,9207,vl,남배네이,언더오버,2,U 182.5,슬로베M,튀르키M,07.29(수) 16:00,"1.81,1.71",오버
2026-08-06T00:07:04+00:00,2026,89,9208,vl,남배네이,홀짝,2,,슬로베M,튀르키M,07.29(수) 16:00,"1.76,1.76",짝
2026-08-06T00:07:04+00:00,2026,89,9209,bs,KBO,승패,2,,LG 11,18 키움,07.29(수) 18:30,"1.29,2.77",홈패
2026-08-06T00:07:04+00:00,2026,89,9210,bs,KBO,승①패,3,승①패,LG 11,18 키움,07.29(수) 18:30,"1.57,3.80,4.00",홈패
2026-08-06T00:07:04+00:00,2026,89,9211,bs,KBO,핸디캡,2,H -2.5,LG 8.5,18 키움,07.29(수) 18:30,"1.86,1.67",핸디패
2026-08-06T00:07:04+00:00,2026,89,9212,bs,KBO,언더오버,2,U 9.5,LG,키움,07.29(수) 18:30,"1.71,1.81",오버
2026-08-06T00:07:04+00:00,2026,89,9213,bs,KBO,홀짝,2,,LG,키움,07.29(수) 18:30,"1.59,1.97",홀
2026-08-06T00:07:04+00:00,2026,89,9214,bs,KBO,전반승무패,3,h(전반),LG 8,14 키움,07.29(수) 18:30,"1.51,6.50,3.00",홈패
2026-08-06T00:07:04+00:00,2026,89,9215,bs,KBO,전반핸디캡,2,h H -1.5,LG 6.5,14 키움,07.29(수) 18:30,"1.81,1.71",핸디패
2026-08-06T00:07:04+00:00,2026,89,9216,bs,KBO,전반언더오버,2,h U 5.5,LG,키움,07.29(수) 18:30,"1.69,1.84",오버
2026-08-06T00:07:04+00:00,2026,89,9217,bs,KBO,승패,2,,삼성 4,9 KIA,07.29(수) 18:30,"1.49,2.15",홈패
2026-08-06T00:07:04+00:00,2026,89,9218,bs,KBO,승①패,3,승①패,삼성 4,9 KIA,07.29(수) 18:30,"1.98,3.75,2.65",홈패
2026-08-06T00:07:04+00:00,2026,89,9219,bs,KBO,핸디캡,2,H -2.5,삼성 1.5,9 KIA,07.29(수) 18:30,"2.37,1.40",핸디패
2026-08-06T00:07:04+00:00,2026,89,9220,bs,KBO,언더오버,2,U 12.5,삼성,KIA,07.29(수) 18:30,"1.80,1.72",오버
2026-08-06T00:07:04+00:00,2026,89,9221,bs,KBO,홀짝,2,,삼성,KIA,07.29(수) 18:30,"1.57,2.00",홀
2026-08-06T00:07:04+00:00,2026,89,9222,bs,KBO,전반승무패,3,h(전반),삼성 1,6 KIA,07.29(수) 18:30,"1.78,7.50,2.20",홈패
2026-08-06T00:07:04+00:00,2026,89,9223,bs,KBO,전반핸디캡,2,h H -1.5,삼성 -0.5,6 KIA,07.29(수) 18:30,"2.29,1.43",핸디패
2026-08-06T00:07:04+00:00,2026,89,9224,bs,KBO,전반언더오버,2,h U 7.5,삼성,KIA,07.29(수) 18:30,"1.61,1.94",언더
2026-08-06T00:07:04+00:00,2026,89,9225,bs,KBO,승패,2,,SSG 6,2 두산,07.29(수) 18:30,"2.00,1.57",홈승
2026-08-06T00:07:04+00:00,2026,89,9226,bs,KBO,승①패,3,승①패,SSG 6,2 두산,07.29(수) 18:30,"2.90,3.55,1.91",홈승
2026-08-06T00:07:04+00:00,2026,89,9227,bs,KBO,핸디캡,2,H +2.5,SSG 8.5,2 두산,07.29(수) 18:30,"1.37,2.46",핸디승
2026-08-06T00:07:04+00:00,2026,89,9228,bs,KBO,언더오버,2,U 11.5,SSG,두산,07.29(수) 18:30,"1.70,1.82",언더
2026-08-06T00:07:04+00:00,2026,89,9229,bs,KBO,홀짝,2,,SSG,두산,07.29(수) 18:30,"1.57,2.00",짝
2026-08-06T00:07:04+00:00,2026,89,9230,bs,KBO,전반승무패,3,h(전반),SSG 4,1 두산,07.29(수) 18:30,"2.15,6.60,1.88",홈승
2026-08-06T00:07:04+00:00,2026,89,9231,bs,KBO,전반핸디캡,2,h H +1.5,SSG 5.5,1 두산,07.29(수) 18:30,"1.40,2.37",핸디승
2026-08-06T00:07:04+00:00,2026,89,9232,bs,KBO,전반언더오버,2,h U 6.5,SSG,두산,07.29(수) 18:30,"1.65,1.89",언더
2026-08-06T00:07:04+00:00,2026,89,9233,bs,KBO,승패,2,,NC 3,10 KT,07.29(수) 18:30,"1.79,1.73",홈패
2026-08-06T00:07:04+00:00,2026,89,9234,bs,KBO,승①패,3,승①패,NC 3,10 KT,07.29(수) 18:30,"2.50,3.45,2.18",홈패
2026-08-06T00:07:04+00:00,2026,89,9235,bs,KBO,핸디캡,2,H +2.5,NC 5.5,10 KT,07.29(수) 18:30,"1.28,2.82",핸디패
2026-08-06T00:07:04+00:00,2026,89,9236,bs,KBO,언더오버,2,U 10.5,NC,KT,07.29(수) 18:30,"1.74,1.78",오버
2026-08-06T00:07:04+00:00,2026,89,9237,bs,KBO,홀짝,2,,NC,KT,07.29(수) 18:30,"1.57,2.00",홀
2026-08-06T00:07:04+00:00,2026,89,9238,bs,KBO,전반승무패,3,h(전반),NC 1,5 KT,07.29(수) 18:30,"2.05,6.30,1.99",홈패
2026-08-06T00:07:04+00:00,2026,89,9239,bs,KBO,전반핸디캡,2,h H +1.5,NC 2.5,5 KT,07.29(수) 18:30,"1.33,2.60",핸디패
2026-08-06T00:07:04+00:00,2026,89,9240,bs,KBO,전반언더오버,2,h U 5.5,NC,KT,07.29(수) 18:30,"1.74,1.78",오버
2026-08-06T00:07:04+00:00,2026,89,9241,bs,KBO,승패,2,,한화 5,3 롯데,07.29(수) 18:30,"1.66,1.87",홈승
2026-08-06T00:07:04+00:00,2026,89,9242,bs,KBO,승①패,3,승①패,한화 5,3 롯데,07.29(수) 18:30,"2.22,3.45,2.45",홈승
2026-08-06T00:07:04+00:00,2026,89,9243,bs,KBO,핸디캡,2,H -2.5,한화 2.5,3 롯데,07.29(수) 18:30,"2.87,1.27",핸디패
2026-08-06T00:07:04+00:00,2026,89,9244,bs,KBO,언더오버,2,U 9.5,한화,롯데,07.29(수) 18:30,"1.78,1.74",언더
2026-08-06T00:07:04+00:00,2026,89,9245,bs,KBO,홀짝,2,,한화,롯데,07.29(수) 18:30,"1.58,1.99",짝
2026-08-06T00:07:04+00:00,2026,89,9246,bs,KBO,전반승무패,3,h(전반),한화 2,2 롯데,07.29(수) 18:30,"1.95,6.20,2.10",무승부
2026-08-06T00:07:04+00:00,2026,89,9247,bs,KBO,전반핸디캡,2,h H -1.5,한화 0.5,2 롯데,07.29(수) 18:30,"2.68,1.31",핸디패
2026-08-06T00:07:04+00:00,2026,89,9248,bs,KBO,전반언더오버,2,h U 5.5,한화,롯데,07.29(수) 18:30,"1.59,1.97",언더
2026-08-06T00:07:04+00:00,2026,89,9249,sc,한국FA컵,승무패,3,,광주FC 1,0 천안시티,07.29(수) 19:00,"1.70,3.40,3.75",홈승
2026-08-06T00:07:04+00:00,2026,89,9250,sc,한국FA컵,핸디캡,3,H -1.0,광주FC 0,0 천안시티,07.29(수) 19:00,"3.20,3.30,1.87",핸디무
2026-08-06T00:07:04+00:00,2026,89,9251,sc,한국FA컵,언더오버,2,U 2.5,광주FC,천안시티,07.29(수) 19:00,"1.86,1.67",언더
2026-08-06T00:07:04+00:00,2026,89,9252,sc,한국FA컵,홀짝,2,,광주FC,천안시티,07.29(수) 19:00,"1.77,1.75",홀
2026-08-06T00:07:04+00:00,2026,89,9253,sc,한국FA컵,승무패,3,,인천유나 0,1 김포FC,07.29(수) 19:00,"1.41,3.85,5.50",홈패
2026-08-06T00:07:04+00:00,2026,89,9254,sc,한국FA컵,핸디캡,3,H -1.0,인천유나 -1,1 김포FC,07.29(수) 19:00,"2.24,3.30,2.50",핸디패
2026-08-06T00:07:04+00:00,2026,89,9255,sc,한국FA컵,언더오버,2,U 2.5,인천유나,김포FC,07.29(수) 19:00,"2.02,1.56",언더
2026-08-06T00:07:04+00:00,2026,89,9256,sc,한국FA컵,홀짝,2,,인천유나,김포FC,07.29(수) 19:00,"1.76,1.76",홀
2026-08-06T00:07:04+00:00,2026,89,9257,sc,한국FA컵,승무패,3,,김천상무 2,1 수원FC,07.29(수) 19:00,"1.99,3.30,2.90",홈승
2026-08-06T00:07:04+00:00,2026,89,9258,sc,한국FA컵,핸디캡,3,H -1.0,김천상무 1,1 수원FC,07.29(수) 19:00,"3.80,3.55,1.65",핸디무
2026-08-06T00:07:04+00:00,2026,89,9259,sc,한국FA컵,언더오버,2,U 2.5,김천상무,수원FC,07.29(수) 19:00,"2.02,1.56",오버
2026-08-06T00:07:04+00:00,2026,89,9260,sc,한국FA컵,홀짝,2,,김천상무,수원FC,07.29(수) 19:00,"1.76,1.76",홀
2026-08-06T00:07:04+00:00,2026,89,9265,sc,한국FA컵,승무패,3,,부산아이 2,0 FC서울,07.29(수) 19:00,"4.25,3.70,1.55",홈승
2026-08-06T00:07:04+00:00,2026,89,9266,sc,한국FA컵,핸디캡,3,H +1.0,부산아이 3,0 FC서울,07.29(수) 19:00,"2.15,3.25,2.65",핸디승
2026-08-06T00:07:04+00:00,2026,89,9267,sc,한국FA컵,언더오버,2,U 2.5,부산아이,FC서울,07.29(수) 19:00,"1.93,1.62",언더
2026-08-06T00:07:04+00:00,2026,89,9268,sc,한국FA컵,홀짝,2,,부산아이,FC서울,07.29(수) 19:00,"1.77,1.75",짝
2026-08-06T00:07:04+00:00,2026,89,9269,sc,한국FA컵,승무패,3,,부천FC 3,0 파주프런,07.29(수) 19:00,"1.71,3.55,3.55",홈승
2026-08-06T00:07:04+00:00,2026,89,9270,sc,한국FA컵,핸디캡,3,H -1.0,부천FC 2,0 파주프런,07.29(수) 19:00,"3.85,3.10,1.76",핸디승
2026-08-06T00:07:04+00:00,2026,89,9271,sc,한국FA컵,언더오버,2,U 2.5,부천FC,파주프런,07.29(수) 19:00,"1.73,1.79",오버
2026-08-06T00:07:04+00:00,2026,89,9272,sc,한국FA컵,홀짝,2,,부천FC,파주프런,07.29(수) 19:00,"1.77,1.75",홀
2026-08-06T00:07:04+00:00,2026,89,9273,sc,한국FA컵,승무패,3,,충북청주 1,3 FC안양,07.29(수) 19:30,"3.25,3.35,1.84",홈패
2026-08-06T00:07:04+00:00,2026,89,9274,sc,한국FA컵,핸디캡,3,H +1.0,충북청주 2,3 FC안양,07.29(수) 19:30,"1.60,3.25,4.60",핸디패
2026-08-06T00:07:04+00:00,2026,89,9275,sc,한국FA컵,언더오버,2,U 2.5,충북청주,FC안양,07.29(수) 19:30,"1.73,1.79",오버
2026-08-06T00:07:04+00:00,2026,89,9276,sc,한국FA컵,홀짝,2,,충북청주,FC안양,07.29(수) 19:30,"1.77,1.75",짝
2026-08-06T00:07:04+00:00,2026,89,9277,sc,한국FA컵,승무패,3,,제주SKFC 2,2 화성FC,07.29(수) 19:30,"1.62,3.40,4.20",무승부
2026-08-06T00:07:04+00:00,2026,89,9278,sc,한국FA컵,핸디캡,3,H -1.0,제주SKFC 1,2 화성FC,07.29(수) 19:30,"2.85,3.20,2.06",핸디패
2026-08-06T00:07:04+00:00,2026,89,9279,sc,한국FA컵,언더오버,2,U 2.5,제주SKFC,화성FC,07.29(수) 19:30,"1.85,1.68",오버
2026-08-06T00:07:04+00:00,2026,89,9280,sc,한국FA컵,홀짝,2,,제주SKFC,화성FC,07.29(수) 19:30,"1.77,1.75",짝
2026-08-06T00:07:04+00:00,2026,89,9261,sc,한국FA컵,승무패,3,,김해FC 0,1 성남FC,07.29(수) 20:00,"2.65,3.05,2.25",홈패
2026-08-06T00:07:04+00:00,2026,89,9262,sc,한국FA컵,핸디캡,3,H +1.0,김해FC 1,1 성남FC,07.29(수) 20:00,"1.50,3.20,5.90",핸디무
2026-08-06T00:07:04+00:00,2026,89,9263,sc,한국FA컵,언더오버,2,U 2.5,김해FC,성남FC,07.29(수) 20:00,"1.67,1.86",언더
2026-08-06T00:07:04+00:00,2026,89,9264,sc,한국FA컵,홀짝,2,,김해FC,성남FC,07.29(수) 20:00,"1.77,1.75",홀
2026-08-06T00:07:04+00:00,2026,89,9281,vl,남배네이,승패,2,,일본M 3,1 중국M,07.29(수) 20:30,"1.00,1.00",홈승
2026-08-06T00:07:04+00:00,2026,89,9282,vl,남배네이,핸디캡,2,H -2.5,일본M 0.5,1 중국M,07.29(수) 20:30,"1.49,2.15",핸디패
2026-08-06T00:07:04+00:00,2026,89,9283,vl,남배네이,언더오버,2,U 140.5,일본M,중국M,07.29(수) 20:30,"1.76,1.76",오버
2026-08-06T00:07:04+00:00,2026,89,9284,vl,남배네이,홀짝,2,,일본M,중국M,07.29(수) 20:30,"1.76,1.76",홀
2026-08-06T00:07:04+00:00,2026,89,9285,bs,MLB,승패,2,,마이말린 8,6 필라필리,07.30(목) 01:10,"2.34,1.41",홈승
2026-08-06T00:07:04+00:00,2026,89,9286,bs,MLB,승①패,3,승①패,마이말린 8,6 필라필리,07.30(목) 01:10,"3.60,3.45,1.72",홈승
2026-08-06T00:07:04+00:00,2026,89,9287,bs,MLB,핸디캡,2,H +2.5,마이말린 10.5,6 필라필리,07.30(목) 01:10,"1.42,2.31",핸디승
2026-08-06T00:07:04+00:00,2026,89,9288,bs,MLB,언더오버,2,U 7.5,마이말린,필라필리,07.30(목) 01:10,"1.78,1.74",오버
2026-08-06T00:07:04+00:00,2026,89,9289,bs,MLB,홀짝,2,,마이말린,필라필리,07.30(목) 01:10,"1.55,2.04",짝
2026-08-06T00:07:04+00:00,2026,89,9290,bs,MLB,승패,2,,피츠파이 0,3 애리다이,07.30(목) 01:35,"1.62,1.93",홈패
2026-08-06T00:07:04+00:00,2026,89,9291,bs,MLB,승①패,3,승①패,피츠파이 0,3 애리다이,07.30(목) 01:35,"2.28,3.30,2.45",홈패
2026-08-06T00:07:04+00:00,2026,89,9292,bs,MLB,핸디캡,2,H -2.5,피츠파이 -2.5,3 애리다이,07.30(목) 01:35,"3.09,1.23",핸디패
2026-08-06T00:07:04+00:00,2026,89,9293,bs,MLB,언더오버,2,U 8.5,피츠파이,애리다이,07.30(목) 01:35,"1.78,1.74",언더
2026-08-06T00:07:04+00:00,2026,89,9294,bs,MLB,홀짝,2,,피츠파이,애리다이,07.30(목) 01:35,"1.55,2.04",홀
2026-08-06T00:07:04+00:00,2026,89,9295,bs,MLB,승패,2,,워싱내셔 2,5 토론블루,07.30(목) 02:05,"1.89,1.65",홈패
2026-08-06T00:07:04+00:00,2026,89,9296,bs,MLB,승①패,3,승①패,워싱내셔 2,5 토론블루,07.30(목) 02:05,"2.75,3.40,2.03",홈패
2026-08-06T00:07:04+00:00,2026,89,9297,bs,MLB,핸디캡,2,H +2.5,워싱내셔 4.5,5 토론블루,07.30(목) 02:05,"1.31,2.68",핸디패
2026-08-06T00:07:04+00:00,2026,89,9298,bs,MLB,언더오버,2,U 9.5,워싱내셔,토론블루,07.30(목) 02:05,"1.73,1.79",언더
2026-08-06T00:07:04+00:00,2026,89,9299,bs,MLB,홀짝,2,,워싱내셔,토론블루,07.30(목) 02:05,"1.56,2.02",홀
2026-08-06T00:07:04+00:00,2026,89,9300,bs,MLB,승패,2,,뉴욕메츠 3,2 애틀브레,07.30(목) 02:10,"1.79,1.73",홈승
2026-08-06T00:07:04+00:00,2026,89,9301,bs,MLB,승①패,3,승①패,뉴욕메츠 3,2 애틀브레,07.30(목) 02:10,"2.60,3.30,2.17",①
2026-08-06T00:07:04+00:00,2026,89,9302,bs,MLB,핸디캡,2,H +2.5,뉴욕메츠 5.5,2 애틀브레,07.30(목) 02:10,"1.27,2.87",핸디승
2026-08-06T00:07:04+00:00,2026,89,9303,bs,MLB,언더오버,2,U 8.5,뉴욕메츠,애틀브레,07.30(목) 02:10,"1.78,1.74",언더
2026-08-06T00:07:04+00:00,2026,89,9304,bs,MLB,홀짝,2,,뉴욕메츠,애틀브레,07.30(목) 02:10,"1.55,2.04",홀
2026-08-06T00:07:04+00:00,2026,89,9305,bs,MLB,승패,2,,디트타이 9,10 볼티오리,07.30(목) 02:10,"1.43,2.29",홈패
2026-08-06T00:07:04+00:00,2026,89,9306,bs,MLB,승①패,3,승①패,디트타이 9,10 볼티오리,07.30(목) 02:10,"1.87,3.50,3.05",①
2026-08-06T00:07:04+00:00,2026,89,9307,bs,MLB,핸디캡,2,H -2.5,디트타이 6.5,10 볼티오리,07.30(목) 02:10,"2.60,1.33",핸디패
2026-08-06T00:07:04+00:00,2026,89,9308,bs,MLB,언더오버,2,U 7.5,디트타이,볼티오리,07.30(목) 02:10,"1.84,1.69",오버
2026-08-06T00:07:04+00:00,2026,89,9309,bs,MLB,홀짝,2,,디트타이,볼티오리,07.30(목) 02:10,"1.55,2.04",홀
2026-08-06T00:07:04+00:00,2026,89,9310,sc,UCL,승무패,3,,구르니크 1,1 페네르SK,07.30(목) 03:00,"4.95,3.95,1.44",무승부
2026-08-06T00:07:04+00:00,2026,89,9311,sc,UCL,핸디캡,3,H +1.0,구르니크 2,1 페네르SK,07.30(목) 03:00,"2.45,3.20,2.33",핸디승
2026-08-06T00:07:04+00:00,2026,89,9312,sc,UCL,핸디캡,3,H +2.0,구르니크 3,1 페네르SK,07.30(목) 03:00,"1.48,4.10,4.35",핸디승
2026-08-06T00:07:04+00:00,2026,89,9313,sc,UCL,언더오버,2,U 2.5,구르니크,페네르SK,07.30(목) 03:00,"1.90,1.64",언더
2026-08-06T00:07:04+00:00,2026,89,9314,sc,UCL,홀짝,2,,구르니크,페네르SK,07.30(목) 03:00,"1.77,1.75",짝
2026-08-06T00:07:04+00:00,2026,89,9315,sc,UCL,전반승무패,3,h(전반),구르니크 1,1 페네르SK,07.30(목) 03:00,"5.10,2.30,1.93",무승부
2026-08-06T00:07:04+00:00,2026,89,9316,sc,UCL,전반핸디캡,3,h H +1.0,구르니크 2,1 페네르SK,07.30(목) 03:00,"1.64,3.10,4.60",핸디승
2026-08-06T00:07:04+00:00,2026,89,9317,sc,UCL,전반언더오버,2,h U 1.5,구르니크,페네르SK,07.30(목) 03:00,"1.41,2.34",오버
2026-08-06T00:07:04+00:00,2026,89,9318,bs,MLB,승패,2,,샌프자이 16,3 밀워브루,07.30(목) 04:45,"1.84,1.69",홈승
2026-08-06T00:07:04+00:00,2026,89,9319,bs,MLB,승①패,3,승①패,샌프자이 16,3 밀워브루,07.30(목) 04:45,"2.70,3.20,2.14",홈승
2026-08-06T00:07:04+00:00,2026,89,9320,bs,MLB,핸디캡,2,H +2.5,샌프자이 18.5,3 밀워브루,07.30(목) 04:45,"1.27,2.87",핸디승
2026-08-06T00:07:04+00:00,2026,89,9321,bs,MLB,언더오버,2,U 7.5,샌프자이,밀워브루,07.30(목) 04:45,"1.78,1.74",오버
2026-08-06T00:07:04+00:00,2026,89,9322,bs,MLB,홀짝,2,,샌프자이,밀워브루,07.30(목) 04:45,"1.55,2.04",홀
2026-08-06T00:07:04+00:00,2026,89,9323,bs,MLB,승패,2,,샌디파드 3,1 콜로로키,07.30(목) 05:10,"1.54,2.05",홈승
2026-08-06T00:07:04+00:00,2026,89,9324,bs,MLB,승①패,3,승①패,샌디파드 3,1 콜로로키,07.30(목) 05:10,"2.13,3.30,2.65",홈승
2026-08-06T00:07:04+00:00,2026,89,9325,bs,MLB,핸디캡,2,H -2.5,샌디파드 0.5,1 콜로로키,07.30(목) 05:10,"2.92,1.26",핸디패
2026-08-06T00:07:04+00:00,2026,89,9326,bs,MLB,언더오버,2,U 8.5,샌디파드,콜로로키,07.30(목) 05:10,"1.66,1.87",언더
2026-08-06T00:07:04+00:00,2026,89,9327,bs,MLB,홀짝,2,,샌디파드,콜로로키,07.30(목) 05:10,"1.55,2.04",짝
2026-08-06T00:07:04+00:00,2026,89,9328,bs,MLB,승패,2,,탬파레이 3,0 텍사레인,07.30(목) 07:40,"1.54,2.05",홈승
2026-08-06T00:07:04+00:00,2026,89,9329,bs,MLB,승①패,3,승①패,탬파레이 3,0 텍사레인,07.30(목) 07:40,"2.15,3.25,2.65",홈승
2026-08-06T00:07:04+00:00,2026,89,9330,bs,MLB,핸디캡,2,H -2.5,탬파레이 0.5,0 텍사레인,07.30(목) 07:40,"2.92,1.26",핸디승
2026-08-06T00:07:04+00:00,2026,89,9331,bs,MLB,언더오버,2,U 7.5,탬파레이,텍사레인,07.30(목) 07:40,"1.79,1.73",언더
2026-08-06T00:07:04+00:00,2026,89,9332,bs,MLB,홀짝,2,,탬파레이,텍사레인,07.30(목) 07:40,"1.55,2.04",홀
2026-08-06T00:07:04+00:00,2026,89,9333,bs,MLB,승패,2,,신시레즈 1,6 클리가디,07.30(목) 08:10,"1.97,1.59",홈패
2026-08-06T00:07:04+00:00,2026,89,9334,bs,MLB,승①패,3,승①패,신시레즈 1,6 클리가디,07.30(목) 08:10,"2.95,3.35,1.95",홈패
2026-08-06T00:07:04+00:00,2026,89,9335,bs,MLB,핸디캡,2,H +2.5,신시레즈 3.5,6 클리가디,07.30(목) 08:10,"1.34,2.56",핸디패
2026-08-06T00:07:04+00:00,2026,89,9336,bs,MLB,언더오버,2,U 8.5,신시레즈,클리가디,07.30(목) 08:10,"1.94,1.61",언더
2026-08-06T00:07:04+00:00,2026,89,9337,bs,MLB,홀짝,2,,신시레즈,클리가디,07.30(목) 08:10,"1.56,2.02",홀
2026-08-06T00:07:04+00:00,2026,89,9338,bs,MLB,승패,2,,미네트윈 0,4 캔자로얄,07.30(목) 08:40,"1.43,2.29",홈패
2026-08-06T00:07:04+00:00,2026,89,9339,bs,MLB,승①패,3,승①패,미네트윈 0,4 캔자로얄,07.30(목) 08:40,"1.92,3.40,3.00",홈패
2026-08-06T00:07:04+00:00,2026,89,9340,bs,MLB,핸디캡,2,H -2.5,미네트윈 -2.5,4 캔자로얄,07.30(목) 08:40,"2.53,1.35",핸디패
2026-08-06T00:07:04+00:00,2026,89,9341,bs,MLB,언더오버,2,U 8.5,미네트윈,캔자로얄,07.30(목) 08:40,"1.77,1.75",언더
2026-08-06T00:07:04+00:00,2026,89,9342,bs,MLB,홀짝,2,,미네트윈,캔자로얄,07.30(목) 08:40,"1.56,2.02",짝
2026-08-06T00:07:04+00:00,2026,89,9343,bs,MLB,승패,2,,시카화이 6,5 뉴욕양키,07.30(목) 08:40,"2.13,1.50",홈승
2026-08-06T00:07:04+00:00,2026,89,9344,bs,MLB,승①패,3,승①패,시카화이 6,5 뉴욕양키,07.30(목) 08:40,"3.30,3.30,1.84",①
2026-08-06T00:07:04+00:00,2026,89,9345,bs,MLB,핸디캡,2,H +2.5,시카화이 8.5,5 뉴욕양키,07.30(목) 08:40,"1.38,2.43",핸디승
2026-08-06T00:07:04+00:00,2026,89,9346,bs,MLB,언더오버,2,U 7.5,시카화이,뉴욕양키,07.30(목) 08:40,"1.78,1.74",오버
2026-08-06T00:07:04+00:00,2026,89,9347,bs,MLB,홀짝,2,,시카화이,뉴욕양키,07.30(목) 08:40,"1.55,2.04",홀
2026-08-06T00:07:04+00:00,2026,89,9348,bs,MLB,승패,2,,세인카디 3,2 시카컵스,07.30(목) 08:45,"1.80,1.72",홈승
2026-08-06T00:07:04+00:00,2026,89,9349,bs,MLB,승①패,3,승①패,세인카디 3,2 시카컵스,07.30(목) 08:45,"2.65,3.25,2.15",①
2026-08-06T00:07:04+00:00,2026,89,9350,bs,MLB,핸디캡,2,H +2.5,세인카디 5.5,2 시카컵스,07.30(목) 08:45,"1.27,2.87",핸디승
2026-08-06T00:07:04+00:00,2026,89,9351,bs,MLB,언더오버,2,U 8.5,세인카디,시카컵스,07.30(목) 08:45,"1.67,1.86",언더
2026-08-06T00:07:04+00:00,2026,89,9352,bs,MLB,홀짝,2,,세인카디,시카컵스,07.30(목) 08:45,"1.55,2.04",홀
2026-08-06T00:07:04+00:00,2026,89,9353,bs,MLB,승패,2,,LA에인절 4,7 휴스애스,07.30(목) 10:38,"1.89,1.65",홈패
2026-08-06T00:07:04+00:00,2026,89,9354,bs,MLB,승①패,3,승①패,LA에인절 4,7 휴스애스,07.30(목) 10:38,"2.65,3.35,2.11",홈패
2026-08-06T00:07:04+00:00,2026,89,9355,bs,MLB,핸디캡,2,H +2.5,LA에인절 6.5,7 휴스애스,07.30(목) 10:38,"1.29,2.77",핸디패
2026-08-06T00:07:04+00:00,2026,89,9356,bs,MLB,언더오버,2,U 9.5,LA에인절,휴스애스,07.30(목) 10:38,"1.78,1.74",오버
2026-08-06T00:07:04+00:00,2026,89,9357,bs,MLB,홀짝,2,,LA에인절,휴스애스,07.30(목) 10:38,"1.56,2.02",홀
2026-08-06T00:07:04+00:00,2026,89,9358,bs,MLB,승패,2,,애슬레틱 2,4 보스레드,07.30(목) 10:40,"2.13,1.50",홈패
2026-08-06T00:07:04+00:00,2026,89,9359,bs,MLB,승①패,3,승①패,애슬레틱 2,4 보스레드,07.30(목) 10:40,"3.25,3.50,1.80",홈패
2026-08-06T00:07:04+00:00,2026,89,9360,bs,MLB,핸디캡,2,H +2.5,애슬레틱 4.5,4 보스레드,07.30(목) 10:40,"1.42,2.31",핸디승
2026-08-06T00:07:04+00:00,2026,89,9361,bs,MLB,언더오버,2,U 10.5,애슬레틱,보스레드,07.30(목) 10:40,"1.75,1.77",언더
2026-08-06T00:07:04+00:00,2026,89,9362,bs,MLB,홀짝,2,,애슬레틱,보스레드,07.30(목) 10:40,"1.56,2.02",짝
2026-08-06T00:07:04+00:00,2026,89,9363,bs,MLB,승패,2,,LA다저스 4,2 시애매리,07.30(목) 11:10,"1.44,2.26",홈승
2026-08-06T00:07:04+00:00,2026,89,9364,bs,MLB,승①패,3,승①패,LA다저스 4,2 시애매리,07.30(목) 11:10,"1.91,3.50,2.95",홈승
2026-08-06T00:07:04+00:00,2026,89,9365,bs,MLB,핸디캡,2,H -2.5,LA다저스 1.5,2 시애매리,07.30(목) 11:10,"2.40,1.39",핸디패
2026-08-06T00:07:04+00:00,2026,89,9366,bs,MLB,언더오버,2,U 9.5,LA다저스,시애매리,07.30(목) 11:10,"1.76,1.76",언더
2026-08-06T00:07:04+00:00,2026,89,9367,bs,MLB,홀짝,2,,LA다저스,시애매리,07.30(목) 11:10,"1.56,2.02",짝
2026-08-06T00:07:04+00:00,2026,89,9368,bs,MLB,전반승무패,3,h(전반),LA다저스 3,0 시애매리,07.30(목) 11:10,"1.91,5.80,2.20",홈승
2026-08-06T00:07:04+00:00,2026,89,9369,bs,MLB,전반핸디캡,2,h H -1.5,LA다저스 1.5,0 시애매리,07.30(목) 11:10,"2.37,1.40",핸디승
2026-08-06T00:07:04+00:00,2026,89,9370,bs,MLB,전반언더오버,2,h U 5.5,LA다저스,시애매리,07.30(목) 11:10,"1.63,1.91",언더
2026-08-06T00:07:04+00:00,2026,89,9371,vl,남배네이,승패,2,,이탈리M 0,3 미국M,07.30(목) 16:00,"1.52,2.09",홈패
2026-08-06T00:07:04+00:00,2026,89,9372,vl,남배네이,핸디캡,2,H -1.5,이탈리M -1.5,3 미국M,07.30(목) 16:00,"2.11,1.51",핸디패
2026-08-06T00:07:04+00:00,2026,89,9373,vl,남배네이,언더오버,2,U 185.5,이탈리M,미국M,07.30(목) 16:00,"1.87,1.66",언더
2026-08-06T00:07:04+00:00,2026,89,9374,vl,남배네이,홀짝,2,,이탈리M,미국M,07.30(목) 16:00,"1.76,1.76",홀
2026-08-06T00:07:04+00:00,2026,89,9375,bs,KBO,승패,2,,LG 5,3 키움,07.30(목) 18:30,"1.50,2.13",홈승
2026-08-06T00:07:04+00:00,2026,89,9376,bs,KBO,승①패,3,승①패,LG 5,3 키움,07.30(목) 18:30,"1.97,3.45,2.85",홈승
2026-08-06T00:07:04+00:00,2026,89,9377,bs,KBO,핸디캡,2,H -2.5,LG 2.5,3 키움,07.30(목) 18:30,"2.46,1.37",핸디패
2026-08-06T00:07:04+00:00,2026,89,9378,bs,KBO,언더오버,2,U 9.5,LG,키움,07.30(목) 18:30,"1.63,1.91",언더
2026-08-06T00:07:04+00:00,2026,89,9379,bs,KBO,홀짝,2,,LG,키움,07.30(목) 18:30,"1.58,1.99",짝
2026-08-06T00:07:04+00:00,2026,89,9380,bs,KBO,전반승무패,3,h(전반),LG 1,3 키움,07.30(목) 18:30,"1.82,6.10,2.30",홈패
2026-08-06T00:07:04+00:00,2026,89,9381,bs,KBO,전반핸디캡,2,h H -1.5,LG -0.5,3 키움,07.30(목) 18:30,"2.34,1.41",핸디패
2026-08-06T00:07:04+00:00,2026,89,9382,bs,KBO,전반언더오버,2,h U 5.5,LG,키움,07.30(목) 18:30,"1.54,2.05",언더
2026-08-06T00:07:04+00:00,2026,89,9383,bs,KBO,승패,2,,삼성 3,12 KIA,07.30(목) 18:30,"1.53,2.07",홈패
2026-08-06T00:07:04+00:00,2026,89,9384,bs,KBO,승①패,3,승①패,삼성 3,12 KIA,07.30(목) 18:30,"2.02,3.80,2.55",홈패
2026-08-06T00:07:04+00:00,2026,89,9385,bs,KBO,핸디캡,2,H -2.5,삼성 0.5,12 KIA,07.30(목) 18:30,"2.64,1.32",핸디패
2026-08-06T00:07:04+00:00,2026,89,9386,bs,KBO,언더오버,2,U 10.5,삼성,KIA,07.30(목) 18:30,"1.77,1.75",오버
2026-08-06T00:07:04+00:00,2026,89,9387,bs,KBO,홀짝,2,,삼성,KIA,07.30(목) 18:30,"1.57,2.00",홀
2026-08-06T00:07:04+00:00,2026,89,9388,bs,KBO,전반승무패,3,h(전반),삼성 2,6 KIA,07.30(목) 18:30,"1.80,5.90,2.35",홈패
2026-08-06T00:07:04+00:00,2026,89,9389,bs,KBO,전반핸디캡,2,h H -1.5,삼성 0.5,6 KIA,07.30(목) 18:30,"2.34,1.41",핸디패
2026-08-06T00:07:04+00:00,2026,89,9390,bs,KBO,전반언더오버,2,h U 6.5,삼성,KIA,07.30(목) 18:30,"1.57,2.00",오버
2026-08-06T00:07:04+00:00,2026,89,9391,bs,KBO,승패,2,,SSG 3,5 두산,07.30(목) 18:30,"1.91,1.63",홈패
2026-08-06T00:07:04+00:00,2026,89,9392,bs,KBO,승①패,3,승①패,SSG 3,5 두산,07.30(목) 18:30,"2.65,3.55,2.04",홈패
2026-08-06T00:07:04+00:00,2026,89,9393,bs,KBO,핸디캡,2,H +2.5,SSG 5.5,5 두산,07.30(목) 18:30,"1.31,2.68",핸디승
2026-08-06T00:07:04+00:00,2026,89,9394,bs,KBO,언더오버,2,U 9.5,SSG,두산,07.30(목) 18:30,"1.82,1.70",언더
2026-08-06T00:07:04+00:00,2026,89,9395,bs,KBO,홀짝,2,,SSG,두산,07.30(목) 18:30,"1.58,1.99",짝
2026-08-06T00:07:04+00:00,2026,89,9396,bs,KBO,전반승무패,3,h(전반),SSG 3,2 두산,07.30(목) 18:30,"2.15,6.10,1.92",홈승
2026-08-06T00:07:04+00:00,2026,89,9397,bs,KBO,전반핸디캡,2,h H +1.5,SSG 4.5,2 두산,07.30(목) 18:30,"1.35,2.53",핸디승
2026-08-06T00:07:04+00:00,2026,89,9398,bs,KBO,전반언더오버,2,h U 5.5,SSG,두산,07.30(목) 18:30,"1.78,1.74",언더
2026-08-06T00:07:04+00:00,2026,89,9399,bs,KBO,승패,2,,NC 2,10 KT,07.30(목) 18:30,"1.71,1.81",홈패
2026-08-06T00:07:04+00:00,2026,89,9400,bs,KBO,승①패,3,승①패,NC 2,10 KT,07.30(목) 18:30,"2.35,3.50,2.28",홈패
2026-08-06T00:07:04+00:00,2026,89,9401,bs,KBO,핸디캡,2,H -2.5,NC -0.5,10 KT,07.30(목) 18:30,"2.72,1.30",핸디패
2026-08-06T00:07:04+00:00,2026,89,9402,bs,KBO,언더오버,2,U 9.5,NC,KT,07.30(목) 18:30,"1.65,1.89",오버
2026-08-06T00:07:04+00:00,2026,89,9403,bs,KBO,홀짝,2,,NC,KT,07.30(목) 18:30,"1.58,1.99",짝
2026-08-06T00:07:04+00:00,2026,89,9404,bs,KBO,전반승무패,3,h(전반),NC 1,6 KT,07.30(목) 18:30,"1.96,6.10,2.10",홈패
2026-08-06T00:07:04+00:00,2026,89,9405,bs,KBO,전반핸디캡,2,h H -1.5,NC -0.5,6 KT,07.30(목) 18:30,"2.53,1.35",핸디패
2026-08-06T00:07:04+00:00,2026,89,9406,bs,KBO,전반언더오버,2,h U 5.5,NC,KT,07.30(목) 18:30,"1.69,1.84",오버
2026-08-06T00:07:04+00:00,2026,89,9407,bs,KBO,승패,2,,한화 3,2 롯데,07.30(목) 18:30,"1.70,1.82",홈승
2026-08-06T00:07:04+00:00,2026,89,9408,bs,KBO,승①패,3,승①패,한화 3,2 롯데,07.30(목) 18:30,"2.22,3.55,2.40",①
2026-08-06T00:07:04+00:00,2026,89,9409,bs,KBO,핸디캡,2,H -2.5,한화 0.5,2 롯데,07.30(목) 18:30,"3.03,1.24",핸디패
2026-08-06T00:07:04+00:00,2026,89,9410,bs,KBO,언더오버,2,U 9.5,한화,롯데,07.30(목) 18:30,"1.87,1.66",언더
2026-08-06T00:07:04+00:00,2026,89,9411,bs,KBO,홀짝,2,,한화,롯데,07.30(목) 18:30,"1.58,1.99",홀
2026-08-06T00:07:04+00:00,2026,89,9412,bs,KBO,전반승무패,3,h(전반),한화 1,2 롯데,07.30(목) 18:30,"1.96,6.10,2.10",홈패
2026-08-06T00:07:04+00:00,2026,89,9413,bs,KBO,전반핸디캡,2,h H -1.5,한화 -0.5,2 롯데,07.30(목) 18:30,"2.60,1.33",핸디패
2026-08-06T00:07:04+00:00,2026,89,9414,bs,KBO,전반언더오버,2,h U 5.5,한화,롯데,07.30(목) 18:30,"1.75,1.77",언더
2026-08-06T00:07:04+00:00,2026,89,9415,vl,남배네이,승패,2,,폴란드M 3,1 우크라M,07.30(목) 20:30,"1.09,4.57",홈승
2026-08-06T00:07:04+00:00,2026,89,9416,vl,남배네이,핸디캡,2,H -2.5,폴란드M 0.5,1 우크라M,07.30(목) 20:30,"2.17,1.48",핸디패
2026-08-06T00:07:04+00:00,2026,89,9417,vl,남배네이,언더오버,2,U 177.5,폴란드M,우크라M,07.30(목) 20:30,"1.87,1.66",오버
2026-08-06T00:07:04+00:00,2026,89,9418,vl,남배네이,홀짝,2,,폴란드M,우크라M,07.30(목) 20:30,"1.76,1.76",홀
2026-08-06T00:07:04+00:00,2026,89,9419,bs,MLB,승패,2,,탬파레이 3,2 텍사레인,07.31(금) 01:10,"1.53,2.07",홈승
2026-08-06T00:07:04+00:00,2026,89,9420,bs,MLB,승①패,3,승①패,탬파레이 3,2 텍사레인,07.31(금) 01:10,"2.06,3.40,2.70",①
2026-08-06T00:07:04+00:00,2026,89,9421,bs,MLB,핸디캡,2,H -2.5,탬파레이 0.5,2 텍사레인,07.31(금) 01:10,"2.82,1.28",핸디패
2026-08-06T00:07:04+00:00,2026,89,9422,bs,MLB,언더오버,2,U 7.5,탬파레이,텍사레인,07.31(금) 01:10,"1.71,1.81",언더
2026-08-06T00:07:04+00:00,2026,89,9423,bs,MLB,홀짝,2,,탬파레이,텍사레인,07.31(금) 01:10,"1.55,2.04",홀
2026-08-06T00:07:04+00:00,2026,89,9424,bs,MLB,승패,2,,미네트윈 4,3 캔자로얄,07.31(금) 02:40,"1.55,2.04",홈승
2026-08-06T00:07:04+00:00,2026,89,9425,bs,MLB,승①패,3,승①패,미네트윈 4,3 캔자로얄,07.31(금) 02:40,"2.12,3.40,2.60",①
2026-08-06T00:07:04+00:00,2026,89,9426,bs,MLB,핸디캡,2,H -2.5,미네트윈 1.5,3 캔자로얄,07.31(금) 02:40,"2.87,1.27",핸디패
2026-08-06T00:07:04+00:00,2026,89,9427,bs,MLB,언더오버,2,U 9.5,미네트윈,캔자로얄,07.31(금) 02:40,"1.72,1.80",언더
2026-08-06T00:07:04+00:00,2026,89,9428,bs,MLB,홀짝,2,,미네트윈,캔자로얄,07.31(금) 02:40,"1.56,2.02",홀
2026-08-06T00:07:04+00:00,2026,89,9429,bs,MLB,승패,2,,시카화이 2,1 뉴욕양키,07.31(금) 03:10,"1.73,1.79",홈승
2026-08-06T00:07:04+00:00,2026,89,9430,bs,MLB,승①패,3,승①패,시카화이 2,1 뉴욕양키,07.31(금) 03:10,"2.50,3.25,2.26",①
2026-08-06T00:07:04+00:00,2026,89,9431,bs,MLB,핸디캡,2,H -2.5,시카화이 -0.5,1 뉴욕양키,07.31(금) 03:10,"3.46,1.18",핸디패
2026-08-06T00:07:04+00:00,2026,89,9432,bs,MLB,언더오버,2,U 7.5,시카화이,뉴욕양키,07.31(금) 03:10,"1.87,1.66",언더
2026-08-06T00:07:04+00:00,2026,89,9433,bs,MLB,홀짝,2,,시카화이,뉴욕양키,07.31(금) 03:10,"1.55,2.04",홀
2026-08-06T00:07:04+00:00,2026,89,9434,bs,MLB,승패,2,,세인카디 2,4 시카컵스,07.31(금) 03:15,"1.66,1.87",홈패
2026-08-06T00:07:04+00:00,2026,89,9435,bs,MLB,승①패,3,승①패,세인카디 2,4 시카컵스,07.31(금) 03:15,"2.35,3.25,2.40",홈패
2026-08-06T00:07:04+00:00,2026,89,9436,bs,MLB,핸디캡,2,H -2.5,세인카디 -0.5,4 시카컵스,07.31(금) 03:15,"3.23,1.21",핸디패
2026-08-06T00:07:04+00:00,2026,89,9437,bs,MLB,언더오버,2,U 8.5,세인카디,시카컵스,07.31(금) 03:15,"1.74,1.78",언더
2026-08-06T00:07:04+00:00,2026,89,9438,bs,MLB,홀짝,2,,세인카디,시카컵스,07.31(금) 03:15,"1.55,2.04",짝
2026-08-06T00:07:04+00:00,2026,89,9439,bs,MLB,승패,2,,뉴욕메츠 4,2 마이말린,07.31(금) 08:10,"1.59,1.97",홈승
2026-08-06T00:07:04+00:00,2026,89,9440,bs,MLB,승①패,3,승①패,뉴욕메츠 4,2 마이말린,07.31(금) 08:10,"2.27,3.15,2.55",홈승
2026-08-06T00:07:04+00:00,2026,89,9441,bs,MLB,핸디캡,2,H -2.5,뉴욕메츠 1.5,2 마이말린,07.31(금) 08:10,"3.16,1.22",핸디패
2026-08-06T00:07:04+00:00,2026,89,9442,bs,MLB,언더오버,2,U 7.5,뉴욕메츠,마이말린,07.31(금) 08:10,"1.60,1.96",언더
2026-08-06T00:07:04+00:00,2026,89,9443,bs,MLB,홀짝,2,,뉴욕메츠,마이말린,07.31(금) 08:10,"1.54,2.05",짝
2026-08-06T00:07:04+00:00,2026,89,9444,bs,MLB,승패,2,,신시레즈 3,2 피츠파이,07.31(금) 08:10,"1.80,1.72",홈승
2026-08-06T00:07:04+00:00,2026,89,9445,bs,MLB,승①패,3,승①패,신시레즈 3,2 피츠파이,07.31(금) 08:10,"2.60,3.35,2.14",①
2026-08-06T00:07:04+00:00,2026,89,9446,bs,MLB,핸디캡,2,H +2.5,신시레즈 5.5,2 피츠파이,07.31(금) 08:10,"1.28,2.82",핸디승
2026-08-06T00:07:04+00:00,2026,89,9447,bs,MLB,언더오버,2,U 9.5,신시레즈,피츠파이,07.31(금) 08:10,"1.72,1.80",언더
2026-08-06T00:07:04+00:00,2026,89,9448,bs,MLB,홀짝,2,,신시레즈,피츠파이,07.31(금) 08:10,"1.56,2.02",홀
2026-08-06T00:07:04+00:00,2026,89,9449,bs,MLB,승패,2,,애틀브레 5,4 워싱내셔,07.31(금) 08:15,"1.52,2.09",홈승
2026-08-06T00:07:04+00:00,2026,89,9450,bs,MLB,승①패,3,승①패,애틀브레 5,4 워싱내셔,07.31(금) 08:15,"2.06,3.40,2.70",①
2026-08-06T00:07:04+00:00,2026,89,9451,bs,MLB,핸디캡,2,H -2.5,애틀브레 2.5,4 워싱내셔,07.31(금) 08:15,"2.77,1.29",핸디패
2026-08-06T00:07:04+00:00,2026,89,9452,bs,MLB,언더오버,2,U 9.5,애틀브레,워싱내셔,07.31(금) 08:15,"1.72,1.80",언더
2026-08-06T00:07:04+00:00,2026,89,9453,bs,MLB,홀짝,2,,애틀브레,워싱내셔,07.31(금) 08:15,"1.56,2.02",홀
2026-08-06T00:07:04+00:00,2026,89,9454,sc,축클럽친,승무패,3,,리즈U 1,0 선덜랜드,07.31(금) 08:30,"2.15,3.25,2.65",홈승
2026-08-06T00:07:04+00:00,2026,89,9455,sc,축클럽친,핸디캡,3,H -1.0,리즈U 0,0 선덜랜드,07.31(금) 08:30,"4.30,3.75,1.54",핸디무
2026-08-06T00:07:04+00:00,2026,89,9456,sc,축클럽친,언더오버,2,U 2.5,리즈U,선덜랜드,07.31(금) 08:30,"1.96,1.60",언더
2026-08-06T00:07:04+00:00,2026,89,9457,sc,축클럽친,홀짝,2,,리즈U,선덜랜드,07.31(금) 08:30,"1.77,1.75",홀
2026-08-06T00:07:04+00:00,2026,89,9458,bs,MLB,승패,2,,샌디파드 1,4 샌프자이,07.31(금) 10:40,"1.61,1.94",홈패
2026-08-06T00:07:04+00:00,2026,89,9459,bs,MLB,승①패,3,승①패,샌디파드 1,4 샌프자이,07.31(금) 10:40,"2.24,3.30,2.50",홈패
2026-08-06T00:07:04+00:00,2026,89,9460,bs,MLB,핸디캡,2,H -2.5,샌디파드 -1.5,4 샌프자이,07.31(금) 10:40,"3.09,1.23",핸디패
2026-08-06T00:07:04+00:00,2026,89,9461,bs,MLB,언더오버,2,U 8.5,샌디파드,샌프자이,07.31(금) 10:40,"1.74,1.78",언더
2026-08-06T00:07:04+00:00,2026,89,9462,bs,MLB,홀짝,2,,샌디파드,샌프자이,07.31(금) 10:40,"1.55,2.04",홀
2026-08-06T00:07:04+00:00,2026,89,9463,bs,MLB,승패,2,,애슬레틱 4,5 보스레드,07.31(금) 10:40,"2.19,1.47",홈패
2026-08-06T00:07:04+00:00,2026,89,9464,bs,MLB,승①패,3,승①패,애슬레틱 4,5 보스레드,07.31(금) 10:40,"3.40,3.65,1.72",①
2026-08-06T00:07:04+00:00,2026,89,9465,bs,MLB,핸디캡,2,H +2.5,애슬레틱 6.5,5 보스레드,07.31(금) 10:40,"1.45,2.24",핸디승
2026-08-06T00:07:04+00:00,2026,89,9466,bs,MLB,언더오버,2,U 10.5,애슬레틱,보스레드,07.31(금) 10:40,"1.73,1.79",언더
2026-08-06T00:07:04+00:00,2026,89,9467,bs,MLB,홀짝,2,,애슬레틱,보스레드,07.31(금) 10:40,"1.56,2.02",홀
2026-08-06T00:07:04+00:00,2026,89,9468,bs,MLB,승패,2,,LA다저스 6,2 시애매리,07.31(금) 11:10,"1.51,2.11",홈승
2026-08-06T00:07:04+00:00,2026,89,9469,bs,MLB,승①패,3,승①패,LA다저스 6,2 시애매리,07.31(금) 11:10,"1.99,3.45,2.80",홈승
2026-08-06T00:07:04+00:00,2026,89,9470,bs,MLB,핸디캡,2,H -2.5,LA다저스 3.5,2 시애매리,07.31(금) 11:10,"2.77,1.29",핸디승
2026-08-06T00:07:04+00:00,2026,89,9471,bs,MLB,언더오버,2,U 8.5,LA다저스,시애매리,07.31(금) 11:10,"1.74,1.78",언더
2026-08-06T00:07:04+00:00,2026,89,9472,bs,MLB,홀짝,2,,LA다저스,시애매리,07.31(금) 11:10,"1.55,2.04",짝
2026-08-06T00:07:04+00:00,2026,89,9473,bs,MLB,전반승무패,3,h(전반),LA다저스 5,0 시애매리,07.31(금) 11:10,"1.74,6.00,2.45",홈승
2026-08-06T00:07:04+00:00,2026,89,9474,bs,MLB,전반핸디캡,2,h H -1.5,LA다저스 3.5,0 시애매리,07.31(금) 11:10,"2.46,1.37",핸디승
2026-08-06T00:07:04+00:00,2026,89,9475,bs,MLB,전반언더오버,2,h U 4.5,LA다저스,시애매리,07.31(금) 11:10,"1.85,1.68",오버
2026-08-06T00:07:04+00:00,2026,89,9496,bs,NPB,승패,2,,라쿠텐 0,0 소프트뱅,07.31(금) 18:00,"1.00,1.00",취소
2026-08-06T00:07:04+00:00,2026,89,9497,bs,NPB,승①패,2,승①패,라쿠텐 0,0 소프트뱅,07.31(금) 18:00,"1.00,1.00",취소
2026-08-06T00:07:04+00:00,2026,89,9498,bs,NPB,핸디캡,2,H 0.0,라쿠텐 0,0 소프트뱅,07.31(금) 18:00,"1.00,1.00",취소
2026-08-06T00:07:04+00:00,2026,89,9499,bs,NPB,언더오버,2,U 0.0,라쿠텐,소프트뱅,07.31(금) 18:00,"1.00,1.00",취소
2026-08-06T00:07:04+00:00,2026,89,9500,bs,NPB,홀짝,2,,라쿠텐,소프트뱅,07.31(금) 18:00,"1.00,1.00",취소
2026-08-06T00:07:04+00:00,2026,89,9546,sc,축ASEA챔,승무패,3,,베트남 0,0 싱가포르,07.31(금) 22:00,"1.10,6.00,13.50",무승부
2026-08-06T00:07:04+00:00,2026,89,9547,sc,축ASEA챔,핸디캡,3,H -1.0,베트남 -1,0 싱가포르,07.31(금) 22:00,"1.40,3.95,5.50",핸디패
2026-08-06T00:07:04+00:00,2026,89,9548,sc,축ASEA챔,핸디캡,3,H -2.0,베트남 -2,0 싱가포르,07.31(금) 22:00,"2.07,3.45,2.65",핸디패
2026-08-06T00:07:04+00:00,2026,89,9549,sc,축ASEA챔,핸디캡,2,H -3.5,베트남 -3.5,0 싱가포르,07.31(금) 22:00,"3.23,1.21",핸디패
2026-08-06T00:07:04+00:00,2026,89,9550,sc,축ASEA챔,언더오버,2,U 3.5,베트남,싱가포르,07.31(금) 22:00,"1.62,1.93",언더
2026-08-06T00:07:04+00:00,2026,89,9551,sc,축ASEA챔,홀짝,2,,베트남,싱가포르,07.31(금) 22:00,"1.76,1.76",짝
2026-08-06T00:07:04+00:00,2026,90,9444,bs,MLB,승패,2,,신시레즈 3,2 피츠파이,07.31(금) 08:10,"1.80,1.72",홈승
2026-08-06T00:07:04+00:00,2026,90,9445,bs,MLB,승①패,3,승①패,신시레즈 3,2 피츠파이,07.31(금) 08:10,"2.60,3.35,2.14",①
2026-08-06T00:07:04+00:00,2026,90,9446,bs,MLB,핸디캡,2,H +2.5,신시레즈 5.5,2 피츠파이,07.31(금) 08:10,"1.28,2.82",핸디승
2026-08-06T00:07:04+00:00,2026,90,9447,bs,MLB,언더오버,2,U 9.5,신시레즈,피츠파이,07.31(금) 08:10,"1.72,1.80",언더
2026-08-06T00:07:04+00:00,2026,90,9448,bs,MLB,홀짝,2,,신시레즈,피츠파이,07.31(금) 08:10,"1.56,2.02",홀
2026-08-06T00:07:04+00:00,2026,90,9449,bs,MLB,승패,2,,애틀브레 5,4 워싱내셔,07.31(금) 08:15,"1.52,2.09",홈승
2026-08-06T00:07:04+00:00,2026,90,9450,bs,MLB,승①패,3,승①패,애틀브레 5,4 워싱내셔,07.31(금) 08:15,"2.06,3.40,2.70",①
2026-08-06T00:07:04+00:00,2026,90,9451,bs,MLB,핸디캡,2,H -2.5,애틀브레 2.5,4 워싱내셔,07.31(금) 08:15,"2.77,1.29",핸디패
2026-08-06T00:07:04+00:00,2026,90,9452,bs,MLB,언더오버,2,U 9.5,애틀브레,워싱내셔,07.31(금) 08:15,"1.72,1.80",언더
2026-08-06T00:07:04+00:00,2026,90,9453,bs,MLB,홀짝,2,,애틀브레,워싱내셔,07.31(금) 08:15,"1.56,2.02",홀
2026-08-06T00:07:04+00:00,2026,90,9454,sc,축클럽친,승무패,3,,리즈U 1,0 선덜랜드,07.31(금) 08:30,"2.15,3.25,2.65",홈승
2026-08-06T00:07:04+00:00,2026,90,9455,sc,축클럽친,핸디캡,3,H -1.0,리즈U 0,0 선덜랜드,07.31(금) 08:30,"4.30,3.75,1.54",핸디무
2026-08-06T00:07:04+00:00,2026,90,9456,sc,축클럽친,언더오버,2,U 2.5,리즈U,선덜랜드,07.31(금) 08:30,"1.96,1.60",언더
2026-08-06T00:07:04+00:00,2026,90,9457,sc,축클럽친,홀짝,2,,리즈U,선덜랜드,07.31(금) 08:30,"1.77,1.75",홀
2026-08-06T00:07:04+00:00,2026,90,9458,bs,MLB,승패,2,,샌디파드 1,4 샌프자이,07.31(금) 10:40,"1.55,2.04",홈패
2026-08-06T00:07:04+00:00,2026,90,9459,bs,MLB,승①패,3,승①패,샌디파드 1,4 샌프자이,07.31(금) 10:40,"2.24,3.30,2.50",홈패
2026-08-06T00:07:04+00:00,2026,90,9460,bs,MLB,핸디캡,2,H -2.5,샌디파드 -1.5,4 샌프자이,07.31(금) 10:40,"3.09,1.23",핸디패
2026-08-06T00:07:04+00:00,2026,90,9461,bs,MLB,언더오버,2,U 8.5,샌디파드,샌프자이,07.31(금) 10:40,"1.74,1.78",언더
2026-08-06T00:07:04+00:00,2026,90,9462,bs,MLB,홀짝,2,,샌디파드,샌프자이,07.31(금) 10:40,"1.55,2.04",홀
2026-08-06T00:07:04+00:00,2026,90,9463,bs,MLB,승패,2,,애슬레틱 4,5 보스레드,07.31(금) 10:40,"2.29,1.43",홈패
2026-08-06T00:07:04+00:00,2026,90,9464,bs,MLB,승①패,3,승①패,애슬레틱 4,5 보스레드,07.31(금) 10:40,"3.45,3.85,1.67",①
2026-08-06T00:07:04+00:00,2026,90,9465,bs,MLB,핸디캡,2,H +2.5,애슬레틱 6.5,5 보스레드,07.31(금) 10:40,"1.49,2.15",핸디승
2026-08-06T00:07:04+00:00,2026,90,9466,bs,MLB,언더오버,2,U 10.5,애슬레틱,보스레드,07.31(금) 10:40,"1.73,1.79",언더
2026-08-06T00:07:04+00:00,2026,90,9467,bs,MLB,홀짝,2,,애슬레틱,보스레드,07.31(금) 10:40,"1.56,2.02",홀
2026-08-06T00:07:04+00:00,2026,90,9468,bs,MLB,승패,2,,LA다저스 6,2 시애매리,07.31(금) 11:10,"1.47,2.19",홈승
2026-08-06T00:07:04+00:00,2026,90,9469,bs,MLB,승①패,3,승①패,LA다저스 6,2 시애매리,07.31(금) 11:10,"1.99,3.45,2.80",홈승
2026-08-06T00:07:04+00:00,2026,90,9470,bs,MLB,핸디캡,2,H -2.5,LA다저스 3.5,2 시애매리,07.31(금) 11:10,"2.60,1.33",핸디승
2026-08-06T00:07:04+00:00,2026,90,9471,bs,MLB,언더오버,2,U 8.5,LA다저스,시애매리,07.31(금) 11:10,"1.79,1.73",언더
2026-08-06T00:07:04+00:00,2026,90,9472,bs,MLB,홀짝,2,,LA다저스,시애매리,07.31(금) 11:10,"1.55,2.04",짝
2026-08-06T00:07:04+00:00,2026,90,9473,bs,MLB,전반승무패,3,h(전반),LA다저스 5,0 시애매리,07.31(금) 11:10,"1.74,5.50,2.55",홈승
2026-08-06T00:07:04+00:00,2026,90,9474,bs,MLB,전반핸디캡,2,h H -1.5,LA다저스 3.5,0 시애매리,07.31(금) 11:10,"2.46,1.37",핸디승
2026-08-06T00:07:04+00:00,2026,90,9475,bs,MLB,전반언더오버,2,h U 4.5,LA다저스,시애매리,07.31(금) 11:10,"1.85,1.68",오버
2026-08-06T00:07:04+00:00,2026,90,9476,bs,NPB,승패,2,,요미우리 6,0 요코베이,07.31(금) 18:00,"1.77,1.75",홈승
2026-08-06T00:07:04+00:00,2026,90,9477,bs,NPB,승①패,3,승①패,요미우리 6,0 요코베이,07.31(금) 18:00,"2.95,2.50,2.44",홈승
2026-08-06T00:07:04+00:00,2026,90,9478,bs,NPB,핸디캡,2,H +2.5,요미우리 8.5,0 요코베이,07.31(금) 18:00,"1.18,3.46",핸디승
2026-08-06T00:07:04+00:00,2026,90,9479,bs,NPB,언더오버,2,U 5.5,요미우리,요코베이,07.31(금) 18:00,"1.94,1.61",오버
2026-08-06T00:07:04+00:00,2026,90,9480,bs,NPB,홀짝,2,,요미우리,요코베이,07.31(금) 18:00,"1.61,1.94",짝
2026-08-06T00:07:04+00:00,2026,90,9481,bs,NPB,승패,2,,야쿠르트 3,4 한신,07.31(금) 18:00,"2.49,1.36",홈패
2026-08-06T00:07:04+00:00,2026,90,9482,bs,NPB,승①패,3,승①패,야쿠르트 3,4 한신,07.31(금) 18:00,"4.45,3.00,1.69",①
2026-08-06T00:07:04+00:00,2026,90,9483,bs,NPB,핸디캡,2,H +2.5,야쿠르트 5.5,4 한신,07.31(금) 18:00,"1.49,2.15",핸디승
2026-08-06T00:07:04+00:00,2026,90,9484,bs,NPB,언더오버,2,U 8.5,야쿠르트,한신,07.31(금) 18:00,"1.66,1.87",언더
2026-08-06T00:07:04+00:00,2026,90,9485,bs,NPB,홀짝,2,,야쿠르트,한신,07.31(금) 18:00,"1.62,1.93",홀
2026-08-06T00:07:04+00:00,2026,90,9486,bs,NPB,승패,2,,히로카프 3,1 주니치,07.31(금) 18:00,"1.86,1.67",홈승
2026-08-06T00:07:04+00:00,2026,90,9487,bs,NPB,승①패,3,승①패,히로카프 3,1 주니치,07.31(금) 18:00,"3.05,2.65,2.25",홈승
2026-08-06T00:07:04+00:00,2026,90,9488,bs,NPB,핸디캡,2,H +2.5,히로카프 5.5,1 주니치,07.31(금) 18:00,"1.22,3.16",핸디승
2026-08-06T00:07:04+00:00,2026,90,9489,bs,NPB,언더오버,2,U 6.5,히로카프,주니치,07.31(금) 18:00,"1.85,1.68",언더
2026-08-06T00:07:04+00:00,2026,90,9490,bs,NPB,홀짝,2,,히로카프,주니치,07.31(금) 18:00,"1.61,1.94",짝
2026-08-06T00:07:04+00:00,2026,90,9491,bs,NPB,승패,2,,닛폰햄 6,1 지바롯데,07.31(금) 18:00,"1.39,2.40",홈승
2026-08-06T00:07:04+00:00,2026,90,9492,bs,NPB,승①패,3,승①패,닛폰햄 6,1 지바롯데,07.31(금) 18:00,"1.93,3.00,3.35",홈승
2026-08-06T00:07:04+00:00,2026,90,9493,bs,NPB,핸디캡,2,H -2.5,닛폰햄 3.5,1 지바롯데,07.31(금) 18:00,"2.34,1.41",핸디승
2026-08-06T00:07:04+00:00,2026,90,9494,bs,NPB,언더오버,2,U 7.5,닛폰햄,지바롯데,07.31(금) 18:00,"1.84,1.69",언더
2026-08-06T00:07:04+00:00,2026,90,9495,bs,NPB,홀짝,2,,닛폰햄,지바롯데,07.31(금) 18:00,"1.61,1.94",홀
2026-08-06T00:07:04+00:00,2026,90,9496,bs,NPB,승패,2,,라쿠텐 0,0 소프트뱅,07.31(금) 18:00,"1.00,1.00",취소
2026-08-06T00:07:04+00:00,2026,90,9497,bs,NPB,승①패,3,승①패,라쿠텐 0,0 소프트뱅,07.31(금) 18:00,"1.00,1.00,1.00",취소
2026-08-06T00:07:04+00:00,2026,90,9498,bs,NPB,핸디캡,2,H +2.5,라쿠텐 2.5,0 소프트뱅,07.31(금) 18:00,"1.00,1.00",취소
2026-08-06T00:07:04+00:00,2026,90,9499,bs,NPB,언더오버,2,U 7.5,라쿠텐,소프트뱅,07.31(금) 18:00,"1.00,1.00",취소
2026-08-06T00:07:04+00:00,2026,90,9500,bs,NPB,홀짝,2,,라쿠텐,소프트뱅,07.31(금) 18:00,"1.00,1.00",취소
2026-08-06T00:07:04+00:00,2026,90,9501,bs,NPB,승패,2,,세이부 4,5 오릭스,07.31(금) 18:00,"1.43,2.29",홈패
2026-08-06T00:07:04+00:00,2026,90,9502,bs,NPB,승①패,3,승①패,세이부 4,5 오릭스,07.31(금) 18:00,"2.09,2.75,3.25",①
2026-08-06T00:07:04+00:00,2026,90,9503,bs,NPB,핸디캡,2,H -2.5,세이부 1.5,5 오릭스,07.31(금) 18:00,"2.77,1.29",핸디패
2026-08-06T00:07:04+00:00,2026,90,9504,bs,NPB,언더오버,2,U 6.5,세이부,오릭스,07.31(금) 18:00,"1.87,1.66",오버
2026-08-06T00:07:04+00:00,2026,90,9505,bs,NPB,홀짝,2,,세이부,오릭스,07.31(금) 18:00,"1.61,1.94",홀
2026-08-06T00:07:04+00:00,2026,90,9506,bs,KBO,승패,2,,두산 4,2 LG,07.31(금) 18:30,"1.77,1.75",홈승
2026-08-06T00:07:04+00:00,2026,90,9507,bs,KBO,승①패,3,승①패,두산 4,2 LG,07.31(금) 18:30,"2.55,3.20,2.25",홈승
2026-08-06T00:07:04+00:00,2026,90,9508,bs,KBO,핸디캡,2,H +2.5,두산 6.5,2 LG,07.31(금) 18:30,"1.25,2.97",핸디승
2026-08-06T00:07:04+00:00,2026,90,9509,bs,KBO,언더오버,2,U 8.5,두산,LG,07.31(금) 18:30,"1.84,1.69",언더
2026-08-06T00:07:04+00:00,2026,90,9510,bs,KBO,홀짝,2,,두산,LG,07.31(금) 18:30,"1.58,1.99",짝
2026-08-06T00:07:04+00:00,2026,90,9511,bs,KBO,전반승무패,3,h(전반),두산 3,1 LG,07.31(금) 18:30,"2.10,5.40,2.05",홈승
2026-08-06T00:07:04+00:00,2026,90,9512,bs,KBO,전반핸디캡,2,h H +1.5,두산 4.5,1 LG,07.31(금) 18:30,"1.30,2.72",핸디승
2026-08-06T00:07:04+00:00,2026,90,9513,bs,KBO,전반언더오버,2,h U 4.5,두산,LG,07.31(금) 18:30,"1.76,1.76",언더
2026-08-06T00:07:04+00:00,2026,90,9514,bs,KBO,승패,2,,롯데 7,9 삼성,07.31(금) 18:30,"2.43,1.38",홈패
2026-08-06T00:07:04+00:00,2026,90,9515,bs,KBO,승①패,3,승①패,롯데 7,9 삼성,07.31(금) 18:30,"3.75,3.90,1.60",홈패
2026-08-06T00:07:04+00:00,2026,90,9516,bs,KBO,핸디캡,2,H +2.5,롯데 9.5,9 삼성,07.31(금) 18:30,"1.58,1.99",핸디승
2026-08-06T00:07:04+00:00,2026,90,9517,bs,KBO,언더오버,2,U 9.5,롯데,삼성,07.31(금) 18:30,"1.86,1.67",오버
2026-08-06T00:07:04+00:00,2026,90,9518,bs,KBO,홀짝,2,,롯데,삼성,07.31(금) 18:30,"1.59,1.97",짝
2026-08-06T00:07:04+00:00,2026,90,9519,bs,KBO,전반승무패,3,h(전반),롯데 3,1 삼성,07.31(금) 18:30,"2.70,6.20,1.62",홈승
2026-08-06T00:07:04+00:00,2026,90,9520,bs,KBO,전반핸디캡,2,h H +1.5,롯데 4.5,1 삼성,07.31(금) 18:30,"1.55,2.04",핸디승
2026-08-06T00:07:04+00:00,2026,90,9521,bs,KBO,전반언더오버,2,h U 5.5,롯데,삼성,07.31(금) 18:30,"1.77,1.75",언더
2026-08-06T00:07:04+00:00,2026,90,9522,bs,KBO,승패,2,,KT 5,3 한화,07.31(금) 18:30,"1.77,1.75",홈승
2026-08-06T00:07:04+00:00,2026,90,9523,bs,KBO,승①패,3,승①패,KT 5,3 한화,07.31(금) 18:30,"2.45,3.55,2.17",홈승
2026-08-06T00:07:04+00:00,2026,90,9524,bs,KBO,핸디캡,2,H +2.5,KT 7.5,3 한화,07.31(금) 18:30,"1.29,2.77",핸디승
2026-08-06T00:07:04+00:00,2026,90,9525,bs,KBO,언더오버,2,U 9.5,KT,한화,07.31(금) 18:30,"1.70,1.82",언더
2026-08-06T00:07:04+00:00,2026,90,9526,bs,KBO,홀짝,2,,KT,한화,07.31(금) 18:30,"1.58,1.99",짝
2026-08-06T00:07:04+00:00,2026,90,9527,bs,KBO,전반승무패,3,h(전반),KT 2,3 한화,07.31(금) 18:30,"2.15,5.90,1.94",홈패
2026-08-06T00:07:04+00:00,2026,90,9528,bs,KBO,전반핸디캡,2,h H +1.5,KT 3.5,3 한화,07.31(금) 18:30,"1.34,2.56",핸디승
2026-08-06T00:07:04+00:00,2026,90,9529,bs,KBO,전반언더오버,2,h U 5.5,KT,한화,07.31(금) 18:30,"1.63,1.91",언더
2026-08-06T00:07:04+00:00,2026,90,9530,bs,KBO,승패,2,,NC 10,4 KIA,07.31(금) 18:30,"1.97,1.59",홈승
2026-08-06T00:07:04+00:00,2026,90,9531,bs,KBO,승①패,3,승①패,NC 10,4 KIA,07.31(금) 18:30,"2.80,3.55,1.96",홈승
2026-08-06T00:07:04+00:00,2026,90,9532,bs,KBO,핸디캡,2,H +2.5,NC 12.5,4 KIA,07.31(금) 18:30,"1.37,2.46",핸디승
2026-08-06T00:07:04+00:00,2026,90,9533,bs,KBO,언더오버,2,U 10.5,NC,KIA,07.31(금) 18:30,"1.84,1.69",오버
2026-08-06T00:07:04+00:00,2026,90,9534,bs,KBO,홀짝,2,,NC,KIA,07.31(금) 18:30,"1.57,2.00",짝
2026-08-06T00:07:04+00:00,2026,90,9535,bs,KBO,전반승무패,3,h(전반),NC 9,3 KIA,07.31(금) 18:30,"2.15,6.70,1.87",홈승
2026-08-06T00:07:04+00:00,2026,90,9536,bs,KBO,전반핸디캡,2,h H +1.5,NC 10.5,3 KIA,07.31(금) 18:30,"1.39,2.40",핸디승
2026-08-06T00:07:04+00:00,2026,90,9537,bs,KBO,전반언더오버,2,h U 5.5,NC,KIA,07.31(금) 18:30,"1.85,1.68",오버
2026-08-06T00:07:04+00:00,2026,90,9538,bs,KBO,승패,2,,키움 12,7 SSG,07.31(금) 18:30,"1.86,1.67",홈승
2026-08-06T00:07:04+00:00,2026,90,9539,bs,KBO,승①패,3,승①패,키움 12,7 SSG,07.31(금) 18:30,"2.70,3.20,2.14",홈승
2026-08-06T00:07:04+00:00,2026,90,9540,bs,KBO,핸디캡,2,H +2.5,키움 14.5,7 SSG,07.31(금) 18:30,"1.28,2.82",핸디승
2026-08-06T00:07:04+00:00,2026,90,9541,bs,KBO,언더오버,2,U 8.5,키움,SSG,07.31(금) 18:30,"1.82,1.70",오버
2026-08-06T00:07:04+00:00,2026,90,9542,bs,KBO,홀짝,2,,키움,SSG,07.31(금) 18:30,"1.58,1.99",홀
2026-08-06T00:07:04+00:00,2026,90,9543,bs,KBO,전반승무패,3,h(전반),키움 9,5 SSG,07.31(금) 18:30,"2.15,6.10,1.92",홈승
2026-08-06T00:07:04+00:00,2026,90,9544,bs,KBO,전반핸디캡,2,h H +1.5,키움 10.5,5 SSG,07.31(금) 18:30,"1.32,2.64",핸디승
2026-08-06T00:07:04+00:00,2026,90,9545,bs,KBO,전반언더오버,2,h U 4.5,키움,SSG,07.31(금) 18:30,"1.82,1.70",오버
2026-08-06T00:07:04+00:00,2026,90,9546,sc,축ASEA챔,승무패,3,,베트남 0,0 싱가포르,07.31(금) 22:00,"1.10,6.70,11.00",무승부
2026-08-06T00:07:04+00:00,2026,90,9547,sc,축ASEA챔,핸디캡,3,H -1.0,베트남 -1,0 싱가포르,07.31(금) 22:00,"1.40,3.95,5.50",핸디패
2026-08-06T00:07:04+00:00,2026,90,9548,sc,축ASEA챔,핸디캡,3,H -2.0,베트남 -2,0 싱가포르,07.31(금) 22:00,"2.04,3.30,2.80",핸디패
2026-08-06T00:07:04+00:00,2026,90,9549,sc,축ASEA챔,핸디캡,2,H -3.5,베트남 -3.5,0 싱가포르,07.31(금) 22:00,"3.23,1.21",핸디패
2026-08-06T00:07:04+00:00,2026,90,9550,sc,축ASEA챔,언더오버,2,U 3.5,베트남,싱가포르,07.31(금) 22:00,"1.77,1.75",언더
2026-08-06T00:07:04+00:00,2026,90,9551,sc,축ASEA챔,홀짝,2,,베트남,싱가포르,07.31(금) 22:00,"1.76,1.76",짝
2026-08-06T00:07:04+00:00,2026,90,9552,sc,엘리테세,승무패,3,,볼레렝아 0,3 함캄,08.01(토) 02:00,"1.48,3.95,4.55",홈패
2026-08-06T00:07:04+00:00,2026,90,9553,sc,엘리테세,핸디캡,3,H -1.0,볼레렝아 -1,3 함캄,08.01(토) 02:00,"2.50,3.35,2.22",핸디패
2026-08-06T00:07:04+00:00,2026,90,9554,sc,엘리테세,언더오버,2,U 3.5,볼레렝아,함캄,08.01(토) 02:00,"1.59,1.97",언더
2026-08-06T00:07:04+00:00,2026,90,9555,sc,엘리테세,홀짝,2,,볼레렝아,함캄,08.01(토) 02:00,"1.76,1.76",홀
2026-08-06T00:07:04+00:00,2026,90,9556,bs,MLB,승패,2,,시카컵스 0,2 뉴욕양키,08.01(토) 03:20,"1.56,2.02",홈패
2026-08-06T00:07:04+00:00,2026,90,9557,bs,MLB,승①패,3,승①패,시카컵스 0,2 뉴욕양키,08.01(토) 03:20,"2.14,3.35,2.60",홈패
2026-08-06T00:07:04+00:00,2026,90,9558,bs,MLB,핸디캡,2,H -2.5,시카컵스 -2.5,2 뉴욕양키,08.01(토) 03:20,"2.87,1.27",핸디패
2026-08-06T00:07:04+00:00,2026,90,9559,bs,MLB,언더오버,2,U 9.5,시카컵스,뉴욕양키,08.01(토) 03:20,"1.65,1.89",언더
2026-08-06T00:07:04+00:00,2026,90,9560,bs,MLB,홀짝,2,,시카컵스,뉴욕양키,08.01(토) 03:20,"1.56,2.02",짝
2026-08-06T00:07:04+00:00,2026,90,9561,sc,엘리테세,승무패,3,,보되글림 4,0 릴레스트,08.01(토) 04:00,"1.19,5.30,8.30",홈승
2026-08-06T00:07:04+00:00,2026,90,9562,sc,엘리테세,핸디캡,3,H -1.0,보되글림 3,0 릴레스트,08.01(토) 04:00,"1.62,3.80,3.70",핸디승
2026-08-06T00:07:04+00:00,2026,90,9563,sc,엘리테세,핸디캡,3,H -2.0,보되글림 2,0 릴레스트,08.01(토) 04:00,"2.45,3.60,2.16",핸디승
2026-08-06T00:07:04+00:00,2026,90,9564,sc,엘리테세,핸디캡,2,H -3.5,보되글림 0.5,0 릴레스트,08.01(토) 04:00,"3.98,1.13",핸디승
2026-08-06T00:07:04+00:00,2026,90,9565,sc,엘리테세,언더오버,2,U 3.5,보되글림,릴레스트,08.01(토) 04:00,"1.89,1.65",오버
2026-08-06T00:07:04+00:00,2026,90,9566,sc,엘리테세,홀짝,2,,보되글림,릴레스트,08.01(토) 04:00,"1.76,1.76",짝
2026-08-06T00:07:04+00:00,2026,90,9567,bs,MLB,승패,2,,신시레즈 8,7 피츠파이,08.01(토) 07:10,"1.87,1.66",홈승
2026-08-06T00:07:04+00:00,2026,90,9568,bs,MLB,승①패,3,승①패,신시레즈 8,7 피츠파이,08.01(토) 07:10,"2.80,3.20,2.08",①
2026-08-06T00:07:04+00:00,2026,90,9569,bs,MLB,핸디캡,2,H +2.5,신시레즈 10.5,7 피츠파이,08.01(토) 07:10,"1.29,2.77",핸디승
2026-08-06T00:07:04+00:00,2026,90,9570,bs,MLB,언더오버,2,U 7.5,신시레즈,피츠파이,08.01(토) 07:10,"1.78,1.74",오버
2026-08-06T00:07:04+00:00,2026,90,9571,bs,MLB,홀짝,2,,신시레즈,피츠파이,08.01(토) 07:10,"1.55,2.04",홀
2026-08-06T00:07:04+00:00,2026,90,9572,bs,MLB,승패,2,,볼티오리 6,4 필라필리,08.01(토) 08:05,"1.65,1.89",홈승
2026-08-06T00:07:04+00:00,2026,90,9573,bs,MLB,승①패,3,승①패,볼티오리 6,4 필라필리,08.01(토) 08:05,"2.33,3.30,2.40",홈승
2026-08-06T00:07:04+00:00,2026,90,9574,bs,MLB,핸디캡,2,H -2.5,볼티오리 3.5,4 필라필리,08.01(토) 08:05,"3.23,1.21",핸디패
2026-08-06T00:07:04+00:00,2026,90,9575,bs,MLB,언더오버,2,U 8.5,볼티오리,필라필리,08.01(토) 08:05,"1.82,1.70",오버
2026-08-06T00:07:04+00:00,2026,90,9576,bs,MLB,홀짝,2,,볼티오리,필라필리,08.01(토) 08:05,"1.55,2.04",짝
2026-08-06T00:07:04+00:00,2026,90,9577,bs,MLB,승패,2,,토론블루 3,1 세인카디,08.01(토) 08:07,"1.40,2.37",홈승
2026-08-06T00:07:04+00:00,2026,90,9578,bs,MLB,승①패,3,승①패,토론블루 3,1 세인카디,08.01(토) 08:07,"1.89,3.35,3.10",홈승
2026-08-06T00:07:04+00:00,2026,90,9579,bs,MLB,핸디캡,2,H -2.5,토론블루 0.5,1 세인카디,08.01(토) 08:07,"2.53,1.35",핸디패
2026-08-06T00:07:04+00:00,2026,90,9580,bs,MLB,언더오버,2,U 7.5,토론블루,세인카디,08.01(토) 08:07,"1.78,1.74",언더
2026-08-06T00:07:04+00:00,2026,90,9581,bs,MLB,홀짝,2,,토론블루,세인카디,08.01(토) 08:07,"1.55,2.04",짝
2026-08-06T00:07:04+00:00,2026,90,9582,bs,MLB,승패,2,,탬파레이 1,6 시카화이,08.01(토) 08:10,"1.50,2.13",홈패
2026-08-06T00:07:04+00:00,2026,90,9583,bs,MLB,승①패,3,승①패,탬파레이 1,6 시카화이,08.01(토) 08:10,"2.11,3.45,2.60",홈패
2026-08-06T00:07:04+00:00,2026,90,9584,bs,MLB,핸디캡,2,H -2.5,탬파레이 -1.5,6 시카화이,08.01(토) 08:10,"2.92,1.26",핸디패
2026-08-06T00:07:04+00:00,2026,90,9585,bs,MLB,언더오버,2,U 8.5,탬파레이,시카화이,08.01(토) 08:10,"1.67,1.86",언더
2026-08-06T00:07:04+00:00,2026,90,9586,bs,MLB,홀짝,2,,탬파레이,시카화이,08.01(토) 08:10,"1.55,2.04",홀
2026-08-06T00:07:04+00:00,2026,90,9587,bs,MLB,승패,2,,뉴욕메츠 2,5 마이말린,08.01(토) 08:10,"1.64,1.90",홈패
2026-08-06T00:07:04+00:00,2026,90,9588,bs,MLB,승①패,3,승①패,뉴욕메츠 2,5 마이말린,08.01(토) 08:10,"2.33,3.30,2.40",홈패
2026-08-06T00:07:04+00:00,2026,90,9589,bs,MLB,핸디캡,2,H -2.5,뉴욕메츠 -0.5,5 마이말린,08.01(토) 08:10,"3.23,1.21",핸디패
2026-08-06T00:07:04+00:00,2026,90,9590,bs,MLB,언더오버,2,U 8.5,뉴욕메츠,마이말린,08.01(토) 08:10,"1.75,1.77",언더
2026-08-06T00:07:04+00:00,2026,90,9591,bs,MLB,홀짝,2,,뉴욕메츠,마이말린,08.01(토) 08:10,"1.55,2.04",홀
2026-08-06T00:07:04+00:00,2026,90,9592,bs,MLB,승패,2,,클리가디 1,4 애리다이,08.01(토) 08:10,"1.59,1.97",홈패
2026-08-06T00:07:04+00:00,2026,90,9593,bs,MLB,승①패,3,승①패,클리가디 1,4 애리다이,08.01(토) 08:10,"2.20,3.30,2.55",홈패
2026-08-06T00:07:04+00:00,2026,90,9594,bs,MLB,핸디캡,2,H -2.5,클리가디 -1.5,4 애리다이,08.01(토) 08:10,"3.03,1.24",핸디패
2026-08-06T00:07:04+00:00,2026,90,9595,bs,MLB,언더오버,2,U 8.5,클리가디,애리다이,08.01(토) 08:10,"1.81,1.71",언더
2026-08-06T00:07:04+00:00,2026,90,9596,bs,MLB,홀짝,2,,클리가디,애리다이,08.01(토) 08:10,"1.55,2.04",홀
2026-08-06T00:07:04+00:00,2026,90,9597,bs,MLB,승패,2,,애틀브레 6,2 워싱내셔,08.01(토) 08:15,"1.63,1.91",홈승
2026-08-06T00:07:04+00:00,2026,90,9598,bs,MLB,승①패,3,승①패,애틀브레 6,2 워싱내셔,08.01(토) 08:15,"2.28,3.30,2.45",홈승
2026-08-06T00:07:04+00:00,2026,90,9599,bs,MLB,핸디캡,2,H -2.5,애틀브레 3.5,2 워싱내셔,08.01(토) 08:15,"3.16,1.22",핸디승
2026-08-06T00:07:04+00:00,2026,90,9600,bs,MLB,언더오버,2,U 8.5,애틀브레,워싱내셔,08.01(토) 08:15,"1.81,1.71",언더
2026-08-06T00:07:04+00:00,2026,90,9601,bs,MLB,홀짝,2,,애틀브레,워싱내셔,08.01(토) 08:15,"1.55,2.04",짝
2026-08-06T00:07:04+00:00,2026,90,9602,sc,MLS,승무패,3,,뉴욕시티 1,1 토론토FC,08.01(토) 08:30,"1.56,3.50,4.50",무승부
2026-08-06T00:07:04+00:00,2026,90,9603,sc,MLS,핸디캡,3,H -1.0,뉴욕시티 0,1 토론토FC,08.01(토) 08:30,"2.65,3.30,2.13",핸디패
2026-08-06T00:07:04+00:00,2026,90,9604,sc,MLS,언더오버,2,U 2.5,뉴욕시티,토론토FC,08.01(토) 08:30,"2.11,1.51",언더
2026-08-06T00:07:04+00:00,2026,90,9605,sc,MLS,홀짝,2,,뉴욕시티,토론토FC,08.01(토) 08:30,"1.77,1.75",짝
2026-08-06T00:07:04+00:00,2026,90,9606,bs,MLB,승패,2,,휴스애스 11,2 텍사레인,08.01(토) 09:15,"1.62,1.93",홈승
2026-08-06T00:07:04+00:00,2026,90,9607,bs,MLB,승①패,3,승①패,휴스애스 11,2 텍사레인,08.01(토) 09:15,"2.28,3.30,2.45",홈승
2026-08-06T00:07:04+00:00,2026,90,9608,bs,MLB,핸디캡,2,H -2.5,휴스애스 8.5,2 텍사레인,08.01(토) 09:15,"3.09,1.23",핸디승
2026-08-06T00:07:04+00:00,2026,90,9609,bs,MLB,언더오버,2,U 8.5,휴스애스,텍사레인,08.01(토) 09:15,"1.58,1.99",오버
2026-08-06T00:07:04+00:00,2026,90,9610,bs,MLB,홀짝,2,,휴스애스,텍사레인,08.01(토) 09:15,"1.55,2.04",홀
2026-08-06T00:07:04+00:00,2026,90,9611,bs,MLB,승패,2,,콜로로키 3,1 캔자로얄,08.01(토) 09:40,"1.77,1.75",홈승
2026-08-06T00:07:04+00:00,2026,90,9612,bs,MLB,승①패,3,승①패,콜로로키 3,1 캔자로얄,08.01(토) 09:40,"2.50,3.45,2.18",홈승
2026-08-06T00:07:04+00:00,2026,90,9613,bs,MLB,핸디캡,2,H +2.5,콜로로키 5.5,1 캔자로얄,08.01(토) 09:40,"1.27,2.87",핸디승
2026-08-06T00:07:04+00:00,2026,90,9614,bs,MLB,언더오버,2,U 11.5,콜로로키,캔자로얄,08.01(토) 09:40,"1.68,1.85",언더
2026-08-06T00:07:04+00:00,2026,90,9615,bs,MLB,홀짝,2,,콜로로키,캔자로얄,08.01(토) 09:40,"1.56,2.02",짝
2026-08-06T00:07:04+00:00,2026,90,9616,bs,MLB,승패,2,,LA에인절 2,6 밀워브루,08.01(토) 10:38,"2.29,1.43",홈패
2026-08-06T00:07:04+00:00,2026,90,9617,bs,MLB,승①패,3,승①패,LA에인절 2,6 밀워브루,08.01(토) 10:38,"3.55,3.45,1.73",홈패
2026-08-06T00:07:04+00:00,2026,90,9618,bs,MLB,핸디캡,2,H +2.5,LA에인절 4.5,6 밀워브루,08.01(토) 10:38,"1.42,2.31",핸디패
2026-08-06T00:07:04+00:00,2026,90,9619,bs,MLB,언더오버,2,U 8.5,LA에인절,밀워브루,08.01(토) 10:38,"1.87,1.66",언더
2026-08-06T00:07:04+00:00,2026,90,9620,bs,MLB,홀짝,2,,LA에인절,밀워브루,08.01(토) 10:38,"1.56,2.02",짝
2026-08-06T00:07:04+00:00,2026,90,9621,bs,MLB,승패,2,,애슬레틱 1,13 디트타이,08.01(토) 10:40,"2.15,1.49",홈패
2026-08-06T00:07:04+00:00,2026,90,9622,bs,MLB,승①패,3,승①패,애슬레틱 1,13 디트타이,08.01(토) 10:40,"3.25,3.50,1.80",홈패
2026-08-06T00:07:04+00:00,2026,90,9623,bs,MLB,핸디캡,2,H +2.5,애슬레틱 3.5,13 디트타이,08.01(토) 10:40,"1.42,2.31",핸디패
2026-08-06T00:07:04+00:00,2026,90,9624,bs,MLB,언더오버,2,U 10.5,애슬레틱,디트타이,08.01(토) 10:40,"1.80,1.72",오버
2026-08-06T00:07:04+00:00,2026,90,9625,bs,MLB,홀짝,2,,애슬레틱,디트타이,08.01(토) 10:40,"1.56,2.02",짝
2026-08-06T00:07:04+00:00,2026,90,9626,bs,MLB,승패,2,,샌디파드 7,0 샌프자이,08.01(토) 10:45,"1.59,1.97",홈승
2026-08-06T00:07:04+00:00,2026,90,9627,bs,MLB,승①패,3,승①패,샌디파드 7,0 샌프자이,08.01(토) 10:45,"2.30,3.35,2.40",홈승
2026-08-06T00:07:04+00:00,2026,90,9628,bs,MLB,핸디캡,2,H -2.5,샌디파드 4.5,0 샌프자이,08.01(토) 10:45,"2.92,1.26",핸디승
2026-08-06T00:07:04+00:00,2026,90,9629,bs,MLB,언더오버,2,U 8.5,샌디파드,샌프자이,08.01(토) 10:45,"1.93,1.62",언더
2026-08-06T00:07:04+00:00,2026,90,9630,bs,MLB,홀짝,2,,샌디파드,샌프자이,08.01(토) 10:45,"1.55,2.04",홀
2026-08-06T00:07:04+00:00,2026,90,9631,bs,MLB,승패,2,,시애매리 3,5 미네트윈,08.01(토) 11:10,"1.42,2.31",홈패
2026-08-06T00:07:04+00:00,2026,90,9632,bs,MLB,승①패,3,승①패,시애매리 3,5 미네트윈,08.01(토) 11:10,"1.84,3.40,3.20",홈패
2026-08-06T00:07:04+00:00,2026,90,9633,bs,MLB,핸디캡,2,H -2.5,시애매리 0.5,5 미네트윈,08.01(토) 11:10,"2.43,1.38",핸디패
2026-08-06T00:07:04+00:00,2026,90,9634,bs,MLB,언더오버,2,U 7.5,시애매리,미네트윈,08.01(토) 11:10,"1.85,1.68",오버
2026-08-06T00:07:04+00:00,2026,90,9635,bs,MLB,홀짝,2,,시애매리,미네트윈,08.01(토) 11:10,"1.56,2.02",짝
2026-08-06T00:07:04+00:00,2026,90,9636,bs,MLB,전반승무패,3,h(전반),시애매리 3,2 미네트윈,08.01(토) 11:10,"1.63,5.80,2.75",홈승
2026-08-06T00:07:04+00:00,2026,90,9637,bs,MLB,전반핸디캡,2,h H -1.5,시애매리 1.5,2 미네트윈,08.01(토) 11:10,"2.26,1.44",핸디패
2026-08-06T00:07:04+00:00,2026,90,9638,bs,MLB,전반언더오버,2,h U 4.5,시애매리,미네트윈,08.01(토) 11:10,"1.71,1.81",오버
2026-08-06T00:07:04+00:00,2026,90,9639,bs,MLB,승패,2,,LA다저스 4,9 보스레드,08.01(토) 11:10,"1.69,1.84",홈패
2026-08-06T00:07:04+00:00,2026,90,9640,bs,MLB,승①패,3,승①패,LA다저스 4,9 보스레드,08.01(토) 11:10,"2.30,3.35,2.40",홈패
2026-08-06T00:07:04+00:00,2026,90,9641,bs,MLB,핸디캡,2,H -2.5,LA다저스 1.5,9 보스레드,08.01(토) 11:10,"3.30,1.20",핸디패
2026-08-06T00:07:04+00:00,2026,90,9642,bs,MLB,언더오버,2,U 8.5,LA다저스,보스레드,08.01(토) 11:10,"1.76,1.76",오버
2026-08-06T00:07:04+00:00,2026,90,9643,bs,MLB,홀짝,2,,LA다저스,보스레드,08.01(토) 11:10,"1.55,2.04",홀
2026-08-06T00:07:04+00:00,2026,90,9644,bs,NPB,승패,2,,닛폰햄 3,5 지바롯데,08.01(토) 14:00,"1.29,2.77",홈패
2026-08-06T00:07:04+00:00,2026,90,9645,bs,NPB,승①패,3,승①패,닛폰햄 3,5 지바롯데,08.01(토) 14:00,"1.72,3.20,3.90",홈패
2026-08-06T00:07:04+00:00,2026,90,9646,bs,NPB,핸디캡,2,H -2.5,닛폰햄 0.5,5 지바롯데,08.01(토) 14:00,"2.31,1.42",핸디패
2026-08-06T00:07:04+00:00,2026,90,9647,bs,NPB,언더오버,2,U 7.5,닛폰햄,지바롯데,08.01(토) 14:00,"1.84,1.69",오버
2026-08-06T00:07:04+00:00,2026,90,9648,bs,NPB,홀짝,2,,닛폰햄,지바롯데,08.01(토) 14:00,"1.62,1.93",짝
2026-08-06T00:07:04+00:00,2026,90,9649,vl,남배네이,승패,2,,슬로베M 0,3 폴란드M,08.01(토) 16:00,"3.16,1.22",홈패
2026-08-06T00:07:04+00:00,2026,90,9650,vl,남배네이,핸디캡,2,H +1.5,슬로베M 1.5,3 폴란드M,08.01(토) 16:00,"2.09,1.52",핸디패
2026-08-06T00:07:04+00:00,2026,90,9651,vl,남배네이,언더오버,2,U 180.5,슬로베M,폴란드M,08.01(토) 16:00,"1.87,1.66",언더
2026-08-06T00:07:04+00:00,2026,90,9652,vl,남배네이,홀짝,2,,슬로베M,폴란드M,08.01(토) 16:00,"1.76,1.76",홀
2026-08-06T00:07:04+00:00,2026,90,9653,bs,NPB,승패,2,,세이부 4,1 오릭스,08.01(토) 17:00,"1.77,1.75",홈승
2026-08-06T00:07:04+00:00,2026,90,9654,bs,NPB,승①패,3,승①패,세이부 4,1 오릭스,08.01(토) 17:00,"2.85,2.65,2.37",홈승
2026-08-06T00:07:04+00:00,2026,90,9655,bs,NPB,핸디캡,2,H +2.5,세이부 6.5,1 오릭스,08.01(토) 17:00,"1.19,3.38",핸디승
2026-08-06T00:07:04+00:00,2026,90,9656,bs,NPB,언더오버,2,U 6.5,세이부,오릭스,08.01(토) 17:00,"1.86,1.67",언더
2026-08-06T00:07:04+00:00,2026,90,9657,bs,NPB,홀짝,2,,세이부,오릭스,08.01(토) 17:00,"1.61,1.94",홀
2026-08-06T00:07:04+00:00,2026,90,9658,bs,KBO,승패,2,,두산 2,2 LG,08.01(토) 18:00,"1.00,1.00",무승부
2026-08-06T00:07:04+00:00,2026,90,9659,bs,KBO,승①패,3,승①패,두산 2,2 LG,08.01(토) 18:00,"2.50,3.20,2.29",①
2026-08-06T00:07:04+00:00,2026,90,9660,bs,KBO,핸디캡,2,H -2.5,두산 -0.5,2 LG,08.01(토) 18:00,"3.03,1.24",핸디패
2026-08-06T00:07:04+00:00,2026,90,9661,bs,KBO,언더오버,2,U 8.5,두산,LG,08.01(토) 18:00,"1.70,1.82",언더
2026-08-06T00:07:04+00:00,2026,90,9662,bs,KBO,홀짝,2,,두산,LG,08.01(토) 18:00,"1.58,1.99",짝
2026-08-06T00:07:04+00:00,2026,90,9663,bs,KBO,전반승무패,3,h(전반),두산 0,2 LG,08.01(토) 18:00,"1.98,5.30,2.20",홈패
2026-08-06T00:07:04+00:00,2026,90,9664,bs,KBO,전반핸디캡,2,h H -1.5,두산 -1.5,2 LG,08.01(토) 18:00,"2.77,1.29",핸디패
2026-08-06T00:07:04+00:00,2026,90,9665,bs,KBO,전반언더오버,2,h U 4.5,두산,LG,08.01(토) 18:00,"1.75,1.77",언더
2026-08-06T00:07:04+00:00,2026,90,9666,bs,KBO,승패,2,,롯데,삼성,08.01(토) 18:00,"1.00,1.00",취소
2026-08-06T00:07:04+00:00,2026,90,9667,bs,KBO,승①패,3,승①패,롯데,삼성,08.01(토) 18:00,"1.00,1.00,1.00",취소
2026-08-06T00:07:04+00:00,2026,90,9668,bs,KBO,핸디캡,2,H +2.5,롯데,삼성,08.01(토) 18:00,"1.00,1.00",취소
2026-08-06T00:07:04+00:00,2026,90,9669,bs,KBO,언더오버,2,U 10.5,롯데,삼성,08.01(토) 18:00,"1.00,1.00",취소
2026-08-06T00:07:04+00:00,2026,90,9670,bs,KBO,홀짝,2,,롯데,삼성,08.01(토) 18:00,"1.00,1.00",취소
2026-08-06T00:07:04+00:00,2026,90,9671,bs,KBO,전반승무패,3,h(전반),롯데,삼성,08.01(토) 18:00,"1.00,1.00,1.00",취소
2026-08-06T00:07:04+00:00,2026,90,9672,bs,KBO,전반핸디캡,2,h H +1.5,롯데,삼성,08.01(토) 18:00,"1.00,1.00",취소
2026-08-06T00:07:04+00:00,2026,90,9673,bs,KBO,전반언더오버,2,h U 5.5,롯데,삼성,08.01(토) 18:00,"1.00,1.00",취소
2026-08-06T00:07:04+00:00,2026,90,9674,bs,KBO,승패,2,,KT 7,4 한화,08.01(토) 18:00,"1.78,1.74",홈승
2026-08-06T00:07:04+00:00,2026,90,9675,bs,KBO,승①패,3,승①패,KT 7,4 한화,08.01(토) 18:00,"2.55,3.50,2.12",홈승
2026-08-06T00:07:04+00:00,2026,90,9676,bs,KBO,핸디캡,2,H +2.5,KT 9.5,4 한화,08.01(토) 18:00,"1.32,2.64",핸디승
2026-08-06T00:07:04+00:00,2026,90,9677,bs,KBO,언더오버,2,U 10.5,KT,한화,08.01(토) 18:00,"1.75,1.77",오버
2026-08-06T00:07:04+00:00,2026,90,9678,bs,KBO,홀짝,2,,KT,한화,08.01(토) 18:00,"1.57,2.00",홀
2026-08-06T00:07:04+00:00,2026,90,9679,bs,KBO,전반승무패,3,h(전반),KT 7,4 한화,08.01(토) 18:00,"2.10,6.60,1.92",홈승
2026-08-06T00:07:04+00:00,2026,90,9680,bs,KBO,전반핸디캡,2,h H +1.5,KT 8.5,4 한화,08.01(토) 18:00,"1.34,2.56",핸디승
2026-08-06T00:07:04+00:00,2026,90,9681,bs,KBO,전반언더오버,2,h U 5.5,KT,한화,08.01(토) 18:00,"1.75,1.77",오버
2026-08-06T00:07:04+00:00,2026,90,9682,bs,KBO,승패,2,,NC,KIA,08.01(토) 18:00,"1.00,1.00",취소
2026-08-06T00:07:04+00:00,2026,90,9683,bs,KBO,승①패,3,승①패,NC,KIA,08.01(토) 18:00,"1.00,1.00,1.00",취소
2026-08-06T00:07:04+00:00,2026,90,9684,bs,KBO,핸디캡,2,H -2.5,NC,KIA,08.01(토) 18:00,"1.00,1.00",취소
2026-08-06T00:07:04+00:00,2026,90,9685,bs,KBO,언더오버,2,U 9.5,NC,KIA,08.01(토) 18:00,"1.00,1.00",취소
2026-08-06T00:07:04+00:00,2026,90,9686,bs,KBO,홀짝,2,,NC,KIA,08.01(토) 18:00,"1.00,1.00",취소
2026-08-06T00:07:04+00:00,2026,90,9687,bs,KBO,전반승무패,3,h(전반),NC,KIA,08.01(토) 18:00,"1.00,1.00,1.00",취소
2026-08-06T00:07:04+00:00,2026,90,9688,bs,KBO,전반핸디캡,2,h H -1.5,NC,KIA,08.01(토) 18:00,"1.00,1.00",취소
2026-08-06T00:07:04+00:00,2026,90,9689,bs,KBO,전반언더오버,2,h U 5.5,NC,KIA,08.01(토) 18:00,"1.00,1.00",취소
2026-08-06T00:07:04+00:00,2026,90,9690,bs,KBO,승패,2,,키움 2,10 SSG,08.01(토) 18:00,"1.86,1.67",홈패
2026-08-06T00:07:04+00:00,2026,90,9691,bs,KBO,승①패,3,승①패,키움 2,10 SSG,08.01(토) 18:00,"2.70,3.25,2.12",홈패
2026-08-06T00:07:04+00:00,2026,90,9692,bs,KBO,핸디캡,2,H +2.5,키움 4.5,10 SSG,08.01(토) 18:00,"1.29,2.77",핸디패
2026-08-06T00:07:04+00:00,2026,90,9693,bs,KBO,언더오버,2,U 8.5,키움,SSG,08.01(토) 18:00,"2.00,1.57",오버
2026-08-06T00:07:04+00:00,2026,90,9694,bs,KBO,홀짝,2,,키움,SSG,08.01(토) 18:00,"1.58,1.99",짝
2026-08-06T00:07:04+00:00,2026,90,9695,bs,KBO,전반승무패,3,h(전반),키움 2,7 SSG,08.01(토) 18:00,"2.20,5.80,1.91",홈패
2026-08-06T00:07:04+00:00,2026,90,9696,bs,KBO,전반핸디캡,2,h H +1.5,키움 3.5,7 SSG,08.01(토) 18:00,"1.32,2.64",핸디패
2026-08-06T00:07:04+00:00,2026,90,9697,bs,KBO,전반언더오버,2,h U 4.5,키움,SSG,08.01(토) 18:00,"1.96,1.60",오버
2026-08-06T00:07:04+00:00,2026,90,9698,bs,NPB,승패,2,,요미우리 7,8 요코베이,08.01(토) 18:00,"1.64,1.90",홈패
2026-08-06T00:07:04+00:00,2026,90,9699,bs,NPB,승①패,3,승①패,요미우리 7,8 요코베이,08.01(토) 18:00,"2.65,2.58,2.60",①
2026-08-06T00:07:04+00:00,2026,90,9700,bs,NPB,핸디캡,2,H -2.5,요미우리 4.5,8 요코베이,08.01(토) 18:00,"3.75,1.15",핸디패
2026-08-06T00:07:04+00:00,2026,90,9701,bs,NPB,언더오버,2,U 5.5,요미우리,요코베이,08.01(토) 18:00,"1.96,1.60",오버
2026-08-06T00:07:04+00:00,2026,90,9702,bs,NPB,홀짝,2,,요미우리,요코베이,08.01(토) 18:00,"1.61,1.94",홀
2026-08-06T00:07:04+00:00,2026,90,9703,bs,NPB,승패,2,,야쿠르트 3,7 한신,08.01(토) 18:00,"2.13,1.50",홈패
2026-08-06T00:07:04+00:00,2026,90,9704,bs,NPB,승①패,3,승①패,야쿠르트 3,7 한신,08.01(토) 18:00,"3.55,2.85,1.93",홈패
2026-08-06T00:07:04+00:00,2026,90,9705,bs,NPB,핸디캡,2,H +2.5,야쿠르트 5.5,7 한신,08.01(토) 18:00,"1.32,2.64",핸디패
2026-08-06T00:07:04+00:00,2026,90,9706,bs,NPB,언더오버,2,U 7.5,야쿠르트,한신,08.01(토) 18:00,"1.89,1.65",오버
2026-08-06T00:07:04+00:00,2026,90,9707,bs,NPB,홀짝,2,,야쿠르트,한신,08.01(토) 18:00,"1.61,1.94",짝
2026-08-06T00:07:04+00:00,2026,90,9708,bs,NPB,승패,2,,히로카프 1,7 주니치,08.01(토) 18:00,"1.93,1.62",홈패
2026-08-06T00:07:04+00:00,2026,90,9709,bs,NPB,승①패,3,승①패,히로카프 1,7 주니치,08.01(토) 18:00,"3.15,2.75,2.14",홈패
2026-08-06T00:07:04+00:00,2026,90,9710,bs,NPB,핸디캡,2,H +2.5,히로카프 3.5,7 주니치,08.01(토) 18:00,"1.25,2.97",핸디패
2026-08-06T00:07:04+00:00,2026,90,9711,bs,NPB,언더오버,2,U 7.5,히로카프,주니치,08.01(토) 18:00,"1.69,1.84",오버
2026-08-06T00:07:04+00:00,2026,90,9712,bs,NPB,홀짝,2,,히로카프,주니치,08.01(토) 18:00,"1.61,1.94",짝
2026-08-06T00:07:04+00:00,2026,90,9713,bs,NPB,승패,2,,라쿠텐 0,5 소프트뱅,08.01(토) 18:00,"1.96,1.60",홈패
2026-08-06T00:07:04+00:00,2026,90,9714,bs,NPB,승①패,3,승①패,라쿠텐 0,5 소프트뱅,08.01(토) 18:00,"3.20,2.90,2.03",홈패
2026-08-06T00:07:04+00:00,2026,90,9715,bs,NPB,핸디캡,2,H +2.5,라쿠텐 2.5,5 소프트뱅,08.01(토) 18:00,"1.29,2.77",핸디패
2026-08-06T00:07:04+00:00,2026,90,9716,bs,NPB,언더오버,2,U 7.5,라쿠텐,소프트뱅,08.01(토) 18:00,"1.78,1.74",언더
2026-08-06T00:07:04+00:00,2026,90,9717,bs,NPB,홀짝,2,,라쿠텐,소프트뱅,08.01(토) 18:00,"1.61,1.94",홀
2026-08-06T00:07:04+00:00,2026,90,9718,sc,축클럽친,승무패,3,,첼시 1,2 토트넘,08.01(토) 18:45,"2.00,3.50,2.75",홈패
2026-08-06T00:07:04+00:00,2026,90,9719,sc,축클럽친,핸디캡,3,H -1.0,첼시 0,2 토트넘,08.01(토) 18:45,"3.65,3.80,1.63",핸디패
2026-08-06T00:07:04+00:00,2026,90,9720,sc,축클럽친,언더오버,2,U 3.5,첼시,토트넘,08.01(토) 18:45,"1.67,1.86",언더
2026-08-06T00:07:04+00:00,2026,90,9721,sc,축클럽친,홀짝,2,,첼시,토트넘,08.01(토) 18:45,"1.76,1.76",홀
2026-08-06T00:07:04+00:00,2026,90,9722,sc,K리그1,승무패,3,,강원FC 0,3 부천FC,08.01(토) 19:30,"1.47,3.35,5.90",홈패
2026-08-06T00:07:04+00:00,2026,90,9723,sc,K리그1,핸디캡,3,H -1.0,강원FC -1,3 부천FC,08.01(토) 19:30,"2.55,3.00,2.36",핸디패
2026-08-06T00:07:04+00:00,2026,90,9724,sc,K리그1,핸디캡,3,H -2.0,강원FC -2,3 부천FC,08.01(토) 19:30,"5.20,4.20,1.39",핸디패
2026-08-06T00:07:04+00:00,2026,90,9725,sc,K리그1,언더오버,2,U 2.5,강원FC,부천FC,08.01(토) 19:30,"1.62,1.93",오버
2026-08-06T00:07:04+00:00,2026,90,9726,sc,K리그1,홀짝,2,,강원FC,부천FC,08.01(토) 19:30,"1.77,1.75",홀
2026-08-06T00:07:04+00:00,2026,90,9727,sc,K리그1,전반승무패,3,h(전반),강원FC 0,1 부천FC,08.01(토) 19:30,"2.05,1.95,6.70",홈패
2026-08-06T00:07:04+00:00,2026,90,9728,sc,K리그1,전반핸디캡,3,h H -1.0,강원FC -1,1 부천FC,08.01(토) 19:30,"5.40,3.05,1.57",핸디패
2026-08-06T00:07:04+00:00,2026,90,9729,sc,K리그1,전반언더오버,2,h U 1.5,강원FC,부천FC,08.01(토) 19:30,"1.27,2.87",언더
2026-08-06T00:07:04+00:00,2026,90,9730,sc,K리그1,승무패,3,,전북현대 0,0 FC서울,08.01(토) 19:30,"2.42,3.05,2.45",무승부
2026-08-06T00:07:04+00:00,2026,90,9731,sc,K리그1,핸디캡,3,H -1.0,전북현대 -1,0 FC서울,08.01(토) 19:30,"5.50,3.85,1.41",핸디패
2026-08-06T00:07:04+00:00,2026,90,9732,sc,K리그1,핸디캡,3,H -2.0,전북현대 -2,0 FC서울,08.01(토) 19:30,"13.50,7.10,1.07",핸디패
2026-08-06T00:07:04+00:00,2026,90,9733,sc,K리그1,언더오버,2,U 2.5,전북현대,FC서울,08.01(토) 19:30,"1.70,1.82",언더
2026-08-06T00:07:04+00:00,2026,90,9734,sc,K리그1,홀짝,2,,전북현대,FC서울,08.01(토) 19:30,"1.77,1.75",짝
2026-08-06T00:07:04+00:00,2026,90,9735,sc,K리그1,전반승무패,3,h(전반),전북현대 0,0 FC서울,08.01(토) 19:30,"3.10,1.94,3.20",무승부
2026-08-06T00:07:04+00:00,2026,90,9736,sc,K리그1,전반핸디캡,3,h H -1.0,전북현대 -1,0 FC서울,08.01(토) 19:30,"9.80,4.05,1.25",핸디패
2026-08-06T00:07:04+00:00,2026,90,9737,sc,K리그1,전반언더오버,2,h U 1.5,전북현대,FC서울,08.01(토) 19:30,"1.33,2.60",언더
2026-08-06T00:07:04+00:00,2026,90,9738,sc,K리그1,승무패,3,,포항스틸 0,1 김천상무,08.01(토) 19:30,"2.33,2.85,2.70",홈패
2026-08-06T00:07:04+00:00,2026,90,9739,sc,K리그1,핸디캡,3,H -1.0,포항스틸 -1,1 김천상무,08.01(토) 19:30,"5.10,3.50,1.50",핸디패
2026-08-06T00:07:04+00:00,2026,90,9740,sc,K리그1,핸디캡,3,H -2.0,포항스틸 -2,1 김천상무,08.01(토) 19:30,"9.30,5.80,1.15",핸디패
2026-08-06T00:07:04+00:00,2026,90,9741,sc,K리그1,언더오버,2,U 2.5,포항스틸,김천상무,08.01(토) 19:30,"1.60,1.96",언더
2026-08-06T00:07:04+00:00,2026,90,9742,sc,K리그1,홀짝,2,,포항스틸,김천상무,08.01(토) 19:30,"1.77,1.75",홀
2026-08-06T00:07:04+00:00,2026,90,9743,sc,K리그1,전반승무패,3,h(전반),포항스틸 0,0 김천상무,08.01(토) 19:30,"2.85,1.98,3.40",무승부
2026-08-06T00:07:04+00:00,2026,90,9744,sc,K리그1,전반핸디캡,3,h H -1.0,포항스틸 -1,0 김천상무,08.01(토) 19:30,"8.00,3.60,1.34",핸디패
2026-08-06T00:07:04+00:00,2026,90,9745,sc,K리그1,전반언더오버,2,h U 1.5,포항스틸,김천상무,08.01(토) 19:30,"1.29,2.77",언더
2026-08-06T00:07:04+00:00,2026,90,9746,sc,K리그2,승무패,3,,충남아산 2,0 성남FC,08.01(토) 19:30,"2.36,3.00,2.55",홈승
2026-08-06T00:07:04+00:00,2026,90,9747,sc,K리그2,핸디캡,3,H -1.0,충남아산 1,0 성남FC,08.01(토) 19:30,"5.30,3.85,1.43",핸디승
2026-08-06T00:07:04+00:00,2026,90,9748,sc,K리그2,언더오버,2,U 2.5,충남아산,성남FC,08.01(토) 19:30,"1.64,1.90",언더
2026-08-06T00:07:04+00:00,2026,90,9749,sc,K리그2,홀짝,2,,충남아산,성남FC,08.01(토) 19:30,"1.77,1.75",짝
2026-08-06T00:07:04+00:00,2026,90,9750,sc,K리그2,승무패,3,,천안시티 2,2 용인FC,08.01(토) 19:30,"2.36,3.00,2.55",무승부
2026-08-06T00:07:04+00:00,2026,90,9751,sc,K리그2,핸디캡,3,H -1.0,천안시티 1,2 용인FC,08.01(토) 19:30,"4.80,3.85,1.47",핸디패
2026-08-06T00:07:04+00:00,2026,90,9752,sc,K리그2,언더오버,2,U 2.5,천안시티,용인FC,08.01(토) 19:30,"1.80,1.72",오버
2026-08-06T00:07:04+00:00,2026,90,9753,sc,K리그2,홀짝,2,,천안시티,용인FC,08.01(토) 19:30,"1.77,1.75",짝
2026-08-06T00:07:04+00:00,2026,90,9754,sc,K리그2,승무패,3,,충북청주 2,2 수원삼성,08.01(토) 19:30,"4.85,3.50,1.52",무승부
2026-08-06T00:07:04+00:00,2026,90,9755,sc,K리그2,핸디캡,3,H +1.0,충북청주 3,2 수원삼성,08.01(토) 19:30,"2.24,3.15,2.60",핸디승
2026-08-06T00:07:04+00:00,2026,90,9756,sc,K리그2,언더오버,2,U 2.5,충북청주,수원삼성,08.01(토) 19:30,"1.79,1.73",오버
2026-08-06T00:07:04+00:00,2026,90,9757,sc,K리그2,홀짝,2,,충북청주,수원삼성,08.01(토) 19:30,"1.77,1.75",짝
2026-08-06T00:07:04+00:00,2026,90,9758,sc,K리그2,승무패,3,,화성FC 5,1 대구FC,08.01(토) 19:30,"2.95,3.30,1.97",홈승
2026-08-06T00:07:04+00:00,2026,90,9759,sc,K리그2,핸디캡,3,H +1.0,화성FC 6,1 대구FC,08.01(토) 19:30,"1.65,3.60,3.75",핸디승
2026-08-06T00:07:04+00:00,2026,90,9760,sc,K리그2,언더오버,2,U 2.5,화성FC,대구FC,08.01(토) 19:30,"1.93,1.62",오버
2026-08-06T00:07:04+00:00,2026,90,9761,sc,K리그2,홀짝,2,,화성FC,대구FC,08.01(토) 19:30,"1.77,1.75",짝
2026-08-06T00:07:04+00:00,2026,90,9762,sc,축클럽친,승무패,3,,맨체스C 1,1 인테르,08.01(토) 20:30,"1.98,3.55,2.75",무승부
2026-08-06T00:07:04+00:00,2026,90,9763,sc,축클럽친,핸디캡,3,H -1.0,맨체스C 0,1 인테르,08.01(토) 20:30,"3.55,3.80,1.65",핸디패
2026-08-06T00:07:04+00:00,2026,90,9764,sc,축클럽친,언더오버,2,U 3.5,맨체스C,인테르,08.01(토) 20:30,"1.59,1.97",언더
2026-08-06T00:07:04+00:00,2026,90,9765,sc,축클럽친,홀짝,2,,맨체스C,인테르,08.01(토) 20:30,"1.76,1.76",짝
2026-08-06T00:07:04+00:00,2026,90,9766,vl,남배네이,승패,2,,일본M 2,3 미국M,08.01(토) 20:30,"2.22,1.46",홈패
2026-08-06T00:07:04+00:00,2026,90,9767,vl,남배네이,핸디캡,2,H +1.5,일본M 3.5,3 미국M,08.01(토) 20:30,"1.49,2.15",핸디승
2026-08-06T00:07:04+00:00,2026,90,9768,vl,남배네이,언더오버,2,U 185.5,일본M,미국M,08.01(토) 20:30,"1.81,1.71",오버
2026-08-06T00:07:04+00:00,2026,90,9769,vl,남배네이,홀짝,2,,일본M,미국M,08.01(토) 20:30,"1.76,1.76",홀
2026-08-06T00:07:04+00:00,2026,90,9770,sc,축ASEA챔,승무패,3,,태국 2,0 말레이시,08.01(토) 22:00,"1.40,4.00,5.40",홈승
2026-08-06T00:07:04+00:00,2026,90,9771,sc,축ASEA챔,핸디캡,3,H -1.0,태국 1,0 말레이시,08.01(토) 22:00,"2.18,3.35,2.55",핸디승
2026-08-06T00:07:04+00:00,2026,90,9772,sc,축ASEA챔,언더오버,2,U 3.5,태국,말레이시,08.01(토) 22:00,"1.48,2.17",언더
2026-08-06T00:07:04+00:00,2026,90,9773,sc,축ASEA챔,홀짝,2,,태국,말레이시,08.01(토) 22:00,"1.76,1.76",짝
2026-08-06T00:07:04+00:00,2026,90,9774,sc,축클럽친,승무패,3,,맨체스U 2,1 AT마드,08.01(토) 22:00,"2.06,3.25,2.80",홈승
2026-08-06T00:07:04+00:00,2026,90,9775,sc,축클럽친,핸디캡,3,H -1.0,맨체스U 1,1 AT마드,08.01(토) 22:00,"3.95,3.70,1.60",핸디무
2026-08-06T00:07:04+00:00,2026,90,9776,sc,축클럽친,언더오버,2,U 2.5,맨체스U,AT마드,08.01(토) 22:00,"2.04,1.55",오버
2026-08-06T00:07:04+00:00,2026,90,9777,sc,축클럽친,홀짝,2,,맨체스U,AT마드,08.01(토) 22:00,"1.77,1.75",홀
2026-08-06T00:07:04+00:00,2026,90,9778,sc,엘리테세,승무패,3,,프레드릭 1,0 사네피오,08.01(토) 23:00,"2.19,3.25,2.60",홈승
2026-08-06T00:07:04+00:00,2026,90,9779,sc,엘리테세,핸디캡,3,H -1.0,프레드릭 0,0 사네피오,08.01(토) 23:00,"4.40,3.80,1.52",핸디무
2026-08-06T00:07:04+00:00,2026,90,9780,sc,엘리테세,언더오버,2,U 2.5,프레드릭,사네피오,08.01(토) 23:00,"1.94,1.61",언더
2026-08-06T00:07:04+00:00,2026,90,9781,sc,엘리테세,홀짝,2,,프레드릭,사네피오,08.01(토) 23:00,"1.77,1.75",홀
2026-08-06T00:07:04+00:00,2026,90,9782,sc,엘리테세,승무패,3,,IK스타르 0,3 비킹FK,08.02(일) 01:00,"5.00,4.00,1.43",홈패
2026-08-06T00:07:04+00:00,2026,90,9783,sc,엘리테세,핸디캡,3,H +1.0,IK스타르 1,3 비킹FK,08.02(일) 01:00,"2.45,3.45,2.22",핸디패
2026-08-06T00:07:04+00:00,2026,90,9784,sc,엘리테세,핸디캡,3,H +2.0,IK스타르 2,3 비킹FK,08.02(일) 01:00,"1.53,4.20,3.90",핸디패
2026-08-06T00:07:04+00:00,2026,90,9785,sc,엘리테세,핸디캡,2,H +3.5,IK스타르 3.5,3 비킹FK,08.02(일) 01:00,"1.01,6.84",핸디승
2026-08-06T00:07:04+00:00,2026,90,9786,sc,엘리테세,언더오버,2,U 3.5,IK스타르,비킹FK,08.02(일) 01:00,"1.53,2.07",언더
2026-08-06T00:07:04+00:00,2026,90,9787,sc,엘리테세,홀짝,2,,IK스타르,비킹FK,08.02(일) 01:00,"1.76,1.76",홀
2026-08-06T00:07:04+00:00,2026,90,9788,bs,MLB,승패,2,,토론블루 5,1 세인카디,08.02(일) 04:07,"1.50,2.13",홈승
2026-08-06T00:07:04+00:00,2026,90,9789,bs,MLB,승①패,3,승①패,토론블루 5,1 세인카디,08.02(일) 04:07,"2.05,3.35,2.75",홈승
2026-08-06T00:07:04+00:00,2026,90,9790,bs,MLB,핸디캡,2,H -2.5,토론블루 2.5,1 세인카디,08.02(일) 04:07,"2.77,1.29",핸디승
2026-08-06T00:07:04+00:00,2026,90,9791,bs,MLB,언더오버,2,U 8.5,토론블루,세인카디,08.02(일) 04:07,"1.74,1.78",언더
2026-08-06T00:07:04+00:00,2026,90,9792,bs,MLB,홀짝,2,,토론블루,세인카디,08.02(일) 04:07,"1.55,2.04",짝
2026-08-06T00:07:04+00:00,2026,90,9793,bs,MLB,승패,2,,탬파레이 1,0 시카화이,08.02(일) 05:10,"1.44,2.26",홈승
2026-08-06T00:07:04+00:00,2026,90,9794,bs,MLB,승①패,3,승①패,탬파레이 1,0 시카화이,08.02(일) 05:10,"1.95,3.35,2.95",①
2026-08-06T00:07:04+00:00,2026,90,9795,bs,MLB,핸디캡,2,H -2.5,탬파레이 -1.5,0 시카화이,08.02(일) 05:10,"2.60,1.33",핸디패
2026-08-06T00:07:04+00:00,2026,90,9796,bs,MLB,언더오버,2,U 8.5,탬파레이,시카화이,08.02(일) 05:10,"1.66,1.87",언더
2026-08-06T00:07:04+00:00,2026,90,9797,bs,MLB,홀짝,2,,탬파레이,시카화이,08.02(일) 05:10,"1.56,2.02",홀
2026-08-06T00:07:04+00:00,2026,90,9798,bs,MLB,승패,2,,시애매리 4,3 미네트윈,08.02(일) 05:10,"1.42,2.31",홈승
2026-08-06T00:07:04+00:00,2026,90,9799,bs,MLB,승①패,3,승①패,시애매리 4,3 미네트윈,08.02(일) 05:10,"1.91,3.35,3.05",①
2026-08-06T00:07:04+00:00,2026,90,9800,bs,MLB,핸디캡,2,H -2.5,시애매리 1.5,3 미네트윈,08.02(일) 05:10,"2.56,1.34",핸디패
2026-08-06T00:07:04+00:00,2026,90,9801,bs,MLB,언더오버,2,U 7.5,시애매리,미네트윈,08.02(일) 05:10,"1.79,1.73",언더
2026-08-06T00:07:04+00:00,2026,90,9802,bs,MLB,홀짝,2,,시애매리,미네트윈,08.02(일) 05:10,"1.55,2.04",홀
2026-08-06T00:07:04+00:00,2026,90,9803,bs,MLB,승패,2,,뉴욕메츠 2,6 마이말린,08.02(일) 05:10,"1.63,1.91",홈패
2026-08-06T00:07:04+00:00,2026,90,9804,bs,MLB,승①패,3,승①패,뉴욕메츠 2,6 마이말린,08.02(일) 05:10,"2.28,3.30,2.45",홈패
2026-08-06T00:07:04+00:00,2026,90,9805,bs,MLB,핸디캡,2,H -2.5,뉴욕메츠 -0.5,6 마이말린,08.02(일) 05:10,"3.16,1.22",핸디패
2026-08-06T00:07:04+00:00,2026,90,9806,bs,MLB,언더오버,2,U 8.5,뉴욕메츠,마이말린,08.02(일) 05:10,"1.81,1.71",언더
2026-08-06T00:07:04+00:00,2026,90,9807,bs,MLB,홀짝,2,,뉴욕메츠,마이말린,08.02(일) 05:10,"1.55,2.04",짝
2026-08-06T00:07:04+00:00,2026,90,9808,bs,MLB,승패,2,,신시레즈 1,4 피츠파이,08.02(일) 07:40,"1.82,1.70",홈패
2026-08-06T00:07:04+00:00,2026,90,9809,bs,MLB,승①패,3,승①패,신시레즈 1,4 피츠파이,08.02(일) 07:40,"2.65,3.30,2.13",홈패
2026-08-06T00:07:04+00:00,2026,90,9810,bs,MLB,핸디캡,2,H +2.5,신시레즈 3.5,4 피츠파이,08.02(일) 07:40,"1.28,2.82",핸디패
2026-08-06T00:07:04+00:00,2026,90,9811,bs,MLB,언더오버,2,U 8.5,신시레즈,피츠파이,08.02(일) 07:40,"1.74,1.78",언더
2026-08-06T00:07:04+00:00,2026,90,9812,bs,MLB,홀짝,2,,신시레즈,피츠파이,08.02(일) 07:40,"1.55,2.04",홀
2026-08-06T00:07:04+00:00,2026,90,9813,bs,MLB,승패,2,,볼티오리 0,5 필라필리,08.02(일) 08:05,"2.04,1.55",홈패
2026-08-06T00:07:04+00:00,2026,90,9814,bs,MLB,승①패,3,승①패,볼티오리 0,5 필라필리,08.02(일) 08:05,"3.10,3.30,1.91",홈패
2026-08-06T00:07:04+00:00,2026,90,9815,bs,MLB,핸디캡,2,H +2.5,볼티오리 2.5,5 필라필리,08.02(일) 08:05,"1.36,2.49",핸디패
2026-08-06T00:07:04+00:00,2026,90,9816,bs,MLB,언더오버,2,U 8.5,볼티오리,필라필리,08.02(일) 08:05,"1.73,1.79",언더
2026-08-06T00:07:04+00:00,2026,90,9817,bs,MLB,홀짝,2,,볼티오리,필라필리,08.02(일) 08:05,"1.55,2.04",홀
2026-08-06T00:07:04+00:00,2026,90,9818,bs,MLB,승패,2,,휴스애스 5,4 텍사레인,08.02(일) 08:10,"1.96,1.60",홈승
2026-08-06T00:07:04+00:00,2026,90,9819,bs,MLB,승①패,3,승①패,휴스애스 5,4 텍사레인,08.02(일) 08:10,"2.90,3.30,1.99",①
2026-08-06T00:07:04+00:00,2026,90,9820,bs,MLB,핸디캡,2,H +2.5,휴스애스 7.5,4 텍사레인,08.02(일) 08:10,"1.33,2.60",핸디승
2026-08-06T00:07:04+00:00,2026,90,9821,bs,MLB,언더오버,2,U 8.5,휴스애스,텍사레인,08.02(일) 08:10,"1.71,1.81",오버
2026-08-06T00:07:04+00:00,2026,90,9822,bs,MLB,홀짝,2,,휴스애스,텍사레인,08.02(일) 08:10,"1.55,2.04",홀
2026-08-06T00:07:04+00:00,2026,90,9823,bs,MLB,승패,2,,클리가디 8,12 애리다이,08.02(일) 08:15,"1.46,2.22",홈패
2026-08-06T00:07:04+00:00,2026,90,9824,bs,MLB,승①패,3,승①패,클리가디 8,12 애리다이,08.02(일) 08:15,"1.98,3.40,2.85",홈패
2026-08-06T00:07:04+00:00,2026,90,9825,bs,MLB,핸디캡,2,H -2.5,클리가디 5.5,12 애리다이,08.02(일) 08:15,"2.64,1.32",핸디패
2026-08-06T00:07:04+00:00,2026,90,9826,bs,MLB,언더오버,2,U 8.5,클리가디,애리다이,08.02(일) 08:15,"1.75,1.77",오버
2026-08-06T00:07:04+00:00,2026,90,9827,bs,MLB,홀짝,2,,클리가디,애리다이,08.02(일) 08:15,"1.56,2.02",짝
2026-08-06T00:07:04+00:00,2026,90,9828,bs,MLB,승패,2,,시카컵스 5,2 뉴욕양키,08.02(일) 08:15,"1.87,1.66",홈승
2026-08-06T00:07:04+00:00,2026,90,9829,bs,MLB,승①패,3,승①패,시카컵스 5,2 뉴욕양키,08.02(일) 08:15,"2.85,3.00,2.15",홈승
2026-08-06T00:07:04+00:00,2026,90,9830,bs,MLB,핸디캡,2,H +2.5,시카컵스 7.5,2 뉴욕양키,08.02(일) 08:15,"1.24,3.03",핸디승
2026-08-06T00:07:04+00:00,2026,90,9831,bs,MLB,언더오버,2,U 6.5,시카컵스,뉴욕양키,08.02(일) 08:15,"1.66,1.87",오버
2026-08-06T00:07:04+00:00,2026,90,9832,bs,MLB,홀짝,2,,시카컵스,뉴욕양키,08.02(일) 08:15,"1.53,2.07",홀
2026-08-06T00:07:04+00:00,2026,90,9833,bs,MLB,승패,2,,애틀브레 8,3 워싱내셔,08.02(일) 08:15,"1.37,2.46",홈승
2026-08-06T00:07:04+00:00,2026,90,9834,bs,MLB,승①패,3,승①패,애틀브레 8,3 워싱내셔,08.02(일) 08:15,"1.80,3.55,3.20",홈승
2026-08-06T00:07:04+00:00,2026,90,9835,bs,MLB,핸디캡,2,H -2.5,애틀브레 5.5,3 워싱내셔,08.02(일) 08:15,"2.31,1.42",핸디승
2026-08-06T00:07:04+00:00,2026,90,9836,bs,MLB,언더오버,2,U 9.5,애틀브레,워싱내셔,08.02(일) 08:15,"1.72,1.80",오버
2026-08-06T00:07:04+00:00,2026,90,9837,bs,MLB,홀짝,2,,애틀브레,워싱내셔,08.02(일) 08:15,"1.56,2.02",홀
2026-08-06T00:07:04+00:00,2026,90,9838,sc,MLS,승무패,3,,FC신시내 4,2 새너어스,08.02(일) 08:30,"1.77,3.90,3.05",홈승
2026-08-06T00:07:04+00:00,2026,90,9839,sc,MLS,핸디캡,3,H -1.0,FC신시내 3,2 새너어스,08.02(일) 08:30,"2.80,3.90,1.87",핸디승
2026-08-06T00:07:04+00:00,2026,90,9840,sc,MLS,언더오버,2,U 3.5,FC신시내,새너어스,08.02(일) 08:30,"1.93,1.62",오버
2026-08-06T00:07:04+00:00,2026,90,9841,sc,MLS,홀짝,2,,FC신시내,새너어스,08.02(일) 08:30,"1.76,1.76",짝
2026-08-06T00:07:04+00:00,2026,90,9842,sc,MLS,승무패,3,,DC유나이 2,2 내슈빌SC,08.02(일) 08:30,"2.70,3.15,2.17",무승부
2026-08-06T00:07:04+00:00,2026,90,9843,sc,MLS,핸디캡,3,H +1.0,DC유나이 3,2 내슈빌SC,08.02(일) 08:30,"1.54,3.70,4.35",핸디승
2026-08-06T00:07:04+00:00,2026,90,9844,sc,MLS,언더오버,2,U 2.5,DC유나이,내슈빌SC,08.02(일) 08:30,"1.77,1.75",오버
2026-08-06T00:07:04+00:00,2026,90,9845,sc,MLS,홀짝,2,,DC유나이,내슈빌SC,08.02(일) 08:30,"1.77,1.75",짝
2026-08-06T00:07:04+00:00,2026,90,9846,sc,MLS,승무패,3,,인터마이 2,2 콜럼크루,08.02(일) 08:30,"1.49,4.10,4.25",무승부
2026-08-06T00:07:04+00:00,2026,90,9847,sc,MLS,핸디캡,3,H -1.0,인터마이 1,2 콜럼크루,08.02(일) 08:30,"2.19,4.20,2.20",핸디패
2026-08-06T00:07:04+00:00,2026,90,9848,sc,MLS,언더오버,2,U 3.5,인터마이,콜럼크루,08.02(일) 08:30,"1.82,1.70",오버
2026-08-06T00:07:04+00:00,2026,90,9849,sc,MLS,홀짝,2,,인터마이,콜럼크루,08.02(일) 08:30,"1.76,1.76",짝
2026-08-06T00:07:04+00:00,2026,90,9850,sc,MLS,승무패,3,,CF몽레알 2,2 뉴잉레벌,08.02(일) 08:30,"1.95,3.25,3.05",무승부
2026-08-06T00:07:04+00:00,2026,90,9851,sc,MLS,핸디캡,3,H -1.0,CF몽레알 1,2 뉴잉레벌,08.02(일) 08:30,"3.65,3.55,1.68",핸디패
2026-08-06T00:07:04+00:00,2026,90,9852,sc,MLS,언더오버,2,U 2.5,CF몽레알,뉴잉레벌,08.02(일) 08:30,"1.93,1.62",오버
2026-08-06T00:07:04+00:00,2026,90,9853,sc,MLS,홀짝,2,,CF몽레알,뉴잉레벌,08.02(일) 08:30,"1.77,1.75",짝
2026-08-06T00:07:04+00:00,2026,90,9854,sc,MLS,승무패,3,,뉴욕레드 3,2 올랜시티,08.02(일) 08:30,"2.12,3.70,2.45",홈승
2026-08-06T00:07:04+00:00,2026,90,9855,sc,MLS,핸디캡,3,H -1.0,뉴욕레드 2,2 올랜시티,08.02(일) 08:30,"4.00,3.95,1.55",핸디무
2026-08-06T00:07:04+00:00,2026,90,9856,sc,MLS,언더오버,2,U 3.5,뉴욕레드,올랜시티,08.02(일) 08:30,"1.82,1.70",오버
2026-08-06T00:07:04+00:00,2026,90,9857,sc,MLS,홀짝,2,,뉴욕레드,올랜시티,08.02(일) 08:30,"1.76,1.76",홀
2026-08-06T00:07:04+00:00,2026,90,9858,sc,MLS,승무패,3,,필라유니 3,2 애틀유나,08.02(일) 08:30,"1.50,3.85,4.50",홈승
2026-08-06T00:07:04+00:00,2026,90,9859,sc,MLS,핸디캡,3,H -1.0,필라유니 2,2 애틀유나,08.02(일) 08:30,"2.45,3.35,2.26",핸디무
2026-08-06T00:07:04+00:00,2026,90,9860,sc,MLS,언더오버,2,U 2.5,필라유니,애틀유나,08.02(일) 08:30,"2.11,1.51",오버
2026-08-06T00:07:04+00:00,2026,90,9861,sc,MLS,홀짝,2,,필라유니,애틀유나,08.02(일) 08:30,"1.76,1.76",홀
2026-08-06T00:07:04+00:00,2026,90,9862,sc,MLS,승무패,3,,밴쿠화이 1,1 LAFC,08.02(일) 08:30,"1.77,3.75,3.15",무승부
2026-08-06T00:07:04+00:00,2026,90,9863,sc,MLS,핸디캡,3,H -1.0,밴쿠화이 0,1 LAFC,08.02(일) 08:30,"2.85,4.20,1.78",핸디패
2026-08-06T00:07:04+00:00,2026,90,9864,sc,MLS,핸디캡,3,H -2.0,밴쿠화이 -1,1 LAFC,08.02(일) 08:30,"6.00,5.10,1.27",핸디패
2026-08-06T00:07:04+00:00,2026,90,9865,sc,MLS,언더오버,2,U 3.5,밴쿠화이,LAFC,08.02(일) 08:30,"1.54,2.05",언더
2026-08-06T00:07:04+00:00,2026,90,9866,sc,MLS,홀짝,2,,밴쿠화이,LAFC,08.02(일) 08:30,"1.76,1.76",짝
2026-08-06T00:07:04+00:00,2026,90,9867,bs,MLB,승패,2,,콜로로키 12,6 캔자로얄,08.02(일) 09:10,"1.72,1.80",홈승
2026-08-06T00:07:04+00:00,2026,90,9868,bs,MLB,승①패,3,승①패,콜로로키 12,6 캔자로얄,08.02(일) 09:10,"2.40,3.50,2.24",홈승
2026-08-06T00:07:04+00:00,2026,90,9869,bs,MLB,핸디캡,2,H -2.5,콜로로키 9.5,6 캔자로얄,08.02(일) 09:10,"3.03,1.24",핸디승
2026-08-06T00:07:04+00:00,2026,90,9870,bs,MLB,언더오버,2,U 11.5,콜로로키,캔자로얄,08.02(일) 09:10,"1.80,1.72",오버
2026-08-06T00:07:04+00:00,2026,90,9871,bs,MLB,홀짝,2,,콜로로키,캔자로얄,08.02(일) 09:10,"1.56,2.02",짝
2026-08-06T00:07:04+00:00,2026,90,9872,sc,MLS,승무패,3,,시카파이 2,1 샬럿FC,08.02(일) 09:30,"1.42,4.50,4.50",홈승
2026-08-06T00:07:04+00:00,2026,90,9873,sc,MLS,핸디캡,3,H -1.0,시카파이 1,1 샬럿FC,08.02(일) 09:30,"2.22,3.55,2.40",핸디무
2026-08-06T00:07:04+00:00,2026,90,9874,sc,MLS,언더오버,2,U 3.5,시카파이,샬럿FC,08.02(일) 09:30,"1.63,1.91",언더
2026-08-06T00:07:04+00:00,2026,90,9875,sc,MLS,홀짝,2,,시카파이,샬럿FC,08.02(일) 09:30,"1.76,1.76",홀
2026-08-06T00:07:04+00:00,2026,90,9876,sc,MLS,승무패,3,,스포캔자 0,2 휴스다이,08.02(일) 09:30,"2.85,3.35,2.00",홈패
2026-08-06T00:07:04+00:00,2026,90,9877,sc,MLS,핸디캡,3,H +1.0,스포캔자 1,2 휴스다이,08.02(일) 09:30,"1.63,3.70,3.75",핸디패
2026-08-06T00:07:04+00:00,2026,90,9878,sc,MLS,언더오버,2,U 2.5,스포캔자,휴스다이,08.02(일) 09:30,"2.11,1.51",언더
2026-08-06T00:07:04+00:00,2026,90,9879,sc,MLS,홀짝,2,,스포캔자,휴스다이,08.02(일) 09:30,"1.76,1.76",짝
2026-08-06T00:07:04+00:00,2026,90,9880,sc,MLS,승무패,3,,미네유나 1,1 샌디에FC,08.02(일) 09:30,"1.87,3.55,3.00",무승부
2026-08-06T00:07:04+00:00,2026,90,9881,sc,MLS,핸디캡,3,H -1.0,미네유나 0,1 샌디에FC,08.02(일) 09:30,"3.30,3.70,1.74",핸디패
2026-08-06T00:07:04+00:00,2026,90,9882,sc,MLS,언더오버,2,U 3.5,미네유나,샌디에FC,08.02(일) 09:30,"1.51,2.11",언더
2026-08-06T00:07:04+00:00,2026,90,9883,sc,MLS,홀짝,2,,미네유나,샌디에FC,08.02(일) 09:30,"1.76,1.76",짝
2026-08-06T00:07:04+00:00,2026,90,9884,sc,MLS,승무패,3,,세인시티 1,1 레알솔트,08.02(일) 09:30,"1.95,3.50,2.85",무승부
2026-08-06T00:07:04+00:00,2026,90,9885,sc,MLS,핸디캡,3,H -1.0,세인시티 0,1 레알솔트,08.02(일) 09:30,"3.50,3.80,1.67",핸디패
2026-08-06T00:07:04+00:00,2026,90,9886,sc,MLS,언더오버,2,U 3.5,세인시티,레알솔트,08.02(일) 09:30,"1.50,2.13",언더
2026-08-06T00:07:04+00:00,2026,90,9887,sc,MLS,홀짝,2,,세인시티,레알솔트,08.02(일) 09:30,"1.76,1.76",짝
2026-08-06T00:07:04+00:00,2026,90,9888,bs,MLB,승패,2,,샌디파드 6,5 샌프자이,08.02(일) 09:40,"1.57,2.00",홈승
2026-08-06T00:07:04+00:00,2026,90,9889,bs,MLB,승①패,3,승①패,샌디파드 6,5 샌프자이,08.02(일) 09:40,"2.18,3.35,2.55",①
2026-08-06T00:07:04+00:00,2026,90,9890,bs,MLB,핸디캡,2,H -2.5,샌디파드 3.5,5 샌프자이,08.02(일) 09:40,"2.97,1.25",핸디패
2026-08-06T00:07:04+00:00,2026,90,9891,bs,MLB,언더오버,2,U 8.5,샌디파드,샌프자이,08.02(일) 09:40,"1.84,1.69",오버
2026-08-06T00:07:04+00:00,2026,90,9892,bs,MLB,홀짝,2,,샌디파드,샌프자이,08.02(일) 09:40,"1.55,2.04",홀
2026-08-06T00:07:04+00:00,2026,90,9893,bs,MLB,승패,2,,LA다저스 2,3 보스레드,08.02(일) 10:10,"1.43,2.29",홈패
2026-08-06T00:07:04+00:00,2026,90,9894,bs,MLB,승①패,3,승①패,LA다저스 2,3 보스레드,08.02(일) 10:10,"1.94,3.45,2.90",①
2026-08-06T00:07:04+00:00,2026,90,9895,bs,MLB,핸디캡,2,H -2.5,LA다저스 -0.5,3 보스레드,08.02(일) 10:10,"2.68,1.31",핸디패
2026-08-06T00:07:04+00:00,2026,90,9896,bs,MLB,언더오버,2,U 8.5,LA다저스,보스레드,08.02(일) 10:10,"1.58,1.99",언더
2026-08-06T00:07:04+00:00,2026,90,9897,bs,MLB,홀짝,2,,LA다저스,보스레드,08.02(일) 10:10,"1.56,2.02",홀
2026-08-06T00:07:04+00:00,2026,90,9898,sc,MLS,승무패,3,,콜로래피 1,0 오스틴FC,08.02(일) 10:30,"1.64,3.55,3.90",홈승
2026-08-06T00:07:04+00:00,2026,90,9899,sc,MLS,핸디캡,3,H -1.0,콜로래피 0,0 오스틴FC,08.02(일) 10:30,"2.80,3.45,1.99",핸디무
2026-08-06T00:07:04+00:00,2026,90,9900,sc,MLS,언더오버,2,U 2.5,콜로래피,오스틴FC,08.02(일) 10:30,"2.09,1.52",언더
2026-08-06T00:07:04+00:00,2026,90,9901,sc,MLS,홀짝,2,,콜로래피,오스틴FC,08.02(일) 10:30,"1.76,1.76",홀
2026-08-06T00:07:04+00:00,2026,90,9902,bs,MLB,승패,2,,LA에인절 1,3 밀워브루,08.02(일) 10:38,"1.89,1.65",홈패
2026-08-06T00:07:04+00:00,2026,90,9903,bs,MLB,승①패,3,승①패,LA에인절 1,3 밀워브루,08.02(일) 10:38,"2.70,3.40,2.06",홈패
2026-08-06T00:07:04+00:00,2026,90,9904,bs,MLB,핸디캡,2,H +2.5,LA에인절 3.5,3 밀워브루,08.02(일) 10:38,"1.32,2.64",핸디승
2026-08-06T00:07:04+00:00,2026,90,9905,bs,MLB,언더오버,2,U 8.5,LA에인절,밀워브루,08.02(일) 10:38,"1.81,1.71",언더
2026-08-06T00:07:04+00:00,2026,90,9906,bs,MLB,홀짝,2,,LA에인절,밀워브루,08.02(일) 10:38,"1.55,2.04",짝
2026-08-06T00:07:04+00:00,2026,90,9907,bs,MLB,승패,2,,애슬레틱 6,8 디트타이,08.02(일) 10:40,"2.13,1.50",홈패
2026-08-06T00:07:04+00:00,2026,90,9908,bs,MLB,승①패,3,승①패,애슬레틱 6,8 디트타이,08.02(일) 10:40,"3.05,3.75,1.80",홈패
2026-08-06T00:07:04+00:00,2026,90,9909,bs,MLB,핸디캡,2,H +2.5,애슬레틱 8.5,8 디트타이,08.02(일) 10:40,"1.47,2.19",핸디승
2026-08-06T00:07:04+00:00,2026,90,9910,bs,MLB,언더오버,2,U 10.5,애슬레틱,디트타이,08.02(일) 10:40,"1.81,1.71",오버
2026-08-06T00:07:04+00:00,2026,90,9911,bs,MLB,홀짝,2,,애슬레틱,디트타이,08.02(일) 10:40,"1.56,2.02",짝
2026-08-06T00:07:04+00:00,2026,90,9912,bs,MLB,전반승무패,3,h(전반),애슬레틱 2,4 디트타이,08.02(일) 10:40,"2.35,6.60,1.75",홈패
2026-08-06T00:07:04+00:00,2026,90,9913,bs,MLB,전반핸디캡,2,h H +1.5,애슬레틱 3.5,4 디트타이,08.02(일) 10:40,"1.39,2.40",핸디패
2026-08-06T00:07:04+00:00,2026,90,9914,bs,MLB,전반언더오버,2,h U 5.5,애슬레틱,디트타이,08.02(일) 10:40,"1.81,1.71",오버
2026-08-06T00:07:04+00:00,2026,90,9915,sc,MLS,승무패,3,,LA갤럭시 0,0 FC댈러스,08.02(일) 11:30,"2.06,3.50,2.65",무승부
2026-08-06T00:07:04+00:00,2026,90,9916,sc,MLS,핸디캡,3,H -1.0,LA갤럭시 -1,0 FC댈러스,08.02(일) 11:30,"3.75,3.90,1.60",핸디패
2026-08-06T00:07:04+00:00,2026,90,9917,sc,MLS,언더오버,2,U 3.5,LA갤럭시,FC댈러스,08.02(일) 11:30,"1.52,2.09",언더
2026-08-06T00:07:04+00:00,2026,90,9918,sc,MLS,홀짝,2,,LA갤럭시,FC댈러스,08.02(일) 11:30,"1.76,1.76",짝
2026-08-06T00:07:04+00:00,2026,90,9919,sc,MLS,승무패,3,,포틀팀버 2,1 시애사운,08.02(일) 11:45,"1.87,3.55,3.00",홈승
2026-08-06T00:07:04+00:00,2026,90,9920,sc,MLS,핸디캡,3,H -1.0,포틀팀버 1,1 시애사운,08.02(일) 11:45,"3.20,3.75,1.75",핸디무
2026-08-06T00:07:04+00:00,2026,90,9921,sc,MLS,언더오버,2,U 3.5,포틀팀버,시애사운,08.02(일) 11:45,"1.61,1.94",언더
2026-08-06T00:07:04+00:00,2026,90,9922,sc,MLS,홀짝,2,,포틀팀버,시애사운,08.02(일) 11:45,"1.76,1.76",홀
2026-08-06T00:07:04+00:00,2026,90,9923,bs,NPB,승패,2,,닛폰햄 3,0 지바롯데,08.02(일) 13:00,"1.50,2.13",홈승
2026-08-06T00:07:04+00:00,2026,90,9924,bs,NPB,승①패,3,승①패,닛폰햄 3,0 지바롯데,08.02(일) 13:00,"2.21,2.80,2.95",홈승
2026-08-06T00:07:04+00:00,2026,90,9925,bs,NPB,핸디캡,2,H -2.5,닛폰햄 0.5,0 지바롯데,08.02(일) 13:00,"2.97,1.25",핸디승
2026-08-06T00:07:04+00:00,2026,90,9926,bs,NPB,언더오버,2,U 7.5,닛폰햄,지바롯데,08.02(일) 13:00,"1.78,1.74",언더
2026-08-06T00:07:04+00:00,2026,90,9927,bs,NPB,홀짝,2,,닛폰햄,지바롯데,08.02(일) 13:00,"1.61,1.94",홀
2026-08-06T00:07:04+00:00,2026,90,9928,bs,KBO,승패,2,,키움 5,3 SSG,08.02(일) 14:00,"2.40,1.39",홈승
2026-08-06T00:07:04+00:00,2026,90,9929,bs,KBO,승①패,3,승①패,키움 5,3 SSG,08.02(일) 14:00,"3.65,3.40,1.72",홈승
2026-08-06T00:07:04+00:00,2026,90,9930,bs,KBO,핸디캡,2,H +2.5,키움 7.5,3 SSG,08.02(일) 14:00,"1.48,2.17",핸디승
2026-08-06T00:07:04+00:00,2026,90,9931,bs,KBO,언더오버,2,U 8.5,키움,SSG,08.02(일) 14:00,"1.74,1.78",언더
2026-08-06T00:07:04+00:00,2026,90,9932,bs,KBO,홀짝,2,,키움,SSG,08.02(일) 14:00,"1.59,1.97",짝
2026-08-06T00:07:04+00:00,2026,90,9933,bs,KBO,전반승무패,3,h(전반),키움 3,2 SSG,08.02(일) 14:00,"2.75,6.10,1.61",홈승
2026-08-06T00:07:04+00:00,2026,90,9934,bs,KBO,전반핸디캡,2,h H +1.5,키움 4.5,2 SSG,08.02(일) 14:00,"1.49,2.15",핸디승
2026-08-06T00:07:04+00:00,2026,90,9935,bs,KBO,전반언더오버,2,h U 4.5,키움,SSG,08.02(일) 14:00,"1.71,1.81",오버
2026-08-06T00:07:04+00:00,2026,90,9936,bs,NPB,승패,2,,요미우리 1,2 요코베이,08.02(일) 14:00,"1.67,1.86",홈패
2026-08-06T00:07:04+00:00,2026,90,9937,bs,NPB,승①패,3,승①패,요미우리 1,2 요코베이,08.02(일) 14:00,"2.65,2.65,2.54",①
2026-08-06T00:07:04+00:00,2026,90,9938,bs,NPB,핸디캡,2,H -2.5,요미우리 -1.5,2 요코베이,08.02(일) 14:00,"3.65,1.16",핸디패
2026-08-06T00:07:04+00:00,2026,90,9939,bs,NPB,언더오버,2,U 6.5,요미우리,요코베이,08.02(일) 14:00,"1.71,1.81",언더
2026-08-06T00:07:04+00:00,2026,90,9940,bs,NPB,홀짝,2,,요미우리,요코베이,08.02(일) 14:00,"1.61,1.94",홀
2026-08-06T00:07:04+00:00,2026,90,9941,bs,NPB,승패,2,,라쿠텐 6,10 소프트뱅,08.02(일) 16:00,"2.31,1.42",홈패
2026-08-06T00:07:04+00:00,2026,90,9942,bs,NPB,승①패,3,승①패,라쿠텐 6,10 소프트뱅,08.02(일) 16:00,"3.95,3.20,1.71",홈패
2026-08-06T00:07:04+00:00,2026,90,9943,bs,NPB,핸디캡,2,H +2.5,라쿠텐 8.5,10 소프트뱅,08.02(일) 16:00,"1.42,2.31",핸디패
2026-08-06T00:07:04+00:00,2026,90,9944,bs,NPB,언더오버,2,U 7.5,라쿠텐,소프트뱅,08.02(일) 16:00,"1.72,1.80",오버
2026-08-06T00:07:04+00:00,2026,90,9945,bs,NPB,홀짝,2,,라쿠텐,소프트뱅,08.02(일) 16:00,"1.61,1.94",짝
2026-08-06T00:07:04+00:00,2026,90,9946,vl,남배네이,승패,2,,일본M 1,3 슬로베M,08.02(일) 16:40,"1.27,2.87",홈패
2026-08-06T00:07:04+00:00,2026,90,9947,vl,남배네이,핸디캡,2,H -1.5,일본M -0.5,3 슬로베M,08.02(일) 16:40,"1.70,1.82",핸디패
2026-08-06T00:07:04+00:00,2026,90,9948,vl,남배네이,언더오버,2,U 183.5,일본M,슬로베M,08.02(일) 16:40,"1.81,1.71",오버
2026-08-06T00:07:04+00:00,2026,90,9949,vl,남배네이,홀짝,2,,일본M,슬로베M,08.02(일) 16:40,"1.76,1.76",짝
2026-08-06T00:07:04+00:00,2026,90,9950,bs,NPB,승패,2,,세이부 5,1 오릭스,08.02(일) 17:00,"1.49,2.15",홈승
2026-08-06T00:07:04+00:00,2026,90,9951,bs,NPB,승①패,3,승①패,세이부 5,1 오릭스,08.02(일) 17:00,"2.25,2.65,3.05",홈승
2026-08-06T00:07:04+00:00,2026,90,9952,bs,NPB,핸디캡,2,H -2.5,세이부 2.5,1 오릭스,08.02(일) 17:00,"2.97,1.25",핸디승
2026-08-06T00:07:04+00:00,2026,90,9953,bs,NPB,언더오버,2,U 6.5,세이부,오릭스,08.02(일) 17:00,"1.78,1.74",언더
2026-08-06T00:07:04+00:00,2026,90,9954,bs,NPB,홀짝,2,,세이부,오릭스,08.02(일) 17:00,"1.61,1.94",짝
2026-08-06T00:07:04+00:00,2026,90,9955,bs,KBO,승패,2,,두산 8,3 LG,08.02(일) 18:00,"1.77,1.75",홈승
2026-08-06T00:07:04+00:00,2026,90,9956,bs,KBO,승①패,3,승①패,두산 8,3 LG,08.02(일) 18:00,"2.60,3.10,2.26",홈승
2026-08-06T00:07:04+00:00,2026,90,9957,bs,KBO,핸디캡,2,H +2.5,두산 10.5,3 LG,08.02(일) 18:00,"1.24,3.03",핸디승
2026-08-06T00:07:04+00:00,2026,90,9958,bs,KBO,언더오버,2,U 7.5,두산,LG,08.02(일) 18:00,"1.87,1.66",오버
2026-08-06T00:07:04+00:00,2026,90,9959,bs,KBO,홀짝,2,,두산,LG,08.02(일) 18:00,"1.59,1.97",홀
2026-08-06T00:07:04+00:00,2026,90,9960,bs,KBO,전반승무패,3,h(전반),두산 6,3 LG,08.02(일) 18:00,"2.15,5.00,2.06",홈승
2026-08-06T00:07:04+00:00,2026,90,9961,bs,KBO,전반핸디캡,2,h H +1.5,두산 7.5,3 LG,08.02(일) 18:00,"1.27,2.87",핸디승
2026-08-06T00:07:04+00:00,2026,90,9962,bs,KBO,전반언더오버,2,h U 4.5,두산,LG,08.02(일) 18:00,"1.64,1.90",오버
2026-08-06T00:07:04+00:00,2026,90,9971,bs,KBO,승패,2,,KT 12,1 한화,08.02(일) 18:00,"1.69,1.84",홈승
2026-08-06T00:07:04+00:00,2026,90,9972,bs,KBO,승①패,3,승①패,KT 12,1 한화,08.02(일) 18:00,"2.35,3.40,2.33",홈승
2026-08-06T00:07:04+00:00,2026,90,9973,bs,KBO,핸디캡,2,H -2.5,KT 9.5,1 한화,08.02(일) 18:00,"3.03,1.24",핸디승
2026-08-06T00:07:04+00:00,2026,90,9974,bs,KBO,언더오버,2,U 9.5,KT,한화,08.02(일) 18:00,"1.73,1.79",오버
2026-08-06T00:07:04+00:00,2026,90,9975,bs,KBO,홀짝,2,,KT,한화,08.02(일) 18:00,"1.58,1.99",홀
2026-08-06T00:07:04+00:00,2026,90,9976,bs,KBO,전반승무패,3,h(전반),KT 1,0 한화,08.02(일) 18:00,"2.00,5.80,2.10",홈승
2026-08-06T00:07:04+00:00,2026,90,9977,bs,KBO,전반핸디캡,2,h H -1.5,KT -0.5,0 한화,08.02(일) 18:00,"2.72,1.30",핸디패
2026-08-06T00:07:04+00:00,2026,90,9978,bs,KBO,전반언더오버,2,h U 5.5,KT,한화,08.02(일) 18:00,"1.65,1.89",언더
2026-08-06T00:07:04+00:00,2026,90,9979,bs,KBO,승패,2,,NC,KIA,08.02(일) 18:00,"1.00,1.00",취소
2026-08-06T00:07:04+00:00,2026,90,9980,bs,KBO,승①패,3,승①패,NC,KIA,08.02(일) 18:00,"1.00,1.00,1.00",취소
2026-08-06T00:07:04+00:00,2026,90,9981,bs,KBO,핸디캡,2,H -2.5,NC,KIA,08.02(일) 18:00,"1.00,1.00",취소
2026-08-06T00:07:04+00:00,2026,90,9982,bs,KBO,언더오버,2,U 9.5,NC,KIA,08.02(일) 18:00,"1.00,1.00",취소
2026-08-06T00:07:04+00:00,2026,90,9983,bs,KBO,홀짝,2,,NC,KIA,08.02(일) 18:00,"1.00,1.00",취소
2026-08-06T00:07:04+00:00,2026,90,9984,bs,KBO,전반승무패,3,h(전반),NC,KIA,08.02(일) 18:00,"1.00,1.00,1.00",취소
2026-08-06T00:07:04+00:00,2026,90,9985,bs,KBO,전반핸디캡,2,h H -1.5,NC,KIA,08.02(일) 18:00,"1.00,1.00",취소
2026-08-06T00:07:04+00:00,2026,90,9986,bs,KBO,전반언더오버,2,h U 5.5,NC,KIA,08.02(일) 18:00,"1.00,1.00",취소
2026-08-06T00:07:04+00:00,2026,90,9987,bs,NPB,승패,2,,야쿠르트 3,4 한신,08.02(일) 18:00,"2.24,1.45",홈패
2026-08-06T00:07:04+00:00,2026,90,9988,bs,NPB,승①패,3,승①패,야쿠르트 3,4 한신,08.02(일) 18:00,"3.80,2.90,1.85",①
2026-08-06T00:07:04+00:00,2026,90,9989,bs,NPB,핸디캡,2,H +2.5,야쿠르트 5.5,4 한신,08.02(일) 18:00,"1.37,2.46",핸디승
2026-08-06T00:07:04+00:00,2026,90,9990,bs,NPB,언더오버,2,U 8.5,야쿠르트,한신,08.02(일) 18:00,"1.76,1.76",언더
2026-08-06T00:07:04+00:00,2026,90,9991,bs,NPB,홀짝,2,,야쿠르트,한신,08.02(일) 18:00,"1.61,1.94",홀
2026-08-06T00:07:04+00:00,2026,90,9992,bs,NPB,승패,2,,히로카프 4,3 주니치,08.02(일) 18:00,"1.73,1.79",홈승
2026-08-06T00:07:04+00:00,2026,90,9993,bs,NPB,승①패,3,승①패,히로카프 4,3 주니치,08.02(일) 18:00,"2.70,2.75,2.41",①
2026-08-06T00:07:04+00:00,2026,90,9994,bs,NPB,핸디캡,2,H -2.5,히로카프 1.5,3 주니치,08.02(일) 18:00,"3.75,1.15",핸디패
2026-08-06T00:07:04+00:00,2026,90,9995,bs,NPB,언더오버,2,U 7.5,히로카프,주니치,08.02(일) 18:00,"1.70,1.82",언더
2026-08-06T00:07:04+00:00,2026,90,9996,bs,NPB,홀짝,2,,히로카프,주니치,08.02(일) 18:00,"1.61,1.94",홀
2026-08-06T00:07:04+00:00,2026,90,9963,bs,KBO,승패,2,,롯데 10,7 삼성,08.02(일) 18:30,"2.09,1.52",홈승
2026-08-06T00:07:04+00:00,2026,90,9964,bs,KBO,승①패,3,승①패,롯데 10,7 삼성,08.02(일) 18:30,"3.10,3.70,1.80",홈승
2026-08-06T00:07:04+00:00,2026,90,9965,bs,KBO,핸디캡,2,H +2.5,롯데 12.5,7 삼성,08.02(일) 18:30,"1.48,2.17",핸디승
2026-08-06T00:07:04+00:00,2026,90,9966,bs,KBO,언더오버,2,U 10.5,롯데,삼성,08.02(일) 18:30,"1.73,1.79",오버
2026-08-06T00:07:04+00:00,2026,90,9967,bs,KBO,홀짝,2,,롯데,삼성,08.02(일) 18:30,"1.58,1.99",홀
2026-08-06T00:07:04+00:00,2026,90,9968,bs,KBO,전반승무패,3,h(전반),롯데 7,0 삼성,08.02(일) 18:30,"2.35,6.30,1.77",홈승
2026-08-06T00:07:04+00:00,2026,90,9969,bs,KBO,전반핸디캡,2,h H +1.5,롯데 8.5,0 삼성,08.02(일) 18:30,"1.48,2.17",핸디승
2026-08-06T00:07:04+00:00,2026,90,9970,bs,KBO,전반언더오버,2,h U 5.5,롯데,삼성,08.02(일) 18:30,"1.86,1.67",오버
2026-08-06T00:07:04+00:00,2026,90,9997,sc,K리그1,승무패,3,,울산HDFC 3,1 FC안양,08.02(일) 19:30,"1.91,3.20,3.20",홈승
2026-08-06T00:07:04+00:00,2026,90,9998,sc,K리그1,핸디캡,3,H -1.0,울산HDFC 2,1 FC안양,08.02(일) 19:30,"3.80,3.25,1.73",핸디승
2026-08-06T00:07:04+00:00,2026,90,9999,sc,K리그1,핸디캡,3,H -2.0,울산HDFC 1,1 FC안양,08.02(일) 19:30,"7.30,5.20,1.22",핸디무
2026-08-06T00:07:04+00:00,2026,90,0001,sc,K리그1,언더오버,2,U 2.5,울산HDFC,FC안양,08.02(일) 19:30,"1.96,1.60",오버
2026-08-06T00:07:04+00:00,2026,90,0002,sc,K리그1,홀짝,2,,울산HDFC,FC안양,08.02(일) 19:30,"1.77,1.75",짝
2026-08-06T00:07:04+00:00,2026,90,0003,sc,K리그1,전반승무패,3,h(전반),울산HDFC 0,0 FC안양,08.02(일) 19:30,"2.35,2.17,3.80",무승부
2026-08-06T00:07:04+00:00,2026,90,0004,sc,K리그1,전반핸디캡,3,h H -1.0,울산HDFC -1,0 FC안양,08.02(일) 19:30,"6.40,3.45,1.42",핸디패
2026-08-06T00:07:04+00:00,2026,90,0005,sc,K리그1,전반언더오버,2,h U 1.5,울산HDFC,FC안양,08.02(일) 19:30,"1.38,2.43",언더
2026-08-06T00:07:04+00:00,2026,90,0006,sc,K리그1,승무패,3,,대전하나 2,0 광주FC,08.02(일) 19:30,"1.45,3.60,5.50",홈승
2026-08-06T00:07:04+00:00,2026,90,0007,sc,K리그1,핸디캡,3,H -1.0,대전하나 1,0 광주FC,08.02(일) 19:30,"2.45,3.10,2.39",핸디승
2026-08-06T00:07:04+00:00,2026,90,0008,sc,K리그1,핸디캡,3,H -2.0,대전하나 0,0 광주FC,08.02(일) 19:30,"4.65,3.95,1.47",핸디무
2026-08-06T00:07:04+00:00,2026,90,0009,sc,K리그1,언더오버,2,U 2.5,대전하나,광주FC,08.02(일) 19:30,"1.89,1.65",언더
2026-08-06T00:07:04+00:00,2026,90,0010,sc,K리그1,홀짝,2,,대전하나,광주FC,08.02(일) 19:30,"1.77,1.75",짝
2026-08-06T00:07:04+00:00,2026,90,0011,sc,K리그1,전반승무패,3,h(전반),대전하나 0,0 광주FC,08.02(일) 19:30,"1.95,2.20,5.50",무승부
2026-08-06T00:07:04+00:00,2026,90,0012,sc,K리그1,전반핸디캡,3,h H -1.0,대전하나 -1,0 광주FC,08.02(일) 19:30,"4.55,3.05,1.66",핸디패
2026-08-06T00:07:04+00:00,2026,90,0013,sc,K리그1,전반언더오버,2,h U 1.5,대전하나,광주FC,08.02(일) 19:30,"1.39,2.40",언더
2026-08-06T00:07:04+00:00,2026,90,0014,sc,K리그1,승무패,3,,제주SKFC 3,3 인천유나,08.02(일) 19:30,"2.75,2.85,2.30",무승부
2026-08-06T00:07:04+00:00,2026,90,0015,sc,K리그1,핸디캡,3,H +1.0,제주SKFC 4,3 인천유나,08.02(일) 19:30,"1.48,3.60,5.10",핸디승
2026-08-06T00:07:04+00:00,2026,90,0016,sc,K리그1,핸디캡,3,H +2.0,제주SKFC 5,3 인천유나,08.02(일) 19:30,"1.07,7.00,14.00",핸디승
2026-08-06T00:07:04+00:00,2026,90,0017,sc,K리그1,언더오버,2,U 2.5,제주SKFC,인천유나,08.02(일) 19:30,"1.47,2.19",오버
2026-08-06T00:07:04+00:00,2026,90,0018,sc,K리그1,홀짝,2,,제주SKFC,인천유나,08.02(일) 19:30,"1.78,1.74",짝
2026-08-06T00:07:04+00:00,2026,90,0019,sc,K리그1,전반승무패,3,h(전반),제주SKFC 2,2 인천유나,08.02(일) 19:30,"3.60,1.80,3.15",무승부
2026-08-06T00:07:04+00:00,2026,90,0020,sc,K리그1,전반핸디캡,3,h H +1.0,제주SKFC 3,2 인천유나,08.02(일) 19:30,"1.24,4.05,10.50",핸디승
2026-08-06T00:07:04+00:00,2026,90,0021,sc,K리그1,전반언더오버,2,h U 1.5,제주SKFC,인천유나,08.02(일) 19:30,"1.23,3.09",오버
2026-08-06T00:07:04+00:00,2026,90,0022,sc,K리그2,승무패,3,,부산아이 1,2 서울이랜,08.02(일) 19:30,"2.50,3.15,2.31",홈패
2026-08-06T00:07:04+00:00,2026,90,0023,sc,K리그2,핸디캡,3,H +1.0,부산아이 2,2 서울이랜,08.02(일) 19:30,"1.50,3.80,4.55",핸디무
2026-08-06T00:07:04+00:00,2026,90,0024,sc,K리그2,언더오버,2,U 2.5,부산아이,서울이랜,08.02(일) 19:30,"2.09,1.52",오버
2026-08-06T00:07:04+00:00,2026,90,0025,sc,K리그2,홀짝,2,,부산아이,서울이랜,08.02(일) 19:30,"1.76,1.76",홀
2026-08-06T00:07:04+00:00,2026,90,0026,sc,K리그2,승무패,3,,김포FC 1,1 경남FC,08.02(일) 19:30,"1.95,2.85,3.50",무승부
2026-08-06T00:07:04+00:00,2026,90,0027,sc,K리그2,핸디캡,3,H -1.0,김포FC 0,1 경남FC,08.02(일) 19:30,"3.85,3.25,1.72",핸디패
2026-08-06T00:07:04+00:00,2026,90,0028,sc,K리그2,언더오버,2,U 2.5,김포FC,경남FC,08.02(일) 19:30,"1.57,2.00",언더
2026-08-06T00:07:04+00:00,2026,90,0029,sc,K리그2,홀짝,2,,김포FC,경남FC,08.02(일) 19:30,"1.77,1.75",짝
2026-08-06T00:07:04+00:00,2026,90,0030,sc,K리그2,승무패,3,,전남드래 1,2 파주프런,08.02(일) 19:30,"2.07,3.10,2.90",홈패
2026-08-06T00:07:04+00:00,2026,90,0031,sc,K리그2,핸디캡,3,H -1.0,전남드래 0,2 파주프런,08.02(일) 19:30,"4.15,3.45,1.62",핸디패
2026-08-06T00:07:04+00:00,2026,90,0032,sc,K리그2,언더오버,2,U 2.5,전남드래,파주프런,08.02(일) 19:30,"1.81,1.71",오버
2026-08-06T00:07:04+00:00,2026,90,0033,sc,K리그2,홀짝,2,,전남드래,파주프런,08.02(일) 19:30,"1.77,1.75",홀
2026-08-06T00:07:04+00:00,2026,90,0034,sc,K리그2,승무패,3,,안산그리 2,2 김해FC,08.02(일) 19:30,"2.39,3.10,2.45",무승부
2026-08-06T00:07:04+00:00,2026,90,0035,sc,K리그2,핸디캡,3,H -1.0,안산그리 1,2 김해FC,08.02(일) 19:30,"5.10,3.85,1.44",핸디패
2026-08-06T00:07:04+00:00,2026,90,0036,sc,K리그2,언더오버,2,U 2.5,안산그리,김해FC,08.02(일) 19:30,"1.77,1.75",오버
2026-08-06T00:07:04+00:00,2026,90,0037,sc,K리그2,홀짝,2,,안산그리,김해FC,08.02(일) 19:30,"1.77,1.75",짝
2026-08-06T00:07:04+00:00,2026,90,0038,vl,남배네이,승패,2,,미국M 2,3 폴란드M,08.02(일) 20:30,"2.68,1.31",홈패
2026-08-06T00:07:04+00:00,2026,90,0039,vl,남배네이,핸디캡,2,H +1.5,미국M 3.5,3 폴란드M,08.02(일) 20:30,"1.76,1.76",핸디승
2026-08-06T00:07:04+00:00,2026,90,0040,vl,남배네이,언더오버,2,U 183.5,미국M,폴란드M,08.02(일) 20:30,"1.81,1.71",오버
2026-08-06T00:07:04+00:00,2026,90,0041,vl,남배네이,홀짝,2,,미국M,폴란드M,08.02(일) 20:30,"1.76,1.76",홀
2026-08-06T00:07:04+00:00,2026,90,0042,sc,엘리테세,승무패,3,,KFUM카메 2,1 크리스티,08.03(월) 00:00,"1.60,3.55,4.10",홈승
2026-08-06T00:07:04+00:00,2026,90,0043,sc,엘리테세,핸디캡,3,H -1.0,KFUM카메 1,1 크리스티,08.03(월) 00:00,"2.70,3.40,2.06",핸디무
2026-08-06T00:07:04+00:00,2026,90,0044,sc,엘리테세,언더오버,2,U 2.5,KFUM카메,크리스티,08.03(월) 00:00,"2.02,1.56",오버
2026-08-06T00:07:04+00:00,2026,90,0045,sc,엘리테세,홀짝,2,,KFUM카메,크리스티,08.03(월) 00:00,"1.76,1.76",홀
2026-08-06T00:07:04+00:00,2026,90,0046,sc,엘리테세,승무패,3,,몰데FK 3,3 사릅스보,08.03(월) 00:00,"1.52,3.95,4.20",무승부
2026-08-06T00:07:04+00:00,2026,90,0047,sc,엘리테세,핸디캡,3,H -1.0,몰데FK 2,3 사릅스보,08.03(월) 00:00,"2.40,3.60,2.20",핸디패
2026-08-06T00:07:04+00:00,2026,90,0048,sc,엘리테세,언더오버,2,U 3.5,몰데FK,사릅스보,08.03(월) 00:00,"1.64,1.90",오버
2026-08-06T00:07:04+00:00,2026,90,0049,sc,엘리테세,홀짝,2,,몰데FK,사릅스보,08.03(월) 00:00,"1.76,1.76",짝
2026-08-06T00:07:04+00:00,2026,90,0050,sc,엘리테세,승무패,3,,올레순FK 2,6 트롬쇠IL,08.03(월) 00:00,"3.45,3.35,1.78",홈패
2026-08-06T00:07:04+00:00,2026,90,0051,sc,엘리테세,핸디캡,3,H +1.0,올레순FK 3,6 트롬쇠IL,08.03(월) 00:00,"1.83,3.45,3.20",핸디패
2026-08-06T00:07:04+00:00,2026,90,0052,sc,엘리테세,언더오버,2,U 2.5,올레순FK,트롬쇠IL,08.03(월) 00:00,"1.96,1.60",오버
2026-08-06T00:07:04+00:00,2026,90,0053,sc,엘리테세,홀짝,2,,올레순FK,트롬쇠IL,08.03(월) 00:00,"1.77,1.75",짝
2026-08-06T00:07:04+00:00,2026,90,0054,sc,네슈퍼컵,승무패,3,,PSV 0,4 알크마르,08.03(월) 01:00,"1.44,4.15,4.65",홈패
2026-08-06T00:07:04+00:00,2026,90,0055,sc,네슈퍼컵,핸디캡,3,H -1.0,PSV -1,4 알크마르,08.03(월) 01:00,"2.20,3.60,2.40",핸디패
2026-08-06T00:07:04+00:00,2026,90,0056,sc,네슈퍼컵,언더오버,2,U 3.5,PSV,알크마르,08.03(월) 01:00,"1.73,1.79",오버
2026-08-06T00:07:04+00:00,2026,90,0057,sc,네슈퍼컵,홀짝,2,,PSV,알크마르,08.03(월) 01:00,"1.76,1.76",짝
2026-08-06T00:07:04+00:00,2026,90,0058,sc,엘리테세,승무패,3,,SK브란 3,2 로센보르,08.03(월) 02:15,"1.89,3.55,2.95",홈승
2026-08-06T00:07:04+00:00,2026,90,0059,sc,엘리테세,핸디캡,3,H -1.0,SK브란 2,2 로센보르,08.03(월) 02:15,"3.35,3.65,1.73",핸디무
2026-08-06T00:07:04+00:00,2026,90,0060,sc,엘리테세,언더오버,2,U 3.5,SK브란,로센보르,08.03(월) 02:15,"1.57,2.00",오버
2026-08-06T00:07:04+00:00,2026,90,0061,sc,엘리테세,홀짝,2,,SK브란,로센보르,08.03(월) 02:15,"1.76,1.76",홀
2026-08-06T00:07:04+00:00,2026,90,0062,bs,MLB,승패,2,,볼티오리 0,8 필라필리,08.03(월) 02:35,"2.00,1.57",홈패
2026-08-06T00:07:04+00:00,2026,90,0063,bs,MLB,승①패,3,승①패,볼티오리 0,8 필라필리,08.03(월) 02:35,"3.05,3.25,1.95",홈패
2026-08-06T00:07:04+00:00,2026,90,0064,bs,MLB,핸디캡,2,H +2.5,볼티오리 2.5,8 필라필리,08.03(월) 02:35,"1.33,2.60",핸디패
2026-08-06T00:07:04+00:00,2026,90,0065,bs,MLB,언더오버,2,U 7.5,볼티오리,필라필리,08.03(월) 02:35,"1.77,1.75",오버
2026-08-06T00:07:04+00:00,2026,90,0066,bs,MLB,홀짝,2,,볼티오리,필라필리,08.03(월) 02:35,"1.55,2.04",짝
2026-08-06T00:07:04+00:00,2026,90,0067,bs,MLB,승패,2,,애틀브레 4,2 워싱내셔,08.03(월) 02:35,"1.64,1.90",홈승
2026-08-06T00:07:04+00:00,2026,90,0068,bs,MLB,승①패,3,승①패,애틀브레 4,2 워싱내셔,08.03(월) 02:35,"2.33,3.30,2.40",홈승
2026-08-06T00:07:04+00:00,2026,90,0069,bs,MLB,핸디캡,2,H -2.5,애틀브레 1.5,2 워싱내셔,08.03(월) 02:35,"3.16,1.22",핸디패
2026-08-06T00:07:04+00:00,2026,90,0070,bs,MLB,언더오버,2,U 8.5,애틀브레,워싱내셔,08.03(월) 02:35,"1.80,1.72",언더
2026-08-06T00:07:04+00:00,2026,90,0071,bs,MLB,홀짝,2,,애틀브레,워싱내셔,08.03(월) 02:35,"1.55,2.04",짝
2026-08-06T00:07:04+00:00,2026,90,0072,bs,MLB,승패,2,,토론블루 1,5 세인카디,08.03(월) 02:37,"1.71,1.81",홈패
2026-08-06T00:07:04+00:00,2026,90,0073,bs,MLB,승①패,3,승①패,토론블루 1,5 세인카디,08.03(월) 02:37,"2.40,3.35,2.30",홈패
2026-08-06T00:07:04+00:00,2026,90,0074,bs,MLB,핸디캡,2,H -2.5,토론블루 -1.5,5 세인카디,08.03(월) 02:37,"3.38,1.19",핸디패
2026-08-06T00:07:04+00:00,2026,90,0075,bs,MLB,언더오버,2,U 9.5,토론블루,세인카디,08.03(월) 02:37,"1.61,1.94",언더
2026-08-06T00:07:04+00:00,2026,90,0076,bs,MLB,홀짝,2,,토론블루,세인카디,08.03(월) 02:37,"1.55,2.04",짝
2026-08-06T00:07:04+00:00,2026,90,0077,bs,MLB,승패,2,,탬파레이 1,9 시카화이,08.03(월) 02:40,"1.52,2.09",홈패
2026-08-06T00:07:04+00:00,2026,90,0078,bs,MLB,승①패,3,승①패,탬파레이 1,9 시카화이,08.03(월) 02:40,"2.10,3.30,2.70",홈패
2026-08-06T00:07:04+00:00,2026,90,0079,bs,MLB,핸디캡,2,H -2.5,탬파레이 -1.5,9 시카화이,08.03(월) 02:40,"2.87,1.27",핸디패
2026-08-06T00:07:04+00:00,2026,90,0080,bs,MLB,언더오버,2,U 7.5,탬파레이,시카화이,08.03(월) 02:40,"1.78,1.74",오버
2026-08-06T00:07:04+00:00,2026,90,0081,bs,MLB,홀짝,2,,탬파레이,시카화이,08.03(월) 02:40,"1.55,2.04",짝
2026-08-06T00:07:04+00:00,2026,90,0082,bs,MLB,승패,2,,뉴욕메츠 0,2 마이말린,08.03(월) 02:40,"1.90,1.64",홈패
2026-08-06T00:07:04+00:00,2026,90,0083,bs,MLB,승①패,3,승①패,뉴욕메츠 0,2 마이말린,08.03(월) 02:40,"2.75,3.40,2.03",홈패
2026-08-06T00:07:04+00:00,2026,90,0084,bs,MLB,핸디캡,2,H +2.5,뉴욕메츠 2.5,2 마이말린,08.03(월) 02:40,"1.28,2.82",핸디승
2026-08-06T00:07:04+00:00,2026,90,0085,bs,MLB,언더오버,2,U 8.5,뉴욕메츠,마이말린,08.03(월) 02:40,"1.81,1.71",언더
2026-08-06T00:07:04+00:00,2026,90,0086,bs,MLB,홀짝,2,,뉴욕메츠,마이말린,08.03(월) 02:40,"1.55,2.04",짝
2026-08-06T00:07:04+00:00,2026,90,0087,bs,MLB,승패,2,,클리가디 5,0 애리다이,08.03(월) 02:40,"1.54,2.05",홈승
2026-08-06T00:07:04+00:00,2026,90,0088,bs,MLB,승①패,3,승①패,클리가디 5,0 애리다이,08.03(월) 02:40,"2.15,3.25,2.65",홈승
2026-08-06T00:07:04+00:00,2026,90,0089,bs,MLB,핸디캡,2,H -2.5,클리가디 2.5,0 애리다이,08.03(월) 02:40,"2.92,1.26",핸디승
2026-08-06T00:07:04+00:00,2026,90,0090,bs,MLB,언더오버,2,U 7.5,클리가디,애리다이,08.03(월) 02:40,"1.87,1.66",언더
2026-08-06T00:07:04+00:00,2026,90,0091,bs,MLB,홀짝,2,,클리가디,애리다이,08.03(월) 02:40,"1.55,2.04",홀
2026-08-06T00:07:04+00:00,2026,90,0092,bs,MLB,승패,2,,신시레즈 10,2 피츠파이,08.03(월) 02:40,"1.50,2.13",홈승
2026-08-06T00:07:04+00:00,2026,90,0093,bs,MLB,승①패,3,승①패,신시레즈 10,2 피츠파이,08.03(월) 02:40,"2.05,3.35,2.75",홈승
2026-08-06T00:07:04+00:00,2026,90,0094,bs,MLB,핸디캡,2,H -2.5,신시레즈 7.5,2 피츠파이,08.03(월) 02:40,"2.77,1.29",핸디승
2026-08-06T00:07:04+00:00,2026,90,0095,bs,MLB,언더오버,2,U 8.5,신시레즈,피츠파이,08.03(월) 02:40,"1.66,1.87",오버
2026-08-06T00:07:04+00:00,2026,90,0096,bs,MLB,홀짝,2,,신시레즈,피츠파이,08.03(월) 02:40,"1.55,2.04",짝
2026-08-06T00:07:04+00:00,2026,90,0097,bs,MLB,승패,2,,휴스애스 7,3 텍사레인,08.03(월) 03:10,"1.63,1.91",홈승
2026-08-06T00:07:04+00:00,2026,90,0098,bs,MLB,승①패,3,승①패,휴스애스 7,3 텍사레인,08.03(월) 03:10,"2.28,3.30,2.45",홈승
2026-08-06T00:07:04+00:00,2026,90,0099,bs,MLB,핸디캡,2,H -2.5,휴스애스 4.5,3 텍사레인,08.03(월) 03:10,"3.16,1.22",핸디승
2026-08-06T00:07:04+00:00,2026,90,0100,bs,MLB,언더오버,2,U 8.5,휴스애스,텍사레인,08.03(월) 03:10,"1.81,1.71",오버
2026-08-06T00:07:04+00:00,2026,90,0101,bs,MLB,홀짝,2,,휴스애스,텍사레인,08.03(월) 03:10,"1.55,2.04",짝
2026-08-06T00:07:04+00:00,2026,90,0102,bs,MLB,승패,2,,시카컵스 1,2 뉴욕양키,08.03(월) 03:20,"1.93,1.62",홈패
2026-08-06T00:07:04+00:00,2026,90,0103,bs,MLB,승①패,3,승①패,시카컵스 1,2 뉴욕양키,08.03(월) 03:20,"2.95,3.05,2.07",①
2026-08-06T00:07:04+00:00,2026,90,0104,bs,MLB,핸디캡,2,H +2.5,시카컵스 3.5,2 뉴욕양키,08.03(월) 03:20,"1.29,2.77",핸디승
2026-08-06T00:07:04+00:00,2026,90,0105,bs,MLB,언더오버,2,U 6.5,시카컵스,뉴욕양키,08.03(월) 03:20,"1.78,1.74",언더
2026-08-06T00:07:04+00:00,2026,90,0106,bs,MLB,홀짝,2,,시카컵스,뉴욕양키,08.03(월) 03:20,"1.54,2.05",홀
2026-08-06T00:07:04+00:00,2026,90,0107,bs,MLB,승패,2,,콜로로키 8,1 캔자로얄,08.03(월) 04:10,"1.77,1.75",홈승
2026-08-06T00:07:04+00:00,2026,90,0108,bs,MLB,승①패,3,승①패,콜로로키 8,1 캔자로얄,08.03(월) 04:10,"2.50,3.50,2.16",홈승
2026-08-06T00:07:04+00:00,2026,90,0109,bs,MLB,핸디캡,2,H +2.5,콜로로키 10.5,1 캔자로얄,08.03(월) 04:10,"1.28,2.82",핸디승
2026-08-06T00:07:04+00:00,2026,90,0110,bs,MLB,언더오버,2,U 12.5,콜로로키,캔자로얄,08.03(월) 04:10,"1.68,1.85",언더
2026-08-06T00:07:04+00:00,2026,90,0111,bs,MLB,홀짝,2,,콜로로키,캔자로얄,08.03(월) 04:10,"1.56,2.02",홀
2026-08-06T00:07:04+00:00,2026,90,0112,bs,MLB,승패,2,,LA에인절 3,0 밀워브루,08.03(월) 04:15,"2.82,1.28",홈승
2026-08-06T00:07:04+00:00,2026,90,0113,bs,MLB,승①패,3,승①패,LA에인절 3,0 밀워브루,08.03(월) 04:15,"4.75,3.50,1.53",홈승
2026-08-06T00:07:04+00:00,2026,90,0114,bs,MLB,핸디캡,2,H +2.5,LA에인절 5.5,0 밀워브루,08.03(월) 04:15,"1.61,1.94",핸디승
2026-08-06T00:07:04+00:00,2026,90,0115,bs,MLB,언더오버,2,U 7.5,LA에인절,밀워브루,08.03(월) 04:15,"1.70,1.82",언더
2026-08-06T00:07:04+00:00,2026,90,0116,bs,MLB,홀짝,2,,LA에인절,밀워브루,08.03(월) 04:15,"1.57,2.00",홀
2026-08-06T00:07:04+00:00,2026,90,0117,sc,축클럽친,승무패,3,,리버풀 2,4 리즈U,08.03(월) 05:00,"1.58,3.80,3.95",홈패
2026-08-06T00:07:04+00:00,2026,90,0118,sc,축클럽친,핸디캡,3,H -1.0,리버풀 1,4 리즈U,08.03(월) 05:00,"2.65,3.55,2.04",핸디패
2026-08-06T00:07:04+00:00,2026,90,0119,sc,축클럽친,언더오버,2,U 3.5,리버풀,리즈U,08.03(월) 05:00,"1.56,2.02",오버
2026-08-06T00:07:04+00:00,2026,90,0120,sc,축클럽친,홀짝,2,,리버풀,리즈U,08.03(월) 05:00,"1.76,1.76",짝
2026-08-06T00:07:04+00:00,2026,90,0121,bs,MLB,승패,2,,애슬레틱 0,11 디트타이,08.03(월) 05:05,"1.81,1.71",홈패
2026-08-06T00:07:04+00:00,2026,90,0122,bs,MLB,승①패,3,승①패,애슬레틱 0,11 디트타이,08.03(월) 05:05,"2.60,3.45,2.11",홈패
2026-08-06T00:07:04+00:00,2026,90,0123,bs,MLB,핸디캡,2,H +2.5,애슬레틱 2.5,11 디트타이,08.03(월) 05:05,"1.29,2.77",핸디패
2026-08-06T00:07:04+00:00,2026,90,0124,bs,MLB,언더오버,2,U 11.5,애슬레틱,디트타이,08.03(월) 05:05,"1.60,1.96",언더
2026-08-06T00:07:04+00:00,2026,90,0125,bs,MLB,홀짝,2,,애슬레틱,디트타이,08.03(월) 05:05,"1.56,2.02",홀
2026-08-06T00:07:04+00:00,2026,90,0126,bs,MLB,승패,2,,시애매리 7,6 미네트윈,08.03(월) 05:10,"1.55,2.04",홈승
2026-08-06T00:07:04+00:00,2026,90,0127,bs,MLB,승①패,3,승①패,시애매리 7,6 미네트윈,08.03(월) 05:10,"2.18,3.20,2.65",①
2026-08-06T00:07:04+00:00,2026,90,0128,bs,MLB,핸디캡,2,H -2.5,시애매리 4.5,6 미네트윈,08.03(월) 05:10,"3.03,1.24",핸디패
2026-08-06T00:07:04+00:00,2026,90,0129,bs,MLB,언더오버,2,U 6.5,시애매리,미네트윈,08.03(월) 05:10,"1.96,1.60",오버
2026-08-06T00:07:04+00:00,2026,90,0130,bs,MLB,홀짝,2,,시애매리,미네트윈,08.03(월) 05:10,"1.54,2.05",홀
2026-08-06T00:07:04+00:00,2026,90,0131,bs,MLB,승패,2,,샌디파드 5,4 샌프자이,08.03(월) 05:10,"1.51,2.11",홈승
2026-08-06T00:07:04+00:00,2026,90,0132,bs,MLB,승①패,3,승①패,샌디파드 5,4 샌프자이,08.03(월) 05:10,"2.07,3.30,2.75",①
2026-08-06T00:07:04+00:00,2026,90,0133,bs,MLB,핸디캡,2,H -2.5,샌디파드 2.5,4 샌프자이,08.03(월) 05:10,"2.82,1.28",핸디패
2026-08-06T00:07:04+00:00,2026,90,0134,bs,MLB,언더오버,2,U 7.5,샌디파드,샌프자이,08.03(월) 05:10,"1.87,1.66",오버
2026-08-06T00:07:04+00:00,2026,90,0135,bs,MLB,홀짝,2,,샌디파드,샌프자이,08.03(월) 05:10,"1.55,2.04",홀
2026-08-06T00:07:04+00:00,2026,90,0136,bs,MLB,승패,2,,LA다저스 4,8 보스레드,08.03(월) 08:20,"1.46,2.22",홈패
2026-08-06T00:07:04+00:00,2026,90,0137,bs,MLB,승①패,3,승①패,LA다저스 4,8 보스레드,08.03(월) 08:20,"1.98,3.40,2.85",홈패
2026-08-06T00:07:04+00:00,2026,90,0138,bs,MLB,핸디캡,2,H -2.5,LA다저스 1.5,8 보스레드,08.03(월) 08:20,"2.60,1.33",핸디패
2026-08-06T00:07:04+00:00,2026,90,0139,bs,MLB,언더오버,2,U 8.5,LA다저스,보스레드,08.03(월) 08:20,"1.89,1.65",오버
2026-08-06T00:07:04+00:00,2026,90,0140,bs,MLB,홀짝,2,,LA다저스,보스레드,08.03(월) 08:20,"1.56,2.02",짝
2026-08-06T00:07:04+00:00,2026,90,0141,bs,MLB,전반승무패,3,h(전반),LA다저스 3,5 보스레드,08.03(월) 08:20,"1.65,6.30,2.60",홈패
2026-08-06T00:07:04+00:00,2026,90,0142,bs,MLB,전반핸디캡,2,h H -1.5,LA다저스 1.5,5 보스레드,08.03(월) 08:20,"2.29,1.43",핸디패
2026-08-06T00:07:04+00:00,2026,90,0143,bs,MLB,전반언더오버,2,h U 4.5,LA다저스,보스레드,08.03(월) 08:20,"1.91,1.63",오버
2026-08-06T00:07:04+00:00,2026,90,0149,sc,축ASEA챔,승무패,3,,인도네시 0,3 베트남,08.03(월) 22:30,"2.20,3.15,2.65",홈패
2026-08-06T00:07:04+00:00,2026,90,0150,sc,축ASEA챔,핸디캡,3,H -1.0,인도네시 -1,3 베트남,08.03(월) 22:30,"4.45,3.75,1.52",핸디패
2026-08-06T00:07:04+00:00,2026,90,0151,sc,축ASEA챔,언더오버,2,U 2.5,인도네시,베트남,08.03(월) 22:30,"1.84,1.69",오버
2026-08-06T00:07:04+00:00,2026,90,0152,sc,축ASEA챔,홀짝,2,,인도네시,베트남,08.03(월) 22:30,"1.77,1.75",홀
2026-08-06T00:22:17+00:00,2026,89,9152,bs,MLB,승패,2,,뉴욕메츠,애틀브레,07.29(수) 08:10,"1.00,1.00",취소
2026-08-06T00:22:17+00:00,2026,89,9153,bs,MLB,승①패,3,승①패,뉴욕메츠,애틀브레,07.29(수) 08:10,"1.00,1.00,1.00",취소
2026-08-06T00:22:17+00:00,2026,89,9154,bs,MLB,핸디캡,2,H +2.5,뉴욕메츠,애틀브레,07.29(수) 08:10,"1.00,1.00",취소
2026-08-06T00:22:17+00:00,2026,89,9155,bs,MLB,언더오버,2,U 7.5,뉴욕메츠,애틀브레,07.29(수) 08:10,"1.00,1.00",취소
2026-08-06T00:22:17+00:00,2026,89,9156,bs,MLB,홀짝,2,,뉴욕메츠,애틀브레,07.29(수) 08:10,"1.00,1.00",취소
2026-08-06T00:22:17+00:00,2026,89,9162,bs,MLB,승패,2,,미네트윈 3,2 캔자로얄,07.29(수) 08:40,"1.49,2.15",홈승
2026-08-06T00:22:17+00:00,2026,89,9163,bs,MLB,승①패,3,승①패,미네트윈 3,2 캔자로얄,07.29(수) 08:40,"1.95,3.50,2.85",①
2026-08-06T00:22:17+00:00,2026,89,9164,bs,MLB,핸디캡,2,H -2.5,미네트윈 0.5,2 캔자로얄,07.29(수) 08:40,"2.68,1.31",핸디패
2026-08-06T00:22:17+00:00,2026,89,9165,bs,MLB,언더오버,2,U 9.5,미네트윈,캔자로얄,07.29(수) 08:40,"1.67,1.86",언더
2026-08-06T00:22:17+00:00,2026,89,9166,bs,MLB,홀짝,2,,미네트윈,캔자로얄,07.29(수) 08:40,"1.56,2.02",홀
2026-08-06T00:22:17+00:00,2026,89,9167,bs,MLB,승패,2,,시카화이 2,3 뉴욕양키,07.29(수) 08:40,"2.02,1.56",홈패
2026-08-06T00:22:17+00:00,2026,89,9168,bs,MLB,승①패,3,승①패,시카화이 2,3 뉴욕양키,07.29(수) 08:40,"3.05,3.30,1.93",①
2026-08-06T00:22:17+00:00,2026,89,9169,bs,MLB,핸디캡,2,H +2.5,시카화이 4.5,3 뉴욕양키,07.29(수) 08:40,"1.35,2.53",핸디승
2026-08-06T00:22:17+00:00,2026,89,9170,bs,MLB,언더오버,2,U 8.5,시카화이,뉴욕양키,07.29(수) 08:40,"1.66,1.87",언더
2026-08-06T00:22:17+00:00,2026,89,9171,bs,MLB,홀짝,2,,시카화이,뉴욕양키,07.29(수) 08:40,"1.55,2.04",홀
2026-08-06T00:22:17+00:00,2026,89,9172,bs,MLB,승패,2,,세인카디 2,10 시카컵스,07.29(수) 08:45,"1.78,1.74",홈패
2026-08-06T00:22:17+00:00,2026,89,9173,bs,MLB,승①패,3,승①패,세인카디 2,10 시카컵스,07.29(수) 08:45,"2.60,3.30,2.17",홈패
2026-08-06T00:22:17+00:00,2026,89,9174,bs,MLB,핸디캡,2,H +2.5,세인카디 4.5,10 시카컵스,07.29(수) 08:45,"1.26,2.92",핸디패
2026-08-06T00:22:17+00:00,2026,89,9175,bs,MLB,언더오버,2,U 8.5,세인카디,시카컵스,07.29(수) 08:45,"1.81,1.71",오버
2026-08-06T00:22:17+00:00,2026,89,9176,bs,MLB,홀짝,2,,세인카디,시카컵스,07.29(수) 08:45,"1.55,2.04",짝
2026-08-06T00:22:17+00:00,2026,89,9177,bs,MLB,승패,2,,LA에인절 2,3 휴스애스,07.29(수) 10:38,"1.82,1.70",홈패
2026-08-06T00:22:17+00:00,2026,89,9178,bs,MLB,승①패,3,승①패,LA에인절 2,3 휴스애스,07.29(수) 10:38,"2.60,3.30,2.16",①
2026-08-06T00:22:17+00:00,2026,89,9179,bs,MLB,핸디캡,2,H +2.5,LA에인절 4.5,3 휴스애스,07.29(수) 10:38,"1.25,2.97",핸디승
2026-08-06T00:22:17+00:00,2026,89,9180,bs,MLB,언더오버,2,U 8.5,LA에인절,휴스애스,07.29(수) 10:38,"1.66,1.87",언더
2026-08-06T00:22:17+00:00,2026,89,9181,bs,MLB,홀짝,2,,LA에인절,휴스애스,07.29(수) 10:38,"1.55,2.04",홀
2026-08-06T00:22:17+00:00,2026,89,9182,bs,MLB,승패,2,,샌디파드 8,7 콜로로키,07.29(수) 10:40,"1.38,2.43",홈승
2026-08-06T00:22:17+00:00,2026,89,9183,bs,MLB,승①패,3,승①패,샌디파드 8,7 콜로로키,07.29(수) 10:40,"1.73,3.60,3.40",①
2026-08-06T00:22:17+00:00,2026,89,9184,bs,MLB,핸디캡,2,H -2.5,샌디파드 5.5,7 콜로로키,07.29(수) 10:40,"2.31,1.42",핸디패
2026-08-06T00:22:17+00:00,2026,89,9185,bs,MLB,언더오버,2,U 8.5,샌디파드,콜로로키,07.29(수) 10:40,"1.73,1.79",오버
2026-08-06T00:22:17+00:00,2026,89,9186,bs,MLB,홀짝,2,,샌디파드,콜로로키,07.29(수) 10:40,"1.56,2.02",홀
2026-08-06T00:22:17+00:00,2026,89,9187,bs,MLB,승패,2,,애슬레틱 4,3 보스레드,07.29(수) 10:40,"2.24,1.45",홈승
2026-08-06T00:22:17+00:00,2026,89,9188,bs,MLB,승①패,3,승①패,애슬레틱 4,3 보스레드,07.29(수) 10:40,"3.40,3.55,1.74",①
2026-08-06T00:22:17+00:00,2026,89,9189,bs,MLB,핸디캡,2,H +2.5,애슬레틱 6.5,3 보스레드,07.29(수) 10:40,"1.41,2.34",핸디승
2026-08-06T00:22:17+00:00,2026,89,9190,bs,MLB,언더오버,2,U 9.5,애슬레틱,보스레드,07.29(수) 10:40,"1.84,1.69",언더
2026-08-06T00:22:17+00:00,2026,89,9191,bs,MLB,홀짝,2,,애슬레틱,보스레드,07.29(수) 10:40,"1.56,2.02",홀
2026-08-06T00:22:17+00:00,2026,89,9192,bs,MLB,승패,2,,샌프자이 2,8 밀워브루,07.29(수) 10:45,"2.11,1.51",홈패
2026-08-06T00:22:17+00:00,2026,89,9193,bs,MLB,승①패,3,승①패,샌프자이 2,8 밀워브루,07.29(수) 10:45,"3.25,3.25,1.87",홈패
2026-08-06T00:22:17+00:00,2026,89,9194,bs,MLB,핸디캡,2,H +2.5,샌프자이 4.5,8 밀워브루,07.29(수) 10:45,"1.38,2.43",핸디패
2026-08-06T00:22:17+00:00,2026,89,9195,bs,MLB,언더오버,2,U 7.5,샌프자이,밀워브루,07.29(수) 10:45,"1.73,1.79",오버
2026-08-06T00:22:17+00:00,2026,89,9196,bs,MLB,홀짝,2,,샌프자이,밀워브루,07.29(수) 10:45,"1.55,2.04",짝
2026-08-06T00:22:17+00:00,2026,89,9197,bs,MLB,승패,2,,LA다저스 6,7 시애매리,07.29(수) 11:10,"1.39,2.40",홈패
2026-08-06T00:22:17+00:00,2026,89,9198,bs,MLB,승①패,3,승①패,LA다저스 6,7 시애매리,07.29(수) 11:10,"1.75,3.75,3.20",①
2026-08-06T00:22:17+00:00,2026,89,9199,bs,MLB,핸디캡,2,H -2.5,LA다저스 3.5,7 시애매리,07.29(수) 11:10,"2.26,1.44",핸디패
2026-08-06T00:22:17+00:00,2026,89,9200,bs,MLB,언더오버,2,U 9.5,LA다저스,시애매리,07.29(수) 11:10,"1.66,1.87",오버
2026-08-06T00:22:17+00:00,2026,89,9201,bs,MLB,홀짝,2,,LA다저스,시애매리,07.29(수) 11:10,"1.56,2.02",홀
2026-08-06T00:22:17+00:00,2026,89,9202,bs,MLB,전반승무패,3,h(전반),LA다저스 5,4 시애매리,07.29(수) 11:10,"1.66,6.50,2.55",홈승
2026-08-06T00:22:17+00:00,2026,89,9203,bs,MLB,전반핸디캡,2,h H -1.5,LA다저스 3.5,4 시애매리,07.29(수) 11:10,"2.29,1.43",핸디패
2026-08-06T00:22:17+00:00,2026,89,9204,bs,MLB,전반언더오버,2,h U 5.5,LA다저스,시애매리,07.29(수) 11:10,"1.61,1.94",오버
2026-08-06T00:22:17+00:00,2026,89,9205,vl,남배네이,승패,2,,슬로베M 3,0 튀르키M,07.29(수) 16:00,"1.28,2.82",홈승
2026-08-06T00:22:17+00:00,2026,89,9206,vl,남배네이,핸디캡,2,H -1.5,슬로베M 1.5,0 튀르키M,07.29(수) 16:00,"1.62,1.93",핸디승
2026-08-06T00:22:17+00:00,2026,89,9207,vl,남배네이,언더오버,2,U 182.5,슬로베M,튀르키M,07.29(수) 16:00,"1.81,1.71",오버
2026-08-06T00:22:17+00:00,2026,89,9208,vl,남배네이,홀짝,2,,슬로베M,튀르키M,07.29(수) 16:00,"1.76,1.76",짝
2026-08-06T00:22:17+00:00,2026,89,9209,bs,KBO,승패,2,,LG 11,18 키움,07.29(수) 18:30,"1.29,2.77",홈패
2026-08-06T00:22:17+00:00,2026,89,9210,bs,KBO,승①패,3,승①패,LG 11,18 키움,07.29(수) 18:30,"1.57,3.80,4.00",홈패
2026-08-06T00:22:17+00:00,2026,89,9211,bs,KBO,핸디캡,2,H -2.5,LG 8.5,18 키움,07.29(수) 18:30,"1.86,1.67",핸디패
2026-08-06T00:22:17+00:00,2026,89,9212,bs,KBO,언더오버,2,U 9.5,LG,키움,07.29(수) 18:30,"1.71,1.81",오버
2026-08-06T00:22:17+00:00,2026,89,9213,bs,KBO,홀짝,2,,LG,키움,07.29(수) 18:30,"1.59,1.97",홀
2026-08-06T00:22:17+00:00,2026,89,9214,bs,KBO,전반승무패,3,h(전반),LG 8,14 키움,07.29(수) 18:30,"1.51,6.50,3.00",홈패
2026-08-06T00:22:17+00:00,2026,89,9215,bs,KBO,전반핸디캡,2,h H -1.5,LG 6.5,14 키움,07.29(수) 18:30,"1.81,1.71",핸디패
2026-08-06T00:22:17+00:00,2026,89,9216,bs,KBO,전반언더오버,2,h U 5.5,LG,키움,07.29(수) 18:30,"1.69,1.84",오버
2026-08-06T00:22:17+00:00,2026,89,9217,bs,KBO,승패,2,,삼성 4,9 KIA,07.29(수) 18:30,"1.49,2.15",홈패
2026-08-06T00:22:17+00:00,2026,89,9218,bs,KBO,승①패,3,승①패,삼성 4,9 KIA,07.29(수) 18:30,"1.98,3.75,2.65",홈패
2026-08-06T00:22:17+00:00,2026,89,9219,bs,KBO,핸디캡,2,H -2.5,삼성 1.5,9 KIA,07.29(수) 18:30,"2.37,1.40",핸디패
2026-08-06T00:22:17+00:00,2026,89,9220,bs,KBO,언더오버,2,U 12.5,삼성,KIA,07.29(수) 18:30,"1.80,1.72",오버
2026-08-06T00:22:17+00:00,2026,89,9221,bs,KBO,홀짝,2,,삼성,KIA,07.29(수) 18:30,"1.57,2.00",홀
2026-08-06T00:22:17+00:00,2026,89,9222,bs,KBO,전반승무패,3,h(전반),삼성 1,6 KIA,07.29(수) 18:30,"1.78,7.50,2.20",홈패
2026-08-06T00:22:17+00:00,2026,89,9223,bs,KBO,전반핸디캡,2,h H -1.5,삼성 -0.5,6 KIA,07.29(수) 18:30,"2.29,1.43",핸디패
2026-08-06T00:22:17+00:00,2026,89,9224,bs,KBO,전반언더오버,2,h U 7.5,삼성,KIA,07.29(수) 18:30,"1.61,1.94",언더
2026-08-06T00:22:17+00:00,2026,89,9225,bs,KBO,승패,2,,SSG 6,2 두산,07.29(수) 18:30,"2.00,1.57",홈승
2026-08-06T00:22:17+00:00,2026,89,9226,bs,KBO,승①패,3,승①패,SSG 6,2 두산,07.29(수) 18:30,"2.90,3.55,1.91",홈승
2026-08-06T00:22:17+00:00,2026,89,9227,bs,KBO,핸디캡,2,H +2.5,SSG 8.5,2 두산,07.29(수) 18:30,"1.37,2.46",핸디승
2026-08-06T00:22:17+00:00,2026,89,9228,bs,KBO,언더오버,2,U 11.5,SSG,두산,07.29(수) 18:30,"1.70,1.82",언더
2026-08-06T00:22:17+00:00,2026,89,9229,bs,KBO,홀짝,2,,SSG,두산,07.29(수) 18:30,"1.57,2.00",짝
2026-08-06T00:22:17+00:00,2026,89,9230,bs,KBO,전반승무패,3,h(전반),SSG 4,1 두산,07.29(수) 18:30,"2.15,6.60,1.88",홈승
2026-08-06T00:22:17+00:00,2026,89,9231,bs,KBO,전반핸디캡,2,h H +1.5,SSG 5.5,1 두산,07.29(수) 18:30,"1.40,2.37",핸디승
2026-08-06T00:22:17+00:00,2026,89,9232,bs,KBO,전반언더오버,2,h U 6.5,SSG,두산,07.29(수) 18:30,"1.65,1.89",언더
2026-08-06T00:22:17+00:00,2026,89,9233,bs,KBO,승패,2,,NC 3,10 KT,07.29(수) 18:30,"1.79,1.73",홈패
2026-08-06T00:22:17+00:00,2026,89,9234,bs,KBO,승①패,3,승①패,NC 3,10 KT,07.29(수) 18:30,"2.50,3.45,2.18",홈패
2026-08-06T00:22:17+00:00,2026,89,9235,bs,KBO,핸디캡,2,H +2.5,NC 5.5,10 KT,07.29(수) 18:30,"1.28,2.82",핸디패
2026-08-06T00:22:17+00:00,2026,89,9236,bs,KBO,언더오버,2,U 10.5,NC,KT,07.29(수) 18:30,"1.74,1.78",오버
2026-08-06T00:22:17+00:00,2026,89,9237,bs,KBO,홀짝,2,,NC,KT,07.29(수) 18:30,"1.57,2.00",홀
2026-08-06T00:22:17+00:00,2026,89,9238,bs,KBO,전반승무패,3,h(전반),NC 1,5 KT,07.29(수) 18:30,"2.05,6.30,1.99",홈패
2026-08-06T00:22:17+00:00,2026,89,9239,bs,KBO,전반핸디캡,2,h H +1.5,NC 2.5,5 KT,07.29(수) 18:30,"1.33,2.60",핸디패
2026-08-06T00:22:17+00:00,2026,89,9240,bs,KBO,전반언더오버,2,h U 5.5,NC,KT,07.29(수) 18:30,"1.74,1.78",오버
2026-08-06T00:22:17+00:00,2026,89,9241,bs,KBO,승패,2,,한화 5,3 롯데,07.29(수) 18:30,"1.66,1.87",홈승
2026-08-06T00:22:17+00:00,2026,89,9242,bs,KBO,승①패,3,승①패,한화 5,3 롯데,07.29(수) 18:30,"2.22,3.45,2.45",홈승
2026-08-06T00:22:17+00:00,2026,89,9243,bs,KBO,핸디캡,2,H -2.5,한화 2.5,3 롯데,07.29(수) 18:30,"2.87,1.27",핸디패
2026-08-06T00:22:17+00:00,2026,89,9244,bs,KBO,언더오버,2,U 9.5,한화,롯데,07.29(수) 18:30,"1.78,1.74",언더
2026-08-06T00:22:17+00:00,2026,89,9245,bs,KBO,홀짝,2,,한화,롯데,07.29(수) 18:30,"1.58,1.99",짝
2026-08-06T00:22:17+00:00,2026,89,9246,bs,KBO,전반승무패,3,h(전반),한화 2,2 롯데,07.29(수) 18:30,"1.95,6.20,2.10",무승부
2026-08-06T00:22:17+00:00,2026,89,9247,bs,KBO,전반핸디캡,2,h H -1.5,한화 0.5,2 롯데,07.29(수) 18:30,"2.68,1.31",핸디패
2026-08-06T00:22:17+00:00,2026,89,9248,bs,KBO,전반언더오버,2,h U 5.5,한화,롯데,07.29(수) 18:30,"1.59,1.97",언더
2026-08-06T00:22:17+00:00,2026,89,9249,sc,한국FA컵,승무패,3,,광주FC 1,0 천안시티,07.29(수) 19:00,"1.70,3.40,3.75",홈승
2026-08-06T00:22:17+00:00,2026,89,9250,sc,한국FA컵,핸디캡,3,H -1.0,광주FC 0,0 천안시티,07.29(수) 19:00,"3.20,3.30,1.87",핸디무
2026-08-06T00:22:17+00:00,2026,89,9251,sc,한국FA컵,언더오버,2,U 2.5,광주FC,천안시티,07.29(수) 19:00,"1.86,1.67",언더
2026-08-06T00:22:17+00:00,2026,89,9252,sc,한국FA컵,홀짝,2,,광주FC,천안시티,07.29(수) 19:00,"1.77,1.75",홀
2026-08-06T00:22:17+00:00,2026,89,9253,sc,한국FA컵,승무패,3,,인천유나 0,1 김포FC,07.29(수) 19:00,"1.41,3.85,5.50",홈패
2026-08-06T00:22:17+00:00,2026,89,9254,sc,한국FA컵,핸디캡,3,H -1.0,인천유나 -1,1 김포FC,07.29(수) 19:00,"2.24,3.30,2.50",핸디패
2026-08-06T00:22:17+00:00,2026,89,9255,sc,한국FA컵,언더오버,2,U 2.5,인천유나,김포FC,07.29(수) 19:00,"2.02,1.56",언더
2026-08-06T00:22:17+00:00,2026,89,9256,sc,한국FA컵,홀짝,2,,인천유나,김포FC,07.29(수) 19:00,"1.76,1.76",홀
2026-08-06T00:22:17+00:00,2026,89,9257,sc,한국FA컵,승무패,3,,김천상무 2,1 수원FC,07.29(수) 19:00,"1.99,3.30,2.90",홈승
2026-08-06T00:22:17+00:00,2026,89,9258,sc,한국FA컵,핸디캡,3,H -1.0,김천상무 1,1 수원FC,07.29(수) 19:00,"3.80,3.55,1.65",핸디무
2026-08-06T00:22:17+00:00,2026,89,9259,sc,한국FA컵,언더오버,2,U 2.5,김천상무,수원FC,07.29(수) 19:00,"2.02,1.56",오버
2026-08-06T00:22:17+00:00,2026,89,9260,sc,한국FA컵,홀짝,2,,김천상무,수원FC,07.29(수) 19:00,"1.76,1.76",홀
2026-08-06T00:22:17+00:00,2026,89,9265,sc,한국FA컵,승무패,3,,부산아이 2,0 FC서울,07.29(수) 19:00,"4.25,3.70,1.55",홈승
2026-08-06T00:22:17+00:00,2026,89,9266,sc,한국FA컵,핸디캡,3,H +1.0,부산아이 3,0 FC서울,07.29(수) 19:00,"2.15,3.25,2.65",핸디승
2026-08-06T00:22:17+00:00,2026,89,9267,sc,한국FA컵,언더오버,2,U 2.5,부산아이,FC서울,07.29(수) 19:00,"1.93,1.62",언더
2026-08-06T00:22:17+00:00,2026,89,9268,sc,한국FA컵,홀짝,2,,부산아이,FC서울,07.29(수) 19:00,"1.77,1.75",짝
2026-08-06T00:22:17+00:00,2026,89,9269,sc,한국FA컵,승무패,3,,부천FC 3,0 파주프런,07.29(수) 19:00,"1.71,3.55,3.55",홈승
2026-08-06T00:22:17+00:00,2026,89,9270,sc,한국FA컵,핸디캡,3,H -1.0,부천FC 2,0 파주프런,07.29(수) 19:00,"3.85,3.10,1.76",핸디승
2026-08-06T00:22:17+00:00,2026,89,9271,sc,한국FA컵,언더오버,2,U 2.5,부천FC,파주프런,07.29(수) 19:00,"1.73,1.79",오버
2026-08-06T00:22:17+00:00,2026,89,9272,sc,한국FA컵,홀짝,2,,부천FC,파주프런,07.29(수) 19:00,"1.77,1.75",홀
2026-08-06T00:22:17+00:00,2026,89,9273,sc,한국FA컵,승무패,3,,충북청주 1,3 FC안양,07.29(수) 19:30,"3.25,3.35,1.84",홈패
2026-08-06T00:22:17+00:00,2026,89,9274,sc,한국FA컵,핸디캡,3,H +1.0,충북청주 2,3 FC안양,07.29(수) 19:30,"1.60,3.25,4.60",핸디패
2026-08-06T00:22:17+00:00,2026,89,9275,sc,한국FA컵,언더오버,2,U 2.5,충북청주,FC안양,07.29(수) 19:30,"1.73,1.79",오버
2026-08-06T00:22:17+00:00,2026,89,9276,sc,한국FA컵,홀짝,2,,충북청주,FC안양,07.29(수) 19:30,"1.77,1.75",짝
2026-08-06T00:22:17+00:00,2026,89,9277,sc,한국FA컵,승무패,3,,제주SKFC 2,2 화성FC,07.29(수) 19:30,"1.62,3.40,4.20",무승부
2026-08-06T00:22:17+00:00,2026,89,9278,sc,한국FA컵,핸디캡,3,H -1.0,제주SKFC 1,2 화성FC,07.29(수) 19:30,"2.85,3.20,2.06",핸디패
2026-08-06T00:22:17+00:00,2026,89,9279,sc,한국FA컵,언더오버,2,U 2.5,제주SKFC,화성FC,07.29(수) 19:30,"1.85,1.68",오버
2026-08-06T00:22:17+00:00,2026,89,9280,sc,한국FA컵,홀짝,2,,제주SKFC,화성FC,07.29(수) 19:30,"1.77,1.75",짝
2026-08-06T00:22:17+00:00,2026,89,9261,sc,한국FA컵,승무패,3,,김해FC 0,1 성남FC,07.29(수) 20:00,"2.65,3.05,2.25",홈패
2026-08-06T00:22:17+00:00,2026,89,9262,sc,한국FA컵,핸디캡,3,H +1.0,김해FC 1,1 성남FC,07.29(수) 20:00,"1.50,3.20,5.90",핸디무
2026-08-06T00:22:17+00:00,2026,89,9263,sc,한국FA컵,언더오버,2,U 2.5,김해FC,성남FC,07.29(수) 20:00,"1.67,1.86",언더
2026-08-06T00:22:17+00:00,2026,89,9264,sc,한국FA컵,홀짝,2,,김해FC,성남FC,07.29(수) 20:00,"1.77,1.75",홀
2026-08-06T00:22:17+00:00,2026,89,9281,vl,남배네이,승패,2,,일본M 3,1 중국M,07.29(수) 20:30,"1.00,1.00",홈승
2026-08-06T00:22:17+00:00,2026,89,9282,vl,남배네이,핸디캡,2,H -2.5,일본M 0.5,1 중국M,07.29(수) 20:30,"1.49,2.15",핸디패
2026-08-06T00:22:17+00:00,2026,89,9283,vl,남배네이,언더오버,2,U 140.5,일본M,중국M,07.29(수) 20:30,"1.76,1.76",오버
2026-08-06T00:22:17+00:00,2026,89,9284,vl,남배네이,홀짝,2,,일본M,중국M,07.29(수) 20:30,"1.76,1.76",홀
2026-08-06T00:22:17+00:00,2026,89,9285,bs,MLB,승패,2,,마이말린 8,6 필라필리,07.30(목) 01:10,"2.34,1.41",홈승
2026-08-06T00:22:17+00:00,2026,89,9286,bs,MLB,승①패,3,승①패,마이말린 8,6 필라필리,07.30(목) 01:10,"3.60,3.45,1.72",홈승
2026-08-06T00:22:17+00:00,2026,89,9287,bs,MLB,핸디캡,2,H +2.5,마이말린 10.5,6 필라필리,07.30(목) 01:10,"1.42,2.31",핸디승
2026-08-06T00:22:17+00:00,2026,89,9288,bs,MLB,언더오버,2,U 7.5,마이말린,필라필리,07.30(목) 01:10,"1.78,1.74",오버
2026-08-06T00:22:17+00:00,2026,89,9289,bs,MLB,홀짝,2,,마이말린,필라필리,07.30(목) 01:10,"1.55,2.04",짝
2026-08-06T00:22:17+00:00,2026,89,9290,bs,MLB,승패,2,,피츠파이 0,3 애리다이,07.30(목) 01:35,"1.62,1.93",홈패
2026-08-06T00:22:17+00:00,2026,89,9291,bs,MLB,승①패,3,승①패,피츠파이 0,3 애리다이,07.30(목) 01:35,"2.28,3.30,2.45",홈패
2026-08-06T00:22:17+00:00,2026,89,9292,bs,MLB,핸디캡,2,H -2.5,피츠파이 -2.5,3 애리다이,07.30(목) 01:35,"3.09,1.23",핸디패
2026-08-06T00:22:17+00:00,2026,89,9293,bs,MLB,언더오버,2,U 8.5,피츠파이,애리다이,07.30(목) 01:35,"1.78,1.74",언더
2026-08-06T00:22:17+00:00,2026,89,9294,bs,MLB,홀짝,2,,피츠파이,애리다이,07.30(목) 01:35,"1.55,2.04",홀
2026-08-06T00:22:17+00:00,2026,89,9295,bs,MLB,승패,2,,워싱내셔 2,5 토론블루,07.30(목) 02:05,"1.89,1.65",홈패
2026-08-06T00:22:17+00:00,2026,89,9296,bs,MLB,승①패,3,승①패,워싱내셔 2,5 토론블루,07.30(목) 02:05,"2.75,3.40,2.03",홈패
2026-08-06T00:22:17+00:00,2026,89,9297,bs,MLB,핸디캡,2,H +2.5,워싱내셔 4.5,5 토론블루,07.30(목) 02:05,"1.31,2.68",핸디패
2026-08-06T00:22:17+00:00,2026,89,9298,bs,MLB,언더오버,2,U 9.5,워싱내셔,토론블루,07.30(목) 02:05,"1.73,1.79",언더
2026-08-06T00:22:17+00:00,2026,89,9299,bs,MLB,홀짝,2,,워싱내셔,토론블루,07.30(목) 02:05,"1.56,2.02",홀
2026-08-06T00:22:17+00:00,2026,89,9300,bs,MLB,승패,2,,뉴욕메츠 3,2 애틀브레,07.30(목) 02:10,"1.79,1.73",홈승
2026-08-06T00:22:17+00:00,2026,89,9301,bs,MLB,승①패,3,승①패,뉴욕메츠 3,2 애틀브레,07.30(목) 02:10,"2.60,3.30,2.17",①
2026-08-06T00:22:17+00:00,2026,89,9302,bs,MLB,핸디캡,2,H +2.5,뉴욕메츠 5.5,2 애틀브레,07.30(목) 02:10,"1.27,2.87",핸디승
2026-08-06T00:22:17+00:00,2026,89,9303,bs,MLB,언더오버,2,U 8.5,뉴욕메츠,애틀브레,07.30(목) 02:10,"1.78,1.74",언더
2026-08-06T00:22:17+00:00,2026,89,9304,bs,MLB,홀짝,2,,뉴욕메츠,애틀브레,07.30(목) 02:10,"1.55,2.04",홀
2026-08-06T00:22:17+00:00,2026,89,9305,bs,MLB,승패,2,,디트타이 9,10 볼티오리,07.30(목) 02:10,"1.43,2.29",홈패
2026-08-06T00:22:17+00:00,2026,89,9306,bs,MLB,승①패,3,승①패,디트타이 9,10 볼티오리,07.30(목) 02:10,"1.87,3.50,3.05",①
2026-08-06T00:22:17+00:00,2026,89,9307,bs,MLB,핸디캡,2,H -2.5,디트타이 6.5,10 볼티오리,07.30(목) 02:10,"2.60,1.33",핸디패
2026-08-06T00:22:17+00:00,2026,89,9308,bs,MLB,언더오버,2,U 7.5,디트타이,볼티오리,07.30(목) 02:10,"1.84,1.69",오버
2026-08-06T00:22:17+00:00,2026,89,9309,bs,MLB,홀짝,2,,디트타이,볼티오리,07.30(목) 02:10,"1.55,2.04",홀
2026-08-06T00:22:17+00:00,2026,89,9310,sc,UCL,승무패,3,,구르니크 1,1 페네르SK,07.30(목) 03:00,"4.95,3.95,1.44",무승부
2026-08-06T00:22:17+00:00,2026,89,9311,sc,UCL,핸디캡,3,H +1.0,구르니크 2,1 페네르SK,07.30(목) 03:00,"2.45,3.20,2.33",핸디승
2026-08-06T00:22:17+00:00,2026,89,9312,sc,UCL,핸디캡,3,H +2.0,구르니크 3,1 페네르SK,07.30(목) 03:00,"1.48,4.10,4.35",핸디승
2026-08-06T00:22:17+00:00,2026,89,9313,sc,UCL,언더오버,2,U 2.5,구르니크,페네르SK,07.30(목) 03:00,"1.90,1.64",언더
2026-08-06T00:22:17+00:00,2026,89,9314,sc,UCL,홀짝,2,,구르니크,페네르SK,07.30(목) 03:00,"1.77,1.75",짝
2026-08-06T00:22:17+00:00,2026,89,9315,sc,UCL,전반승무패,3,h(전반),구르니크 1,1 페네르SK,07.30(목) 03:00,"5.10,2.30,1.93",무승부
2026-08-06T00:22:17+00:00,2026,89,9316,sc,UCL,전반핸디캡,3,h H +1.0,구르니크 2,1 페네르SK,07.30(목) 03:00,"1.64,3.10,4.60",핸디승
2026-08-06T00:22:17+00:00,2026,89,9317,sc,UCL,전반언더오버,2,h U 1.5,구르니크,페네르SK,07.30(목) 03:00,"1.41,2.34",오버
2026-08-06T00:22:17+00:00,2026,89,9318,bs,MLB,승패,2,,샌프자이 16,3 밀워브루,07.30(목) 04:45,"1.84,1.69",홈승
2026-08-06T00:22:17+00:00,2026,89,9319,bs,MLB,승①패,3,승①패,샌프자이 16,3 밀워브루,07.30(목) 04:45,"2.70,3.20,2.14",홈승
2026-08-06T00:22:17+00:00,2026,89,9320,bs,MLB,핸디캡,2,H +2.5,샌프자이 18.5,3 밀워브루,07.30(목) 04:45,"1.27,2.87",핸디승
2026-08-06T00:22:17+00:00,2026,89,9321,bs,MLB,언더오버,2,U 7.5,샌프자이,밀워브루,07.30(목) 04:45,"1.78,1.74",오버
2026-08-06T00:22:17+00:00,2026,89,9322,bs,MLB,홀짝,2,,샌프자이,밀워브루,07.30(목) 04:45,"1.55,2.04",홀
2026-08-06T00:22:17+00:00,2026,89,9323,bs,MLB,승패,2,,샌디파드 3,1 콜로로키,07.30(목) 05:10,"1.54,2.05",홈승
2026-08-06T00:22:17+00:00,2026,89,9324,bs,MLB,승①패,3,승①패,샌디파드 3,1 콜로로키,07.30(목) 05:10,"2.13,3.30,2.65",홈승
2026-08-06T00:22:17+00:00,2026,89,9325,bs,MLB,핸디캡,2,H -2.5,샌디파드 0.5,1 콜로로키,07.30(목) 05:10,"2.92,1.26",핸디패
2026-08-06T00:22:17+00:00,2026,89,9326,bs,MLB,언더오버,2,U 8.5,샌디파드,콜로로키,07.30(목) 05:10,"1.66,1.87",언더
2026-08-06T00:22:17+00:00,2026,89,9327,bs,MLB,홀짝,2,,샌디파드,콜로로키,07.30(목) 05:10,"1.55,2.04",짝
2026-08-06T00:22:17+00:00,2026,89,9328,bs,MLB,승패,2,,탬파레이 3,0 텍사레인,07.30(목) 07:40,"1.54,2.05",홈승
2026-08-06T00:22:17+00:00,2026,89,9329,bs,MLB,승①패,3,승①패,탬파레이 3,0 텍사레인,07.30(목) 07:40,"2.15,3.25,2.65",홈승
2026-08-06T00:22:17+00:00,2026,89,9330,bs,MLB,핸디캡,2,H -2.5,탬파레이 0.5,0 텍사레인,07.30(목) 07:40,"2.92,1.26",핸디승
2026-08-06T00:22:17+00:00,2026,89,9331,bs,MLB,언더오버,2,U 7.5,탬파레이,텍사레인,07.30(목) 07:40,"1.79,1.73",언더
2026-08-06T00:22:17+00:00,2026,89,9332,bs,MLB,홀짝,2,,탬파레이,텍사레인,07.30(목) 07:40,"1.55,2.04",홀
2026-08-06T00:22:17+00:00,2026,89,9333,bs,MLB,승패,2,,신시레즈 1,6 클리가디,07.30(목) 08:10,"1.97,1.59",홈패
2026-08-06T00:22:17+00:00,2026,89,9334,bs,MLB,승①패,3,승①패,신시레즈 1,6 클리가디,07.30(목) 08:10,"2.95,3.35,1.95",홈패
2026-08-06T00:22:17+00:00,2026,89,9335,bs,MLB,핸디캡,2,H +2.5,신시레즈 3.5,6 클리가디,07.30(목) 08:10,"1.34,2.56",핸디패
2026-08-06T00:22:17+00:00,2026,89,9336,bs,MLB,언더오버,2,U 8.5,신시레즈,클리가디,07.30(목) 08:10,"1.94,1.61",언더
2026-08-06T00:22:17+00:00,2026,89,9337,bs,MLB,홀짝,2,,신시레즈,클리가디,07.30(목) 08:10,"1.56,2.02",홀
2026-08-06T00:22:17+00:00,2026,89,9338,bs,MLB,승패,2,,미네트윈 0,4 캔자로얄,07.30(목) 08:40,"1.43,2.29",홈패
2026-08-06T00:22:17+00:00,2026,89,9339,bs,MLB,승①패,3,승①패,미네트윈 0,4 캔자로얄,07.30(목) 08:40,"1.92,3.40,3.00",홈패
2026-08-06T00:22:17+00:00,2026,89,9340,bs,MLB,핸디캡,2,H -2.5,미네트윈 -2.5,4 캔자로얄,07.30(목) 08:40,"2.53,1.35",핸디패
2026-08-06T00:22:17+00:00,2026,89,9341,bs,MLB,언더오버,2,U 8.5,미네트윈,캔자로얄,07.30(목) 08:40,"1.77,1.75",언더
2026-08-06T00:22:17+00:00,2026,89,9342,bs,MLB,홀짝,2,,미네트윈,캔자로얄,07.30(목) 08:40,"1.56,2.02",짝
2026-08-06T00:22:17+00:00,2026,89,9343,bs,MLB,승패,2,,시카화이 6,5 뉴욕양키,07.30(목) 08:40,"2.13,1.50",홈승
2026-08-06T00:22:17+00:00,2026,89,9344,bs,MLB,승①패,3,승①패,시카화이 6,5 뉴욕양키,07.30(목) 08:40,"3.30,3.30,1.84",①
2026-08-06T00:22:17+00:00,2026,89,9345,bs,MLB,핸디캡,2,H +2.5,시카화이 8.5,5 뉴욕양키,07.30(목) 08:40,"1.38,2.43",핸디승
2026-08-06T00:22:17+00:00,2026,89,9346,bs,MLB,언더오버,2,U 7.5,시카화이,뉴욕양키,07.30(목) 08:40,"1.78,1.74",오버
2026-08-06T00:22:17+00:00,2026,89,9347,bs,MLB,홀짝,2,,시카화이,뉴욕양키,07.30(목) 08:40,"1.55,2.04",홀
2026-08-06T00:22:17+00:00,2026,89,9348,bs,MLB,승패,2,,세인카디 3,2 시카컵스,07.30(목) 08:45,"1.80,1.72",홈승
2026-08-06T00:22:17+00:00,2026,89,9349,bs,MLB,승①패,3,승①패,세인카디 3,2 시카컵스,07.30(목) 08:45,"2.65,3.25,2.15",①
2026-08-06T00:22:17+00:00,2026,89,9350,bs,MLB,핸디캡,2,H +2.5,세인카디 5.5,2 시카컵스,07.30(목) 08:45,"1.27,2.87",핸디승
2026-08-06T00:22:17+00:00,2026,89,9351,bs,MLB,언더오버,2,U 8.5,세인카디,시카컵스,07.30(목) 08:45,"1.67,1.86",언더
2026-08-06T00:22:17+00:00,2026,89,9352,bs,MLB,홀짝,2,,세인카디,시카컵스,07.30(목) 08:45,"1.55,2.04",홀
2026-08-06T00:22:17+00:00,2026,89,9353,bs,MLB,승패,2,,LA에인절 4,7 휴스애스,07.30(목) 10:38,"1.89,1.65",홈패
2026-08-06T00:22:17+00:00,2026,89,9354,bs,MLB,승①패,3,승①패,LA에인절 4,7 휴스애스,07.30(목) 10:38,"2.65,3.35,2.11",홈패
2026-08-06T00:22:17+00:00,2026,89,9355,bs,MLB,핸디캡,2,H +2.5,LA에인절 6.5,7 휴스애스,07.30(목) 10:38,"1.29,2.77",핸디패
2026-08-06T00:22:17+00:00,2026,89,9356,bs,MLB,언더오버,2,U 9.5,LA에인절,휴스애스,07.30(목) 10:38,"1.78,1.74",오버
2026-08-06T00:22:17+00:00,2026,89,9357,bs,MLB,홀짝,2,,LA에인절,휴스애스,07.30(목) 10:38,"1.56,2.02",홀
2026-08-06T00:22:17+00:00,2026,89,9358,bs,MLB,승패,2,,애슬레틱 2,4 보스레드,07.30(목) 10:40,"2.13,1.50",홈패
2026-08-06T00:22:17+00:00,2026,89,9359,bs,MLB,승①패,3,승①패,애슬레틱 2,4 보스레드,07.30(목) 10:40,"3.25,3.50,1.80",홈패
2026-08-06T00:22:17+00:00,2026,89,9360,bs,MLB,핸디캡,2,H +2.5,애슬레틱 4.5,4 보스레드,07.30(목) 10:40,"1.42,2.31",핸디승
2026-08-06T00:22:17+00:00,2026,89,9361,bs,MLB,언더오버,2,U 10.5,애슬레틱,보스레드,07.30(목) 10:40,"1.75,1.77",언더
2026-08-06T00:22:17+00:00,2026,89,9362,bs,MLB,홀짝,2,,애슬레틱,보스레드,07.30(목) 10:40,"1.56,2.02",짝
2026-08-06T00:22:17+00:00,2026,89,9363,bs,MLB,승패,2,,LA다저스 4,2 시애매리,07.30(목) 11:10,"1.44,2.26",홈승
2026-08-06T00:22:17+00:00,2026,89,9364,bs,MLB,승①패,3,승①패,LA다저스 4,2 시애매리,07.30(목) 11:10,"1.91,3.50,2.95",홈승
2026-08-06T00:22:17+00:00,2026,89,9365,bs,MLB,핸디캡,2,H -2.5,LA다저스 1.5,2 시애매리,07.30(목) 11:10,"2.40,1.39",핸디패
2026-08-06T00:22:17+00:00,2026,89,9366,bs,MLB,언더오버,2,U 9.5,LA다저스,시애매리,07.30(목) 11:10,"1.76,1.76",언더
2026-08-06T00:22:17+00:00,2026,89,9367,bs,MLB,홀짝,2,,LA다저스,시애매리,07.30(목) 11:10,"1.56,2.02",짝
2026-08-06T00:22:17+00:00,2026,89,9368,bs,MLB,전반승무패,3,h(전반),LA다저스 3,0 시애매리,07.30(목) 11:10,"1.91,5.80,2.20",홈승
2026-08-06T00:22:17+00:00,2026,89,9369,bs,MLB,전반핸디캡,2,h H -1.5,LA다저스 1.5,0 시애매리,07.30(목) 11:10,"2.37,1.40",핸디승
2026-08-06T00:22:17+00:00,2026,89,9370,bs,MLB,전반언더오버,2,h U 5.5,LA다저스,시애매리,07.30(목) 11:10,"1.63,1.91",언더
2026-08-06T00:22:17+00:00,2026,89,9371,vl,남배네이,승패,2,,이탈리M 0,3 미국M,07.30(목) 16:00,"1.52,2.09",홈패
2026-08-06T00:22:17+00:00,2026,89,9372,vl,남배네이,핸디캡,2,H -1.5,이탈리M -1.5,3 미국M,07.30(목) 16:00,"2.11,1.51",핸디패
2026-08-06T00:22:17+00:00,2026,89,9373,vl,남배네이,언더오버,2,U 185.5,이탈리M,미국M,07.30(목) 16:00,"1.87,1.66",언더
2026-08-06T00:22:17+00:00,2026,89,9374,vl,남배네이,홀짝,2,,이탈리M,미국M,07.30(목) 16:00,"1.76,1.76",홀
2026-08-06T00:22:17+00:00,2026,89,9375,bs,KBO,승패,2,,LG 5,3 키움,07.30(목) 18:30,"1.50,2.13",홈승
2026-08-06T00:22:17+00:00,2026,89,9376,bs,KBO,승①패,3,승①패,LG 5,3 키움,07.30(목) 18:30,"1.97,3.45,2.85",홈승
2026-08-06T00:22:17+00:00,2026,89,9377,bs,KBO,핸디캡,2,H -2.5,LG 2.5,3 키움,07.30(목) 18:30,"2.46,1.37",핸디패
2026-08-06T00:22:17+00:00,2026,89,9378,bs,KBO,언더오버,2,U 9.5,LG,키움,07.30(목) 18:30,"1.63,1.91",언더
2026-08-06T00:22:17+00:00,2026,89,9379,bs,KBO,홀짝,2,,LG,키움,07.30(목) 18:30,"1.58,1.99",짝
2026-08-06T00:22:17+00:00,2026,89,9380,bs,KBO,전반승무패,3,h(전반),LG 1,3 키움,07.30(목) 18:30,"1.82,6.10,2.30",홈패
2026-08-06T00:22:17+00:00,2026,89,9381,bs,KBO,전반핸디캡,2,h H -1.5,LG -0.5,3 키움,07.30(목) 18:30,"2.34,1.41",핸디패
2026-08-06T00:22:17+00:00,2026,89,9382,bs,KBO,전반언더오버,2,h U 5.5,LG,키움,07.30(목) 18:30,"1.54,2.05",언더
2026-08-06T00:22:17+00:00,2026,89,9383,bs,KBO,승패,2,,삼성 3,12 KIA,07.30(목) 18:30,"1.53,2.07",홈패
2026-08-06T00:22:17+00:00,2026,89,9384,bs,KBO,승①패,3,승①패,삼성 3,12 KIA,07.30(목) 18:30,"2.02,3.80,2.55",홈패
2026-08-06T00:22:17+00:00,2026,89,9385,bs,KBO,핸디캡,2,H -2.5,삼성 0.5,12 KIA,07.30(목) 18:30,"2.64,1.32",핸디패
2026-08-06T00:22:17+00:00,2026,89,9386,bs,KBO,언더오버,2,U 10.5,삼성,KIA,07.30(목) 18:30,"1.77,1.75",오버
2026-08-06T00:22:17+00:00,2026,89,9387,bs,KBO,홀짝,2,,삼성,KIA,07.30(목) 18:30,"1.57,2.00",홀
2026-08-06T00:22:17+00:00,2026,89,9388,bs,KBO,전반승무패,3,h(전반),삼성 2,6 KIA,07.30(목) 18:30,"1.80,5.90,2.35",홈패
2026-08-06T00:22:17+00:00,2026,89,9389,bs,KBO,전반핸디캡,2,h H -1.5,삼성 0.5,6 KIA,07.30(목) 18:30,"2.34,1.41",핸디패
2026-08-06T00:22:17+00:00,2026,89,9390,bs,KBO,전반언더오버,2,h U 6.5,삼성,KIA,07.30(목) 18:30,"1.57,2.00",오버
2026-08-06T00:22:17+00:00,2026,89,9391,bs,KBO,승패,2,,SSG 3,5 두산,07.30(목) 18:30,"1.91,1.63",홈패
2026-08-06T00:22:17+00:00,2026,89,9392,bs,KBO,승①패,3,승①패,SSG 3,5 두산,07.30(목) 18:30,"2.65,3.55,2.04",홈패
2026-08-06T00:22:17+00:00,2026,89,9393,bs,KBO,핸디캡,2,H +2.5,SSG 5.5,5 두산,07.30(목) 18:30,"1.31,2.68",핸디승
2026-08-06T00:22:17+00:00,2026,89,9394,bs,KBO,언더오버,2,U 9.5,SSG,두산,07.30(목) 18:30,"1.82,1.70",언더
2026-08-06T00:22:17+00:00,2026,89,9395,bs,KBO,홀짝,2,,SSG,두산,07.30(목) 18:30,"1.58,1.99",짝
2026-08-06T00:22:17+00:00,2026,89,9396,bs,KBO,전반승무패,3,h(전반),SSG 3,2 두산,07.30(목) 18:30,"2.15,6.10,1.92",홈승
2026-08-06T00:22:17+00:00,2026,89,9397,bs,KBO,전반핸디캡,2,h H +1.5,SSG 4.5,2 두산,07.30(목) 18:30,"1.35,2.53",핸디승
2026-08-06T00:22:17+00:00,2026,89,9398,bs,KBO,전반언더오버,2,h U 5.5,SSG,두산,07.30(목) 18:30,"1.78,1.74",언더
2026-08-06T00:22:17+00:00,2026,89,9399,bs,KBO,승패,2,,NC 2,10 KT,07.30(목) 18:30,"1.71,1.81",홈패
2026-08-06T00:22:17+00:00,2026,89,9400,bs,KBO,승①패,3,승①패,NC 2,10 KT,07.30(목) 18:30,"2.35,3.50,2.28",홈패
2026-08-06T00:22:17+00:00,2026,89,9401,bs,KBO,핸디캡,2,H -2.5,NC -0.5,10 KT,07.30(목) 18:30,"2.72,1.30",핸디패
2026-08-06T00:22:17+00:00,2026,89,9402,bs,KBO,언더오버,2,U 9.5,NC,KT,07.30(목) 18:30,"1.65,1.89",오버
2026-08-06T00:22:17+00:00,2026,89,9403,bs,KBO,홀짝,2,,NC,KT,07.30(목) 18:30,"1.58,1.99",짝
2026-08-06T00:22:17+00:00,2026,89,9404,bs,KBO,전반승무패,3,h(전반),NC 1,6 KT,07.30(목) 18:30,"1.96,6.10,2.10",홈패
2026-08-06T00:22:17+00:00,2026,89,9405,bs,KBO,전반핸디캡,2,h H -1.5,NC -0.5,6 KT,07.30(목) 18:30,"2.53,1.35",핸디패
2026-08-06T00:22:17+00:00,2026,89,9406,bs,KBO,전반언더오버,2,h U 5.5,NC,KT,07.30(목) 18:30,"1.69,1.84",오버
2026-08-06T00:22:17+00:00,2026,89,9407,bs,KBO,승패,2,,한화 3,2 롯데,07.30(목) 18:30,"1.70,1.82",홈승
2026-08-06T00:22:17+00:00,2026,89,9408,bs,KBO,승①패,3,승①패,한화 3,2 롯데,07.30(목) 18:30,"2.22,3.55,2.40",①
2026-08-06T00:22:17+00:00,2026,89,9409,bs,KBO,핸디캡,2,H -2.5,한화 0.5,2 롯데,07.30(목) 18:30,"3.03,1.24",핸디패
2026-08-06T00:22:17+00:00,2026,89,9410,bs,KBO,언더오버,2,U 9.5,한화,롯데,07.30(목) 18:30,"1.87,1.66",언더
2026-08-06T00:22:17+00:00,2026,89,9411,bs,KBO,홀짝,2,,한화,롯데,07.30(목) 18:30,"1.58,1.99",홀
2026-08-06T00:22:17+00:00,2026,89,9412,bs,KBO,전반승무패,3,h(전반),한화 1,2 롯데,07.30(목) 18:30,"1.96,6.10,2.10",홈패
2026-08-06T00:22:17+00:00,2026,89,9413,bs,KBO,전반핸디캡,2,h H -1.5,한화 -0.5,2 롯데,07.30(목) 18:30,"2.60,1.33",핸디패
2026-08-06T00:22:17+00:00,2026,89,9414,bs,KBO,전반언더오버,2,h U 5.5,한화,롯데,07.30(목) 18:30,"1.75,1.77",언더
2026-08-06T00:22:17+00:00,2026,89,9415,vl,남배네이,승패,2,,폴란드M 3,1 우크라M,07.30(목) 20:30,"1.09,4.57",홈승
2026-08-06T00:22:17+00:00,2026,89,9416,vl,남배네이,핸디캡,2,H -2.5,폴란드M 0.5,1 우크라M,07.30(목) 20:30,"2.17,1.48",핸디패
2026-08-06T00:22:17+00:00,2026,89,9417,vl,남배네이,언더오버,2,U 177.5,폴란드M,우크라M,07.30(목) 20:30,"1.87,1.66",오버
2026-08-06T00:22:17+00:00,2026,89,9418,vl,남배네이,홀짝,2,,폴란드M,우크라M,07.30(목) 20:30,"1.76,1.76",홀
2026-08-06T00:22:17+00:00,2026,89,9419,bs,MLB,승패,2,,탬파레이 3,2 텍사레인,07.31(금) 01:10,"1.53,2.07",홈승
2026-08-06T00:22:17+00:00,2026,89,9420,bs,MLB,승①패,3,승①패,탬파레이 3,2 텍사레인,07.31(금) 01:10,"2.06,3.40,2.70",①
2026-08-06T00:22:17+00:00,2026,89,9421,bs,MLB,핸디캡,2,H -2.5,탬파레이 0.5,2 텍사레인,07.31(금) 01:10,"2.82,1.28",핸디패
2026-08-06T00:22:17+00:00,2026,89,9422,bs,MLB,언더오버,2,U 7.5,탬파레이,텍사레인,07.31(금) 01:10,"1.71,1.81",언더
2026-08-06T00:22:17+00:00,2026,89,9423,bs,MLB,홀짝,2,,탬파레이,텍사레인,07.31(금) 01:10,"1.55,2.04",홀
2026-08-06T00:22:17+00:00,2026,89,9424,bs,MLB,승패,2,,미네트윈 4,3 캔자로얄,07.31(금) 02:40,"1.55,2.04",홈승
2026-08-06T00:22:17+00:00,2026,89,9425,bs,MLB,승①패,3,승①패,미네트윈 4,3 캔자로얄,07.31(금) 02:40,"2.12,3.40,2.60",①
2026-08-06T00:22:17+00:00,2026,89,9426,bs,MLB,핸디캡,2,H -2.5,미네트윈 1.5,3 캔자로얄,07.31(금) 02:40,"2.87,1.27",핸디패
2026-08-06T00:22:17+00:00,2026,89,9427,bs,MLB,언더오버,2,U 9.5,미네트윈,캔자로얄,07.31(금) 02:40,"1.72,1.80",언더
2026-08-06T00:22:17+00:00,2026,89,9428,bs,MLB,홀짝,2,,미네트윈,캔자로얄,07.31(금) 02:40,"1.56,2.02",홀
2026-08-06T00:22:17+00:00,2026,89,9429,bs,MLB,승패,2,,시카화이 2,1 뉴욕양키,07.31(금) 03:10,"1.73,1.79",홈승
2026-08-06T00:22:17+00:00,2026,89,9430,bs,MLB,승①패,3,승①패,시카화이 2,1 뉴욕양키,07.31(금) 03:10,"2.50,3.25,2.26",①
2026-08-06T00:22:17+00:00,2026,89,9431,bs,MLB,핸디캡,2,H -2.5,시카화이 -0.5,1 뉴욕양키,07.31(금) 03:10,"3.46,1.18",핸디패
2026-08-06T00:22:17+00:00,2026,89,9432,bs,MLB,언더오버,2,U 7.5,시카화이,뉴욕양키,07.31(금) 03:10,"1.87,1.66",언더
2026-08-06T00:22:17+00:00,2026,89,9433,bs,MLB,홀짝,2,,시카화이,뉴욕양키,07.31(금) 03:10,"1.55,2.04",홀
2026-08-06T00:22:17+00:00,2026,89,9434,bs,MLB,승패,2,,세인카디 2,4 시카컵스,07.31(금) 03:15,"1.66,1.87",홈패
2026-08-06T00:22:17+00:00,2026,89,9435,bs,MLB,승①패,3,승①패,세인카디 2,4 시카컵스,07.31(금) 03:15,"2.35,3.25,2.40",홈패
2026-08-06T00:22:17+00:00,2026,89,9436,bs,MLB,핸디캡,2,H -2.5,세인카디 -0.5,4 시카컵스,07.31(금) 03:15,"3.23,1.21",핸디패
2026-08-06T00:22:17+00:00,2026,89,9437,bs,MLB,언더오버,2,U 8.5,세인카디,시카컵스,07.31(금) 03:15,"1.74,1.78",언더
2026-08-06T00:22:17+00:00,2026,89,9438,bs,MLB,홀짝,2,,세인카디,시카컵스,07.31(금) 03:15,"1.55,2.04",짝
2026-08-06T00:22:17+00:00,2026,89,9439,bs,MLB,승패,2,,뉴욕메츠 4,2 마이말린,07.31(금) 08:10,"1.59,1.97",홈승
2026-08-06T00:22:17+00:00,2026,89,9440,bs,MLB,승①패,3,승①패,뉴욕메츠 4,2 마이말린,07.31(금) 08:10,"2.27,3.15,2.55",홈승
2026-08-06T00:22:17+00:00,2026,89,9441,bs,MLB,핸디캡,2,H -2.5,뉴욕메츠 1.5,2 마이말린,07.31(금) 08:10,"3.16,1.22",핸디패
2026-08-06T00:22:17+00:00,2026,89,9442,bs,MLB,언더오버,2,U 7.5,뉴욕메츠,마이말린,07.31(금) 08:10,"1.60,1.96",언더
2026-08-06T00:22:17+00:00,2026,89,9443,bs,MLB,홀짝,2,,뉴욕메츠,마이말린,07.31(금) 08:10,"1.54,2.05",짝
2026-08-06T00:22:17+00:00,2026,89,9444,bs,MLB,승패,2,,신시레즈 3,2 피츠파이,07.31(금) 08:10,"1.80,1.72",홈승
2026-08-06T00:22:17+00:00,2026,89,9445,bs,MLB,승①패,3,승①패,신시레즈 3,2 피츠파이,07.31(금) 08:10,"2.60,3.35,2.14",①
2026-08-06T00:22:17+00:00,2026,89,9446,bs,MLB,핸디캡,2,H +2.5,신시레즈 5.5,2 피츠파이,07.31(금) 08:10,"1.28,2.82",핸디승
2026-08-06T00:22:17+00:00,2026,89,9447,bs,MLB,언더오버,2,U 9.5,신시레즈,피츠파이,07.31(금) 08:10,"1.72,1.80",언더
2026-08-06T00:22:17+00:00,2026,89,9448,bs,MLB,홀짝,2,,신시레즈,피츠파이,07.31(금) 08:10,"1.56,2.02",홀
2026-08-06T00:22:17+00:00,2026,89,9449,bs,MLB,승패,2,,애틀브레 5,4 워싱내셔,07.31(금) 08:15,"1.52,2.09",홈승
2026-08-06T00:22:17+00:00,2026,89,9450,bs,MLB,승①패,3,승①패,애틀브레 5,4 워싱내셔,07.31(금) 08:15,"2.06,3.40,2.70",①
2026-08-06T00:22:17+00:00,2026,89,9451,bs,MLB,핸디캡,2,H -2.5,애틀브레 2.5,4 워싱내셔,07.31(금) 08:15,"2.77,1.29",핸디패
2026-08-06T00:22:17+00:00,2026,89,9452,bs,MLB,언더오버,2,U 9.5,애틀브레,워싱내셔,07.31(금) 08:15,"1.72,1.80",언더
2026-08-06T00:22:17+00:00,2026,89,9453,bs,MLB,홀짝,2,,애틀브레,워싱내셔,07.31(금) 08:15,"1.56,2.02",홀
2026-08-06T00:22:17+00:00,2026,89,9454,sc,축클럽친,승무패,3,,리즈U 1,0 선덜랜드,07.31(금) 08:30,"2.15,3.25,2.65",홈승
2026-08-06T00:22:17+00:00,2026,89,9455,sc,축클럽친,핸디캡,3,H -1.0,리즈U 0,0 선덜랜드,07.31(금) 08:30,"4.30,3.75,1.54",핸디무
2026-08-06T00:22:17+00:00,2026,89,9456,sc,축클럽친,언더오버,2,U 2.5,리즈U,선덜랜드,07.31(금) 08:30,"1.96,1.60",언더
2026-08-06T00:22:17+00:00,2026,89,9457,sc,축클럽친,홀짝,2,,리즈U,선덜랜드,07.31(금) 08:30,"1.77,1.75",홀
2026-08-06T00:22:17+00:00,2026,89,9458,bs,MLB,승패,2,,샌디파드 1,4 샌프자이,07.31(금) 10:40,"1.61,1.94",홈패
2026-08-06T00:22:17+00:00,2026,89,9459,bs,MLB,승①패,3,승①패,샌디파드 1,4 샌프자이,07.31(금) 10:40,"2.24,3.30,2.50",홈패
2026-08-06T00:22:17+00:00,2026,89,9460,bs,MLB,핸디캡,2,H -2.5,샌디파드 -1.5,4 샌프자이,07.31(금) 10:40,"3.09,1.23",핸디패
2026-08-06T00:22:17+00:00,2026,89,9461,bs,MLB,언더오버,2,U 8.5,샌디파드,샌프자이,07.31(금) 10:40,"1.74,1.78",언더
2026-08-06T00:22:17+00:00,2026,89,9462,bs,MLB,홀짝,2,,샌디파드,샌프자이,07.31(금) 10:40,"1.55,2.04",홀
2026-08-06T00:22:17+00:00,2026,89,9463,bs,MLB,승패,2,,애슬레틱 4,5 보스레드,07.31(금) 10:40,"2.19,1.47",홈패
2026-08-06T00:22:17+00:00,2026,89,9464,bs,MLB,승①패,3,승①패,애슬레틱 4,5 보스레드,07.31(금) 10:40,"3.40,3.65,1.72",①
2026-08-06T00:22:17+00:00,2026,89,9465,bs,MLB,핸디캡,2,H +2.5,애슬레틱 6.5,5 보스레드,07.31(금) 10:40,"1.45,2.24",핸디승
2026-08-06T00:22:17+00:00,2026,89,9466,bs,MLB,언더오버,2,U 10.5,애슬레틱,보스레드,07.31(금) 10:40,"1.73,1.79",언더
2026-08-06T00:22:17+00:00,2026,89,9467,bs,MLB,홀짝,2,,애슬레틱,보스레드,07.31(금) 10:40,"1.56,2.02",홀
2026-08-06T00:22:17+00:00,2026,89,9468,bs,MLB,승패,2,,LA다저스 6,2 시애매리,07.31(금) 11:10,"1.51,2.11",홈승
2026-08-06T00:22:17+00:00,2026,89,9469,bs,MLB,승①패,3,승①패,LA다저스 6,2 시애매리,07.31(금) 11:10,"1.99,3.45,2.80",홈승
2026-08-06T00:22:17+00:00,2026,89,9470,bs,MLB,핸디캡,2,H -2.5,LA다저스 3.5,2 시애매리,07.31(금) 11:10,"2.77,1.29",핸디승
2026-08-06T00:22:17+00:00,2026,89,9471,bs,MLB,언더오버,2,U 8.5,LA다저스,시애매리,07.31(금) 11:10,"1.74,1.78",언더
2026-08-06T00:22:17+00:00,2026,89,9472,bs,MLB,홀짝,2,,LA다저스,시애매리,07.31(금) 11:10,"1.55,2.04",짝
2026-08-06T00:22:17+00:00,2026,89,9473,bs,MLB,전반승무패,3,h(전반),LA다저스 5,0 시애매리,07.31(금) 11:10,"1.74,6.00,2.45",홈승
2026-08-06T00:22:17+00:00,2026,89,9474,bs,MLB,전반핸디캡,2,h H -1.5,LA다저스 3.5,0 시애매리,07.31(금) 11:10,"2.46,1.37",핸디승
2026-08-06T00:22:17+00:00,2026,89,9475,bs,MLB,전반언더오버,2,h U 4.5,LA다저스,시애매리,07.31(금) 11:10,"1.85,1.68",오버
2026-08-06T00:22:17+00:00,2026,89,9496,bs,NPB,승패,2,,라쿠텐 0,0 소프트뱅,07.31(금) 18:00,"1.00,1.00",취소
2026-08-06T00:22:17+00:00,2026,89,9497,bs,NPB,승①패,2,승①패,라쿠텐 0,0 소프트뱅,07.31(금) 18:00,"1.00,1.00",취소
2026-08-06T00:22:17+00:00,2026,89,9498,bs,NPB,핸디캡,2,H 0.0,라쿠텐 0,0 소프트뱅,07.31(금) 18:00,"1.00,1.00",취소
2026-08-06T00:22:17+00:00,2026,89,9499,bs,NPB,언더오버,2,U 0.0,라쿠텐,소프트뱅,07.31(금) 18:00,"1.00,1.00",취소
2026-08-06T00:22:17+00:00,2026,89,9500,bs,NPB,홀짝,2,,라쿠텐,소프트뱅,07.31(금) 18:00,"1.00,1.00",취소
2026-08-06T00:22:17+00:00,2026,89,9546,sc,축ASEA챔,승무패,3,,베트남 0,0 싱가포르,07.31(금) 22:00,"1.10,6.00,13.50",무승부
2026-08-06T00:22:17+00:00,2026,89,9547,sc,축ASEA챔,핸디캡,3,H -1.0,베트남 -1,0 싱가포르,07.31(금) 22:00,"1.40,3.95,5.50",핸디패
2026-08-06T00:22:17+00:00,2026,89,9548,sc,축ASEA챔,핸디캡,3,H -2.0,베트남 -2,0 싱가포르,07.31(금) 22:00,"2.07,3.45,2.65",핸디패
2026-08-06T00:22:17+00:00,2026,89,9549,sc,축ASEA챔,핸디캡,2,H -3.5,베트남 -3.5,0 싱가포르,07.31(금) 22:00,"3.23,1.21",핸디패
2026-08-06T00:22:17+00:00,2026,89,9550,sc,축ASEA챔,언더오버,2,U 3.5,베트남,싱가포르,07.31(금) 22:00,"1.62,1.93",언더
2026-08-06T00:22:17+00:00,2026,89,9551,sc,축ASEA챔,홀짝,2,,베트남,싱가포르,07.31(금) 22:00,"1.76,1.76",짝
2026-08-06T00:22:17+00:00,2026,90,9444,bs,MLB,승패,2,,신시레즈 3,2 피츠파이,07.31(금) 08:10,"1.80,1.72",홈승
2026-08-06T00:22:17+00:00,2026,90,9445,bs,MLB,승①패,3,승①패,신시레즈 3,2 피츠파이,07.31(금) 08:10,"2.60,3.35,2.14",①
2026-08-06T00:22:17+00:00,2026,90,9446,bs,MLB,핸디캡,2,H +2.5,신시레즈 5.5,2 피츠파이,07.31(금) 08:10,"1.28,2.82",핸디승
2026-08-06T00:22:17+00:00,2026,90,9447,bs,MLB,언더오버,2,U 9.5,신시레즈,피츠파이,07.31(금) 08:10,"1.72,1.80",언더
2026-08-06T00:22:17+00:00,2026,90,9448,bs,MLB,홀짝,2,,신시레즈,피츠파이,07.31(금) 08:10,"1.56,2.02",홀
2026-08-06T00:22:17+00:00,2026,90,9449,bs,MLB,승패,2,,애틀브레 5,4 워싱내셔,07.31(금) 08:15,"1.52,2.09",홈승
2026-08-06T00:22:17+00:00,2026,90,9450,bs,MLB,승①패,3,승①패,애틀브레 5,4 워싱내셔,07.31(금) 08:15,"2.06,3.40,2.70",①
2026-08-06T00:22:17+00:00,2026,90,9451,bs,MLB,핸디캡,2,H -2.5,애틀브레 2.5,4 워싱내셔,07.31(금) 08:15,"2.77,1.29",핸디패
2026-08-06T00:22:17+00:00,2026,90,9452,bs,MLB,언더오버,2,U 9.5,애틀브레,워싱내셔,07.31(금) 08:15,"1.72,1.80",언더
2026-08-06T00:22:17+00:00,2026,90,9453,bs,MLB,홀짝,2,,애틀브레,워싱내셔,07.31(금) 08:15,"1.56,2.02",홀
2026-08-06T00:22:17+00:00,2026,90,9454,sc,축클럽친,승무패,3,,리즈U 1,0 선덜랜드,07.31(금) 08:30,"2.15,3.25,2.65",홈승
2026-08-06T00:22:17+00:00,2026,90,9455,sc,축클럽친,핸디캡,3,H -1.0,리즈U 0,0 선덜랜드,07.31(금) 08:30,"4.30,3.75,1.54",핸디무
2026-08-06T00:22:17+00:00,2026,90,9456,sc,축클럽친,언더오버,2,U 2.5,리즈U,선덜랜드,07.31(금) 08:30,"1.96,1.60",언더
2026-08-06T00:22:17+00:00,2026,90,9457,sc,축클럽친,홀짝,2,,리즈U,선덜랜드,07.31(금) 08:30,"1.77,1.75",홀
2026-08-06T00:22:17+00:00,2026,90,9458,bs,MLB,승패,2,,샌디파드 1,4 샌프자이,07.31(금) 10:40,"1.55,2.04",홈패
2026-08-06T00:22:17+00:00,2026,90,9459,bs,MLB,승①패,3,승①패,샌디파드 1,4 샌프자이,07.31(금) 10:40,"2.24,3.30,2.50",홈패
2026-08-06T00:22:17+00:00,2026,90,9460,bs,MLB,핸디캡,2,H -2.5,샌디파드 -1.5,4 샌프자이,07.31(금) 10:40,"3.09,1.23",핸디패
2026-08-06T00:22:17+00:00,2026,90,9461,bs,MLB,언더오버,2,U 8.5,샌디파드,샌프자이,07.31(금) 10:40,"1.74,1.78",언더
2026-08-06T00:22:17+00:00,2026,90,9462,bs,MLB,홀짝,2,,샌디파드,샌프자이,07.31(금) 10:40,"1.55,2.04",홀
2026-08-06T00:22:17+00:00,2026,90,9463,bs,MLB,승패,2,,애슬레틱 4,5 보스레드,07.31(금) 10:40,"2.29,1.43",홈패
2026-08-06T00:22:17+00:00,2026,90,9464,bs,MLB,승①패,3,승①패,애슬레틱 4,5 보스레드,07.31(금) 10:40,"3.45,3.85,1.67",①
2026-08-06T00:22:17+00:00,2026,90,9465,bs,MLB,핸디캡,2,H +2.5,애슬레틱 6.5,5 보스레드,07.31(금) 10:40,"1.49,2.15",핸디승
2026-08-06T00:22:17+00:00,2026,90,9466,bs,MLB,언더오버,2,U 10.5,애슬레틱,보스레드,07.31(금) 10:40,"1.73,1.79",언더
2026-08-06T00:22:17+00:00,2026,90,9467,bs,MLB,홀짝,2,,애슬레틱,보스레드,07.31(금) 10:40,"1.56,2.02",홀
2026-08-06T00:22:17+00:00,2026,90,9468,bs,MLB,승패,2,,LA다저스 6,2 시애매리,07.31(금) 11:10,"1.47,2.19",홈승
2026-08-06T00:22:17+00:00,2026,90,9469,bs,MLB,승①패,3,승①패,LA다저스 6,2 시애매리,07.31(금) 11:10,"1.99,3.45,2.80",홈승
2026-08-06T00:22:17+00:00,2026,90,9470,bs,MLB,핸디캡,2,H -2.5,LA다저스 3.5,2 시애매리,07.31(금) 11:10,"2.60,1.33",핸디승
2026-08-06T00:22:17+00:00,2026,90,9471,bs,MLB,언더오버,2,U 8.5,LA다저스,시애매리,07.31(금) 11:10,"1.79,1.73",언더
2026-08-06T00:22:17+00:00,2026,90,9472,bs,MLB,홀짝,2,,LA다저스,시애매리,07.31(금) 11:10,"1.55,2.04",짝
2026-08-06T00:22:17+00:00,2026,90,9473,bs,MLB,전반승무패,3,h(전반),LA다저스 5,0 시애매리,07.31(금) 11:10,"1.74,5.50,2.55",홈승
2026-08-06T00:22:17+00:00,2026,90,9474,bs,MLB,전반핸디캡,2,h H -1.5,LA다저스 3.5,0 시애매리,07.31(금) 11:10,"2.46,1.37",핸디승
2026-08-06T00:22:17+00:00,2026,90,9475,bs,MLB,전반언더오버,2,h U 4.5,LA다저스,시애매리,07.31(금) 11:10,"1.85,1.68",오버
2026-08-06T00:22:17+00:00,2026,90,9476,bs,NPB,승패,2,,요미우리 6,0 요코베이,07.31(금) 18:00,"1.77,1.75",홈승
2026-08-06T00:22:17+00:00,2026,90,9477,bs,NPB,승①패,3,승①패,요미우리 6,0 요코베이,07.31(금) 18:00,"2.95,2.50,2.44",홈승
2026-08-06T00:22:17+00:00,2026,90,9478,bs,NPB,핸디캡,2,H +2.5,요미우리 8.5,0 요코베이,07.31(금) 18:00,"1.18,3.46",핸디승
2026-08-06T00:22:17+00:00,2026,90,9479,bs,NPB,언더오버,2,U 5.5,요미우리,요코베이,07.31(금) 18:00,"1.94,1.61",오버
2026-08-06T00:22:17+00:00,2026,90,9480,bs,NPB,홀짝,2,,요미우리,요코베이,07.31(금) 18:00,"1.61,1.94",짝
2026-08-06T00:22:17+00:00,2026,90,9481,bs,NPB,승패,2,,야쿠르트 3,4 한신,07.31(금) 18:00,"2.49,1.36",홈패
2026-08-06T00:22:17+00:00,2026,90,9482,bs,NPB,승①패,3,승①패,야쿠르트 3,4 한신,07.31(금) 18:00,"4.45,3.00,1.69",①
2026-08-06T00:22:17+00:00,2026,90,9483,bs,NPB,핸디캡,2,H +2.5,야쿠르트 5.5,4 한신,07.31(금) 18:00,"1.49,2.15",핸디승
2026-08-06T00:22:17+00:00,2026,90,9484,bs,NPB,언더오버,2,U 8.5,야쿠르트,한신,07.31(금) 18:00,"1.66,1.87",언더
2026-08-06T00:22:17+00:00,2026,90,9485,bs,NPB,홀짝,2,,야쿠르트,한신,07.31(금) 18:00,"1.62,1.93",홀
2026-08-06T00:22:17+00:00,2026,90,9486,bs,NPB,승패,2,,히로카프 3,1 주니치,07.31(금) 18:00,"1.86,1.67",홈승
2026-08-06T00:22:17+00:00,2026,90,9487,bs,NPB,승①패,3,승①패,히로카프 3,1 주니치,07.31(금) 18:00,"3.05,2.65,2.25",홈승
2026-08-06T00:22:17+00:00,2026,90,9488,bs,NPB,핸디캡,2,H +2.5,히로카프 5.5,1 주니치,07.31(금) 18:00,"1.22,3.16",핸디승
2026-08-06T00:22:17+00:00,2026,90,9489,bs,NPB,언더오버,2,U 6.5,히로카프,주니치,07.31(금) 18:00,"1.85,1.68",언더
2026-08-06T00:22:17+00:00,2026,90,9490,bs,NPB,홀짝,2,,히로카프,주니치,07.31(금) 18:00,"1.61,1.94",짝
2026-08-06T00:22:17+00:00,2026,90,9491,bs,NPB,승패,2,,닛폰햄 6,1 지바롯데,07.31(금) 18:00,"1.39,2.40",홈승
2026-08-06T00:22:17+00:00,2026,90,9492,bs,NPB,승①패,3,승①패,닛폰햄 6,1 지바롯데,07.31(금) 18:00,"1.93,3.00,3.35",홈승
2026-08-06T00:22:17+00:00,2026,90,9493,bs,NPB,핸디캡,2,H -2.5,닛폰햄 3.5,1 지바롯데,07.31(금) 18:00,"2.34,1.41",핸디승
2026-08-06T00:22:17+00:00,2026,90,9494,bs,NPB,언더오버,2,U 7.5,닛폰햄,지바롯데,07.31(금) 18:00,"1.84,1.69",언더
2026-08-06T00:22:17+00:00,2026,90,9495,bs,NPB,홀짝,2,,닛폰햄,지바롯데,07.31(금) 18:00,"1.61,1.94",홀
2026-08-06T00:22:17+00:00,2026,90,9496,bs,NPB,승패,2,,라쿠텐 0,0 소프트뱅,07.31(금) 18:00,"1.00,1.00",취소
2026-08-06T00:22:17+00:00,2026,90,9497,bs,NPB,승①패,3,승①패,라쿠텐 0,0 소프트뱅,07.31(금) 18:00,"1.00,1.00,1.00",취소
2026-08-06T00:22:17+00:00,2026,90,9498,bs,NPB,핸디캡,2,H +2.5,라쿠텐 2.5,0 소프트뱅,07.31(금) 18:00,"1.00,1.00",취소
2026-08-06T00:22:17+00:00,2026,90,9499,bs,NPB,언더오버,2,U 7.5,라쿠텐,소프트뱅,07.31(금) 18:00,"1.00,1.00",취소
2026-08-06T00:22:17+00:00,2026,90,9500,bs,NPB,홀짝,2,,라쿠텐,소프트뱅,07.31(금) 18:00,"1.00,1.00",취소
2026-08-06T00:22:17+00:00,2026,90,9501,bs,NPB,승패,2,,세이부 4,5 오릭스,07.31(금) 18:00,"1.43,2.29",홈패
2026-08-06T00:22:17+00:00,2026,90,9502,bs,NPB,승①패,3,승①패,세이부 4,5 오릭스,07.31(금) 18:00,"2.09,2.75,3.25",①
2026-08-06T00:22:17+00:00,2026,90,9503,bs,NPB,핸디캡,2,H -2.5,세이부 1.5,5 오릭스,07.31(금) 18:00,"2.77,1.29",핸디패
2026-08-06T00:22:17+00:00,2026,90,9504,bs,NPB,언더오버,2,U 6.5,세이부,오릭스,07.31(금) 18:00,"1.87,1.66",오버
2026-08-06T00:22:17+00:00,2026,90,9505,bs,NPB,홀짝,2,,세이부,오릭스,07.31(금) 18:00,"1.61,1.94",홀
2026-08-06T00:22:17+00:00,2026,90,9506,bs,KBO,승패,2,,두산 4,2 LG,07.31(금) 18:30,"1.77,1.75",홈승
2026-08-06T00:22:17+00:00,2026,90,9507,bs,KBO,승①패,3,승①패,두산 4,2 LG,07.31(금) 18:30,"2.55,3.20,2.25",홈승
2026-08-06T00:22:17+00:00,2026,90,9508,bs,KBO,핸디캡,2,H +2.5,두산 6.5,2 LG,07.31(금) 18:30,"1.25,2.97",핸디승
2026-08-06T00:22:17+00:00,2026,90,9509,bs,KBO,언더오버,2,U 8.5,두산,LG,07.31(금) 18:30,"1.84,1.69",언더
2026-08-06T00:22:17+00:00,2026,90,9510,bs,KBO,홀짝,2,,두산,LG,07.31(금) 18:30,"1.58,1.99",짝
2026-08-06T00:22:17+00:00,2026,90,9511,bs,KBO,전반승무패,3,h(전반),두산 3,1 LG,07.31(금) 18:30,"2.10,5.40,2.05",홈승
2026-08-06T00:22:17+00:00,2026,90,9512,bs,KBO,전반핸디캡,2,h H +1.5,두산 4.5,1 LG,07.31(금) 18:30,"1.30,2.72",핸디승
2026-08-06T00:22:17+00:00,2026,90,9513,bs,KBO,전반언더오버,2,h U 4.5,두산,LG,07.31(금) 18:30,"1.76,1.76",언더
2026-08-06T00:22:17+00:00,2026,90,9514,bs,KBO,승패,2,,롯데 7,9 삼성,07.31(금) 18:30,"2.43,1.38",홈패
2026-08-06T00:22:17+00:00,2026,90,9515,bs,KBO,승①패,3,승①패,롯데 7,9 삼성,07.31(금) 18:30,"3.75,3.90,1.60",홈패
2026-08-06T00:22:17+00:00,2026,90,9516,bs,KBO,핸디캡,2,H +2.5,롯데 9.5,9 삼성,07.31(금) 18:30,"1.58,1.99",핸디승
2026-08-06T00:22:17+00:00,2026,90,9517,bs,KBO,언더오버,2,U 9.5,롯데,삼성,07.31(금) 18:30,"1.86,1.67",오버
2026-08-06T00:22:17+00:00,2026,90,9518,bs,KBO,홀짝,2,,롯데,삼성,07.31(금) 18:30,"1.59,1.97",짝
2026-08-06T00:22:17+00:00,2026,90,9519,bs,KBO,전반승무패,3,h(전반),롯데 3,1 삼성,07.31(금) 18:30,"2.70,6.20,1.62",홈승
2026-08-06T00:22:17+00:00,2026,90,9520,bs,KBO,전반핸디캡,2,h H +1.5,롯데 4.5,1 삼성,07.31(금) 18:30,"1.55,2.04",핸디승
2026-08-06T00:22:17+00:00,2026,90,9521,bs,KBO,전반언더오버,2,h U 5.5,롯데,삼성,07.31(금) 18:30,"1.77,1.75",언더
2026-08-06T00:22:17+00:00,2026,90,9522,bs,KBO,승패,2,,KT 5,3 한화,07.31(금) 18:30,"1.77,1.75",홈승
2026-08-06T00:22:17+00:00,2026,90,9523,bs,KBO,승①패,3,승①패,KT 5,3 한화,07.31(금) 18:30,"2.45,3.55,2.17",홈승
2026-08-06T00:22:17+00:00,2026,90,9524,bs,KBO,핸디캡,2,H +2.5,KT 7.5,3 한화,07.31(금) 18:30,"1.29,2.77",핸디승
2026-08-06T00:22:17+00:00,2026,90,9525,bs,KBO,언더오버,2,U 9.5,KT,한화,07.31(금) 18:30,"1.70,1.82",언더
2026-08-06T00:22:17+00:00,2026,90,9526,bs,KBO,홀짝,2,,KT,한화,07.31(금) 18:30,"1.58,1.99",짝
2026-08-06T00:22:17+00:00,2026,90,9527,bs,KBO,전반승무패,3,h(전반),KT 2,3 한화,07.31(금) 18:30,"2.15,5.90,1.94",홈패
2026-08-06T00:22:17+00:00,2026,90,9528,bs,KBO,전반핸디캡,2,h H +1.5,KT 3.5,3 한화,07.31(금) 18:30,"1.34,2.56",핸디승
2026-08-06T00:22:17+00:00,2026,90,9529,bs,KBO,전반언더오버,2,h U 5.5,KT,한화,07.31(금) 18:30,"1.63,1.91",언더
2026-08-06T00:22:17+00:00,2026,90,9530,bs,KBO,승패,2,,NC 10,4 KIA,07.31(금) 18:30,"1.97,1.59",홈승
2026-08-06T00:22:17+00:00,2026,90,9531,bs,KBO,승①패,3,승①패,NC 10,4 KIA,07.31(금) 18:30,"2.80,3.55,1.96",홈승
2026-08-06T00:22:17+00:00,2026,90,9532,bs,KBO,핸디캡,2,H +2.5,NC 12.5,4 KIA,07.31(금) 18:30,"1.37,2.46",핸디승
2026-08-06T00:22:17+00:00,2026,90,9533,bs,KBO,언더오버,2,U 10.5,NC,KIA,07.31(금) 18:30,"1.84,1.69",오버
2026-08-06T00:22:17+00:00,2026,90,9534,bs,KBO,홀짝,2,,NC,KIA,07.31(금) 18:30,"1.57,2.00",짝
2026-08-06T00:22:17+00:00,2026,90,9535,bs,KBO,전반승무패,3,h(전반),NC 9,3 KIA,07.31(금) 18:30,"2.15,6.70,1.87",홈승
2026-08-06T00:22:17+00:00,2026,90,9536,bs,KBO,전반핸디캡,2,h H +1.5,NC 10.5,3 KIA,07.31(금) 18:30,"1.39,2.40",핸디승
2026-08-06T00:22:17+00:00,2026,90,9537,bs,KBO,전반언더오버,2,h U 5.5,NC,KIA,07.31(금) 18:30,"1.85,1.68",오버
2026-08-06T00:22:17+00:00,2026,90,9538,bs,KBO,승패,2,,키움 12,7 SSG,07.31(금) 18:30,"1.86,1.67",홈승
2026-08-06T00:22:17+00:00,2026,90,9539,bs,KBO,승①패,3,승①패,키움 12,7 SSG,07.31(금) 18:30,"2.70,3.20,2.14",홈승
2026-08-06T00:22:17+00:00,2026,90,9540,bs,KBO,핸디캡,2,H +2.5,키움 14.5,7 SSG,07.31(금) 18:30,"1.28,2.82",핸디승
2026-08-06T00:22:17+00:00,2026,90,9541,bs,KBO,언더오버,2,U 8.5,키움,SSG,07.31(금) 18:30,"1.82,1.70",오버
2026-08-06T00:22:17+00:00,2026,90,9542,bs,KBO,홀짝,2,,키움,SSG,07.31(금) 18:30,"1.58,1.99",홀
2026-08-06T00:22:17+00:00,2026,90,9543,bs,KBO,전반승무패,3,h(전반),키움 9,5 SSG,07.31(금) 18:30,"2.15,6.10,1.92",홈승
2026-08-06T00:22:17+00:00,2026,90,9544,bs,KBO,전반핸디캡,2,h H +1.5,키움 10.5,5 SSG,07.31(금) 18:30,"1.32,2.64",핸디승
2026-08-06T00:22:17+00:00,2026,90,9545,bs,KBO,전반언더오버,2,h U 4.5,키움,SSG,07.31(금) 18:30,"1.82,1.70",오버
2026-08-06T00:22:17+00:00,2026,90,9546,sc,축ASEA챔,승무패,3,,베트남 0,0 싱가포르,07.31(금) 22:00,"1.10,6.70,11.00",무승부
2026-08-06T00:22:17+00:00,2026,90,9547,sc,축ASEA챔,핸디캡,3,H -1.0,베트남 -1,0 싱가포르,07.31(금) 22:00,"1.40,3.95,5.50",핸디패
2026-08-06T00:22:17+00:00,2026,90,9548,sc,축ASEA챔,핸디캡,3,H -2.0,베트남 -2,0 싱가포르,07.31(금) 22:00,"2.04,3.30,2.80",핸디패
2026-08-06T00:22:17+00:00,2026,90,9549,sc,축ASEA챔,핸디캡,2,H -3.5,베트남 -3.5,0 싱가포르,07.31(금) 22:00,"3.23,1.21",핸디패
2026-08-06T00:22:17+00:00,2026,90,9550,sc,축ASEA챔,언더오버,2,U 3.5,베트남,싱가포르,07.31(금) 22:00,"1.77,1.75",언더
2026-08-06T00:22:17+00:00,2026,90,9551,sc,축ASEA챔,홀짝,2,,베트남,싱가포르,07.31(금) 22:00,"1.76,1.76",짝
2026-08-06T00:22:17+00:00,2026,90,9552,sc,엘리테세,승무패,3,,볼레렝아 0,3 함캄,08.01(토) 02:00,"1.48,3.95,4.55",홈패
2026-08-06T00:22:17+00:00,2026,90,9553,sc,엘리테세,핸디캡,3,H -1.0,볼레렝아 -1,3 함캄,08.01(토) 02:00,"2.50,3.35,2.22",핸디패
2026-08-06T00:22:17+00:00,2026,90,9554,sc,엘리테세,언더오버,2,U 3.5,볼레렝아,함캄,08.01(토) 02:00,"1.59,1.97",언더
2026-08-06T00:22:17+00:00,2026,90,9555,sc,엘리테세,홀짝,2,,볼레렝아,함캄,08.01(토) 02:00,"1.76,1.76",홀
2026-08-06T00:22:17+00:00,2026,90,9556,bs,MLB,승패,2,,시카컵스 0,2 뉴욕양키,08.01(토) 03:20,"1.56,2.02",홈패
2026-08-06T00:22:17+00:00,2026,90,9557,bs,MLB,승①패,3,승①패,시카컵스 0,2 뉴욕양키,08.01(토) 03:20,"2.14,3.35,2.60",홈패
2026-08-06T00:22:17+00:00,2026,90,9558,bs,MLB,핸디캡,2,H -2.5,시카컵스 -2.5,2 뉴욕양키,08.01(토) 03:20,"2.87,1.27",핸디패
2026-08-06T00:22:17+00:00,2026,90,9559,bs,MLB,언더오버,2,U 9.5,시카컵스,뉴욕양키,08.01(토) 03:20,"1.65,1.89",언더
2026-08-06T00:22:17+00:00,2026,90,9560,bs,MLB,홀짝,2,,시카컵스,뉴욕양키,08.01(토) 03:20,"1.56,2.02",짝
2026-08-06T00:22:17+00:00,2026,90,9561,sc,엘리테세,승무패,3,,보되글림 4,0 릴레스트,08.01(토) 04:00,"1.19,5.30,8.30",홈승
2026-08-06T00:22:17+00:00,2026,90,9562,sc,엘리테세,핸디캡,3,H -1.0,보되글림 3,0 릴레스트,08.01(토) 04:00,"1.62,3.80,3.70",핸디승
2026-08-06T00:22:17+00:00,2026,90,9563,sc,엘리테세,핸디캡,3,H -2.0,보되글림 2,0 릴레스트,08.01(토) 04:00,"2.45,3.60,2.16",핸디승
2026-08-06T00:22:17+00:00,2026,90,9564,sc,엘리테세,핸디캡,2,H -3.5,보되글림 0.5,0 릴레스트,08.01(토) 04:00,"3.98,1.13",핸디승
2026-08-06T00:22:17+00:00,2026,90,9565,sc,엘리테세,언더오버,2,U 3.5,보되글림,릴레스트,08.01(토) 04:00,"1.89,1.65",오버
2026-08-06T00:22:17+00:00,2026,90,9566,sc,엘리테세,홀짝,2,,보되글림,릴레스트,08.01(토) 04:00,"1.76,1.76",짝
2026-08-06T00:22:17+00:00,2026,90,9567,bs,MLB,승패,2,,신시레즈 8,7 피츠파이,08.01(토) 07:10,"1.87,1.66",홈승
2026-08-06T00:22:17+00:00,2026,90,9568,bs,MLB,승①패,3,승①패,신시레즈 8,7 피츠파이,08.01(토) 07:10,"2.80,3.20,2.08",①
2026-08-06T00:22:17+00:00,2026,90,9569,bs,MLB,핸디캡,2,H +2.5,신시레즈 10.5,7 피츠파이,08.01(토) 07:10,"1.29,2.77",핸디승
2026-08-06T00:22:17+00:00,2026,90,9570,bs,MLB,언더오버,2,U 7.5,신시레즈,피츠파이,08.01(토) 07:10,"1.78,1.74",오버
2026-08-06T00:22:17+00:00,2026,90,9571,bs,MLB,홀짝,2,,신시레즈,피츠파이,08.01(토) 07:10,"1.55,2.04",홀
2026-08-06T00:22:17+00:00,2026,90,9572,bs,MLB,승패,2,,볼티오리 6,4 필라필리,08.01(토) 08:05,"1.65,1.89",홈승
2026-08-06T00:22:17+00:00,2026,90,9573,bs,MLB,승①패,3,승①패,볼티오리 6,4 필라필리,08.01(토) 08:05,"2.33,3.30,2.40",홈승
2026-08-06T00:22:17+00:00,2026,90,9574,bs,MLB,핸디캡,2,H -2.5,볼티오리 3.5,4 필라필리,08.01(토) 08:05,"3.23,1.21",핸디패
2026-08-06T00:22:17+00:00,2026,90,9575,bs,MLB,언더오버,2,U 8.5,볼티오리,필라필리,08.01(토) 08:05,"1.82,1.70",오버
2026-08-06T00:22:17+00:00,2026,90,9576,bs,MLB,홀짝,2,,볼티오리,필라필리,08.01(토) 08:05,"1.55,2.04",짝
2026-08-06T00:22:17+00:00,2026,90,9577,bs,MLB,승패,2,,토론블루 3,1 세인카디,08.01(토) 08:07,"1.40,2.37",홈승
2026-08-06T00:22:17+00:00,2026,90,9578,bs,MLB,승①패,3,승①패,토론블루 3,1 세인카디,08.01(토) 08:07,"1.89,3.35,3.10",홈승
2026-08-06T00:22:17+00:00,2026,90,9579,bs,MLB,핸디캡,2,H -2.5,토론블루 0.5,1 세인카디,08.01(토) 08:07,"2.53,1.35",핸디패
2026-08-06T00:22:17+00:00,2026,90,9580,bs,MLB,언더오버,2,U 7.5,토론블루,세인카디,08.01(토) 08:07,"1.78,1.74",언더
2026-08-06T00:22:17+00:00,2026,90,9581,bs,MLB,홀짝,2,,토론블루,세인카디,08.01(토) 08:07,"1.55,2.04",짝
2026-08-06T00:22:17+00:00,2026,90,9582,bs,MLB,승패,2,,탬파레이 1,6 시카화이,08.01(토) 08:10,"1.50,2.13",홈패
2026-08-06T00:22:17+00:00,2026,90,9583,bs,MLB,승①패,3,승①패,탬파레이 1,6 시카화이,08.01(토) 08:10,"2.11,3.45,2.60",홈패
2026-08-06T00:22:17+00:00,2026,90,9584,bs,MLB,핸디캡,2,H -2.5,탬파레이 -1.5,6 시카화이,08.01(토) 08:10,"2.92,1.26",핸디패
2026-08-06T00:22:17+00:00,2026,90,9585,bs,MLB,언더오버,2,U 8.5,탬파레이,시카화이,08.01(토) 08:10,"1.67,1.86",언더
2026-08-06T00:22:17+00:00,2026,90,9586,bs,MLB,홀짝,2,,탬파레이,시카화이,08.01(토) 08:10,"1.55,2.04",홀
2026-08-06T00:22:17+00:00,2026,90,9587,bs,MLB,승패,2,,뉴욕메츠 2,5 마이말린,08.01(토) 08:10,"1.64,1.90",홈패
2026-08-06T00:22:17+00:00,2026,90,9588,bs,MLB,승①패,3,승①패,뉴욕메츠 2,5 마이말린,08.01(토) 08:10,"2.33,3.30,2.40",홈패
2026-08-06T00:22:17+00:00,2026,90,9589,bs,MLB,핸디캡,2,H -2.5,뉴욕메츠 -0.5,5 마이말린,08.01(토) 08:10,"3.23,1.21",핸디패
2026-08-06T00:22:17+00:00,2026,90,9590,bs,MLB,언더오버,2,U 8.5,뉴욕메츠,마이말린,08.01(토) 08:10,"1.75,1.77",언더
2026-08-06T00:22:17+00:00,2026,90,9591,bs,MLB,홀짝,2,,뉴욕메츠,마이말린,08.01(토) 08:10,"1.55,2.04",홀
2026-08-06T00:22:17+00:00,2026,90,9592,bs,MLB,승패,2,,클리가디 1,4 애리다이,08.01(토) 08:10,"1.59,1.97",홈패
2026-08-06T00:22:17+00:00,2026,90,9593,bs,MLB,승①패,3,승①패,클리가디 1,4 애리다이,08.01(토) 08:10,"2.20,3.30,2.55",홈패
2026-08-06T00:22:17+00:00,2026,90,9594,bs,MLB,핸디캡,2,H -2.5,클리가디 -1.5,4 애리다이,08.01(토) 08:10,"3.03,1.24",핸디패
2026-08-06T00:22:17+00:00,2026,90,9595,bs,MLB,언더오버,2,U 8.5,클리가디,애리다이,08.01(토) 08:10,"1.81,1.71",언더
2026-08-06T00:22:17+00:00,2026,90,9596,bs,MLB,홀짝,2,,클리가디,애리다이,08.01(토) 08:10,"1.55,2.04",홀
2026-08-06T00:22:17+00:00,2026,90,9597,bs,MLB,승패,2,,애틀브레 6,2 워싱내셔,08.01(토) 08:15,"1.63,1.91",홈승
2026-08-06T00:22:17+00:00,2026,90,9598,bs,MLB,승①패,3,승①패,애틀브레 6,2 워싱내셔,08.01(토) 08:15,"2.28,3.30,2.45",홈승
2026-08-06T00:22:17+00:00,2026,90,9599,bs,MLB,핸디캡,2,H -2.5,애틀브레 3.5,2 워싱내셔,08.01(토) 08:15,"3.16,1.22",핸디승
2026-08-06T00:22:17+00:00,2026,90,9600,bs,MLB,언더오버,2,U 8.5,애틀브레,워싱내셔,08.01(토) 08:15,"1.81,1.71",언더
2026-08-06T00:22:17+00:00,2026,90,9601,bs,MLB,홀짝,2,,애틀브레,워싱내셔,08.01(토) 08:15,"1.55,2.04",짝
2026-08-06T00:22:17+00:00,2026,90,9602,sc,MLS,승무패,3,,뉴욕시티 1,1 토론토FC,08.01(토) 08:30,"1.56,3.50,4.50",무승부
2026-08-06T00:22:17+00:00,2026,90,9603,sc,MLS,핸디캡,3,H -1.0,뉴욕시티 0,1 토론토FC,08.01(토) 08:30,"2.65,3.30,2.13",핸디패
2026-08-06T00:22:17+00:00,2026,90,9604,sc,MLS,언더오버,2,U 2.5,뉴욕시티,토론토FC,08.01(토) 08:30,"2.11,1.51",언더
2026-08-06T00:22:17+00:00,2026,90,9605,sc,MLS,홀짝,2,,뉴욕시티,토론토FC,08.01(토) 08:30,"1.77,1.75",짝
2026-08-06T00:22:17+00:00,2026,90,9606,bs,MLB,승패,2,,휴스애스 11,2 텍사레인,08.01(토) 09:15,"1.62,1.93",홈승
2026-08-06T00:22:17+00:00,2026,90,9607,bs,MLB,승①패,3,승①패,휴스애스 11,2 텍사레인,08.01(토) 09:15,"2.28,3.30,2.45",홈승
2026-08-06T00:22:17+00:00,2026,90,9608,bs,MLB,핸디캡,2,H -2.5,휴스애스 8.5,2 텍사레인,08.01(토) 09:15,"3.09,1.23",핸디승
2026-08-06T00:22:17+00:00,2026,90,9609,bs,MLB,언더오버,2,U 8.5,휴스애스,텍사레인,08.01(토) 09:15,"1.58,1.99",오버
2026-08-06T00:22:17+00:00,2026,90,9610,bs,MLB,홀짝,2,,휴스애스,텍사레인,08.01(토) 09:15,"1.55,2.04",홀
2026-08-06T00:22:17+00:00,2026,90,9611,bs,MLB,승패,2,,콜로로키 3,1 캔자로얄,08.01(토) 09:40,"1.77,1.75",홈승
2026-08-06T00:22:17+00:00,2026,90,9612,bs,MLB,승①패,3,승①패,콜로로키 3,1 캔자로얄,08.01(토) 09:40,"2.50,3.45,2.18",홈승
2026-08-06T00:22:17+00:00,2026,90,9613,bs,MLB,핸디캡,2,H +2.5,콜로로키 5.5,1 캔자로얄,08.01(토) 09:40,"1.27,2.87",핸디승
2026-08-06T00:22:17+00:00,2026,90,9614,bs,MLB,언더오버,2,U 11.5,콜로로키,캔자로얄,08.01(토) 09:40,"1.68,1.85",언더
2026-08-06T00:22:17+00:00,2026,90,9615,bs,MLB,홀짝,2,,콜로로키,캔자로얄,08.01(토) 09:40,"1.56,2.02",짝
2026-08-06T00:22:17+00:00,2026,90,9616,bs,MLB,승패,2,,LA에인절 2,6 밀워브루,08.01(토) 10:38,"2.29,1.43",홈패
2026-08-06T00:22:17+00:00,2026,90,9617,bs,MLB,승①패,3,승①패,LA에인절 2,6 밀워브루,08.01(토) 10:38,"3.55,3.45,1.73",홈패
2026-08-06T00:22:17+00:00,2026,90,9618,bs,MLB,핸디캡,2,H +2.5,LA에인절 4.5,6 밀워브루,08.01(토) 10:38,"1.42,2.31",핸디패
2026-08-06T00:22:17+00:00,2026,90,9619,bs,MLB,언더오버,2,U 8.5,LA에인절,밀워브루,08.01(토) 10:38,"1.87,1.66",언더
2026-08-06T00:22:17+00:00,2026,90,9620,bs,MLB,홀짝,2,,LA에인절,밀워브루,08.01(토) 10:38,"1.56,2.02",짝
2026-08-06T00:22:17+00:00,2026,90,9621,bs,MLB,승패,2,,애슬레틱 1,13 디트타이,08.01(토) 10:40,"2.15,1.49",홈패
2026-08-06T00:22:17+00:00,2026,90,9622,bs,MLB,승①패,3,승①패,애슬레틱 1,13 디트타이,08.01(토) 10:40,"3.25,3.50,1.80",홈패
2026-08-06T00:22:17+00:00,2026,90,9623,bs,MLB,핸디캡,2,H +2.5,애슬레틱 3.5,13 디트타이,08.01(토) 10:40,"1.42,2.31",핸디패
2026-08-06T00:22:17+00:00,2026,90,9624,bs,MLB,언더오버,2,U 10.5,애슬레틱,디트타이,08.01(토) 10:40,"1.80,1.72",오버
2026-08-06T00:22:17+00:00,2026,90,9625,bs,MLB,홀짝,2,,애슬레틱,디트타이,08.01(토) 10:40,"1.56,2.02",짝
2026-08-06T00:22:17+00:00,2026,90,9626,bs,MLB,승패,2,,샌디파드 7,0 샌프자이,08.01(토) 10:45,"1.59,1.97",홈승
2026-08-06T00:22:17+00:00,2026,90,9627,bs,MLB,승①패,3,승①패,샌디파드 7,0 샌프자이,08.01(토) 10:45,"2.30,3.35,2.40",홈승
2026-08-06T00:22:17+00:00,2026,90,9628,bs,MLB,핸디캡,2,H -2.5,샌디파드 4.5,0 샌프자이,08.01(토) 10:45,"2.92,1.26",핸디승
2026-08-06T00:22:17+00:00,2026,90,9629,bs,MLB,언더오버,2,U 8.5,샌디파드,샌프자이,08.01(토) 10:45,"1.93,1.62",언더
2026-08-06T00:22:17+00:00,2026,90,9630,bs,MLB,홀짝,2,,샌디파드,샌프자이,08.01(토) 10:45,"1.55,2.04",홀
2026-08-06T00:22:17+00:00,2026,90,9631,bs,MLB,승패,2,,시애매리 3,5 미네트윈,08.01(토) 11:10,"1.42,2.31",홈패
2026-08-06T00:22:17+00:00,2026,90,9632,bs,MLB,승①패,3,승①패,시애매리 3,5 미네트윈,08.01(토) 11:10,"1.84,3.40,3.20",홈패
2026-08-06T00:22:17+00:00,2026,90,9633,bs,MLB,핸디캡,2,H -2.5,시애매리 0.5,5 미네트윈,08.01(토) 11:10,"2.43,1.38",핸디패
2026-08-06T00:22:17+00:00,2026,90,9634,bs,MLB,언더오버,2,U 7.5,시애매리,미네트윈,08.01(토) 11:10,"1.85,1.68",오버
2026-08-06T00:22:17+00:00,2026,90,9635,bs,MLB,홀짝,2,,시애매리,미네트윈,08.01(토) 11:10,"1.56,2.02",짝
2026-08-06T00:22:17+00:00,2026,90,9636,bs,MLB,전반승무패,3,h(전반),시애매리 3,2 미네트윈,08.01(토) 11:10,"1.63,5.80,2.75",홈승
2026-08-06T00:22:17+00:00,2026,90,9637,bs,MLB,전반핸디캡,2,h H -1.5,시애매리 1.5,2 미네트윈,08.01(토) 11:10,"2.26,1.44",핸디패
2026-08-06T00:22:17+00:00,2026,90,9638,bs,MLB,전반언더오버,2,h U 4.5,시애매리,미네트윈,08.01(토) 11:10,"1.71,1.81",오버
2026-08-06T00:22:17+00:00,2026,90,9639,bs,MLB,승패,2,,LA다저스 4,9 보스레드,08.01(토) 11:10,"1.69,1.84",홈패
2026-08-06T00:22:17+00:00,2026,90,9640,bs,MLB,승①패,3,승①패,LA다저스 4,9 보스레드,08.01(토) 11:10,"2.30,3.35,2.40",홈패
2026-08-06T00:22:17+00:00,2026,90,9641,bs,MLB,핸디캡,2,H -2.5,LA다저스 1.5,9 보스레드,08.01(토) 11:10,"3.30,1.20",핸디패
2026-08-06T00:22:17+00:00,2026,90,9642,bs,MLB,언더오버,2,U 8.5,LA다저스,보스레드,08.01(토) 11:10,"1.76,1.76",오버
2026-08-06T00:22:17+00:00,2026,90,9643,bs,MLB,홀짝,2,,LA다저스,보스레드,08.01(토) 11:10,"1.55,2.04",홀
2026-08-06T00:22:17+00:00,2026,90,9644,bs,NPB,승패,2,,닛폰햄 3,5 지바롯데,08.01(토) 14:00,"1.29,2.77",홈패
2026-08-06T00:22:17+00:00,2026,90,9645,bs,NPB,승①패,3,승①패,닛폰햄 3,5 지바롯데,08.01(토) 14:00,"1.72,3.20,3.90",홈패
2026-08-06T00:22:17+00:00,2026,90,9646,bs,NPB,핸디캡,2,H -2.5,닛폰햄 0.5,5 지바롯데,08.01(토) 14:00,"2.31,1.42",핸디패
2026-08-06T00:22:17+00:00,2026,90,9647,bs,NPB,언더오버,2,U 7.5,닛폰햄,지바롯데,08.01(토) 14:00,"1.84,1.69",오버
2026-08-06T00:22:17+00:00,2026,90,9648,bs,NPB,홀짝,2,,닛폰햄,지바롯데,08.01(토) 14:00,"1.62,1.93",짝
2026-08-06T00:22:17+00:00,2026,90,9649,vl,남배네이,승패,2,,슬로베M 0,3 폴란드M,08.01(토) 16:00,"3.16,1.22",홈패
2026-08-06T00:22:17+00:00,2026,90,9650,vl,남배네이,핸디캡,2,H +1.5,슬로베M 1.5,3 폴란드M,08.01(토) 16:00,"2.09,1.52",핸디패
2026-08-06T00:22:17+00:00,2026,90,9651,vl,남배네이,언더오버,2,U 180.5,슬로베M,폴란드M,08.01(토) 16:00,"1.87,1.66",언더
2026-08-06T00:22:17+00:00,2026,90,9652,vl,남배네이,홀짝,2,,슬로베M,폴란드M,08.01(토) 16:00,"1.76,1.76",홀
2026-08-06T00:22:17+00:00,2026,90,9653,bs,NPB,승패,2,,세이부 4,1 오릭스,08.01(토) 17:00,"1.77,1.75",홈승
2026-08-06T00:22:17+00:00,2026,90,9654,bs,NPB,승①패,3,승①패,세이부 4,1 오릭스,08.01(토) 17:00,"2.85,2.65,2.37",홈승
2026-08-06T00:22:17+00:00,2026,90,9655,bs,NPB,핸디캡,2,H +2.5,세이부 6.5,1 오릭스,08.01(토) 17:00,"1.19,3.38",핸디승
2026-08-06T00:22:17+00:00,2026,90,9656,bs,NPB,언더오버,2,U 6.5,세이부,오릭스,08.01(토) 17:00,"1.86,1.67",언더
2026-08-06T00:22:17+00:00,2026,90,9657,bs,NPB,홀짝,2,,세이부,오릭스,08.01(토) 17:00,"1.61,1.94",홀
2026-08-06T00:22:17+00:00,2026,90,9658,bs,KBO,승패,2,,두산 2,2 LG,08.01(토) 18:00,"1.00,1.00",무승부
2026-08-06T00:22:17+00:00,2026,90,9659,bs,KBO,승①패,3,승①패,두산 2,2 LG,08.01(토) 18:00,"2.50,3.20,2.29",①
2026-08-06T00:22:17+00:00,2026,90,9660,bs,KBO,핸디캡,2,H -2.5,두산 -0.5,2 LG,08.01(토) 18:00,"3.03,1.24",핸디패
2026-08-06T00:22:17+00:00,2026,90,9661,bs,KBO,언더오버,2,U 8.5,두산,LG,08.01(토) 18:00,"1.70,1.82",언더
2026-08-06T00:22:17+00:00,2026,90,9662,bs,KBO,홀짝,2,,두산,LG,08.01(토) 18:00,"1.58,1.99",짝
2026-08-06T00:22:17+00:00,2026,90,9663,bs,KBO,전반승무패,3,h(전반),두산 0,2 LG,08.01(토) 18:00,"1.98,5.30,2.20",홈패
2026-08-06T00:22:17+00:00,2026,90,9664,bs,KBO,전반핸디캡,2,h H -1.5,두산 -1.5,2 LG,08.01(토) 18:00,"2.77,1.29",핸디패
2026-08-06T00:22:17+00:00,2026,90,9665,bs,KBO,전반언더오버,2,h U 4.5,두산,LG,08.01(토) 18:00,"1.75,1.77",언더
2026-08-06T00:22:17+00:00,2026,90,9666,bs,KBO,승패,2,,롯데,삼성,08.01(토) 18:00,"1.00,1.00",취소
2026-08-06T00:22:17+00:00,2026,90,9667,bs,KBO,승①패,3,승①패,롯데,삼성,08.01(토) 18:00,"1.00,1.00,1.00",취소
2026-08-06T00:22:17+00:00,2026,90,9668,bs,KBO,핸디캡,2,H +2.5,롯데,삼성,08.01(토) 18:00,"1.00,1.00",취소
2026-08-06T00:22:17+00:00,2026,90,9669,bs,KBO,언더오버,2,U 10.5,롯데,삼성,08.01(토) 18:00,"1.00,1.00",취소
2026-08-06T00:22:17+00:00,2026,90,9670,bs,KBO,홀짝,2,,롯데,삼성,08.01(토) 18:00,"1.00,1.00",취소
2026-08-06T00:22:17+00:00,2026,90,9671,bs,KBO,전반승무패,3,h(전반),롯데,삼성,08.01(토) 18:00,"1.00,1.00,1.00",취소
2026-08-06T00:22:17+00:00,2026,90,9672,bs,KBO,전반핸디캡,2,h H +1.5,롯데,삼성,08.01(토) 18:00,"1.00,1.00",취소
2026-08-06T00:22:17+00:00,2026,90,9673,bs,KBO,전반언더오버,2,h U 5.5,롯데,삼성,08.01(토) 18:00,"1.00,1.00",취소
2026-08-06T00:22:17+00:00,2026,90,9674,bs,KBO,승패,2,,KT 7,4 한화,08.01(토) 18:00,"1.78,1.74",홈승
2026-08-06T00:22:17+00:00,2026,90,9675,bs,KBO,승①패,3,승①패,KT 7,4 한화,08.01(토) 18:00,"2.55,3.50,2.12",홈승
2026-08-06T00:22:17+00:00,2026,90,9676,bs,KBO,핸디캡,2,H +2.5,KT 9.5,4 한화,08.01(토) 18:00,"1.32,2.64",핸디승
2026-08-06T00:22:17+00:00,2026,90,9677,bs,KBO,언더오버,2,U 10.5,KT,한화,08.01(토) 18:00,"1.75,1.77",오버
2026-08-06T00:22:17+00:00,2026,90,9678,bs,KBO,홀짝,2,,KT,한화,08.01(토) 18:00,"1.57,2.00",홀
2026-08-06T00:22:17+00:00,2026,90,9679,bs,KBO,전반승무패,3,h(전반),KT 7,4 한화,08.01(토) 18:00,"2.10,6.60,1.92",홈승
2026-08-06T00:22:17+00:00,2026,90,9680,bs,KBO,전반핸디캡,2,h H +1.5,KT 8.5,4 한화,08.01(토) 18:00,"1.34,2.56",핸디승
2026-08-06T00:22:17+00:00,2026,90,9681,bs,KBO,전반언더오버,2,h U 5.5,KT,한화,08.01(토) 18:00,"1.75,1.77",오버
2026-08-06T00:22:17+00:00,2026,90,9682,bs,KBO,승패,2,,NC,KIA,08.01(토) 18:00,"1.00,1.00",취소
2026-08-06T00:22:17+00:00,2026,90,9683,bs,KBO,승①패,3,승①패,NC,KIA,08.01(토) 18:00,"1.00,1.00,1.00",취소
2026-08-06T00:22:17+00:00,2026,90,9684,bs,KBO,핸디캡,2,H -2.5,NC,KIA,08.01(토) 18:00,"1.00,1.00",취소
2026-08-06T00:22:17+00:00,2026,90,9685,bs,KBO,언더오버,2,U 9.5,NC,KIA,08.01(토) 18:00,"1.00,1.00",취소
2026-08-06T00:22:17+00:00,2026,90,9686,bs,KBO,홀짝,2,,NC,KIA,08.01(토) 18:00,"1.00,1.00",취소
2026-08-06T00:22:17+00:00,2026,90,9687,bs,KBO,전반승무패,3,h(전반),NC,KIA,08.01(토) 18:00,"1.00,1.00,1.00",취소
2026-08-06T00:22:17+00:00,2026,90,9688,bs,KBO,전반핸디캡,2,h H -1.5,NC,KIA,08.01(토) 18:00,"1.00,1.00",취소
2026-08-06T00:22:17+00:00,2026,90,9689,bs,KBO,전반언더오버,2,h U 5.5,NC,KIA,08.01(토) 18:00,"1.00,1.00",취소
2026-08-06T00:22:17+00:00,2026,90,9690,bs,KBO,승패,2,,키움 2,10 SSG,08.01(토) 18:00,"1.86,1.67",홈패
2026-08-06T00:22:17+00:00,2026,90,9691,bs,KBO,승①패,3,승①패,키움 2,10 SSG,08.01(토) 18:00,"2.70,3.25,2.12",홈패
2026-08-06T00:22:17+00:00,2026,90,9692,bs,KBO,핸디캡,2,H +2.5,키움 4.5,10 SSG,08.01(토) 18:00,"1.29,2.77",핸디패
2026-08-06T00:22:17+00:00,2026,90,9693,bs,KBO,언더오버,2,U 8.5,키움,SSG,08.01(토) 18:00,"2.00,1.57",오버
2026-08-06T00:22:17+00:00,2026,90,9694,bs,KBO,홀짝,2,,키움,SSG,08.01(토) 18:00,"1.58,1.99",짝
2026-08-06T00:22:17+00:00,2026,90,9695,bs,KBO,전반승무패,3,h(전반),키움 2,7 SSG,08.01(토) 18:00,"2.20,5.80,1.91",홈패
2026-08-06T00:22:17+00:00,2026,90,9696,bs,KBO,전반핸디캡,2,h H +1.5,키움 3.5,7 SSG,08.01(토) 18:00,"1.32,2.64",핸디패
2026-08-06T00:22:17+00:00,2026,90,9697,bs,KBO,전반언더오버,2,h U 4.5,키움,SSG,08.01(토) 18:00,"1.96,1.60",오버
2026-08-06T00:22:17+00:00,2026,90,9698,bs,NPB,승패,2,,요미우리 7,8 요코베이,08.01(토) 18:00,"1.64,1.90",홈패
2026-08-06T00:22:17+00:00,2026,90,9699,bs,NPB,승①패,3,승①패,요미우리 7,8 요코베이,08.01(토) 18:00,"2.65,2.58,2.60",①
2026-08-06T00:22:17+00:00,2026,90,9700,bs,NPB,핸디캡,2,H -2.5,요미우리 4.5,8 요코베이,08.01(토) 18:00,"3.75,1.15",핸디패
2026-08-06T00:22:17+00:00,2026,90,9701,bs,NPB,언더오버,2,U 5.5,요미우리,요코베이,08.01(토) 18:00,"1.96,1.60",오버
2026-08-06T00:22:17+00:00,2026,90,9702,bs,NPB,홀짝,2,,요미우리,요코베이,08.01(토) 18:00,"1.61,1.94",홀
2026-08-06T00:22:17+00:00,2026,90,9703,bs,NPB,승패,2,,야쿠르트 3,7 한신,08.01(토) 18:00,"2.13,1.50",홈패
2026-08-06T00:22:17+00:00,2026,90,9704,bs,NPB,승①패,3,승①패,야쿠르트 3,7 한신,08.01(토) 18:00,"3.55,2.85,1.93",홈패
2026-08-06T00:22:17+00:00,2026,90,9705,bs,NPB,핸디캡,2,H +2.5,야쿠르트 5.5,7 한신,08.01(토) 18:00,"1.32,2.64",핸디패
2026-08-06T00:22:17+00:00,2026,90,9706,bs,NPB,언더오버,2,U 7.5,야쿠르트,한신,08.01(토) 18:00,"1.89,1.65",오버
2026-08-06T00:22:17+00:00,2026,90,9707,bs,NPB,홀짝,2,,야쿠르트,한신,08.01(토) 18:00,"1.61,1.94",짝
2026-08-06T00:22:17+00:00,2026,90,9708,bs,NPB,승패,2,,히로카프 1,7 주니치,08.01(토) 18:00,"1.93,1.62",홈패
2026-08-06T00:22:17+00:00,2026,90,9709,bs,NPB,승①패,3,승①패,히로카프 1,7 주니치,08.01(토) 18:00,"3.15,2.75,2.14",홈패
2026-08-06T00:22:17+00:00,2026,90,9710,bs,NPB,핸디캡,2,H +2.5,히로카프 3.5,7 주니치,08.01(토) 18:00,"1.25,2.97",핸디패
2026-08-06T00:22:17+00:00,2026,90,9711,bs,NPB,언더오버,2,U 7.5,히로카프,주니치,08.01(토) 18:00,"1.69,1.84",오버
2026-08-06T00:22:17+00:00,2026,90,9712,bs,NPB,홀짝,2,,히로카프,주니치,08.01(토) 18:00,"1.61,1.94",짝
2026-08-06T00:22:17+00:00,2026,90,9713,bs,NPB,승패,2,,라쿠텐 0,5 소프트뱅,08.01(토) 18:00,"1.96,1.60",홈패
2026-08-06T00:22:17+00:00,2026,90,9714,bs,NPB,승①패,3,승①패,라쿠텐 0,5 소프트뱅,08.01(토) 18:00,"3.20,2.90,2.03",홈패
2026-08-06T00:22:17+00:00,2026,90,9715,bs,NPB,핸디캡,2,H +2.5,라쿠텐 2.5,5 소프트뱅,08.01(토) 18:00,"1.29,2.77",핸디패
2026-08-06T00:22:17+00:00,2026,90,9716,bs,NPB,언더오버,2,U 7.5,라쿠텐,소프트뱅,08.01(토) 18:00,"1.78,1.74",언더
2026-08-06T00:22:17+00:00,2026,90,9717,bs,NPB,홀짝,2,,라쿠텐,소프트뱅,08.01(토) 18:00,"1.61,1.94",홀
2026-08-06T00:22:17+00:00,2026,90,9718,sc,축클럽친,승무패,3,,첼시 1,2 토트넘,08.01(토) 18:45,"2.00,3.50,2.75",홈패
2026-08-06T00:22:17+00:00,2026,90,9719,sc,축클럽친,핸디캡,3,H -1.0,첼시 0,2 토트넘,08.01(토) 18:45,"3.65,3.80,1.63",핸디패
2026-08-06T00:22:17+00:00,2026,90,9720,sc,축클럽친,언더오버,2,U 3.5,첼시,토트넘,08.01(토) 18:45,"1.67,1.86",언더
2026-08-06T00:22:17+00:00,2026,90,9721,sc,축클럽친,홀짝,2,,첼시,토트넘,08.01(토) 18:45,"1.76,1.76",홀
2026-08-06T00:22:17+00:00,2026,90,9722,sc,K리그1,승무패,3,,강원FC 0,3 부천FC,08.01(토) 19:30,"1.47,3.35,5.90",홈패
2026-08-06T00:22:17+00:00,2026,90,9723,sc,K리그1,핸디캡,3,H -1.0,강원FC -1,3 부천FC,08.01(토) 19:30,"2.55,3.00,2.36",핸디패
2026-08-06T00:22:17+00:00,2026,90,9724,sc,K리그1,핸디캡,3,H -2.0,강원FC -2,3 부천FC,08.01(토) 19:30,"5.20,4.20,1.39",핸디패
2026-08-06T00:22:17+00:00,2026,90,9725,sc,K리그1,언더오버,2,U 2.5,강원FC,부천FC,08.01(토) 19:30,"1.62,1.93",오버
2026-08-06T00:22:17+00:00,2026,90,9726,sc,K리그1,홀짝,2,,강원FC,부천FC,08.01(토) 19:30,"1.77,1.75",홀
2026-08-06T00:22:17+00:00,2026,90,9727,sc,K리그1,전반승무패,3,h(전반),강원FC 0,1 부천FC,08.01(토) 19:30,"2.05,1.95,6.70",홈패
2026-08-06T00:22:17+00:00,2026,90,9728,sc,K리그1,전반핸디캡,3,h H -1.0,강원FC -1,1 부천FC,08.01(토) 19:30,"5.40,3.05,1.57",핸디패
2026-08-06T00:22:17+00:00,2026,90,9729,sc,K리그1,전반언더오버,2,h U 1.5,강원FC,부천FC,08.01(토) 19:30,"1.27,2.87",언더
2026-08-06T00:22:17+00:00,2026,90,9730,sc,K리그1,승무패,3,,전북현대 0,0 FC서울,08.01(토) 19:30,"2.42,3.05,2.45",무승부
2026-08-06T00:22:17+00:00,2026,90,9731,sc,K리그1,핸디캡,3,H -1.0,전북현대 -1,0 FC서울,08.01(토) 19:30,"5.50,3.85,1.41",핸디패
2026-08-06T00:22:17+00:00,2026,90,9732,sc,K리그1,핸디캡,3,H -2.0,전북현대 -2,0 FC서울,08.01(토) 19:30,"13.50,7.10,1.07",핸디패
2026-08-06T00:22:17+00:00,2026,90,9733,sc,K리그1,언더오버,2,U 2.5,전북현대,FC서울,08.01(토) 19:30,"1.70,1.82",언더
2026-08-06T00:22:17+00:00,2026,90,9734,sc,K리그1,홀짝,2,,전북현대,FC서울,08.01(토) 19:30,"1.77,1.75",짝
2026-08-06T00:22:17+00:00,2026,90,9735,sc,K리그1,전반승무패,3,h(전반),전북현대 0,0 FC서울,08.01(토) 19:30,"3.10,1.94,3.20",무승부
2026-08-06T00:22:17+00:00,2026,90,9736,sc,K리그1,전반핸디캡,3,h H -1.0,전북현대 -1,0 FC서울,08.01(토) 19:30,"9.80,4.05,1.25",핸디패
2026-08-06T00:22:17+00:00,2026,90,9737,sc,K리그1,전반언더오버,2,h U 1.5,전북현대,FC서울,08.01(토) 19:30,"1.33,2.60",언더
2026-08-06T00:22:17+00:00,2026,90,9738,sc,K리그1,승무패,3,,포항스틸 0,1 김천상무,08.01(토) 19:30,"2.33,2.85,2.70",홈패
2026-08-06T00:22:17+00:00,2026,90,9739,sc,K리그1,핸디캡,3,H -1.0,포항스틸 -1,1 김천상무,08.01(토) 19:30,"5.10,3.50,1.50",핸디패
2026-08-06T00:22:17+00:00,2026,90,9740,sc,K리그1,핸디캡,3,H -2.0,포항스틸 -2,1 김천상무,08.01(토) 19:30,"9.30,5.80,1.15",핸디패
2026-08-06T00:22:17+00:00,2026,90,9741,sc,K리그1,언더오버,2,U 2.5,포항스틸,김천상무,08.01(토) 19:30,"1.60,1.96",언더
2026-08-06T00:22:17+00:00,2026,90,9742,sc,K리그1,홀짝,2,,포항스틸,김천상무,08.01(토) 19:30,"1.77,1.75",홀
2026-08-06T00:22:17+00:00,2026,90,9743,sc,K리그1,전반승무패,3,h(전반),포항스틸 0,0 김천상무,08.01(토) 19:30,"2.85,1.98,3.40",무승부
2026-08-06T00:22:17+00:00,2026,90,9744,sc,K리그1,전반핸디캡,3,h H -1.0,포항스틸 -1,0 김천상무,08.01(토) 19:30,"8.00,3.60,1.34",핸디패
2026-08-06T00:22:17+00:00,2026,90,9745,sc,K리그1,전반언더오버,2,h U 1.5,포항스틸,김천상무,08.01(토) 19:30,"1.29,2.77",언더
2026-08-06T00:22:17+00:00,2026,90,9746,sc,K리그2,승무패,3,,충남아산 2,0 성남FC,08.01(토) 19:30,"2.36,3.00,2.55",홈승
2026-08-06T00:22:17+00:00,2026,90,9747,sc,K리그2,핸디캡,3,H -1.0,충남아산 1,0 성남FC,08.01(토) 19:30,"5.30,3.85,1.43",핸디승
2026-08-06T00:22:17+00:00,2026,90,9748,sc,K리그2,언더오버,2,U 2.5,충남아산,성남FC,08.01(토) 19:30,"1.64,1.90",언더
2026-08-06T00:22:17+00:00,2026,90,9749,sc,K리그2,홀짝,2,,충남아산,성남FC,08.01(토) 19:30,"1.77,1.75",짝
2026-08-06T00:22:17+00:00,2026,90,9750,sc,K리그2,승무패,3,,천안시티 2,2 용인FC,08.01(토) 19:30,"2.36,3.00,2.55",무승부
2026-08-06T00:22:17+00:00,2026,90,9751,sc,K리그2,핸디캡,3,H -1.0,천안시티 1,2 용인FC,08.01(토) 19:30,"4.80,3.85,1.47",핸디패
2026-08-06T00:22:17+00:00,2026,90,9752,sc,K리그2,언더오버,2,U 2.5,천안시티,용인FC,08.01(토) 19:30,"1.80,1.72",오버
2026-08-06T00:22:17+00:00,2026,90,9753,sc,K리그2,홀짝,2,,천안시티,용인FC,08.01(토) 19:30,"1.77,1.75",짝
2026-08-06T00:22:17+00:00,2026,90,9754,sc,K리그2,승무패,3,,충북청주 2,2 수원삼성,08.01(토) 19:30,"4.85,3.50,1.52",무승부
2026-08-06T00:22:17+00:00,2026,90,9755,sc,K리그2,핸디캡,3,H +1.0,충북청주 3,2 수원삼성,08.01(토) 19:30,"2.24,3.15,2.60",핸디승
2026-08-06T00:22:17+00:00,2026,90,9756,sc,K리그2,언더오버,2,U 2.5,충북청주,수원삼성,08.01(토) 19:30,"1.79,1.73",오버
2026-08-06T00:22:17+00:00,2026,90,9757,sc,K리그2,홀짝,2,,충북청주,수원삼성,08.01(토) 19:30,"1.77,1.75",짝
2026-08-06T00:22:17+00:00,2026,90,9758,sc,K리그2,승무패,3,,화성FC 5,1 대구FC,08.01(토) 19:30,"2.95,3.30,1.97",홈승
2026-08-06T00:22:17+00:00,2026,90,9759,sc,K리그2,핸디캡,3,H +1.0,화성FC 6,1 대구FC,08.01(토) 19:30,"1.65,3.60,3.75",핸디승
2026-08-06T00:22:17+00:00,2026,90,9760,sc,K리그2,언더오버,2,U 2.5,화성FC,대구FC,08.01(토) 19:30,"1.93,1.62",오버
2026-08-06T00:22:17+00:00,2026,90,9761,sc,K리그2,홀짝,2,,화성FC,대구FC,08.01(토) 19:30,"1.77,1.75",짝
2026-08-06T00:22:17+00:00,2026,90,9762,sc,축클럽친,승무패,3,,맨체스C 1,1 인테르,08.01(토) 20:30,"1.98,3.55,2.75",무승부
2026-08-06T00:22:17+00:00,2026,90,9763,sc,축클럽친,핸디캡,3,H -1.0,맨체스C 0,1 인테르,08.01(토) 20:30,"3.55,3.80,1.65",핸디패
2026-08-06T00:22:17+00:00,2026,90,9764,sc,축클럽친,언더오버,2,U 3.5,맨체스C,인테르,08.01(토) 20:30,"1.59,1.97",언더
2026-08-06T00:22:17+00:00,2026,90,9765,sc,축클럽친,홀짝,2,,맨체스C,인테르,08.01(토) 20:30,"1.76,1.76",짝
2026-08-06T00:22:17+00:00,2026,90,9766,vl,남배네이,승패,2,,일본M 2,3 미국M,08.01(토) 20:30,"2.22,1.46",홈패
2026-08-06T00:22:17+00:00,2026,90,9767,vl,남배네이,핸디캡,2,H +1.5,일본M 3.5,3 미국M,08.01(토) 20:30,"1.49,2.15",핸디승
2026-08-06T00:22:17+00:00,2026,90,9768,vl,남배네이,언더오버,2,U 185.5,일본M,미국M,08.01(토) 20:30,"1.81,1.71",오버
2026-08-06T00:22:17+00:00,2026,90,9769,vl,남배네이,홀짝,2,,일본M,미국M,08.01(토) 20:30,"1.76,1.76",홀
2026-08-06T00:22:17+00:00,2026,90,9770,sc,축ASEA챔,승무패,3,,태국 2,0 말레이시,08.01(토) 22:00,"1.40,4.00,5.40",홈승
2026-08-06T00:22:17+00:00,2026,90,9771,sc,축ASEA챔,핸디캡,3,H -1.0,태국 1,0 말레이시,08.01(토) 22:00,"2.18,3.35,2.55",핸디승
2026-08-06T00:22:17+00:00,2026,90,9772,sc,축ASEA챔,언더오버,2,U 3.5,태국,말레이시,08.01(토) 22:00,"1.48,2.17",언더
2026-08-06T00:22:17+00:00,2026,90,9773,sc,축ASEA챔,홀짝,2,,태국,말레이시,08.01(토) 22:00,"1.76,1.76",짝
2026-08-06T00:22:17+00:00,2026,90,9774,sc,축클럽친,승무패,3,,맨체스U 2,1 AT마드,08.01(토) 22:00,"2.06,3.25,2.80",홈승
2026-08-06T00:22:17+00:00,2026,90,9775,sc,축클럽친,핸디캡,3,H -1.0,맨체스U 1,1 AT마드,08.01(토) 22:00,"3.95,3.70,1.60",핸디무
2026-08-06T00:22:17+00:00,2026,90,9776,sc,축클럽친,언더오버,2,U 2.5,맨체스U,AT마드,08.01(토) 22:00,"2.04,1.55",오버
2026-08-06T00:22:17+00:00,2026,90,9777,sc,축클럽친,홀짝,2,,맨체스U,AT마드,08.01(토) 22:00,"1.77,1.75",홀
2026-08-06T00:22:17+00:00,2026,90,9778,sc,엘리테세,승무패,3,,프레드릭 1,0 사네피오,08.01(토) 23:00,"2.19,3.25,2.60",홈승
2026-08-06T00:22:17+00:00,2026,90,9779,sc,엘리테세,핸디캡,3,H -1.0,프레드릭 0,0 사네피오,08.01(토) 23:00,"4.40,3.80,1.52",핸디무
2026-08-06T00:22:17+00:00,2026,90,9780,sc,엘리테세,언더오버,2,U 2.5,프레드릭,사네피오,08.01(토) 23:00,"1.94,1.61",언더
2026-08-06T00:22:17+00:00,2026,90,9781,sc,엘리테세,홀짝,2,,프레드릭,사네피오,08.01(토) 23:00,"1.77,1.75",홀
2026-08-06T00:22:17+00:00,2026,90,9782,sc,엘리테세,승무패,3,,IK스타르 0,3 비킹FK,08.02(일) 01:00,"5.00,4.00,1.43",홈패
2026-08-06T00:22:17+00:00,2026,90,9783,sc,엘리테세,핸디캡,3,H +1.0,IK스타르 1,3 비킹FK,08.02(일) 01:00,"2.45,3.45,2.22",핸디패
2026-08-06T00:22:17+00:00,2026,90,9784,sc,엘리테세,핸디캡,3,H +2.0,IK스타르 2,3 비킹FK,08.02(일) 01:00,"1.53,4.20,3.90",핸디패
2026-08-06T00:22:17+00:00,2026,90,9785,sc,엘리테세,핸디캡,2,H +3.5,IK스타르 3.5,3 비킹FK,08.02(일) 01:00,"1.01,6.84",핸디승
2026-08-06T00:22:17+00:00,2026,90,9786,sc,엘리테세,언더오버,2,U 3.5,IK스타르,비킹FK,08.02(일) 01:00,"1.53,2.07",언더
2026-08-06T00:22:17+00:00,2026,90,9787,sc,엘리테세,홀짝,2,,IK스타르,비킹FK,08.02(일) 01:00,"1.76,1.76",홀
2026-08-06T00:22:17+00:00,2026,90,9788,bs,MLB,승패,2,,토론블루 5,1 세인카디,08.02(일) 04:07,"1.50,2.13",홈승
2026-08-06T00:22:17+00:00,2026,90,9789,bs,MLB,승①패,3,승①패,토론블루 5,1 세인카디,08.02(일) 04:07,"2.05,3.35,2.75",홈승
2026-08-06T00:22:17+00:00,2026,90,9790,bs,MLB,핸디캡,2,H -2.5,토론블루 2.5,1 세인카디,08.02(일) 04:07,"2.77,1.29",핸디승
2026-08-06T00:22:17+00:00,2026,90,9791,bs,MLB,언더오버,2,U 8.5,토론블루,세인카디,08.02(일) 04:07,"1.74,1.78",언더
2026-08-06T00:22:17+00:00,2026,90,9792,bs,MLB,홀짝,2,,토론블루,세인카디,08.02(일) 04:07,"1.55,2.04",짝
2026-08-06T00:22:17+00:00,2026,90,9793,bs,MLB,승패,2,,탬파레이 1,0 시카화이,08.02(일) 05:10,"1.44,2.26",홈승
2026-08-06T00:22:17+00:00,2026,90,9794,bs,MLB,승①패,3,승①패,탬파레이 1,0 시카화이,08.02(일) 05:10,"1.95,3.35,2.95",①
2026-08-06T00:22:17+00:00,2026,90,9795,bs,MLB,핸디캡,2,H -2.5,탬파레이 -1.5,0 시카화이,08.02(일) 05:10,"2.60,1.33",핸디패
2026-08-06T00:22:17+00:00,2026,90,9796,bs,MLB,언더오버,2,U 8.5,탬파레이,시카화이,08.02(일) 05:10,"1.66,1.87",언더
2026-08-06T00:22:17+00:00,2026,90,9797,bs,MLB,홀짝,2,,탬파레이,시카화이,08.02(일) 05:10,"1.56,2.02",홀
2026-08-06T00:22:17+00:00,2026,90,9798,bs,MLB,승패,2,,시애매리 4,3 미네트윈,08.02(일) 05:10,"1.42,2.31",홈승
2026-08-06T00:22:17+00:00,2026,90,9799,bs,MLB,승①패,3,승①패,시애매리 4,3 미네트윈,08.02(일) 05:10,"1.91,3.35,3.05",①
2026-08-06T00:22:17+00:00,2026,90,9800,bs,MLB,핸디캡,2,H -2.5,시애매리 1.5,3 미네트윈,08.02(일) 05:10,"2.56,1.34",핸디패
2026-08-06T00:22:17+00:00,2026,90,9801,bs,MLB,언더오버,2,U 7.5,시애매리,미네트윈,08.02(일) 05:10,"1.79,1.73",언더
2026-08-06T00:22:17+00:00,2026,90,9802,bs,MLB,홀짝,2,,시애매리,미네트윈,08.02(일) 05:10,"1.55,2.04",홀
2026-08-06T00:22:17+00:00,2026,90,9803,bs,MLB,승패,2,,뉴욕메츠 2,6 마이말린,08.02(일) 05:10,"1.63,1.91",홈패
2026-08-06T00:22:17+00:00,2026,90,9804,bs,MLB,승①패,3,승①패,뉴욕메츠 2,6 마이말린,08.02(일) 05:10,"2.28,3.30,2.45",홈패
2026-08-06T00:22:17+00:00,2026,90,9805,bs,MLB,핸디캡,2,H -2.5,뉴욕메츠 -0.5,6 마이말린,08.02(일) 05:10,"3.16,1.22",핸디패
2026-08-06T00:22:17+00:00,2026,90,9806,bs,MLB,언더오버,2,U 8.5,뉴욕메츠,마이말린,08.02(일) 05:10,"1.81,1.71",언더
2026-08-06T00:22:17+00:00,2026,90,9807,bs,MLB,홀짝,2,,뉴욕메츠,마이말린,08.02(일) 05:10,"1.55,2.04",짝
2026-08-06T00:22:17+00:00,2026,90,9808,bs,MLB,승패,2,,신시레즈 1,4 피츠파이,08.02(일) 07:40,"1.82,1.70",홈패
2026-08-06T00:22:17+00:00,2026,90,9809,bs,MLB,승①패,3,승①패,신시레즈 1,4 피츠파이,08.02(일) 07:40,"2.65,3.30,2.13",홈패
2026-08-06T00:22:17+00:00,2026,90,9810,bs,MLB,핸디캡,2,H +2.5,신시레즈 3.5,4 피츠파이,08.02(일) 07:40,"1.28,2.82",핸디패
2026-08-06T00:22:17+00:00,2026,90,9811,bs,MLB,언더오버,2,U 8.5,신시레즈,피츠파이,08.02(일) 07:40,"1.74,1.78",언더
2026-08-06T00:22:17+00:00,2026,90,9812,bs,MLB,홀짝,2,,신시레즈,피츠파이,08.02(일) 07:40,"1.55,2.04",홀
2026-08-06T00:22:17+00:00,2026,90,9813,bs,MLB,승패,2,,볼티오리 0,5 필라필리,08.02(일) 08:05,"2.04,1.55",홈패
2026-08-06T00:22:17+00:00,2026,90,9814,bs,MLB,승①패,3,승①패,볼티오리 0,5 필라필리,08.02(일) 08:05,"3.10,3.30,1.91",홈패
2026-08-06T00:22:17+00:00,2026,90,9815,bs,MLB,핸디캡,2,H +2.5,볼티오리 2.5,5 필라필리,08.02(일) 08:05,"1.36,2.49",핸디패
2026-08-06T00:22:17+00:00,2026,90,9816,bs,MLB,언더오버,2,U 8.5,볼티오리,필라필리,08.02(일) 08:05,"1.73,1.79",언더
2026-08-06T00:22:17+00:00,2026,90,9817,bs,MLB,홀짝,2,,볼티오리,필라필리,08.02(일) 08:05,"1.55,2.04",홀
2026-08-06T00:22:17+00:00,2026,90,9818,bs,MLB,승패,2,,휴스애스 5,4 텍사레인,08.02(일) 08:10,"1.96,1.60",홈승
2026-08-06T00:22:17+00:00,2026,90,9819,bs,MLB,승①패,3,승①패,휴스애스 5,4 텍사레인,08.02(일) 08:10,"2.90,3.30,1.99",①
2026-08-06T00:22:17+00:00,2026,90,9820,bs,MLB,핸디캡,2,H +2.5,휴스애스 7.5,4 텍사레인,08.02(일) 08:10,"1.33,2.60",핸디승
2026-08-06T00:22:17+00:00,2026,90,9821,bs,MLB,언더오버,2,U 8.5,휴스애스,텍사레인,08.02(일) 08:10,"1.71,1.81",오버
2026-08-06T00:22:17+00:00,2026,90,9822,bs,MLB,홀짝,2,,휴스애스,텍사레인,08.02(일) 08:10,"1.55,2.04",홀
2026-08-06T00:22:17+00:00,2026,90,9823,bs,MLB,승패,2,,클리가디 8,12 애리다이,08.02(일) 08:15,"1.46,2.22",홈패
2026-08-06T00:22:17+00:00,2026,90,9824,bs,MLB,승①패,3,승①패,클리가디 8,12 애리다이,08.02(일) 08:15,"1.98,3.40,2.85",홈패
2026-08-06T00:22:17+00:00,2026,90,9825,bs,MLB,핸디캡,2,H -2.5,클리가디 5.5,12 애리다이,08.02(일) 08:15,"2.64,1.32",핸디패
2026-08-06T00:22:17+00:00,2026,90,9826,bs,MLB,언더오버,2,U 8.5,클리가디,애리다이,08.02(일) 08:15,"1.75,1.77",오버
2026-08-06T00:22:17+00:00,2026,90,9827,bs,MLB,홀짝,2,,클리가디,애리다이,08.02(일) 08:15,"1.56,2.02",짝
2026-08-06T00:22:17+00:00,2026,90,9828,bs,MLB,승패,2,,시카컵스 5,2 뉴욕양키,08.02(일) 08:15,"1.87,1.66",홈승
2026-08-06T00:22:17+00:00,2026,90,9829,bs,MLB,승①패,3,승①패,시카컵스 5,2 뉴욕양키,08.02(일) 08:15,"2.85,3.00,2.15",홈승
2026-08-06T00:22:17+00:00,2026,90,9830,bs,MLB,핸디캡,2,H +2.5,시카컵스 7.5,2 뉴욕양키,08.02(일) 08:15,"1.24,3.03",핸디승
2026-08-06T00:22:17+00:00,2026,90,9831,bs,MLB,언더오버,2,U 6.5,시카컵스,뉴욕양키,08.02(일) 08:15,"1.66,1.87",오버
2026-08-06T00:22:17+00:00,2026,90,9832,bs,MLB,홀짝,2,,시카컵스,뉴욕양키,08.02(일) 08:15,"1.53,2.07",홀
2026-08-06T00:22:17+00:00,2026,90,9833,bs,MLB,승패,2,,애틀브레 8,3 워싱내셔,08.02(일) 08:15,"1.37,2.46",홈승
2026-08-06T00:22:17+00:00,2026,90,9834,bs,MLB,승①패,3,승①패,애틀브레 8,3 워싱내셔,08.02(일) 08:15,"1.80,3.55,3.20",홈승
2026-08-06T00:22:17+00:00,2026,90,9835,bs,MLB,핸디캡,2,H -2.5,애틀브레 5.5,3 워싱내셔,08.02(일) 08:15,"2.31,1.42",핸디승
2026-08-06T00:22:17+00:00,2026,90,9836,bs,MLB,언더오버,2,U 9.5,애틀브레,워싱내셔,08.02(일) 08:15,"1.72,1.80",오버
2026-08-06T00:22:17+00:00,2026,90,9837,bs,MLB,홀짝,2,,애틀브레,워싱내셔,08.02(일) 08:15,"1.56,2.02",홀
2026-08-06T00:22:17+00:00,2026,90,9838,sc,MLS,승무패,3,,FC신시내 4,2 새너어스,08.02(일) 08:30,"1.77,3.90,3.05",홈승
2026-08-06T00:22:17+00:00,2026,90,9839,sc,MLS,핸디캡,3,H -1.0,FC신시내 3,2 새너어스,08.02(일) 08:30,"2.80,3.90,1.87",핸디승
2026-08-06T00:22:17+00:00,2026,90,9840,sc,MLS,언더오버,2,U 3.5,FC신시내,새너어스,08.02(일) 08:30,"1.93,1.62",오버
2026-08-06T00:22:17+00:00,2026,90,9841,sc,MLS,홀짝,2,,FC신시내,새너어스,08.02(일) 08:30,"1.76,1.76",짝
2026-08-06T00:22:17+00:00,2026,90,9842,sc,MLS,승무패,3,,DC유나이 2,2 내슈빌SC,08.02(일) 08:30,"2.70,3.15,2.17",무승부
2026-08-06T00:22:17+00:00,2026,90,9843,sc,MLS,핸디캡,3,H +1.0,DC유나이 3,2 내슈빌SC,08.02(일) 08:30,"1.54,3.70,4.35",핸디승
2026-08-06T00:22:17+00:00,2026,90,9844,sc,MLS,언더오버,2,U 2.5,DC유나이,내슈빌SC,08.02(일) 08:30,"1.77,1.75",오버
2026-08-06T00:22:17+00:00,2026,90,9845,sc,MLS,홀짝,2,,DC유나이,내슈빌SC,08.02(일) 08:30,"1.77,1.75",짝
2026-08-06T00:22:17+00:00,2026,90,9846,sc,MLS,승무패,3,,인터마이 2,2 콜럼크루,08.02(일) 08:30,"1.49,4.10,4.25",무승부
2026-08-06T00:22:17+00:00,2026,90,9847,sc,MLS,핸디캡,3,H -1.0,인터마이 1,2 콜럼크루,08.02(일) 08:30,"2.19,4.20,2.20",핸디패
2026-08-06T00:22:17+00:00,2026,90,9848,sc,MLS,언더오버,2,U 3.5,인터마이,콜럼크루,08.02(일) 08:30,"1.82,1.70",오버
2026-08-06T00:22:17+00:00,2026,90,9849,sc,MLS,홀짝,2,,인터마이,콜럼크루,08.02(일) 08:30,"1.76,1.76",짝
2026-08-06T00:22:17+00:00,2026,90,9850,sc,MLS,승무패,3,,CF몽레알 2,2 뉴잉레벌,08.02(일) 08:30,"1.95,3.25,3.05",무승부
2026-08-06T00:22:17+00:00,2026,90,9851,sc,MLS,핸디캡,3,H -1.0,CF몽레알 1,2 뉴잉레벌,08.02(일) 08:30,"3.65,3.55,1.68",핸디패
2026-08-06T00:22:17+00:00,2026,90,9852,sc,MLS,언더오버,2,U 2.5,CF몽레알,뉴잉레벌,08.02(일) 08:30,"1.93,1.62",오버
2026-08-06T00:22:17+00:00,2026,90,9853,sc,MLS,홀짝,2,,CF몽레알,뉴잉레벌,08.02(일) 08:30,"1.77,1.75",짝
2026-08-06T00:22:17+00:00,2026,90,9854,sc,MLS,승무패,3,,뉴욕레드 3,2 올랜시티,08.02(일) 08:30,"2.12,3.70,2.45",홈승
2026-08-06T00:22:17+00:00,2026,90,9855,sc,MLS,핸디캡,3,H -1.0,뉴욕레드 2,2 올랜시티,08.02(일) 08:30,"4.00,3.95,1.55",핸디무
2026-08-06T00:22:17+00:00,2026,90,9856,sc,MLS,언더오버,2,U 3.5,뉴욕레드,올랜시티,08.02(일) 08:30,"1.82,1.70",오버
2026-08-06T00:22:17+00:00,2026,90,9857,sc,MLS,홀짝,2,,뉴욕레드,올랜시티,08.02(일) 08:30,"1.76,1.76",홀
2026-08-06T00:22:17+00:00,2026,90,9858,sc,MLS,승무패,3,,필라유니 3,2 애틀유나,08.02(일) 08:30,"1.50,3.85,4.50",홈승
2026-08-06T00:22:17+00:00,2026,90,9859,sc,MLS,핸디캡,3,H -1.0,필라유니 2,2 애틀유나,08.02(일) 08:30,"2.45,3.35,2.26",핸디무
2026-08-06T00:22:17+00:00,2026,90,9860,sc,MLS,언더오버,2,U 2.5,필라유니,애틀유나,08.02(일) 08:30,"2.11,1.51",오버
2026-08-06T00:22:17+00:00,2026,90,9861,sc,MLS,홀짝,2,,필라유니,애틀유나,08.02(일) 08:30,"1.76,1.76",홀
2026-08-06T00:22:17+00:00,2026,90,9862,sc,MLS,승무패,3,,밴쿠화이 1,1 LAFC,08.02(일) 08:30,"1.77,3.75,3.15",무승부
2026-08-06T00:22:17+00:00,2026,90,9863,sc,MLS,핸디캡,3,H -1.0,밴쿠화이 0,1 LAFC,08.02(일) 08:30,"2.85,4.20,1.78",핸디패
2026-08-06T00:22:17+00:00,2026,90,9864,sc,MLS,핸디캡,3,H -2.0,밴쿠화이 -1,1 LAFC,08.02(일) 08:30,"6.00,5.10,1.27",핸디패
2026-08-06T00:22:17+00:00,2026,90,9865,sc,MLS,언더오버,2,U 3.5,밴쿠화이,LAFC,08.02(일) 08:30,"1.54,2.05",언더
2026-08-06T00:22:17+00:00,2026,90,9866,sc,MLS,홀짝,2,,밴쿠화이,LAFC,08.02(일) 08:30,"1.76,1.76",짝
2026-08-06T00:22:17+00:00,2026,90,9867,bs,MLB,승패,2,,콜로로키 12,6 캔자로얄,08.02(일) 09:10,"1.72,1.80",홈승
2026-08-06T00:22:17+00:00,2026,90,9868,bs,MLB,승①패,3,승①패,콜로로키 12,6 캔자로얄,08.02(일) 09:10,"2.40,3.50,2.24",홈승
2026-08-06T00:22:17+00:00,2026,90,9869,bs,MLB,핸디캡,2,H -2.5,콜로로키 9.5,6 캔자로얄,08.02(일) 09:10,"3.03,1.24",핸디승
2026-08-06T00:22:17+00:00,2026,90,9870,bs,MLB,언더오버,2,U 11.5,콜로로키,캔자로얄,08.02(일) 09:10,"1.80,1.72",오버
2026-08-06T00:22:17+00:00,2026,90,9871,bs,MLB,홀짝,2,,콜로로키,캔자로얄,08.02(일) 09:10,"1.56,2.02",짝
2026-08-06T00:22:17+00:00,2026,90,9872,sc,MLS,승무패,3,,시카파이 2,1 샬럿FC,08.02(일) 09:30,"1.42,4.50,4.50",홈승
2026-08-06T00:22:17+00:00,2026,90,9873,sc,MLS,핸디캡,3,H -1.0,시카파이 1,1 샬럿FC,08.02(일) 09:30,"2.22,3.55,2.40",핸디무
2026-08-06T00:22:17+00:00,2026,90,9874,sc,MLS,언더오버,2,U 3.5,시카파이,샬럿FC,08.02(일) 09:30,"1.63,1.91",언더
2026-08-06T00:22:17+00:00,2026,90,9875,sc,MLS,홀짝,2,,시카파이,샬럿FC,08.02(일) 09:30,"1.76,1.76",홀
2026-08-06T00:22:17+00:00,2026,90,9876,sc,MLS,승무패,3,,스포캔자 0,2 휴스다이,08.02(일) 09:30,"2.85,3.35,2.00",홈패
2026-08-06T00:22:17+00:00,2026,90,9877,sc,MLS,핸디캡,3,H +1.0,스포캔자 1,2 휴스다이,08.02(일) 09:30,"1.63,3.70,3.75",핸디패
2026-08-06T00:22:17+00:00,2026,90,9878,sc,MLS,언더오버,2,U 2.5,스포캔자,휴스다이,08.02(일) 09:30,"2.11,1.51",언더
2026-08-06T00:22:17+00:00,2026,90,9879,sc,MLS,홀짝,2,,스포캔자,휴스다이,08.02(일) 09:30,"1.76,1.76",짝
2026-08-06T00:22:17+00:00,2026,90,9880,sc,MLS,승무패,3,,미네유나 1,1 샌디에FC,08.02(일) 09:30,"1.87,3.55,3.00",무승부
2026-08-06T00:22:17+00:00,2026,90,9881,sc,MLS,핸디캡,3,H -1.0,미네유나 0,1 샌디에FC,08.02(일) 09:30,"3.30,3.70,1.74",핸디패
2026-08-06T00:22:17+00:00,2026,90,9882,sc,MLS,언더오버,2,U 3.5,미네유나,샌디에FC,08.02(일) 09:30,"1.51,2.11",언더
2026-08-06T00:22:17+00:00,2026,90,9883,sc,MLS,홀짝,2,,미네유나,샌디에FC,08.02(일) 09:30,"1.76,1.76",짝
2026-08-06T00:22:17+00:00,2026,90,9884,sc,MLS,승무패,3,,세인시티 1,1 레알솔트,08.02(일) 09:30,"1.95,3.50,2.85",무승부
2026-08-06T00:22:17+00:00,2026,90,9885,sc,MLS,핸디캡,3,H -1.0,세인시티 0,1 레알솔트,08.02(일) 09:30,"3.50,3.80,1.67",핸디패
2026-08-06T00:22:17+00:00,2026,90,9886,sc,MLS,언더오버,2,U 3.5,세인시티,레알솔트,08.02(일) 09:30,"1.50,2.13",언더
2026-08-06T00:22:17+00:00,2026,90,9887,sc,MLS,홀짝,2,,세인시티,레알솔트,08.02(일) 09:30,"1.76,1.76",짝
2026-08-06T00:22:17+00:00,2026,90,9888,bs,MLB,승패,2,,샌디파드 6,5 샌프자이,08.02(일) 09:40,"1.57,2.00",홈승
2026-08-06T00:22:17+00:00,2026,90,9889,bs,MLB,승①패,3,승①패,샌디파드 6,5 샌프자이,08.02(일) 09:40,"2.18,3.35,2.55",①
2026-08-06T00:22:17+00:00,2026,90,9890,bs,MLB,핸디캡,2,H -2.5,샌디파드 3.5,5 샌프자이,08.02(일) 09:40,"2.97,1.25",핸디패
2026-08-06T00:22:17+00:00,2026,90,9891,bs,MLB,언더오버,2,U 8.5,샌디파드,샌프자이,08.02(일) 09:40,"1.84,1.69",오버
2026-08-06T00:22:17+00:00,2026,90,9892,bs,MLB,홀짝,2,,샌디파드,샌프자이,08.02(일) 09:40,"1.55,2.04",홀
2026-08-06T00:22:17+00:00,2026,90,9893,bs,MLB,승패,2,,LA다저스 2,3 보스레드,08.02(일) 10:10,"1.43,2.29",홈패
2026-08-06T00:22:17+00:00,2026,90,9894,bs,MLB,승①패,3,승①패,LA다저스 2,3 보스레드,08.02(일) 10:10,"1.94,3.45,2.90",①
2026-08-06T00:22:17+00:00,2026,90,9895,bs,MLB,핸디캡,2,H -2.5,LA다저스 -0.5,3 보스레드,08.02(일) 10:10,"2.68,1.31",핸디패
2026-08-06T00:22:17+00:00,2026,90,9896,bs,MLB,언더오버,2,U 8.5,LA다저스,보스레드,08.02(일) 10:10,"1.58,1.99",언더
2026-08-06T00:22:17+00:00,2026,90,9897,bs,MLB,홀짝,2,,LA다저스,보스레드,08.02(일) 10:10,"1.56,2.02",홀
2026-08-06T00:22:17+00:00,2026,90,9898,sc,MLS,승무패,3,,콜로래피 1,0 오스틴FC,08.02(일) 10:30,"1.64,3.55,3.90",홈승
2026-08-06T00:22:17+00:00,2026,90,9899,sc,MLS,핸디캡,3,H -1.0,콜로래피 0,0 오스틴FC,08.02(일) 10:30,"2.80,3.45,1.99",핸디무
2026-08-06T00:22:17+00:00,2026,90,9900,sc,MLS,언더오버,2,U 2.5,콜로래피,오스틴FC,08.02(일) 10:30,"2.09,1.52",언더
2026-08-06T00:22:17+00:00,2026,90,9901,sc,MLS,홀짝,2,,콜로래피,오스틴FC,08.02(일) 10:30,"1.76,1.76",홀
2026-08-06T00:22:17+00:00,2026,90,9902,bs,MLB,승패,2,,LA에인절 1,3 밀워브루,08.02(일) 10:38,"1.89,1.65",홈패
2026-08-06T00:22:17+00:00,2026,90,9903,bs,MLB,승①패,3,승①패,LA에인절 1,3 밀워브루,08.02(일) 10:38,"2.70,3.40,2.06",홈패
2026-08-06T00:22:17+00:00,2026,90,9904,bs,MLB,핸디캡,2,H +2.5,LA에인절 3.5,3 밀워브루,08.02(일) 10:38,"1.32,2.64",핸디승
2026-08-06T00:22:17+00:00,2026,90,9905,bs,MLB,언더오버,2,U 8.5,LA에인절,밀워브루,08.02(일) 10:38,"1.81,1.71",언더
2026-08-06T00:22:17+00:00,2026,90,9906,bs,MLB,홀짝,2,,LA에인절,밀워브루,08.02(일) 10:38,"1.55,2.04",짝
2026-08-06T00:22:17+00:00,2026,90,9907,bs,MLB,승패,2,,애슬레틱 6,8 디트타이,08.02(일) 10:40,"2.13,1.50",홈패
2026-08-06T00:22:17+00:00,2026,90,9908,bs,MLB,승①패,3,승①패,애슬레틱 6,8 디트타이,08.02(일) 10:40,"3.05,3.75,1.80",홈패
2026-08-06T00:22:17+00:00,2026,90,9909,bs,MLB,핸디캡,2,H +2.5,애슬레틱 8.5,8 디트타이,08.02(일) 10:40,"1.47,2.19",핸디승
2026-08-06T00:22:17+00:00,2026,90,9910,bs,MLB,언더오버,2,U 10.5,애슬레틱,디트타이,08.02(일) 10:40,"1.81,1.71",오버
2026-08-06T00:22:17+00:00,2026,90,9911,bs,MLB,홀짝,2,,애슬레틱,디트타이,08.02(일) 10:40,"1.56,2.02",짝
2026-08-06T00:22:17+00:00,2026,90,9912,bs,MLB,전반승무패,3,h(전반),애슬레틱 2,4 디트타이,08.02(일) 10:40,"2.35,6.60,1.75",홈패
2026-08-06T00:22:17+00:00,2026,90,9913,bs,MLB,전반핸디캡,2,h H +1.5,애슬레틱 3.5,4 디트타이,08.02(일) 10:40,"1.39,2.40",핸디패
2026-08-06T00:22:17+00:00,2026,90,9914,bs,MLB,전반언더오버,2,h U 5.5,애슬레틱,디트타이,08.02(일) 10:40,"1.81,1.71",오버
2026-08-06T00:22:17+00:00,2026,90,9915,sc,MLS,승무패,3,,LA갤럭시 0,0 FC댈러스,08.02(일) 11:30,"2.06,3.50,2.65",무승부
2026-08-06T00:22:17+00:00,2026,90,9916,sc,MLS,핸디캡,3,H -1.0,LA갤럭시 -1,0 FC댈러스,08.02(일) 11:30,"3.75,3.90,1.60",핸디패
2026-08-06T00:22:17+00:00,2026,90,9917,sc,MLS,언더오버,2,U 3.5,LA갤럭시,FC댈러스,08.02(일) 11:30,"1.52,2.09",언더
2026-08-06T00:22:17+00:00,2026,90,9918,sc,MLS,홀짝,2,,LA갤럭시,FC댈러스,08.02(일) 11:30,"1.76,1.76",짝
2026-08-06T00:22:17+00:00,2026,90,9919,sc,MLS,승무패,3,,포틀팀버 2,1 시애사운,08.02(일) 11:45,"1.87,3.55,3.00",홈승
2026-08-06T00:22:17+00:00,2026,90,9920,sc,MLS,핸디캡,3,H -1.0,포틀팀버 1,1 시애사운,08.02(일) 11:45,"3.20,3.75,1.75",핸디무
2026-08-06T00:22:17+00:00,2026,90,9921,sc,MLS,언더오버,2,U 3.5,포틀팀버,시애사운,08.02(일) 11:45,"1.61,1.94",언더
2026-08-06T00:22:17+00:00,2026,90,9922,sc,MLS,홀짝,2,,포틀팀버,시애사운,08.02(일) 11:45,"1.76,1.76",홀
2026-08-06T00:22:17+00:00,2026,90,9923,bs,NPB,승패,2,,닛폰햄 3,0 지바롯데,08.02(일) 13:00,"1.50,2.13",홈승
2026-08-06T00:22:17+00:00,2026,90,9924,bs,NPB,승①패,3,승①패,닛폰햄 3,0 지바롯데,08.02(일) 13:00,"2.21,2.80,2.95",홈승
2026-08-06T00:22:17+00:00,2026,90,9925,bs,NPB,핸디캡,2,H -2.5,닛폰햄 0.5,0 지바롯데,08.02(일) 13:00,"2.97,1.25",핸디승
2026-08-06T00:22:17+00:00,2026,90,9926,bs,NPB,언더오버,2,U 7.5,닛폰햄,지바롯데,08.02(일) 13:00,"1.78,1.74",언더
2026-08-06T00:22:17+00:00,2026,90,9927,bs,NPB,홀짝,2,,닛폰햄,지바롯데,08.02(일) 13:00,"1.61,1.94",홀
2026-08-06T00:22:17+00:00,2026,90,9928,bs,KBO,승패,2,,키움 5,3 SSG,08.02(일) 14:00,"2.40,1.39",홈승
2026-08-06T00:22:17+00:00,2026,90,9929,bs,KBO,승①패,3,승①패,키움 5,3 SSG,08.02(일) 14:00,"3.65,3.40,1.72",홈승
2026-08-06T00:22:17+00:00,2026,90,9930,bs,KBO,핸디캡,2,H +2.5,키움 7.5,3 SSG,08.02(일) 14:00,"1.48,2.17",핸디승
2026-08-06T00:22:17+00:00,2026,90,9931,bs,KBO,언더오버,2,U 8.5,키움,SSG,08.02(일) 14:00,"1.74,1.78",언더
2026-08-06T00:22:17+00:00,2026,90,9932,bs,KBO,홀짝,2,,키움,SSG,08.02(일) 14:00,"1.59,1.97",짝
2026-08-06T00:22:17+00:00,2026,90,9933,bs,KBO,전반승무패,3,h(전반),키움 3,2 SSG,08.02(일) 14:00,"2.75,6.10,1.61",홈승
2026-08-06T00:22:17+00:00,2026,90,9934,bs,KBO,전반핸디캡,2,h H +1.5,키움 4.5,2 SSG,08.02(일) 14:00,"1.49,2.15",핸디승
2026-08-06T00:22:17+00:00,2026,90,9935,bs,KBO,전반언더오버,2,h U 4.5,키움,SSG,08.02(일) 14:00,"1.71,1.81",오버
2026-08-06T00:22:17+00:00,2026,90,9936,bs,NPB,승패,2,,요미우리 1,2 요코베이,08.02(일) 14:00,"1.67,1.86",홈패
2026-08-06T00:22:17+00:00,2026,90,9937,bs,NPB,승①패,3,승①패,요미우리 1,2 요코베이,08.02(일) 14:00,"2.65,2.65,2.54",①
2026-08-06T00:22:17+00:00,2026,90,9938,bs,NPB,핸디캡,2,H -2.5,요미우리 -1.5,2 요코베이,08.02(일) 14:00,"3.65,1.16",핸디패
2026-08-06T00:22:17+00:00,2026,90,9939,bs,NPB,언더오버,2,U 6.5,요미우리,요코베이,08.02(일) 14:00,"1.71,1.81",언더
2026-08-06T00:22:17+00:00,2026,90,9940,bs,NPB,홀짝,2,,요미우리,요코베이,08.02(일) 14:00,"1.61,1.94",홀
2026-08-06T00:22:17+00:00,2026,90,9941,bs,NPB,승패,2,,라쿠텐 6,10 소프트뱅,08.02(일) 16:00,"2.31,1.42",홈패
2026-08-06T00:22:17+00:00,2026,90,9942,bs,NPB,승①패,3,승①패,라쿠텐 6,10 소프트뱅,08.02(일) 16:00,"3.95,3.20,1.71",홈패
2026-08-06T00:22:17+00:00,2026,90,9943,bs,NPB,핸디캡,2,H +2.5,라쿠텐 8.5,10 소프트뱅,08.02(일) 16:00,"1.42,2.31",핸디패
2026-08-06T00:22:17+00:00,2026,90,9944,bs,NPB,언더오버,2,U 7.5,라쿠텐,소프트뱅,08.02(일) 16:00,"1.72,1.80",오버
2026-08-06T00:22:17+00:00,2026,90,9945,bs,NPB,홀짝,2,,라쿠텐,소프트뱅,08.02(일) 16:00,"1.61,1.94",짝
2026-08-06T00:22:17+00:00,2026,90,9946,vl,남배네이,승패,2,,일본M 1,3 슬로베M,08.02(일) 16:40,"1.27,2.87",홈패
2026-08-06T00:22:17+00:00,2026,90,9947,vl,남배네이,핸디캡,2,H -1.5,일본M -0.5,3 슬로베M,08.02(일) 16:40,"1.70,1.82",핸디패
2026-08-06T00:22:17+00:00,2026,90,9948,vl,남배네이,언더오버,2,U 183.5,일본M,슬로베M,08.02(일) 16:40,"1.81,1.71",오버
2026-08-06T00:22:17+00:00,2026,90,9949,vl,남배네이,홀짝,2,,일본M,슬로베M,08.02(일) 16:40,"1.76,1.76",짝
2026-08-06T00:22:17+00:00,2026,90,9950,bs,NPB,승패,2,,세이부 5,1 오릭스,08.02(일) 17:00,"1.49,2.15",홈승
2026-08-06T00:22:17+00:00,2026,90,9951,bs,NPB,승①패,3,승①패,세이부 5,1 오릭스,08.02(일) 17:00,"2.25,2.65,3.05",홈승
2026-08-06T00:22:17+00:00,2026,90,9952,bs,NPB,핸디캡,2,H -2.5,세이부 2.5,1 오릭스,08.02(일) 17:00,"2.97,1.25",핸디승
2026-08-06T00:22:17+00:00,2026,90,9953,bs,NPB,언더오버,2,U 6.5,세이부,오릭스,08.02(일) 17:00,"1.78,1.74",언더
2026-08-06T00:22:17+00:00,2026,90,9954,bs,NPB,홀짝,2,,세이부,오릭스,08.02(일) 17:00,"1.61,1.94",짝
2026-08-06T00:22:17+00:00,2026,90,9955,bs,KBO,승패,2,,두산 8,3 LG,08.02(일) 18:00,"1.77,1.75",홈승
2026-08-06T00:22:17+00:00,2026,90,9956,bs,KBO,승①패,3,승①패,두산 8,3 LG,08.02(일) 18:00,"2.60,3.10,2.26",홈승
2026-08-06T00:22:17+00:00,2026,90,9957,bs,KBO,핸디캡,2,H +2.5,두산 10.5,3 LG,08.02(일) 18:00,"1.24,3.03",핸디승
2026-08-06T00:22:17+00:00,2026,90,9958,bs,KBO,언더오버,2,U 7.5,두산,LG,08.02(일) 18:00,"1.87,1.66",오버
2026-08-06T00:22:17+00:00,2026,90,9959,bs,KBO,홀짝,2,,두산,LG,08.02(일) 18:00,"1.59,1.97",홀
2026-08-06T00:22:17+00:00,2026,90,9960,bs,KBO,전반승무패,3,h(전반),두산 6,3 LG,08.02(일) 18:00,"2.15,5.00,2.06",홈승
2026-08-06T00:22:17+00:00,2026,90,9961,bs,KBO,전반핸디캡,2,h H +1.5,두산 7.5,3 LG,08.02(일) 18:00,"1.27,2.87",핸디승
2026-08-06T00:22:17+00:00,2026,90,9962,bs,KBO,전반언더오버,2,h U 4.5,두산,LG,08.02(일) 18:00,"1.64,1.90",오버
2026-08-06T00:22:17+00:00,2026,90,9971,bs,KBO,승패,2,,KT 12,1 한화,08.02(일) 18:00,"1.69,1.84",홈승
2026-08-06T00:22:17+00:00,2026,90,9972,bs,KBO,승①패,3,승①패,KT 12,1 한화,08.02(일) 18:00,"2.35,3.40,2.33",홈승
2026-08-06T00:22:17+00:00,2026,90,9973,bs,KBO,핸디캡,2,H -2.5,KT 9.5,1 한화,08.02(일) 18:00,"3.03,1.24",핸디승
2026-08-06T00:22:17+00:00,2026,90,9974,bs,KBO,언더오버,2,U 9.5,KT,한화,08.02(일) 18:00,"1.73,1.79",오버
2026-08-06T00:22:17+00:00,2026,90,9975,bs,KBO,홀짝,2,,KT,한화,08.02(일) 18:00,"1.58,1.99",홀
2026-08-06T00:22:17+00:00,2026,90,9976,bs,KBO,전반승무패,3,h(전반),KT 1,0 한화,08.02(일) 18:00,"2.00,5.80,2.10",홈승
2026-08-06T00:22:17+00:00,2026,90,9977,bs,KBO,전반핸디캡,2,h H -1.5,KT -0.5,0 한화,08.02(일) 18:00,"2.72,1.30",핸디패
2026-08-06T00:22:17+00:00,2026,90,9978,bs,KBO,전반언더오버,2,h U 5.5,KT,한화,08.02(일) 18:00,"1.65,1.89",언더
2026-08-06T00:22:17+00:00,2026,90,9979,bs,KBO,승패,2,,NC,KIA,08.02(일) 18:00,"1.00,1.00",취소
2026-08-06T00:22:17+00:00,2026,90,9980,bs,KBO,승①패,3,승①패,NC,KIA,08.02(일) 18:00,"1.00,1.00,1.00",취소
2026-08-06T00:22:17+00:00,2026,90,9981,bs,KBO,핸디캡,2,H -2.5,NC,KIA,08.02(일) 18:00,"1.00,1.00",취소
2026-08-06T00:22:17+00:00,2026,90,9982,bs,KBO,언더오버,2,U 9.5,NC,KIA,08.02(일) 18:00,"1.00,1.00",취소
2026-08-06T00:22:17+00:00,2026,90,9983,bs,KBO,홀짝,2,,NC,KIA,08.02(일) 18:00,"1.00,1.00",취소
2026-08-06T00:22:17+00:00,2026,90,9984,bs,KBO,전반승무패,3,h(전반),NC,KIA,08.02(일) 18:00,"1.00,1.00,1.00",취소
2026-08-06T00:22:17+00:00,2026,90,9985,bs,KBO,전반핸디캡,2,h H -1.5,NC,KIA,08.02(일) 18:00,"1.00,1.00",취소
2026-08-06T00:22:17+00:00,2026,90,9986,bs,KBO,전반언더오버,2,h U 5.5,NC,KIA,08.02(일) 18:00,"1.00,1.00",취소
2026-08-06T00:22:17+00:00,2026,90,9987,bs,NPB,승패,2,,야쿠르트 3,4 한신,08.02(일) 18:00,"2.24,1.45",홈패
2026-08-06T00:22:17+00:00,2026,90,9988,bs,NPB,승①패,3,승①패,야쿠르트 3,4 한신,08.02(일) 18:00,"3.80,2.90,1.85",①
2026-08-06T00:22:17+00:00,2026,90,9989,bs,NPB,핸디캡,2,H +2.5,야쿠르트 5.5,4 한신,08.02(일) 18:00,"1.37,2.46",핸디승
2026-08-06T00:22:17+00:00,2026,90,9990,bs,NPB,언더오버,2,U 8.5,야쿠르트,한신,08.02(일) 18:00,"1.76,1.76",언더
2026-08-06T00:22:17+00:00,2026,90,9991,bs,NPB,홀짝,2,,야쿠르트,한신,08.02(일) 18:00,"1.61,1.94",홀
2026-08-06T00:22:17+00:00,2026,90,9992,bs,NPB,승패,2,,히로카프 4,3 주니치,08.02(일) 18:00,"1.73,1.79",홈승
2026-08-06T00:22:17+00:00,2026,90,9993,bs,NPB,승①패,3,승①패,히로카프 4,3 주니치,08.02(일) 18:00,"2.70,2.75,2.41",①
2026-08-06T00:22:17+00:00,2026,90,9994,bs,NPB,핸디캡,2,H -2.5,히로카프 1.5,3 주니치,08.02(일) 18:00,"3.75,1.15",핸디패
2026-08-06T00:22:17+00:00,2026,90,9995,bs,NPB,언더오버,2,U 7.5,히로카프,주니치,08.02(일) 18:00,"1.70,1.82",언더
2026-08-06T00:22:17+00:00,2026,90,9996,bs,NPB,홀짝,2,,히로카프,주니치,08.02(일) 18:00,"1.61,1.94",홀
2026-08-06T00:22:17+00:00,2026,90,9963,bs,KBO,승패,2,,롯데 10,7 삼성,08.02(일) 18:30,"2.09,1.52",홈승
2026-08-06T00:22:17+00:00,2026,90,9964,bs,KBO,승①패,3,승①패,롯데 10,7 삼성,08.02(일) 18:30,"3.10,3.70,1.80",홈승
2026-08-06T00:22:17+00:00,2026,90,9965,bs,KBO,핸디캡,2,H +2.5,롯데 12.5,7 삼성,08.02(일) 18:30,"1.48,2.17",핸디승
2026-08-06T00:22:17+00:00,2026,90,9966,bs,KBO,언더오버,2,U 10.5,롯데,삼성,08.02(일) 18:30,"1.73,1.79",오버
2026-08-06T00:22:17+00:00,2026,90,9967,bs,KBO,홀짝,2,,롯데,삼성,08.02(일) 18:30,"1.58,1.99",홀
2026-08-06T00:22:17+00:00,2026,90,9968,bs,KBO,전반승무패,3,h(전반),롯데 7,0 삼성,08.02(일) 18:30,"2.35,6.30,1.77",홈승
2026-08-06T00:22:17+00:00,2026,90,9969,bs,KBO,전반핸디캡,2,h H +1.5,롯데 8.5,0 삼성,08.02(일) 18:30,"1.48,2.17",핸디승
2026-08-06T00:22:17+00:00,2026,90,9970,bs,KBO,전반언더오버,2,h U 5.5,롯데,삼성,08.02(일) 18:30,"1.86,1.67",오버
2026-08-06T00:22:17+00:00,2026,90,9997,sc,K리그1,승무패,3,,울산HDFC 3,1 FC안양,08.02(일) 19:30,"1.91,3.20,3.20",홈승
2026-08-06T00:22:17+00:00,2026,90,9998,sc,K리그1,핸디캡,3,H -1.0,울산HDFC 2,1 FC안양,08.02(일) 19:30,"3.80,3.25,1.73",핸디승
2026-08-06T00:22:17+00:00,2026,90,9999,sc,K리그1,핸디캡,3,H -2.0,울산HDFC 1,1 FC안양,08.02(일) 19:30,"7.30,5.20,1.22",핸디무
2026-08-06T00:22:17+00:00,2026,90,0001,sc,K리그1,언더오버,2,U 2.5,울산HDFC,FC안양,08.02(일) 19:30,"1.96,1.60",오버
2026-08-06T00:22:17+00:00,2026,90,0002,sc,K리그1,홀짝,2,,울산HDFC,FC안양,08.02(일) 19:30,"1.77,1.75",짝
2026-08-06T00:22:17+00:00,2026,90,0003,sc,K리그1,전반승무패,3,h(전반),울산HDFC 0,0 FC안양,08.02(일) 19:30,"2.35,2.17,3.80",무승부
2026-08-06T00:22:17+00:00,2026,90,0004,sc,K리그1,전반핸디캡,3,h H -1.0,울산HDFC -1,0 FC안양,08.02(일) 19:30,"6.40,3.45,1.42",핸디패
2026-08-06T00:22:17+00:00,2026,90,0005,sc,K리그1,전반언더오버,2,h U 1.5,울산HDFC,FC안양,08.02(일) 19:30,"1.38,2.43",언더
2026-08-06T00:22:17+00:00,2026,90,0006,sc,K리그1,승무패,3,,대전하나 2,0 광주FC,08.02(일) 19:30,"1.45,3.60,5.50",홈승
2026-08-06T00:22:17+00:00,2026,90,0007,sc,K리그1,핸디캡,3,H -1.0,대전하나 1,0 광주FC,08.02(일) 19:30,"2.45,3.10,2.39",핸디승
2026-08-06T00:22:17+00:00,2026,90,0008,sc,K리그1,핸디캡,3,H -2.0,대전하나 0,0 광주FC,08.02(일) 19:30,"4.65,3.95,1.47",핸디무
2026-08-06T00:22:17+00:00,2026,90,0009,sc,K리그1,언더오버,2,U 2.5,대전하나,광주FC,08.02(일) 19:30,"1.89,1.65",언더
2026-08-06T00:22:17+00:00,2026,90,0010,sc,K리그1,홀짝,2,,대전하나,광주FC,08.02(일) 19:30,"1.77,1.75",짝
2026-08-06T00:22:17+00:00,2026,90,0011,sc,K리그1,전반승무패,3,h(전반),대전하나 0,0 광주FC,08.02(일) 19:30,"1.95,2.20,5.50",무승부
2026-08-06T00:22:17+00:00,2026,90,0012,sc,K리그1,전반핸디캡,3,h H -1.0,대전하나 -1,0 광주FC,08.02(일) 19:30,"4.55,3.05,1.66",핸디패
2026-08-06T00:22:17+00:00,2026,90,0013,sc,K리그1,전반언더오버,2,h U 1.5,대전하나,광주FC,08.02(일) 19:30,"1.39,2.40",언더
2026-08-06T00:22:17+00:00,2026,90,0014,sc,K리그1,승무패,3,,제주SKFC 3,3 인천유나,08.02(일) 19:30,"2.75,2.85,2.30",무승부
2026-08-06T00:22:17+00:00,2026,90,0015,sc,K리그1,핸디캡,3,H +1.0,제주SKFC 4,3 인천유나,08.02(일) 19:30,"1.48,3.60,5.10",핸디승
2026-08-06T00:22:17+00:00,2026,90,0016,sc,K리그1,핸디캡,3,H +2.0,제주SKFC 5,3 인천유나,08.02(일) 19:30,"1.07,7.00,14.00",핸디승
2026-08-06T00:22:17+00:00,2026,90,0017,sc,K리그1,언더오버,2,U 2.5,제주SKFC,인천유나,08.02(일) 19:30,"1.47,2.19",오버
2026-08-06T00:22:17+00:00,2026,90,0018,sc,K리그1,홀짝,2,,제주SKFC,인천유나,08.02(일) 19:30,"1.78,1.74",짝
2026-08-06T00:22:17+00:00,2026,90,0019,sc,K리그1,전반승무패,3,h(전반),제주SKFC 2,2 인천유나,08.02(일) 19:30,"3.60,1.80,3.15",무승부
2026-08-06T00:22:17+00:00,2026,90,0020,sc,K리그1,전반핸디캡,3,h H +1.0,제주SKFC 3,2 인천유나,08.02(일) 19:30,"1.24,4.05,10.50",핸디승
2026-08-06T00:22:17+00:00,2026,90,0021,sc,K리그1,전반언더오버,2,h U 1.5,제주SKFC,인천유나,08.02(일) 19:30,"1.23,3.09",오버
2026-08-06T00:22:17+00:00,2026,90,0022,sc,K리그2,승무패,3,,부산아이 1,2 서울이랜,08.02(일) 19:30,"2.50,3.15,2.31",홈패
2026-08-06T00:22:17+00:00,2026,90,0023,sc,K리그2,핸디캡,3,H +1.0,부산아이 2,2 서울이랜,08.02(일) 19:30,"1.50,3.80,4.55",핸디무
2026-08-06T00:22:17+00:00,2026,90,0024,sc,K리그2,언더오버,2,U 2.5,부산아이,서울이랜,08.02(일) 19:30,"2.09,1.52",오버
2026-08-06T00:22:17+00:00,2026,90,0025,sc,K리그2,홀짝,2,,부산아이,서울이랜,08.02(일) 19:30,"1.76,1.76",홀
2026-08-06T00:22:17+00:00,2026,90,0026,sc,K리그2,승무패,3,,김포FC 1,1 경남FC,08.02(일) 19:30,"1.95,2.85,3.50",무승부
2026-08-06T00:22:17+00:00,2026,90,0027,sc,K리그2,핸디캡,3,H -1.0,김포FC 0,1 경남FC,08.02(일) 19:30,"3.85,3.25,1.72",핸디패
2026-08-06T00:22:17+00:00,2026,90,0028,sc,K리그2,언더오버,2,U 2.5,김포FC,경남FC,08.02(일) 19:30,"1.57,2.00",언더
2026-08-06T00:22:17+00:00,2026,90,0029,sc,K리그2,홀짝,2,,김포FC,경남FC,08.02(일) 19:30,"1.77,1.75",짝
2026-08-06T00:22:17+00:00,2026,90,0030,sc,K리그2,승무패,3,,전남드래 1,2 파주프런,08.02(일) 19:30,"2.07,3.10,2.90",홈패
2026-08-06T00:22:17+00:00,2026,90,0031,sc,K리그2,핸디캡,3,H -1.0,전남드래 0,2 파주프런,08.02(일) 19:30,"4.15,3.45,1.62",핸디패
2026-08-06T00:22:17+00:00,2026,90,0032,sc,K리그2,언더오버,2,U 2.5,전남드래,파주프런,08.02(일) 19:30,"1.81,1.71",오버
2026-08-06T00:22:17+00:00,2026,90,0033,sc,K리그2,홀짝,2,,전남드래,파주프런,08.02(일) 19:30,"1.77,1.75",홀
2026-08-06T00:22:17+00:00,2026,90,0034,sc,K리그2,승무패,3,,안산그리 2,2 김해FC,08.02(일) 19:30,"2.39,3.10,2.45",무승부
2026-08-06T00:22:17+00:00,2026,90,0035,sc,K리그2,핸디캡,3,H -1.0,안산그리 1,2 김해FC,08.02(일) 19:30,"5.10,3.85,1.44",핸디패
2026-08-06T00:22:17+00:00,2026,90,0036,sc,K리그2,언더오버,2,U 2.5,안산그리,김해FC,08.02(일) 19:30,"1.77,1.75",오버
2026-08-06T00:22:17+00:00,2026,90,0037,sc,K리그2,홀짝,2,,안산그리,김해FC,08.02(일) 19:30,"1.77,1.75",짝
2026-08-06T00:22:17+00:00,2026,90,0038,vl,남배네이,승패,2,,미국M 2,3 폴란드M,08.02(일) 20:30,"2.68,1.31",홈패
2026-08-06T00:22:17+00:00,2026,90,0039,vl,남배네이,핸디캡,2,H +1.5,미국M 3.5,3 폴란드M,08.02(일) 20:30,"1.76,1.76",핸디승
2026-08-06T00:22:17+00:00,2026,90,0040,vl,남배네이,언더오버,2,U 183.5,미국M,폴란드M,08.02(일) 20:30,"1.81,1.71",오버
2026-08-06T00:22:17+00:00,2026,90,0041,vl,남배네이,홀짝,2,,미국M,폴란드M,08.02(일) 20:30,"1.76,1.76",홀
2026-08-06T00:22:17+00:00,2026,90,0042,sc,엘리테세,승무패,3,,KFUM카메 2,1 크리스티,08.03(월) 00:00,"1.60,3.55,4.10",홈승
2026-08-06T00:22:17+00:00,2026,90,0043,sc,엘리테세,핸디캡,3,H -1.0,KFUM카메 1,1 크리스티,08.03(월) 00:00,"2.70,3.40,2.06",핸디무
2026-08-06T00:22:17+00:00,2026,90,0044,sc,엘리테세,언더오버,2,U 2.5,KFUM카메,크리스티,08.03(월) 00:00,"2.02,1.56",오버
2026-08-06T00:22:17+00:00,2026,90,0045,sc,엘리테세,홀짝,2,,KFUM카메,크리스티,08.03(월) 00:00,"1.76,1.76",홀
2026-08-06T00:22:17+00:00,2026,90,0046,sc,엘리테세,승무패,3,,몰데FK 3,3 사릅스보,08.03(월) 00:00,"1.52,3.95,4.20",무승부
2026-08-06T00:22:17+00:00,2026,90,0047,sc,엘리테세,핸디캡,3,H -1.0,몰데FK 2,3 사릅스보,08.03(월) 00:00,"2.40,3.60,2.20",핸디패
2026-08-06T00:22:17+00:00,2026,90,0048,sc,엘리테세,언더오버,2,U 3.5,몰데FK,사릅스보,08.03(월) 00:00,"1.64,1.90",오버
2026-08-06T00:22:17+00:00,2026,90,0049,sc,엘리테세,홀짝,2,,몰데FK,사릅스보,08.03(월) 00:00,"1.76,1.76",짝
2026-08-06T00:22:17+00:00,2026,90,0050,sc,엘리테세,승무패,3,,올레순FK 2,6 트롬쇠IL,08.03(월) 00:00,"3.45,3.35,1.78",홈패
2026-08-06T00:22:17+00:00,2026,90,0051,sc,엘리테세,핸디캡,3,H +1.0,올레순FK 3,6 트롬쇠IL,08.03(월) 00:00,"1.83,3.45,3.20",핸디패
2026-08-06T00:22:17+00:00,2026,90,0052,sc,엘리테세,언더오버,2,U 2.5,올레순FK,트롬쇠IL,08.03(월) 00:00,"1.96,1.60",오버
2026-08-06T00:22:17+00:00,2026,90,0053,sc,엘리테세,홀짝,2,,올레순FK,트롬쇠IL,08.03(월) 00:00,"1.77,1.75",짝
2026-08-06T00:22:17+00:00,2026,90,0054,sc,네슈퍼컵,승무패,3,,PSV 0,4 알크마르,08.03(월) 01:00,"1.44,4.15,4.65",홈패
2026-08-06T00:22:17+00:00,2026,90,0055,sc,네슈퍼컵,핸디캡,3,H -1.0,PSV -1,4 알크마르,08.03(월) 01:00,"2.20,3.60,2.40",핸디패
2026-08-06T00:22:17+00:00,2026,90,0056,sc,네슈퍼컵,언더오버,2,U 3.5,PSV,알크마르,08.03(월) 01:00,"1.73,1.79",오버
2026-08-06T00:22:17+00:00,2026,90,0057,sc,네슈퍼컵,홀짝,2,,PSV,알크마르,08.03(월) 01:00,"1.76,1.76",짝
2026-08-06T00:22:17+00:00,2026,90,0058,sc,엘리테세,승무패,3,,SK브란 3,2 로센보르,08.03(월) 02:15,"1.89,3.55,2.95",홈승
2026-08-06T00:22:17+00:00,2026,90,0059,sc,엘리테세,핸디캡,3,H -1.0,SK브란 2,2 로센보르,08.03(월) 02:15,"3.35,3.65,1.73",핸디무
2026-08-06T00:22:17+00:00,2026,90,0060,sc,엘리테세,언더오버,2,U 3.5,SK브란,로센보르,08.03(월) 02:15,"1.57,2.00",오버
2026-08-06T00:22:17+00:00,2026,90,0061,sc,엘리테세,홀짝,2,,SK브란,로센보르,08.03(월) 02:15,"1.76,1.76",홀
2026-08-06T00:22:17+00:00,2026,90,0062,bs,MLB,승패,2,,볼티오리 0,8 필라필리,08.03(월) 02:35,"2.00,1.57",홈패
2026-08-06T00:22:17+00:00,2026,90,0063,bs,MLB,승①패,3,승①패,볼티오리 0,8 필라필리,08.03(월) 02:35,"3.05,3.25,1.95",홈패
2026-08-06T00:22:17+00:00,2026,90,0064,bs,MLB,핸디캡,2,H +2.5,볼티오리 2.5,8 필라필리,08.03(월) 02:35,"1.33,2.60",핸디패
2026-08-06T00:22:17+00:00,2026,90,0065,bs,MLB,언더오버,2,U 7.5,볼티오리,필라필리,08.03(월) 02:35,"1.77,1.75",오버
2026-08-06T00:22:17+00:00,2026,90,0066,bs,MLB,홀짝,2,,볼티오리,필라필리,08.03(월) 02:35,"1.55,2.04",짝
2026-08-06T00:22:17+00:00,2026,90,0067,bs,MLB,승패,2,,애틀브레 4,2 워싱내셔,08.03(월) 02:35,"1.64,1.90",홈승
2026-08-06T00:22:17+00:00,2026,90,0068,bs,MLB,승①패,3,승①패,애틀브레 4,2 워싱내셔,08.03(월) 02:35,"2.33,3.30,2.40",홈승
2026-08-06T00:22:17+00:00,2026,90,0069,bs,MLB,핸디캡,2,H -2.5,애틀브레 1.5,2 워싱내셔,08.03(월) 02:35,"3.16,1.22",핸디패
2026-08-06T00:22:17+00:00,2026,90,0070,bs,MLB,언더오버,2,U 8.5,애틀브레,워싱내셔,08.03(월) 02:35,"1.80,1.72",언더
2026-08-06T00:22:17+00:00,2026,90,0071,bs,MLB,홀짝,2,,애틀브레,워싱내셔,08.03(월) 02:35,"1.55,2.04",짝
2026-08-06T00:22:17+00:00,2026,90,0072,bs,MLB,승패,2,,토론블루 1,5 세인카디,08.03(월) 02:37,"1.71,1.81",홈패
2026-08-06T00:22:17+00:00,2026,90,0073,bs,MLB,승①패,3,승①패,토론블루 1,5 세인카디,08.03(월) 02:37,"2.40,3.35,2.30",홈패
2026-08-06T00:22:17+00:00,2026,90,0074,bs,MLB,핸디캡,2,H -2.5,토론블루 -1.5,5 세인카디,08.03(월) 02:37,"3.38,1.19",핸디패
2026-08-06T00:22:17+00:00,2026,90,0075,bs,MLB,언더오버,2,U 9.5,토론블루,세인카디,08.03(월) 02:37,"1.61,1.94",언더
2026-08-06T00:22:17+00:00,2026,90,0076,bs,MLB,홀짝,2,,토론블루,세인카디,08.03(월) 02:37,"1.55,2.04",짝
2026-08-06T00:22:17+00:00,2026,90,0077,bs,MLB,승패,2,,탬파레이 1,9 시카화이,08.03(월) 02:40,"1.52,2.09",홈패
2026-08-06T00:22:17+00:00,2026,90,0078,bs,MLB,승①패,3,승①패,탬파레이 1,9 시카화이,08.03(월) 02:40,"2.10,3.30,2.70",홈패
2026-08-06T00:22:17+00:00,2026,90,0079,bs,MLB,핸디캡,2,H -2.5,탬파레이 -1.5,9 시카화이,08.03(월) 02:40,"2.87,1.27",핸디패
2026-08-06T00:22:17+00:00,2026,90,0080,bs,MLB,언더오버,2,U 7.5,탬파레이,시카화이,08.03(월) 02:40,"1.78,1.74",오버
2026-08-06T00:22:17+00:00,2026,90,0081,bs,MLB,홀짝,2,,탬파레이,시카화이,08.03(월) 02:40,"1.55,2.04",짝
2026-08-06T00:22:17+00:00,2026,90,0082,bs,MLB,승패,2,,뉴욕메츠 0,2 마이말린,08.03(월) 02:40,"1.90,1.64",홈패
2026-08-06T00:22:17+00:00,2026,90,0083,bs,MLB,승①패,3,승①패,뉴욕메츠 0,2 마이말린,08.03(월) 02:40,"2.75,3.40,2.03",홈패
2026-08-06T00:22:17+00:00,2026,90,0084,bs,MLB,핸디캡,2,H +2.5,뉴욕메츠 2.5,2 마이말린,08.03(월) 02:40,"1.28,2.82",핸디승
2026-08-06T00:22:17+00:00,2026,90,0085,bs,MLB,언더오버,2,U 8.5,뉴욕메츠,마이말린,08.03(월) 02:40,"1.81,1.71",언더
2026-08-06T00:22:17+00:00,2026,90,0086,bs,MLB,홀짝,2,,뉴욕메츠,마이말린,08.03(월) 02:40,"1.55,2.04",짝
2026-08-06T00:22:17+00:00,2026,90,0087,bs,MLB,승패,2,,클리가디 5,0 애리다이,08.03(월) 02:40,"1.54,2.05",홈승
2026-08-06T00:22:17+00:00,2026,90,0088,bs,MLB,승①패,3,승①패,클리가디 5,0 애리다이,08.03(월) 02:40,"2.15,3.25,2.65",홈승
2026-08-06T00:22:17+00:00,2026,90,0089,bs,MLB,핸디캡,2,H -2.5,클리가디 2.5,0 애리다이,08.03(월) 02:40,"2.92,1.26",핸디승
2026-08-06T00:22:17+00:00,2026,90,0090,bs,MLB,언더오버,2,U 7.5,클리가디,애리다이,08.03(월) 02:40,"1.87,1.66",언더
2026-08-06T00:22:17+00:00,2026,90,0091,bs,MLB,홀짝,2,,클리가디,애리다이,08.03(월) 02:40,"1.55,2.04",홀
2026-08-06T00:22:17+00:00,2026,90,0092,bs,MLB,승패,2,,신시레즈 10,2 피츠파이,08.03(월) 02:40,"1.50,2.13",홈승
2026-08-06T00:22:17+00:00,2026,90,0093,bs,MLB,승①패,3,승①패,신시레즈 10,2 피츠파이,08.03(월) 02:40,"2.05,3.35,2.75",홈승
2026-08-06T00:22:17+00:00,2026,90,0094,bs,MLB,핸디캡,2,H -2.5,신시레즈 7.5,2 피츠파이,08.03(월) 02:40,"2.77,1.29",핸디승
2026-08-06T00:22:17+00:00,2026,90,0095,bs,MLB,언더오버,2,U 8.5,신시레즈,피츠파이,08.03(월) 02:40,"1.66,1.87",오버
2026-08-06T00:22:17+00:00,2026,90,0096,bs,MLB,홀짝,2,,신시레즈,피츠파이,08.03(월) 02:40,"1.55,2.04",짝
2026-08-06T00:22:17+00:00,2026,90,0097,bs,MLB,승패,2,,휴스애스 7,3 텍사레인,08.03(월) 03:10,"1.63,1.91",홈승
2026-08-06T00:22:17+00:00,2026,90,0098,bs,MLB,승①패,3,승①패,휴스애스 7,3 텍사레인,08.03(월) 03:10,"2.28,3.30,2.45",홈승
2026-08-06T00:22:17+00:00,2026,90,0099,bs,MLB,핸디캡,2,H -2.5,휴스애스 4.5,3 텍사레인,08.03(월) 03:10,"3.16,1.22",핸디승
2026-08-06T00:22:17+00:00,2026,90,0100,bs,MLB,언더오버,2,U 8.5,휴스애스,텍사레인,08.03(월) 03:10,"1.81,1.71",오버
2026-08-06T00:22:17+00:00,2026,90,0101,bs,MLB,홀짝,2,,휴스애스,텍사레인,08.03(월) 03:10,"1.55,2.04",짝
2026-08-06T00:22:17+00:00,2026,90,0102,bs,MLB,승패,2,,시카컵스 1,2 뉴욕양키,08.03(월) 03:20,"1.93,1.62",홈패
2026-08-06T00:22:17+00:00,2026,90,0103,bs,MLB,승①패,3,승①패,시카컵스 1,2 뉴욕양키,08.03(월) 03:20,"2.95,3.05,2.07",①
2026-08-06T00:22:17+00:00,2026,90,0104,bs,MLB,핸디캡,2,H +2.5,시카컵스 3.5,2 뉴욕양키,08.03(월) 03:20,"1.29,2.77",핸디승
2026-08-06T00:22:17+00:00,2026,90,0105,bs,MLB,언더오버,2,U 6.5,시카컵스,뉴욕양키,08.03(월) 03:20,"1.78,1.74",언더
2026-08-06T00:22:17+00:00,2026,90,0106,bs,MLB,홀짝,2,,시카컵스,뉴욕양키,08.03(월) 03:20,"1.54,2.05",홀
2026-08-06T00:22:17+00:00,2026,90,0107,bs,MLB,승패,2,,콜로로키 8,1 캔자로얄,08.03(월) 04:10,"1.77,1.75",홈승
2026-08-06T00:22:17+00:00,2026,90,0108,bs,MLB,승①패,3,승①패,콜로로키 8,1 캔자로얄,08.03(월) 04:10,"2.50,3.50,2.16",홈승
2026-08-06T00:22:17+00:00,2026,90,0109,bs,MLB,핸디캡,2,H +2.5,콜로로키 10.5,1 캔자로얄,08.03(월) 04:10,"1.28,2.82",핸디승
2026-08-06T00:22:17+00:00,2026,90,0110,bs,MLB,언더오버,2,U 12.5,콜로로키,캔자로얄,08.03(월) 04:10,"1.68,1.85",언더
2026-08-06T00:22:17+00:00,2026,90,0111,bs,MLB,홀짝,2,,콜로로키,캔자로얄,08.03(월) 04:10,"1.56,2.02",홀
2026-08-06T00:22:17+00:00,2026,90,0112,bs,MLB,승패,2,,LA에인절 3,0 밀워브루,08.03(월) 04:15,"2.82,1.28",홈승
2026-08-06T00:22:17+00:00,2026,90,0113,bs,MLB,승①패,3,승①패,LA에인절 3,0 밀워브루,08.03(월) 04:15,"4.75,3.50,1.53",홈승
2026-08-06T00:22:17+00:00,2026,90,0114,bs,MLB,핸디캡,2,H +2.5,LA에인절 5.5,0 밀워브루,08.03(월) 04:15,"1.61,1.94",핸디승
2026-08-06T00:22:17+00:00,2026,90,0115,bs,MLB,언더오버,2,U 7.5,LA에인절,밀워브루,08.03(월) 04:15,"1.70,1.82",언더
2026-08-06T00:22:17+00:00,2026,90,0116,bs,MLB,홀짝,2,,LA에인절,밀워브루,08.03(월) 04:15,"1.57,2.00",홀
2026-08-06T00:22:17+00:00,2026,90,0117,sc,축클럽친,승무패,3,,리버풀 2,4 리즈U,08.03(월) 05:00,"1.58,3.80,3.95",홈패
2026-08-06T00:22:17+00:00,2026,90,0118,sc,축클럽친,핸디캡,3,H -1.0,리버풀 1,4 리즈U,08.03(월) 05:00,"2.65,3.55,2.04",핸디패
2026-08-06T00:22:17+00:00,2026,90,0119,sc,축클럽친,언더오버,2,U 3.5,리버풀,리즈U,08.03(월) 05:00,"1.56,2.02",오버
2026-08-06T00:22:17+00:00,2026,90,0120,sc,축클럽친,홀짝,2,,리버풀,리즈U,08.03(월) 05:00,"1.76,1.76",짝
2026-08-06T00:22:17+00:00,2026,90,0121,bs,MLB,승패,2,,애슬레틱 0,11 디트타이,08.03(월) 05:05,"1.81,1.71",홈패
2026-08-06T00:22:17+00:00,2026,90,0122,bs,MLB,승①패,3,승①패,애슬레틱 0,11 디트타이,08.03(월) 05:05,"2.60,3.45,2.11",홈패
2026-08-06T00:22:17+00:00,2026,90,0123,bs,MLB,핸디캡,2,H +2.5,애슬레틱 2.5,11 디트타이,08.03(월) 05:05,"1.29,2.77",핸디패
2026-08-06T00:22:17+00:00,2026,90,0124,bs,MLB,언더오버,2,U 11.5,애슬레틱,디트타이,08.03(월) 05:05,"1.60,1.96",언더
2026-08-06T00:22:17+00:00,2026,90,0125,bs,MLB,홀짝,2,,애슬레틱,디트타이,08.03(월) 05:05,"1.56,2.02",홀
2026-08-06T00:22:17+00:00,2026,90,0126,bs,MLB,승패,2,,시애매리 7,6 미네트윈,08.03(월) 05:10,"1.55,2.04",홈승
2026-08-06T00:22:17+00:00,2026,90,0127,bs,MLB,승①패,3,승①패,시애매리 7,6 미네트윈,08.03(월) 05:10,"2.18,3.20,2.65",①
2026-08-06T00:22:17+00:00,2026,90,0128,bs,MLB,핸디캡,2,H -2.5,시애매리 4.5,6 미네트윈,08.03(월) 05:10,"3.03,1.24",핸디패
2026-08-06T00:22:17+00:00,2026,90,0129,bs,MLB,언더오버,2,U 6.5,시애매리,미네트윈,08.03(월) 05:10,"1.96,1.60",오버
2026-08-06T00:22:17+00:00,2026,90,0130,bs,MLB,홀짝,2,,시애매리,미네트윈,08.03(월) 05:10,"1.54,2.05",홀
2026-08-06T00:22:17+00:00,2026,90,0131,bs,MLB,승패,2,,샌디파드 5,4 샌프자이,08.03(월) 05:10,"1.51,2.11",홈승
2026-08-06T00:22:17+00:00,2026,90,0132,bs,MLB,승①패,3,승①패,샌디파드 5,4 샌프자이,08.03(월) 05:10,"2.07,3.30,2.75",①
2026-08-06T00:22:17+00:00,2026,90,0133,bs,MLB,핸디캡,2,H -2.5,샌디파드 2.5,4 샌프자이,08.03(월) 05:10,"2.82,1.28",핸디패
2026-08-06T00:22:17+00:00,2026,90,0134,bs,MLB,언더오버,2,U 7.5,샌디파드,샌프자이,08.03(월) 05:10,"1.87,1.66",오버
2026-08-06T00:22:17+00:00,2026,90,0135,bs,MLB,홀짝,2,,샌디파드,샌프자이,08.03(월) 05:10,"1.55,2.04",홀
2026-08-06T00:22:17+00:00,2026,90,0136,bs,MLB,승패,2,,LA다저스 4,8 보스레드,08.03(월) 08:20,"1.46,2.22",홈패
2026-08-06T00:22:17+00:00,2026,90,0137,bs,MLB,승①패,3,승①패,LA다저스 4,8 보스레드,08.03(월) 08:20,"1.98,3.40,2.85",홈패
2026-08-06T00:22:17+00:00,2026,90,0138,bs,MLB,핸디캡,2,H -2.5,LA다저스 1.5,8 보스레드,08.03(월) 08:20,"2.60,1.33",핸디패
2026-08-06T00:22:17+00:00,2026,90,0139,bs,MLB,언더오버,2,U 8.5,LA다저스,보스레드,08.03(월) 08:20,"1.89,1.65",오버
2026-08-06T00:22:17+00:00,2026,90,0140,bs,MLB,홀짝,2,,LA다저스,보스레드,08.03(월) 08:20,"1.56,2.02",짝
2026-08-06T00:22:17+00:00,2026,90,0141,bs,MLB,전반승무패,3,h(전반),LA다저스 3,5 보스레드,08.03(월) 08:20,"1.65,6.30,2.60",홈패
2026-08-06T00:22:17+00:00,2026,90,0142,bs,MLB,전반핸디캡,2,h H -1.5,LA다저스 1.5,5 보스레드,08.03(월) 08:20,"2.29,1.43",핸디패
2026-08-06T00:22:17+00:00,2026,90,0143,bs,MLB,전반언더오버,2,h U 4.5,LA다저스,보스레드,08.03(월) 08:20,"1.91,1.63",오버
2026-08-06T00:22:17+00:00,2026,90,0149,sc,축ASEA챔,승무패,3,,인도네시 0,3 베트남,08.03(월) 22:30,"2.20,3.15,2.65",홈패
2026-08-06T00:22:17+00:00,2026,90,0150,sc,축ASEA챔,핸디캡,3,H -1.0,인도네시 -1,3 베트남,08.03(월) 22:30,"4.45,3.75,1.52",핸디패
2026-08-06T00:22:17+00:00,2026,90,0151,sc,축ASEA챔,언더오버,2,U 2.5,인도네시,베트남,08.03(월) 22:30,"1.84,1.69",오버
2026-08-06T00:22:17+00:00,2026,90,0152,sc,축ASEA챔,홀짝,2,,인도네시,베트남,08.03(월) 22:30,"1.77,1.75",홀
2026-08-06T00:37:29+00:00,2026,89,9152,bs,MLB,승패,2,,뉴욕메츠,애틀브레,07.29(수) 08:10,"1.00,1.00",취소
2026-08-06T00:37:29+00:00,2026,89,9153,bs,MLB,승①패,3,승①패,뉴욕메츠,애틀브레,07.29(수) 08:10,"1.00,1.00,1.00",취소
2026-08-06T00:37:29+00:00,2026,89,9154,bs,MLB,핸디캡,2,H +2.5,뉴욕메츠,애틀브레,07.29(수) 08:10,"1.00,1.00",취소
2026-08-06T00:37:29+00:00,2026,89,9155,bs,MLB,언더오버,2,U 7.5,뉴욕메츠,애틀브레,07.29(수) 08:10,"1.00,1.00",취소
2026-08-06T00:37:29+00:00,2026,89,9156,bs,MLB,홀짝,2,,뉴욕메츠,애틀브레,07.29(수) 08:10,"1.00,1.00",취소
2026-08-06T00:37:29+00:00,2026,89,9162,bs,MLB,승패,2,,미네트윈 3,2 캔자로얄,07.29(수) 08:40,"1.49,2.15",홈승
2026-08-06T00:37:29+00:00,2026,89,9163,bs,MLB,승①패,3,승①패,미네트윈 3,2 캔자로얄,07.29(수) 08:40,"1.95,3.50,2.85",①
2026-08-06T00:37:29+00:00,2026,89,9164,bs,MLB,핸디캡,2,H -2.5,미네트윈 0.5,2 캔자로얄,07.29(수) 08:40,"2.68,1.31",핸디패
2026-08-06T00:37:29+00:00,2026,89,9165,bs,MLB,언더오버,2,U 9.5,미네트윈,캔자로얄,07.29(수) 08:40,"1.67,1.86",언더
2026-08-06T00:37:29+00:00,2026,89,9166,bs,MLB,홀짝,2,,미네트윈,캔자로얄,07.29(수) 08:40,"1.56,2.02",홀
2026-08-06T00:37:29+00:00,2026,89,9167,bs,MLB,승패,2,,시카화이 2,3 뉴욕양키,07.29(수) 08:40,"2.02,1.56",홈패
2026-08-06T00:37:29+00:00,2026,89,9168,bs,MLB,승①패,3,승①패,시카화이 2,3 뉴욕양키,07.29(수) 08:40,"3.05,3.30,1.93",①
2026-08-06T00:37:29+00:00,2026,89,9169,bs,MLB,핸디캡,2,H +2.5,시카화이 4.5,3 뉴욕양키,07.29(수) 08:40,"1.35,2.53",핸디승
2026-08-06T00:37:29+00:00,2026,89,9170,bs,MLB,언더오버,2,U 8.5,시카화이,뉴욕양키,07.29(수) 08:40,"1.66,1.87",언더
2026-08-06T00:37:29+00:00,2026,89,9171,bs,MLB,홀짝,2,,시카화이,뉴욕양키,07.29(수) 08:40,"1.55,2.04",홀
2026-08-06T00:37:29+00:00,2026,89,9172,bs,MLB,승패,2,,세인카디 2,10 시카컵스,07.29(수) 08:45,"1.78,1.74",홈패
2026-08-06T00:37:29+00:00,2026,89,9173,bs,MLB,승①패,3,승①패,세인카디 2,10 시카컵스,07.29(수) 08:45,"2.60,3.30,2.17",홈패
2026-08-06T00:37:29+00:00,2026,89,9174,bs,MLB,핸디캡,2,H +2.5,세인카디 4.5,10 시카컵스,07.29(수) 08:45,"1.26,2.92",핸디패
2026-08-06T00:37:29+00:00,2026,89,9175,bs,MLB,언더오버,2,U 8.5,세인카디,시카컵스,07.29(수) 08:45,"1.81,1.71",오버
2026-08-06T00:37:29+00:00,2026,89,9176,bs,MLB,홀짝,2,,세인카디,시카컵스,07.29(수) 08:45,"1.55,2.04",짝
2026-08-06T00:37:29+00:00,2026,89,9177,bs,MLB,승패,2,,LA에인절 2,3 휴스애스,07.29(수) 10:38,"1.82,1.70",홈패
2026-08-06T00:37:29+00:00,2026,89,9178,bs,MLB,승①패,3,승①패,LA에인절 2,3 휴스애스,07.29(수) 10:38,"2.60,3.30,2.16",①
2026-08-06T00:37:29+00:00,2026,89,9179,bs,MLB,핸디캡,2,H +2.5,LA에인절 4.5,3 휴스애스,07.29(수) 10:38,"1.25,2.97",핸디승
2026-08-06T00:37:29+00:00,2026,89,9180,bs,MLB,언더오버,2,U 8.5,LA에인절,휴스애스,07.29(수) 10:38,"1.66,1.87",언더
2026-08-06T00:37:29+00:00,2026,89,9181,bs,MLB,홀짝,2,,LA에인절,휴스애스,07.29(수) 10:38,"1.55,2.04",홀
2026-08-06T00:37:29+00:00,2026,89,9182,bs,MLB,승패,2,,샌디파드 8,7 콜로로키,07.29(수) 10:40,"1.38,2.43",홈승
2026-08-06T00:37:29+00:00,2026,89,9183,bs,MLB,승①패,3,승①패,샌디파드 8,7 콜로로키,07.29(수) 10:40,"1.73,3.60,3.40",①
2026-08-06T00:37:29+00:00,2026,89,9184,bs,MLB,핸디캡,2,H -2.5,샌디파드 5.5,7 콜로로키,07.29(수) 10:40,"2.31,1.42",핸디패
2026-08-06T00:37:29+00:00,2026,89,9185,bs,MLB,언더오버,2,U 8.5,샌디파드,콜로로키,07.29(수) 10:40,"1.73,1.79",오버
2026-08-06T00:37:29+00:00,2026,89,9186,bs,MLB,홀짝,2,,샌디파드,콜로로키,07.29(수) 10:40,"1.56,2.02",홀
2026-08-06T00:37:29+00:00,2026,89,9187,bs,MLB,승패,2,,애슬레틱 4,3 보스레드,07.29(수) 10:40,"2.24,1.45",홈승
2026-08-06T00:37:29+00:00,2026,89,9188,bs,MLB,승①패,3,승①패,애슬레틱 4,3 보스레드,07.29(수) 10:40,"3.40,3.55,1.74",①
2026-08-06T00:37:29+00:00,2026,89,9189,bs,MLB,핸디캡,2,H +2.5,애슬레틱 6.5,3 보스레드,07.29(수) 10:40,"1.41,2.34",핸디승
2026-08-06T00:37:29+00:00,2026,89,9190,bs,MLB,언더오버,2,U 9.5,애슬레틱,보스레드,07.29(수) 10:40,"1.84,1.69",언더
2026-08-06T00:37:29+00:00,2026,89,9191,bs,MLB,홀짝,2,,애슬레틱,보스레드,07.29(수) 10:40,"1.56,2.02",홀
2026-08-06T00:37:29+00:00,2026,89,9192,bs,MLB,승패,2,,샌프자이 2,8 밀워브루,07.29(수) 10:45,"2.11,1.51",홈패
2026-08-06T00:37:29+00:00,2026,89,9193,bs,MLB,승①패,3,승①패,샌프자이 2,8 밀워브루,07.29(수) 10:45,"3.25,3.25,1.87",홈패
2026-08-06T00:37:29+00:00,2026,89,9194,bs,MLB,핸디캡,2,H +2.5,샌프자이 4.5,8 밀워브루,07.29(수) 10:45,"1.38,2.43",핸디패
2026-08-06T00:37:29+00:00,2026,89,9195,bs,MLB,언더오버,2,U 7.5,샌프자이,밀워브루,07.29(수) 10:45,"1.73,1.79",오버
2026-08-06T00:37:29+00:00,2026,89,9196,bs,MLB,홀짝,2,,샌프자이,밀워브루,07.29(수) 10:45,"1.55,2.04",짝
2026-08-06T00:37:29+00:00,2026,89,9197,bs,MLB,승패,2,,LA다저스 6,7 시애매리,07.29(수) 11:10,"1.39,2.40",홈패
2026-08-06T00:37:29+00:00,2026,89,9198,bs,MLB,승①패,3,승①패,LA다저스 6,7 시애매리,07.29(수) 11:10,"1.75,3.75,3.20",①
2026-08-06T00:37:29+00:00,2026,89,9199,bs,MLB,핸디캡,2,H -2.5,LA다저스 3.5,7 시애매리,07.29(수) 11:10,"2.26,1.44",핸디패
2026-08-06T00:37:29+00:00,2026,89,9200,bs,MLB,언더오버,2,U 9.5,LA다저스,시애매리,07.29(수) 11:10,"1.66,1.87",오버
2026-08-06T00:37:29+00:00,2026,89,9201,bs,MLB,홀짝,2,,LA다저스,시애매리,07.29(수) 11:10,"1.56,2.02",홀
2026-08-06T00:37:29+00:00,2026,89,9202,bs,MLB,전반승무패,3,h(전반),LA다저스 5,4 시애매리,07.29(수) 11:10,"1.66,6.50,2.55",홈승
2026-08-06T00:37:29+00:00,2026,89,9203,bs,MLB,전반핸디캡,2,h H -1.5,LA다저스 3.5,4 시애매리,07.29(수) 11:10,"2.29,1.43",핸디패
2026-08-06T00:37:29+00:00,2026,89,9204,bs,MLB,전반언더오버,2,h U 5.5,LA다저스,시애매리,07.29(수) 11:10,"1.61,1.94",오버
2026-08-06T00:37:29+00:00,2026,89,9205,vl,남배네이,승패,2,,슬로베M 3,0 튀르키M,07.29(수) 16:00,"1.28,2.82",홈승
2026-08-06T00:37:29+00:00,2026,89,9206,vl,남배네이,핸디캡,2,H -1.5,슬로베M 1.5,0 튀르키M,07.29(수) 16:00,"1.62,1.93",핸디승
2026-08-06T00:37:29+00:00,2026,89,9207,vl,남배네이,언더오버,2,U 182.5,슬로베M,튀르키M,07.29(수) 16:00,"1.81,1.71",오버
2026-08-06T00:37:29+00:00,2026,89,9208,vl,남배네이,홀짝,2,,슬로베M,튀르키M,07.29(수) 16:00,"1.76,1.76",짝
2026-08-06T00:37:29+00:00,2026,89,9209,bs,KBO,승패,2,,LG 11,18 키움,07.29(수) 18:30,"1.29,2.77",홈패
2026-08-06T00:37:29+00:00,2026,89,9210,bs,KBO,승①패,3,승①패,LG 11,18 키움,07.29(수) 18:30,"1.57,3.80,4.00",홈패
2026-08-06T00:37:29+00:00,2026,89,9211,bs,KBO,핸디캡,2,H -2.5,LG 8.5,18 키움,07.29(수) 18:30,"1.86,1.67",핸디패
2026-08-06T00:37:29+00:00,2026,89,9212,bs,KBO,언더오버,2,U 9.5,LG,키움,07.29(수) 18:30,"1.71,1.81",오버
2026-08-06T00:37:29+00:00,2026,89,9213,bs,KBO,홀짝,2,,LG,키움,07.29(수) 18:30,"1.59,1.97",홀
2026-08-06T00:37:29+00:00,2026,89,9214,bs,KBO,전반승무패,3,h(전반),LG 8,14 키움,07.29(수) 18:30,"1.51,6.50,3.00",홈패
2026-08-06T00:37:29+00:00,2026,89,9215,bs,KBO,전반핸디캡,2,h H -1.5,LG 6.5,14 키움,07.29(수) 18:30,"1.81,1.71",핸디패
2026-08-06T00:37:29+00:00,2026,89,9216,bs,KBO,전반언더오버,2,h U 5.5,LG,키움,07.29(수) 18:30,"1.69,1.84",오버
2026-08-06T00:37:29+00:00,2026,89,9217,bs,KBO,승패,2,,삼성 4,9 KIA,07.29(수) 18:30,"1.49,2.15",홈패
2026-08-06T00:37:29+00:00,2026,89,9218,bs,KBO,승①패,3,승①패,삼성 4,9 KIA,07.29(수) 18:30,"1.98,3.75,2.65",홈패
2026-08-06T00:37:29+00:00,2026,89,9219,bs,KBO,핸디캡,2,H -2.5,삼성 1.5,9 KIA,07.29(수) 18:30,"2.37,1.40",핸디패
2026-08-06T00:37:29+00:00,2026,89,9220,bs,KBO,언더오버,2,U 12.5,삼성,KIA,07.29(수) 18:30,"1.80,1.72",오버
2026-08-06T00:37:29+00:00,2026,89,9221,bs,KBO,홀짝,2,,삼성,KIA,07.29(수) 18:30,"1.57,2.00",홀
2026-08-06T00:37:29+00:00,2026,89,9222,bs,KBO,전반승무패,3,h(전반),삼성 1,6 KIA,07.29(수) 18:30,"1.78,7.50,2.20",홈패
2026-08-06T00:37:29+00:00,2026,89,9223,bs,KBO,전반핸디캡,2,h H -1.5,삼성 -0.5,6 KIA,07.29(수) 18:30,"2.29,1.43",핸디패
2026-08-06T00:37:29+00:00,2026,89,9224,bs,KBO,전반언더오버,2,h U 7.5,삼성,KIA,07.29(수) 18:30,"1.61,1.94",언더
2026-08-06T00:37:29+00:00,2026,89,9225,bs,KBO,승패,2,,SSG 6,2 두산,07.29(수) 18:30,"2.00,1.57",홈승
2026-08-06T00:37:29+00:00,2026,89,9226,bs,KBO,승①패,3,승①패,SSG 6,2 두산,07.29(수) 18:30,"2.90,3.55,1.91",홈승
2026-08-06T00:37:29+00:00,2026,89,9227,bs,KBO,핸디캡,2,H +2.5,SSG 8.5,2 두산,07.29(수) 18:30,"1.37,2.46",핸디승
2026-08-06T00:37:29+00:00,2026,89,9228,bs,KBO,언더오버,2,U 11.5,SSG,두산,07.29(수) 18:30,"1.70,1.82",언더
2026-08-06T00:37:29+00:00,2026,89,9229,bs,KBO,홀짝,2,,SSG,두산,07.29(수) 18:30,"1.57,2.00",짝
2026-08-06T00:37:29+00:00,2026,89,9230,bs,KBO,전반승무패,3,h(전반),SSG 4,1 두산,07.29(수) 18:30,"2.15,6.60,1.88",홈승
2026-08-06T00:37:29+00:00,2026,89,9231,bs,KBO,전반핸디캡,2,h H +1.5,SSG 5.5,1 두산,07.29(수) 18:30,"1.40,2.37",핸디승
2026-08-06T00:37:29+00:00,2026,89,9232,bs,KBO,전반언더오버,2,h U 6.5,SSG,두산,07.29(수) 18:30,"1.65,1.89",언더
2026-08-06T00:37:29+00:00,2026,89,9233,bs,KBO,승패,2,,NC 3,10 KT,07.29(수) 18:30,"1.79,1.73",홈패
2026-08-06T00:37:29+00:00,2026,89,9234,bs,KBO,승①패,3,승①패,NC 3,10 KT,07.29(수) 18:30,"2.50,3.45,2.18",홈패
2026-08-06T00:37:29+00:00,2026,89,9235,bs,KBO,핸디캡,2,H +2.5,NC 5.5,10 KT,07.29(수) 18:30,"1.28,2.82",핸디패
2026-08-06T00:37:29+00:00,2026,89,9236,bs,KBO,언더오버,2,U 10.5,NC,KT,07.29(수) 18:30,"1.74,1.78",오버
2026-08-06T00:37:29+00:00,2026,89,9237,bs,KBO,홀짝,2,,NC,KT,07.29(수) 18:30,"1.57,2.00",홀
2026-08-06T00:37:29+00:00,2026,89,9238,bs,KBO,전반승무패,3,h(전반),NC 1,5 KT,07.29(수) 18:30,"2.05,6.30,1.99",홈패
2026-08-06T00:37:29+00:00,2026,89,9239,bs,KBO,전반핸디캡,2,h H +1.5,NC 2.5,5 KT,07.29(수) 18:30,"1.33,2.60",핸디패
2026-08-06T00:37:29+00:00,2026,89,9240,bs,KBO,전반언더오버,2,h U 5.5,NC,KT,07.29(수) 18:30,"1.74,1.78",오버
2026-08-06T00:37:29+00:00,2026,89,9241,bs,KBO,승패,2,,한화 5,3 롯데,07.29(수) 18:30,"1.66,1.87",홈승
2026-08-06T00:37:29+00:00,2026,89,9242,bs,KBO,승①패,3,승①패,한화 5,3 롯데,07.29(수) 18:30,"2.22,3.45,2.45",홈승
2026-08-06T00:37:29+00:00,2026,89,9243,bs,KBO,핸디캡,2,H -2.5,한화 2.5,3 롯데,07.29(수) 18:30,"2.87,1.27",핸디패
2026-08-06T00:37:29+00:00,2026,89,9244,bs,KBO,언더오버,2,U 9.5,한화,롯데,07.29(수) 18:30,"1.78,1.74",언더
2026-08-06T00:37:29+00:00,2026,89,9245,bs,KBO,홀짝,2,,한화,롯데,07.29(수) 18:30,"1.58,1.99",짝
2026-08-06T00:37:29+00:00,2026,89,9246,bs,KBO,전반승무패,3,h(전반),한화 2,2 롯데,07.29(수) 18:30,"1.95,6.20,2.10",무승부
2026-08-06T00:37:29+00:00,2026,89,9247,bs,KBO,전반핸디캡,2,h H -1.5,한화 0.5,2 롯데,07.29(수) 18:30,"2.68,1.31",핸디패
2026-08-06T00:37:29+00:00,2026,89,9248,bs,KBO,전반언더오버,2,h U 5.5,한화,롯데,07.29(수) 18:30,"1.59,1.97",언더
2026-08-06T00:37:29+00:00,2026,89,9249,sc,한국FA컵,승무패,3,,광주FC 1,0 천안시티,07.29(수) 19:00,"1.70,3.40,3.75",홈승
2026-08-06T00:37:29+00:00,2026,89,9250,sc,한국FA컵,핸디캡,3,H -1.0,광주FC 0,0 천안시티,07.29(수) 19:00,"3.20,3.30,1.87",핸디무
2026-08-06T00:37:29+00:00,2026,89,9251,sc,한국FA컵,언더오버,2,U 2.5,광주FC,천안시티,07.29(수) 19:00,"1.86,1.67",언더
2026-08-06T00:37:29+00:00,2026,89,9252,sc,한국FA컵,홀짝,2,,광주FC,천안시티,07.29(수) 19:00,"1.77,1.75",홀
2026-08-06T00:37:29+00:00,2026,89,9253,sc,한국FA컵,승무패,3,,인천유나 0,1 김포FC,07.29(수) 19:00,"1.41,3.85,5.50",홈패
2026-08-06T00:37:29+00:00,2026,89,9254,sc,한국FA컵,핸디캡,3,H -1.0,인천유나 -1,1 김포FC,07.29(수) 19:00,"2.24,3.30,2.50",핸디패
2026-08-06T00:37:29+00:00,2026,89,9255,sc,한국FA컵,언더오버,2,U 2.5,인천유나,김포FC,07.29(수) 19:00,"2.02,1.56",언더
2026-08-06T00:37:29+00:00,2026,89,9256,sc,한국FA컵,홀짝,2,,인천유나,김포FC,07.29(수) 19:00,"1.76,1.76",홀
2026-08-06T00:37:29+00:00,2026,89,9257,sc,한국FA컵,승무패,3,,김천상무 2,1 수원FC,07.29(수) 19:00,"1.99,3.30,2.90",홈승
2026-08-06T00:37:29+00:00,2026,89,9258,sc,한국FA컵,핸디캡,3,H -1.0,김천상무 1,1 수원FC,07.29(수) 19:00,"3.80,3.55,1.65",핸디무
2026-08-06T00:37:29+00:00,2026,89,9259,sc,한국FA컵,언더오버,2,U 2.5,김천상무,수원FC,07.29(수) 19:00,"2.02,1.56",오버
2026-08-06T00:37:29+00:00,2026,89,9260,sc,한국FA컵,홀짝,2,,김천상무,수원FC,07.29(수) 19:00,"1.76,1.76",홀
2026-08-06T00:37:29+00:00,2026,89,9265,sc,한국FA컵,승무패,3,,부산아이 2,0 FC서울,07.29(수) 19:00,"4.25,3.70,1.55",홈승
2026-08-06T00:37:29+00:00,2026,89,9266,sc,한국FA컵,핸디캡,3,H +1.0,부산아이 3,0 FC서울,07.29(수) 19:00,"2.15,3.25,2.65",핸디승
2026-08-06T00:37:29+00:00,2026,89,9267,sc,한국FA컵,언더오버,2,U 2.5,부산아이,FC서울,07.29(수) 19:00,"1.93,1.62",언더
2026-08-06T00:37:29+00:00,2026,89,9268,sc,한국FA컵,홀짝,2,,부산아이,FC서울,07.29(수) 19:00,"1.77,1.75",짝
2026-08-06T00:37:29+00:00,2026,89,9269,sc,한국FA컵,승무패,3,,부천FC 3,0 파주프런,07.29(수) 19:00,"1.71,3.55,3.55",홈승
2026-08-06T00:37:29+00:00,2026,89,9270,sc,한국FA컵,핸디캡,3,H -1.0,부천FC 2,0 파주프런,07.29(수) 19:00,"3.85,3.10,1.76",핸디승
2026-08-06T00:37:29+00:00,2026,89,9271,sc,한국FA컵,언더오버,2,U 2.5,부천FC,파주프런,07.29(수) 19:00,"1.73,1.79",오버
2026-08-06T00:37:29+00:00,2026,89,9272,sc,한국FA컵,홀짝,2,,부천FC,파주프런,07.29(수) 19:00,"1.77,1.75",홀
2026-08-06T00:37:29+00:00,2026,89,9273,sc,한국FA컵,승무패,3,,충북청주 1,3 FC안양,07.29(수) 19:30,"3.25,3.35,1.84",홈패
2026-08-06T00:37:29+00:00,2026,89,9274,sc,한국FA컵,핸디캡,3,H +1.0,충북청주 2,3 FC안양,07.29(수) 19:30,"1.60,3.25,4.60",핸디패
2026-08-06T00:37:29+00:00,2026,89,9275,sc,한국FA컵,언더오버,2,U 2.5,충북청주,FC안양,07.29(수) 19:30,"1.73,1.79",오버
2026-08-06T00:37:29+00:00,2026,89,9276,sc,한국FA컵,홀짝,2,,충북청주,FC안양,07.29(수) 19:30,"1.77,1.75",짝
2026-08-06T00:37:29+00:00,2026,89,9277,sc,한국FA컵,승무패,3,,제주SKFC 2,2 화성FC,07.29(수) 19:30,"1.62,3.40,4.20",무승부
2026-08-06T00:37:29+00:00,2026,89,9278,sc,한국FA컵,핸디캡,3,H -1.0,제주SKFC 1,2 화성FC,07.29(수) 19:30,"2.85,3.20,2.06",핸디패
2026-08-06T00:37:29+00:00,2026,89,9279,sc,한국FA컵,언더오버,2,U 2.5,제주SKFC,화성FC,07.29(수) 19:30,"1.85,1.68",오버
2026-08-06T00:37:29+00:00,2026,89,9280,sc,한국FA컵,홀짝,2,,제주SKFC,화성FC,07.29(수) 19:30,"1.77,1.75",짝
2026-08-06T00:37:29+00:00,2026,89,9261,sc,한국FA컵,승무패,3,,김해FC 0,1 성남FC,07.29(수) 20:00,"2.65,3.05,2.25",홈패
2026-08-06T00:37:29+00:00,2026,89,9262,sc,한국FA컵,핸디캡,3,H +1.0,김해FC 1,1 성남FC,07.29(수) 20:00,"1.50,3.20,5.90",핸디무
2026-08-06T00:37:29+00:00,2026,89,9263,sc,한국FA컵,언더오버,2,U 2.5,김해FC,성남FC,07.29(수) 20:00,"1.67,1.86",언더
2026-08-06T00:37:29+00:00,2026,89,9264,sc,한국FA컵,홀짝,2,,김해FC,성남FC,07.29(수) 20:00,"1.77,1.75",홀
2026-08-06T00:37:29+00:00,2026,89,9281,vl,남배네이,승패,2,,일본M 3,1 중국M,07.29(수) 20:30,"1.00,1.00",홈승
2026-08-06T00:37:29+00:00,2026,89,9282,vl,남배네이,핸디캡,2,H -2.5,일본M 0.5,1 중국M,07.29(수) 20:30,"1.49,2.15",핸디패
2026-08-06T00:37:29+00:00,2026,89,9283,vl,남배네이,언더오버,2,U 140.5,일본M,중국M,07.29(수) 20:30,"1.76,1.76",오버
2026-08-06T00:37:29+00:00,2026,89,9284,vl,남배네이,홀짝,2,,일본M,중국M,07.29(수) 20:30,"1.76,1.76",홀
2026-08-06T00:37:29+00:00,2026,89,9285,bs,MLB,승패,2,,마이말린 8,6 필라필리,07.30(목) 01:10,"2.34,1.41",홈승
2026-08-06T00:37:29+00:00,2026,89,9286,bs,MLB,승①패,3,승①패,마이말린 8,6 필라필리,07.30(목) 01:10,"3.60,3.45,1.72",홈승
2026-08-06T00:37:29+00:00,2026,89,9287,bs,MLB,핸디캡,2,H +2.5,마이말린 10.5,6 필라필리,07.30(목) 01:10,"1.42,2.31",핸디승
2026-08-06T00:37:29+00:00,2026,89,9288,bs,MLB,언더오버,2,U 7.5,마이말린,필라필리,07.30(목) 01:10,"1.78,1.74",오버
2026-08-06T00:37:29+00:00,2026,89,9289,bs,MLB,홀짝,2,,마이말린,필라필리,07.30(목) 01:10,"1.55,2.04",짝
2026-08-06T00:37:29+00:00,2026,89,9290,bs,MLB,승패,2,,피츠파이 0,3 애리다이,07.30(목) 01:35,"1.62,1.93",홈패
2026-08-06T00:37:29+00:00,2026,89,9291,bs,MLB,승①패,3,승①패,피츠파이 0,3 애리다이,07.30(목) 01:35,"2.28,3.30,2.45",홈패
2026-08-06T00:37:29+00:00,2026,89,9292,bs,MLB,핸디캡,2,H -2.5,피츠파이 -2.5,3 애리다이,07.30(목) 01:35,"3.09,1.23",핸디패
2026-08-06T00:37:29+00:00,2026,89,9293,bs,MLB,언더오버,2,U 8.5,피츠파이,애리다이,07.30(목) 01:35,"1.78,1.74",언더
2026-08-06T00:37:29+00:00,2026,89,9294,bs,MLB,홀짝,2,,피츠파이,애리다이,07.30(목) 01:35,"1.55,2.04",홀
2026-08-06T00:37:29+00:00,2026,89,9295,bs,MLB,승패,2,,워싱내셔 2,5 토론블루,07.30(목) 02:05,"1.89,1.65",홈패
2026-08-06T00:37:29+00:00,2026,89,9296,bs,MLB,승①패,3,승①패,워싱내셔 2,5 토론블루,07.30(목) 02:05,"2.75,3.40,2.03",홈패
2026-08-06T00:37:29+00:00,2026,89,9297,bs,MLB,핸디캡,2,H +2.5,워싱내셔 4.5,5 토론블루,07.30(목) 02:05,"1.31,2.68",핸디패
2026-08-06T00:37:29+00:00,2026,89,9298,bs,MLB,언더오버,2,U 9.5,워싱내셔,토론블루,07.30(목) 02:05,"1.73,1.79",언더
2026-08-06T00:37:29+00:00,2026,89,9299,bs,MLB,홀짝,2,,워싱내셔,토론블루,07.30(목) 02:05,"1.56,2.02",홀
2026-08-06T00:37:29+00:00,2026,89,9300,bs,MLB,승패,2,,뉴욕메츠 3,2 애틀브레,07.30(목) 02:10,"1.79,1.73",홈승
2026-08-06T00:37:29+00:00,2026,89,9301,bs,MLB,승①패,3,승①패,뉴욕메츠 3,2 애틀브레,07.30(목) 02:10,"2.60,3.30,2.17",①
2026-08-06T00:37:29+00:00,2026,89,9302,bs,MLB,핸디캡,2,H +2.5,뉴욕메츠 5.5,2 애틀브레,07.30(목) 02:10,"1.27,2.87",핸디승
2026-08-06T00:37:29+00:00,2026,89,9303,bs,MLB,언더오버,2,U 8.5,뉴욕메츠,애틀브레,07.30(목) 02:10,"1.78,1.74",언더
2026-08-06T00:37:29+00:00,2026,89,9304,bs,MLB,홀짝,2,,뉴욕메츠,애틀브레,07.30(목) 02:10,"1.55,2.04",홀
2026-08-06T00:37:29+00:00,2026,89,9305,bs,MLB,승패,2,,디트타이 9,10 볼티오리,07.30(목) 02:10,"1.43,2.29",홈패
2026-08-06T00:37:29+00:00,2026,89,9306,bs,MLB,승①패,3,승①패,디트타이 9,10 볼티오리,07.30(목) 02:10,"1.87,3.50,3.05",①
2026-08-06T00:37:29+00:00,2026,89,9307,bs,MLB,핸디캡,2,H -2.5,디트타이 6.5,10 볼티오리,07.30(목) 02:10,"2.60,1.33",핸디패
2026-08-06T00:37:29+00:00,2026,89,9308,bs,MLB,언더오버,2,U 7.5,디트타이,볼티오리,07.30(목) 02:10,"1.84,1.69",오버
2026-08-06T00:37:29+00:00,2026,89,9309,bs,MLB,홀짝,2,,디트타이,볼티오리,07.30(목) 02:10,"1.55,2.04",홀
2026-08-06T00:37:29+00:00,2026,89,9310,sc,UCL,승무패,3,,구르니크 1,1 페네르SK,07.30(목) 03:00,"4.95,3.95,1.44",무승부
2026-08-06T00:37:29+00:00,2026,89,9311,sc,UCL,핸디캡,3,H +1.0,구르니크 2,1 페네르SK,07.30(목) 03:00,"2.45,3.20,2.33",핸디승
2026-08-06T00:37:29+00:00,2026,89,9312,sc,UCL,핸디캡,3,H +2.0,구르니크 3,1 페네르SK,07.30(목) 03:00,"1.48,4.10,4.35",핸디승
2026-08-06T00:37:29+00:00,2026,89,9313,sc,UCL,언더오버,2,U 2.5,구르니크,페네르SK,07.30(목) 03:00,"1.90,1.64",언더
2026-08-06T00:37:29+00:00,2026,89,9314,sc,UCL,홀짝,2,,구르니크,페네르SK,07.30(목) 03:00,"1.77,1.75",짝
2026-08-06T00:37:29+00:00,2026,89,9315,sc,UCL,전반승무패,3,h(전반),구르니크 1,1 페네르SK,07.30(목) 03:00,"5.10,2.30,1.93",무승부
2026-08-06T00:37:29+00:00,2026,89,9316,sc,UCL,전반핸디캡,3,h H +1.0,구르니크 2,1 페네르SK,07.30(목) 03:00,"1.64,3.10,4.60",핸디승
2026-08-06T00:37:29+00:00,2026,89,9317,sc,UCL,전반언더오버,2,h U 1.5,구르니크,페네르SK,07.30(목) 03:00,"1.41,2.34",오버
2026-08-06T00:37:29+00:00,2026,89,9318,bs,MLB,승패,2,,샌프자이 16,3 밀워브루,07.30(목) 04:45,"1.84,1.69",홈승
2026-08-06T00:37:29+00:00,2026,89,9319,bs,MLB,승①패,3,승①패,샌프자이 16,3 밀워브루,07.30(목) 04:45,"2.70,3.20,2.14",홈승
2026-08-06T00:37:29+00:00,2026,89,9320,bs,MLB,핸디캡,2,H +2.5,샌프자이 18.5,3 밀워브루,07.30(목) 04:45,"1.27,2.87",핸디승
2026-08-06T00:37:29+00:00,2026,89,9321,bs,MLB,언더오버,2,U 7.5,샌프자이,밀워브루,07.30(목) 04:45,"1.78,1.74",오버
2026-08-06T00:37:29+00:00,2026,89,9322,bs,MLB,홀짝,2,,샌프자이,밀워브루,07.30(목) 04:45,"1.55,2.04",홀
2026-08-06T00:37:29+00:00,2026,89,9323,bs,MLB,승패,2,,샌디파드 3,1 콜로로키,07.30(목) 05:10,"1.54,2.05",홈승
2026-08-06T00:37:29+00:00,2026,89,9324,bs,MLB,승①패,3,승①패,샌디파드 3,1 콜로로키,07.30(목) 05:10,"2.13,3.30,2.65",홈승
2026-08-06T00:37:29+00:00,2026,89,9325,bs,MLB,핸디캡,2,H -2.5,샌디파드 0.5,1 콜로로키,07.30(목) 05:10,"2.92,1.26",핸디패
2026-08-06T00:37:29+00:00,2026,89,9326,bs,MLB,언더오버,2,U 8.5,샌디파드,콜로로키,07.30(목) 05:10,"1.66,1.87",언더
2026-08-06T00:37:29+00:00,2026,89,9327,bs,MLB,홀짝,2,,샌디파드,콜로로키,07.30(목) 05:10,"1.55,2.04",짝
2026-08-06T00:37:29+00:00,2026,89,9328,bs,MLB,승패,2,,탬파레이 3,0 텍사레인,07.30(목) 07:40,"1.54,2.05",홈승
2026-08-06T00:37:29+00:00,2026,89,9329,bs,MLB,승①패,3,승①패,탬파레이 3,0 텍사레인,07.30(목) 07:40,"2.15,3.25,2.65",홈승
2026-08-06T00:37:29+00:00,2026,89,9330,bs,MLB,핸디캡,2,H -2.5,탬파레이 0.5,0 텍사레인,07.30(목) 07:40,"2.92,1.26",핸디승
2026-08-06T00:37:29+00:00,2026,89,9331,bs,MLB,언더오버,2,U 7.5,탬파레이,텍사레인,07.30(목) 07:40,"1.79,1.73",언더
2026-08-06T00:37:29+00:00,2026,89,9332,bs,MLB,홀짝,2,,탬파레이,텍사레인,07.30(목) 07:40,"1.55,2.04",홀
2026-08-06T00:37:29+00:00,2026,89,9333,bs,MLB,승패,2,,신시레즈 1,6 클리가디,07.30(목) 08:10,"1.97,1.59",홈패
2026-08-06T00:37:29+00:00,2026,89,9334,bs,MLB,승①패,3,승①패,신시레즈 1,6 클리가디,07.30(목) 08:10,"2.95,3.35,1.95",홈패
2026-08-06T00:37:29+00:00,2026,89,9335,bs,MLB,핸디캡,2,H +2.5,신시레즈 3.5,6 클리가디,07.30(목) 08:10,"1.34,2.56",핸디패
2026-08-06T00:37:29+00:00,2026,89,9336,bs,MLB,언더오버,2,U 8.5,신시레즈,클리가디,07.30(목) 08:10,"1.94,1.61",언더
2026-08-06T00:37:29+00:00,2026,89,9337,bs,MLB,홀짝,2,,신시레즈,클리가디,07.30(목) 08:10,"1.56,2.02",홀
2026-08-06T00:37:29+00:00,2026,89,9338,bs,MLB,승패,2,,미네트윈 0,4 캔자로얄,07.30(목) 08:40,"1.43,2.29",홈패
2026-08-06T00:37:29+00:00,2026,89,9339,bs,MLB,승①패,3,승①패,미네트윈 0,4 캔자로얄,07.30(목) 08:40,"1.92,3.40,3.00",홈패
2026-08-06T00:37:29+00:00,2026,89,9340,bs,MLB,핸디캡,2,H -2.5,미네트윈 -2.5,4 캔자로얄,07.30(목) 08:40,"2.53,1.35",핸디패
2026-08-06T00:37:29+00:00,2026,89,9341,bs,MLB,언더오버,2,U 8.5,미네트윈,캔자로얄,07.30(목) 08:40,"1.77,1.75",언더
2026-08-06T00:37:29+00:00,2026,89,9342,bs,MLB,홀짝,2,,미네트윈,캔자로얄,07.30(목) 08:40,"1.56,2.02",짝
2026-08-06T00:37:29+00:00,2026,89,9343,bs,MLB,승패,2,,시카화이 6,5 뉴욕양키,07.30(목) 08:40,"2.13,1.50",홈승
2026-08-06T00:37:29+00:00,2026,89,9344,bs,MLB,승①패,3,승①패,시카화이 6,5 뉴욕양키,07.30(목) 08:40,"3.30,3.30,1.84",①
2026-08-06T00:37:29+00:00,2026,89,9345,bs,MLB,핸디캡,2,H +2.5,시카화이 8.5,5 뉴욕양키,07.30(목) 08:40,"1.38,2.43",핸디승
2026-08-06T00:37:29+00:00,2026,89,9346,bs,MLB,언더오버,2,U 7.5,시카화이,뉴욕양키,07.30(목) 08:40,"1.78,1.74",오버
2026-08-06T00:37:29+00:00,2026,89,9347,bs,MLB,홀짝,2,,시카화이,뉴욕양키,07.30(목) 08:40,"1.55,2.04",홀
2026-08-06T00:37:29+00:00,2026,89,9348,bs,MLB,승패,2,,세인카디 3,2 시카컵스,07.30(목) 08:45,"1.80,1.72",홈승
2026-08-06T00:37:29+00:00,2026,89,9349,bs,MLB,승①패,3,승①패,세인카디 3,2 시카컵스,07.30(목) 08:45,"2.65,3.25,2.15",①
2026-08-06T00:37:29+00:00,2026,89,9350,bs,MLB,핸디캡,2,H +2.5,세인카디 5.5,2 시카컵스,07.30(목) 08:45,"1.27,2.87",핸디승
2026-08-06T00:37:29+00:00,2026,89,9351,bs,MLB,언더오버,2,U 8.5,세인카디,시카컵스,07.30(목) 08:45,"1.67,1.86",언더
2026-08-06T00:37:29+00:00,2026,89,9352,bs,MLB,홀짝,2,,세인카디,시카컵스,07.30(목) 08:45,"1.55,2.04",홀
2026-08-06T00:37:29+00:00,2026,89,9353,bs,MLB,승패,2,,LA에인절 4,7 휴스애스,07.30(목) 10:38,"1.89,1.65",홈패
2026-08-06T00:37:29+00:00,2026,89,9354,bs,MLB,승①패,3,승①패,LA에인절 4,7 휴스애스,07.30(목) 10:38,"2.65,3.35,2.11",홈패
2026-08-06T00:37:29+00:00,2026,89,9355,bs,MLB,핸디캡,2,H +2.5,LA에인절 6.5,7 휴스애스,07.30(목) 10:38,"1.29,2.77",핸디패
2026-08-06T00:37:29+00:00,2026,89,9356,bs,MLB,언더오버,2,U 9.5,LA에인절,휴스애스,07.30(목) 10:38,"1.78,1.74",오버
2026-08-06T00:37:29+00:00,2026,89,9357,bs,MLB,홀짝,2,,LA에인절,휴스애스,07.30(목) 10:38,"1.56,2.02",홀
2026-08-06T00:37:29+00:00,2026,89,9358,bs,MLB,승패,2,,애슬레틱 2,4 보스레드,07.30(목) 10:40,"2.13,1.50",홈패
2026-08-06T00:37:29+00:00,2026,89,9359,bs,MLB,승①패,3,승①패,애슬레틱 2,4 보스레드,07.30(목) 10:40,"3.25,3.50,1.80",홈패
2026-08-06T00:37:29+00:00,2026,89,9360,bs,MLB,핸디캡,2,H +2.5,애슬레틱 4.5,4 보스레드,07.30(목) 10:40,"1.42,2.31",핸디승
2026-08-06T00:37:29+00:00,2026,89,9361,bs,MLB,언더오버,2,U 10.5,애슬레틱,보스레드,07.30(목) 10:40,"1.75,1.77",언더
2026-08-06T00:37:29+00:00,2026,89,9362,bs,MLB,홀짝,2,,애슬레틱,보스레드,07.30(목) 10:40,"1.56,2.02",짝
2026-08-06T00:37:29+00:00,2026,89,9363,bs,MLB,승패,2,,LA다저스 4,2 시애매리,07.30(목) 11:10,"1.44,2.26",홈승
2026-08-06T00:37:29+00:00,2026,89,9364,bs,MLB,승①패,3,승①패,LA다저스 4,2 시애매리,07.30(목) 11:10,"1.91,3.50,2.95",홈승
2026-08-06T00:37:29+00:00,2026,89,9365,bs,MLB,핸디캡,2,H -2.5,LA다저스 1.5,2 시애매리,07.30(목) 11:10,"2.40,1.39",핸디패
2026-08-06T00:37:29+00:00,2026,89,9366,bs,MLB,언더오버,2,U 9.5,LA다저스,시애매리,07.30(목) 11:10,"1.76,1.76",언더
2026-08-06T00:37:29+00:00,2026,89,9367,bs,MLB,홀짝,2,,LA다저스,시애매리,07.30(목) 11:10,"1.56,2.02",짝
2026-08-06T00:37:29+00:00,2026,89,9368,bs,MLB,전반승무패,3,h(전반),LA다저스 3,0 시애매리,07.30(목) 11:10,"1.91,5.80,2.20",홈승
2026-08-06T00:37:29+00:00,2026,89,9369,bs,MLB,전반핸디캡,2,h H -1.5,LA다저스 1.5,0 시애매리,07.30(목) 11:10,"2.37,1.40",핸디승
2026-08-06T00:37:29+00:00,2026,89,9370,bs,MLB,전반언더오버,2,h U 5.5,LA다저스,시애매리,07.30(목) 11:10,"1.63,1.91",언더
2026-08-06T00:37:29+00:00,2026,89,9371,vl,남배네이,승패,2,,이탈리M 0,3 미국M,07.30(목) 16:00,"1.52,2.09",홈패
2026-08-06T00:37:29+00:00,2026,89,9372,vl,남배네이,핸디캡,2,H -1.5,이탈리M -1.5,3 미국M,07.30(목) 16:00,"2.11,1.51",핸디패
2026-08-06T00:37:29+00:00,2026,89,9373,vl,남배네이,언더오버,2,U 185.5,이탈리M,미국M,07.30(목) 16:00,"1.87,1.66",언더
2026-08-06T00:37:29+00:00,2026,89,9374,vl,남배네이,홀짝,2,,이탈리M,미국M,07.30(목) 16:00,"1.76,1.76",홀
2026-08-06T00:37:29+00:00,2026,89,9375,bs,KBO,승패,2,,LG 5,3 키움,07.30(목) 18:30,"1.50,2.13",홈승
2026-08-06T00:37:29+00:00,2026,89,9376,bs,KBO,승①패,3,승①패,LG 5,3 키움,07.30(목) 18:30,"1.97,3.45,2.85",홈승
2026-08-06T00:37:29+00:00,2026,89,9377,bs,KBO,핸디캡,2,H -2.5,LG 2.5,3 키움,07.30(목) 18:30,"2.46,1.37",핸디패
2026-08-06T00:37:29+00:00,2026,89,9378,bs,KBO,언더오버,2,U 9.5,LG,키움,07.30(목) 18:30,"1.63,1.91",언더
2026-08-06T00:37:29+00:00,2026,89,9379,bs,KBO,홀짝,2,,LG,키움,07.30(목) 18:30,"1.58,1.99",짝
2026-08-06T00:37:29+00:00,2026,89,9380,bs,KBO,전반승무패,3,h(전반),LG 1,3 키움,07.30(목) 18:30,"1.82,6.10,2.30",홈패
2026-08-06T00:37:29+00:00,2026,89,9381,bs,KBO,전반핸디캡,2,h H -1.5,LG -0.5,3 키움,07.30(목) 18:30,"2.34,1.41",핸디패
2026-08-06T00:37:29+00:00,2026,89,9382,bs,KBO,전반언더오버,2,h U 5.5,LG,키움,07.30(목) 18:30,"1.54,2.05",언더
2026-08-06T00:37:29+00:00,2026,89,9383,bs,KBO,승패,2,,삼성 3,12 KIA,07.30(목) 18:30,"1.53,2.07",홈패
2026-08-06T00:37:29+00:00,2026,89,9384,bs,KBO,승①패,3,승①패,삼성 3,12 KIA,07.30(목) 18:30,"2.02,3.80,2.55",홈패
2026-08-06T00:37:29+00:00,2026,89,9385,bs,KBO,핸디캡,2,H -2.5,삼성 0.5,12 KIA,07.30(목) 18:30,"2.64,1.32",핸디패
2026-08-06T00:37:29+00:00,2026,89,9386,bs,KBO,언더오버,2,U 10.5,삼성,KIA,07.30(목) 18:30,"1.77,1.75",오버
2026-08-06T00:37:29+00:00,2026,89,9387,bs,KBO,홀짝,2,,삼성,KIA,07.30(목) 18:30,"1.57,2.00",홀
2026-08-06T00:37:29+00:00,2026,89,9388,bs,KBO,전반승무패,3,h(전반),삼성 2,6 KIA,07.30(목) 18:30,"1.80,5.90,2.35",홈패
2026-08-06T00:37:29+00:00,2026,89,9389,bs,KBO,전반핸디캡,2,h H -1.5,삼성 0.5,6 KIA,07.30(목) 18:30,"2.34,1.41",핸디패
2026-08-06T00:37:29+00:00,2026,89,9390,bs,KBO,전반언더오버,2,h U 6.5,삼성,KIA,07.30(목) 18:30,"1.57,2.00",오버
2026-08-06T00:37:29+00:00,2026,89,9391,bs,KBO,승패,2,,SSG 3,5 두산,07.30(목) 18:30,"1.91,1.63",홈패
2026-08-06T00:37:29+00:00,2026,89,9392,bs,KBO,승①패,3,승①패,SSG 3,5 두산,07.30(목) 18:30,"2.65,3.55,2.04",홈패
2026-08-06T00:37:29+00:00,2026,89,9393,bs,KBO,핸디캡,2,H +2.5,SSG 5.5,5 두산,07.30(목) 18:30,"1.31,2.68",핸디승
2026-08-06T00:37:29+00:00,2026,89,9394,bs,KBO,언더오버,2,U 9.5,SSG,두산,07.30(목) 18:30,"1.82,1.70",언더
2026-08-06T00:37:29+00:00,2026,89,9395,bs,KBO,홀짝,2,,SSG,두산,07.30(목) 18:30,"1.58,1.99",짝
2026-08-06T00:37:29+00:00,2026,89,9396,bs,KBO,전반승무패,3,h(전반),SSG 3,2 두산,07.30(목) 18:30,"2.15,6.10,1.92",홈승
2026-08-06T00:37:29+00:00,2026,89,9397,bs,KBO,전반핸디캡,2,h H +1.5,SSG 4.5,2 두산,07.30(목) 18:30,"1.35,2.53",핸디승
2026-08-06T00:37:29+00:00,2026,89,9398,bs,KBO,전반언더오버,2,h U 5.5,SSG,두산,07.30(목) 18:30,"1.78,1.74",언더
2026-08-06T00:37:29+00:00,2026,89,9399,bs,KBO,승패,2,,NC 2,10 KT,07.30(목) 18:30,"1.71,1.81",홈패
2026-08-06T00:37:29+00:00,2026,89,9400,bs,KBO,승①패,3,승①패,NC 2,10 KT,07.30(목) 18:30,"2.35,3.50,2.28",홈패
2026-08-06T00:37:29+00:00,2026,89,9401,bs,KBO,핸디캡,2,H -2.5,NC -0.5,10 KT,07.30(목) 18:30,"2.72,1.30",핸디패
2026-08-06T00:37:29+00:00,2026,89,9402,bs,KBO,언더오버,2,U 9.5,NC,KT,07.30(목) 18:30,"1.65,1.89",오버
2026-08-06T00:37:29+00:00,2026,89,9403,bs,KBO,홀짝,2,,NC,KT,07.30(목) 18:30,"1.58,1.99",짝
2026-08-06T00:37:29+00:00,2026,89,9404,bs,KBO,전반승무패,3,h(전반),NC 1,6 KT,07.30(목) 18:30,"1.96,6.10,2.10",홈패
2026-08-06T00:37:29+00:00,2026,89,9405,bs,KBO,전반핸디캡,2,h H -1.5,NC -0.5,6 KT,07.30(목) 18:30,"2.53,1.35",핸디패
2026-08-06T00:37:29+00:00,2026,89,9406,bs,KBO,전반언더오버,2,h U 5.5,NC,KT,07.30(목) 18:30,"1.69,1.84",오버
2026-08-06T00:37:29+00:00,2026,89,9407,bs,KBO,승패,2,,한화 3,2 롯데,07.30(목) 18:30,"1.70,1.82",홈승
2026-08-06T00:37:29+00:00,2026,89,9408,bs,KBO,승①패,3,승①패,한화 3,2 롯데,07.30(목) 18:30,"2.22,3.55,2.40",①
2026-08-06T00:37:29+00:00,2026,89,9409,bs,KBO,핸디캡,2,H -2.5,한화 0.5,2 롯데,07.30(목) 18:30,"3.03,1.24",핸디패
2026-08-06T00:37:29+00:00,2026,89,9410,bs,KBO,언더오버,2,U 9.5,한화,롯데,07.30(목) 18:30,"1.87,1.66",언더
2026-08-06T00:37:29+00:00,2026,89,9411,bs,KBO,홀짝,2,,한화,롯데,07.30(목) 18:30,"1.58,1.99",홀
2026-08-06T00:37:29+00:00,2026,89,9412,bs,KBO,전반승무패,3,h(전반),한화 1,2 롯데,07.30(목) 18:30,"1.96,6.10,2.10",홈패
2026-08-06T00:37:29+00:00,2026,89,9413,bs,KBO,전반핸디캡,2,h H -1.5,한화 -0.5,2 롯데,07.30(목) 18:30,"2.60,1.33",핸디패
2026-08-06T00:37:29+00:00,2026,89,9414,bs,KBO,전반언더오버,2,h U 5.5,한화,롯데,07.30(목) 18:30,"1.75,1.77",언더
2026-08-06T00:37:29+00:00,2026,89,9415,vl,남배네이,승패,2,,폴란드M 3,1 우크라M,07.30(목) 20:30,"1.09,4.57",홈승
2026-08-06T00:37:29+00:00,2026,89,9416,vl,남배네이,핸디캡,2,H -2.5,폴란드M 0.5,1 우크라M,07.30(목) 20:30,"2.17,1.48",핸디패
2026-08-06T00:37:29+00:00,2026,89,9417,vl,남배네이,언더오버,2,U 177.5,폴란드M,우크라M,07.30(목) 20:30,"1.87,1.66",오버
2026-08-06T00:37:29+00:00,2026,89,9418,vl,남배네이,홀짝,2,,폴란드M,우크라M,07.30(목) 20:30,"1.76,1.76",홀
2026-08-06T00:37:29+00:00,2026,89,9419,bs,MLB,승패,2,,탬파레이 3,2 텍사레인,07.31(금) 01:10,"1.53,2.07",홈승
2026-08-06T00:37:29+00:00,2026,89,9420,bs,MLB,승①패,3,승①패,탬파레이 3,2 텍사레인,07.31(금) 01:10,"2.06,3.40,2.70",①
2026-08-06T00:37:29+00:00,2026,89,9421,bs,MLB,핸디캡,2,H -2.5,탬파레이 0.5,2 텍사레인,07.31(금) 01:10,"2.82,1.28",핸디패
2026-08-06T00:37:29+00:00,2026,89,9422,bs,MLB,언더오버,2,U 7.5,탬파레이,텍사레인,07.31(금) 01:10,"1.71,1.81",언더
2026-08-06T00:37:29+00:00,2026,89,9423,bs,MLB,홀짝,2,,탬파레이,텍사레인,07.31(금) 01:10,"1.55,2.04",홀
2026-08-06T00:37:29+00:00,2026,89,9424,bs,MLB,승패,2,,미네트윈 4,3 캔자로얄,07.31(금) 02:40,"1.55,2.04",홈승
2026-08-06T00:37:29+00:00,2026,89,9425,bs,MLB,승①패,3,승①패,미네트윈 4,3 캔자로얄,07.31(금) 02:40,"2.12,3.40,2.60",①
2026-08-06T00:37:29+00:00,2026,89,9426,bs,MLB,핸디캡,2,H -2.5,미네트윈 1.5,3 캔자로얄,07.31(금) 02:40,"2.87,1.27",핸디패
2026-08-06T00:37:29+00:00,2026,89,9427,bs,MLB,언더오버,2,U 9.5,미네트윈,캔자로얄,07.31(금) 02:40,"1.72,1.80",언더
2026-08-06T00:37:29+00:00,2026,89,9428,bs,MLB,홀짝,2,,미네트윈,캔자로얄,07.31(금) 02:40,"1.56,2.02",홀
2026-08-06T00:37:29+00:00,2026,89,9429,bs,MLB,승패,2,,시카화이 2,1 뉴욕양키,07.31(금) 03:10,"1.73,1.79",홈승
2026-08-06T00:37:29+00:00,2026,89,9430,bs,MLB,승①패,3,승①패,시카화이 2,1 뉴욕양키,07.31(금) 03:10,"2.50,3.25,2.26",①
2026-08-06T00:37:29+00:00,2026,89,9431,bs,MLB,핸디캡,2,H -2.5,시카화이 -0.5,1 뉴욕양키,07.31(금) 03:10,"3.46,1.18",핸디패
2026-08-06T00:37:29+00:00,2026,89,9432,bs,MLB,언더오버,2,U 7.5,시카화이,뉴욕양키,07.31(금) 03:10,"1.87,1.66",언더
2026-08-06T00:37:29+00:00,2026,89,9433,bs,MLB,홀짝,2,,시카화이,뉴욕양키,07.31(금) 03:10,"1.55,2.04",홀
2026-08-06T00:37:29+00:00,2026,89,9434,bs,MLB,승패,2,,세인카디 2,4 시카컵스,07.31(금) 03:15,"1.66,1.87",홈패
2026-08-06T00:37:29+00:00,2026,89,9435,bs,MLB,승①패,3,승①패,세인카디 2,4 시카컵스,07.31(금) 03:15,"2.35,3.25,2.40",홈패
2026-08-06T00:37:29+00:00,2026,89,9436,bs,MLB,핸디캡,2,H -2.5,세인카디 -0.5,4 시카컵스,07.31(금) 03:15,"3.23,1.21",핸디패
2026-08-06T00:37:29+00:00,2026,89,9437,bs,MLB,언더오버,2,U 8.5,세인카디,시카컵스,07.31(금) 03:15,"1.74,1.78",언더
2026-08-06T00:37:29+00:00,2026,89,9438,bs,MLB,홀짝,2,,세인카디,시카컵스,07.31(금) 03:15,"1.55,2.04",짝
2026-08-06T00:37:29+00:00,2026,89,9439,bs,MLB,승패,2,,뉴욕메츠 4,2 마이말린,07.31(금) 08:10,"1.59,1.97",홈승
2026-08-06T00:37:29+00:00,2026,89,9440,bs,MLB,승①패,3,승①패,뉴욕메츠 4,2 마이말린,07.31(금) 08:10,"2.27,3.15,2.55",홈승
2026-08-06T00:37:29+00:00,2026,89,9441,bs,MLB,핸디캡,2,H -2.5,뉴욕메츠 1.5,2 마이말린,07.31(금) 08:10,"3.16,1.22",핸디패
2026-08-06T00:37:29+00:00,2026,89,9442,bs,MLB,언더오버,2,U 7.5,뉴욕메츠,마이말린,07.31(금) 08:10,"1.60,1.96",언더
2026-08-06T00:37:29+00:00,2026,89,9443,bs,MLB,홀짝,2,,뉴욕메츠,마이말린,07.31(금) 08:10,"1.54,2.05",짝
2026-08-06T00:37:29+00:00,2026,89,9444,bs,MLB,승패,2,,신시레즈 3,2 피츠파이,07.31(금) 08:10,"1.80,1.72",홈승
2026-08-06T00:37:29+00:00,2026,89,9445,bs,MLB,승①패,3,승①패,신시레즈 3,2 피츠파이,07.31(금) 08:10,"2.60,3.35,2.14",①
2026-08-06T00:37:29+00:00,2026,89,9446,bs,MLB,핸디캡,2,H +2.5,신시레즈 5.5,2 피츠파이,07.31(금) 08:10,"1.28,2.82",핸디승
2026-08-06T00:37:29+00:00,2026,89,9447,bs,MLB,언더오버,2,U 9.5,신시레즈,피츠파이,07.31(금) 08:10,"1.72,1.80",언더
2026-08-06T00:37:29+00:00,2026,89,9448,bs,MLB,홀짝,2,,신시레즈,피츠파이,07.31(금) 08:10,"1.56,2.02",홀
2026-08-06T00:37:29+00:00,2026,89,9449,bs,MLB,승패,2,,애틀브레 5,4 워싱내셔,07.31(금) 08:15,"1.52,2.09",홈승
2026-08-06T00:37:29+00:00,2026,89,9450,bs,MLB,승①패,3,승①패,애틀브레 5,4 워싱내셔,07.31(금) 08:15,"2.06,3.40,2.70",①
2026-08-06T00:37:29+00:00,2026,89,9451,bs,MLB,핸디캡,2,H -2.5,애틀브레 2.5,4 워싱내셔,07.31(금) 08:15,"2.77,1.29",핸디패
2026-08-06T00:37:29+00:00,2026,89,9452,bs,MLB,언더오버,2,U 9.5,애틀브레,워싱내셔,07.31(금) 08:15,"1.72,1.80",언더
2026-08-06T00:37:29+00:00,2026,89,9453,bs,MLB,홀짝,2,,애틀브레,워싱내셔,07.31(금) 08:15,"1.56,2.02",홀
2026-08-06T00:37:29+00:00,2026,89,9454,sc,축클럽친,승무패,3,,리즈U 1,0 선덜랜드,07.31(금) 08:30,"2.15,3.25,2.65",홈승
2026-08-06T00:37:29+00:00,2026,89,9455,sc,축클럽친,핸디캡,3,H -1.0,리즈U 0,0 선덜랜드,07.31(금) 08:30,"4.30,3.75,1.54",핸디무
2026-08-06T00:37:29+00:00,2026,89,9456,sc,축클럽친,언더오버,2,U 2.5,리즈U,선덜랜드,07.31(금) 08:30,"1.96,1.60",언더
2026-08-06T00:37:29+00:00,2026,89,9457,sc,축클럽친,홀짝,2,,리즈U,선덜랜드,07.31(금) 08:30,"1.77,1.75",홀
2026-08-06T00:37:29+00:00,2026,89,9458,bs,MLB,승패,2,,샌디파드 1,4 샌프자이,07.31(금) 10:40,"1.61,1.94",홈패
2026-08-06T00:37:29+00:00,2026,89,9459,bs,MLB,승①패,3,승①패,샌디파드 1,4 샌프자이,07.31(금) 10:40,"2.24,3.30,2.50",홈패
2026-08-06T00:37:29+00:00,2026,89,9460,bs,MLB,핸디캡,2,H -2.5,샌디파드 -1.5,4 샌프자이,07.31(금) 10:40,"3.09,1.23",핸디패
2026-08-06T00:37:29+00:00,2026,89,9461,bs,MLB,언더오버,2,U 8.5,샌디파드,샌프자이,07.31(금) 10:40,"1.74,1.78",언더
2026-08-06T00:37:29+00:00,2026,89,9462,bs,MLB,홀짝,2,,샌디파드,샌프자이,07.31(금) 10:40,"1.55,2.04",홀
2026-08-06T00:37:29+00:00,2026,89,9463,bs,MLB,승패,2,,애슬레틱 4,5 보스레드,07.31(금) 10:40,"2.19,1.47",홈패
2026-08-06T00:37:29+00:00,2026,89,9464,bs,MLB,승①패,3,승①패,애슬레틱 4,5 보스레드,07.31(금) 10:40,"3.40,3.65,1.72",①
2026-08-06T00:37:29+00:00,2026,89,9465,bs,MLB,핸디캡,2,H +2.5,애슬레틱 6.5,5 보스레드,07.31(금) 10:40,"1.45,2.24",핸디승
2026-08-06T00:37:29+00:00,2026,89,9466,bs,MLB,언더오버,2,U 10.5,애슬레틱,보스레드,07.31(금) 10:40,"1.73,1.79",언더
2026-08-06T00:37:29+00:00,2026,89,9467,bs,MLB,홀짝,2,,애슬레틱,보스레드,07.31(금) 10:40,"1.56,2.02",홀
2026-08-06T00:37:29+00:00,2026,89,9468,bs,MLB,승패,2,,LA다저스 6,2 시애매리,07.31(금) 11:10,"1.51,2.11",홈승
2026-08-06T00:37:29+00:00,2026,89,9469,bs,MLB,승①패,3,승①패,LA다저스 6,2 시애매리,07.31(금) 11:10,"1.99,3.45,2.80",홈승
2026-08-06T00:37:29+00:00,2026,89,9470,bs,MLB,핸디캡,2,H -2.5,LA다저스 3.5,2 시애매리,07.31(금) 11:10,"2.77,1.29",핸디승
2026-08-06T00:37:29+00:00,2026,89,9471,bs,MLB,언더오버,2,U 8.5,LA다저스,시애매리,07.31(금) 11:10,"1.74,1.78",언더
2026-08-06T00:37:29+00:00,2026,89,9472,bs,MLB,홀짝,2,,LA다저스,시애매리,07.31(금) 11:10,"1.55,2.04",짝
2026-08-06T00:37:29+00:00,2026,89,9473,bs,MLB,전반승무패,3,h(전반),LA다저스 5,0 시애매리,07.31(금) 11:10,"1.74,6.00,2.45",홈승
2026-08-06T00:37:29+00:00,2026,89,9474,bs,MLB,전반핸디캡,2,h H -1.5,LA다저스 3.5,0 시애매리,07.31(금) 11:10,"2.46,1.37",핸디승
2026-08-06T00:37:29+00:00,2026,89,9475,bs,MLB,전반언더오버,2,h U 4.5,LA다저스,시애매리,07.31(금) 11:10,"1.85,1.68",오버
2026-08-06T00:37:29+00:00,2026,89,9496,bs,NPB,승패,2,,라쿠텐 0,0 소프트뱅,07.31(금) 18:00,"1.00,1.00",취소
2026-08-06T00:37:29+00:00,2026,89,9497,bs,NPB,승①패,2,승①패,라쿠텐 0,0 소프트뱅,07.31(금) 18:00,"1.00,1.00",취소
2026-08-06T00:37:29+00:00,2026,89,9498,bs,NPB,핸디캡,2,H 0.0,라쿠텐 0,0 소프트뱅,07.31(금) 18:00,"1.00,1.00",취소
2026-08-06T00:37:29+00:00,2026,89,9499,bs,NPB,언더오버,2,U 0.0,라쿠텐,소프트뱅,07.31(금) 18:00,"1.00,1.00",취소
2026-08-06T00:37:29+00:00,2026,89,9500,bs,NPB,홀짝,2,,라쿠텐,소프트뱅,07.31(금) 18:00,"1.00,1.00",취소
2026-08-06T00:37:29+00:00,2026,89,9546,sc,축ASEA챔,승무패,3,,베트남 0,0 싱가포르,07.31(금) 22:00,"1.10,6.00,13.50",무승부
2026-08-06T00:37:29+00:00,2026,89,9547,sc,축ASEA챔,핸디캡,3,H -1.0,베트남 -1,0 싱가포르,07.31(금) 22:00,"1.40,3.95,5.50",핸디패
2026-08-06T00:37:29+00:00,2026,89,9548,sc,축ASEA챔,핸디캡,3,H -2.0,베트남 -2,0 싱가포르,07.31(금) 22:00,"2.07,3.45,2.65",핸디패
2026-08-06T00:37:29+00:00,2026,89,9549,sc,축ASEA챔,핸디캡,2,H -3.5,베트남 -3.5,0 싱가포르,07.31(금) 22:00,"3.23,1.21",핸디패
2026-08-06T00:37:29+00:00,2026,89,9550,sc,축ASEA챔,언더오버,2,U 3.5,베트남,싱가포르,07.31(금) 22:00,"1.62,1.93",언더
2026-08-06T00:37:29+00:00,2026,89,9551,sc,축ASEA챔,홀짝,2,,베트남,싱가포르,07.31(금) 22:00,"1.76,1.76",짝
2026-08-06T00:37:29+00:00,2026,90,9444,bs,MLB,승패,2,,신시레즈 3,2 피츠파이,07.31(금) 08:10,"1.80,1.72",홈승
2026-08-06T00:37:29+00:00,2026,90,9445,bs,MLB,승①패,3,승①패,신시레즈 3,2 피츠파이,07.31(금) 08:10,"2.60,3.35,2.14",①
2026-08-06T00:37:29+00:00,2026,90,9446,bs,MLB,핸디캡,2,H +2.5,신시레즈 5.5,2 피츠파이,07.31(금) 08:10,"1.28,2.82",핸디승
2026-08-06T00:37:29+00:00,2026,90,9447,bs,MLB,언더오버,2,U 9.5,신시레즈,피츠파이,07.31(금) 08:10,"1.72,1.80",언더
2026-08-06T00:37:29+00:00,2026,90,9448,bs,MLB,홀짝,2,,신시레즈,피츠파이,07.31(금) 08:10,"1.56,2.02",홀
2026-08-06T00:37:29+00:00,2026,90,9449,bs,MLB,승패,2,,애틀브레 5,4 워싱내셔,07.31(금) 08:15,"1.52,2.09",홈승
2026-08-06T00:37:29+00:00,2026,90,9450,bs,MLB,승①패,3,승①패,애틀브레 5,4 워싱내셔,07.31(금) 08:15,"2.06,3.40,2.70",①
2026-08-06T00:37:29+00:00,2026,90,9451,bs,MLB,핸디캡,2,H -2.5,애틀브레 2.5,4 워싱내셔,07.31(금) 08:15,"2.77,1.29",핸디패
2026-08-06T00:37:29+00:00,2026,90,9452,bs,MLB,언더오버,2,U 9.5,애틀브레,워싱내셔,07.31(금) 08:15,"1.72,1.80",언더
2026-08-06T00:37:29+00:00,2026,90,9453,bs,MLB,홀짝,2,,애틀브레,워싱내셔,07.31(금) 08:15,"1.56,2.02",홀
2026-08-06T00:37:29+00:00,2026,90,9454,sc,축클럽친,승무패,3,,리즈U 1,0 선덜랜드,07.31(금) 08:30,"2.15,3.25,2.65",홈승
2026-08-06T00:37:29+00:00,2026,90,9455,sc,축클럽친,핸디캡,3,H -1.0,리즈U 0,0 선덜랜드,07.31(금) 08:30,"4.30,3.75,1.54",핸디무
2026-08-06T00:37:29+00:00,2026,90,9456,sc,축클럽친,언더오버,2,U 2.5,리즈U,선덜랜드,07.31(금) 08:30,"1.96,1.60",언더
2026-08-06T00:37:29+00:00,2026,90,9457,sc,축클럽친,홀짝,2,,리즈U,선덜랜드,07.31(금) 08:30,"1.77,1.75",홀
2026-08-06T00:37:29+00:00,2026,90,9458,bs,MLB,승패,2,,샌디파드 1,4 샌프자이,07.31(금) 10:40,"1.55,2.04",홈패
2026-08-06T00:37:29+00:00,2026,90,9459,bs,MLB,승①패,3,승①패,샌디파드 1,4 샌프자이,07.31(금) 10:40,"2.24,3.30,2.50",홈패
2026-08-06T00:37:29+00:00,2026,90,9460,bs,MLB,핸디캡,2,H -2.5,샌디파드 -1.5,4 샌프자이,07.31(금) 10:40,"3.09,1.23",핸디패
2026-08-06T00:37:29+00:00,2026,90,9461,bs,MLB,언더오버,2,U 8.5,샌디파드,샌프자이,07.31(금) 10:40,"1.74,1.78",언더
2026-08-06T00:37:29+00:00,2026,90,9462,bs,MLB,홀짝,2,,샌디파드,샌프자이,07.31(금) 10:40,"1.55,2.04",홀
2026-08-06T00:37:29+00:00,2026,90,9463,bs,MLB,승패,2,,애슬레틱 4,5 보스레드,07.31(금) 10:40,"2.29,1.43",홈패
2026-08-06T00:37:29+00:00,2026,90,9464,bs,MLB,승①패,3,승①패,애슬레틱 4,5 보스레드,07.31(금) 10:40,"3.45,3.85,1.67",①
2026-08-06T00:37:29+00:00,2026,90,9465,bs,MLB,핸디캡,2,H +2.5,애슬레틱 6.5,5 보스레드,07.31(금) 10:40,"1.49,2.15",핸디승
2026-08-06T00:37:29+00:00,2026,90,9466,bs,MLB,언더오버,2,U 10.5,애슬레틱,보스레드,07.31(금) 10:40,"1.73,1.79",언더
2026-08-06T00:37:29+00:00,2026,90,9467,bs,MLB,홀짝,2,,애슬레틱,보스레드,07.31(금) 10:40,"1.56,2.02",홀
2026-08-06T00:37:29+00:00,2026,90,9468,bs,MLB,승패,2,,LA다저스 6,2 시애매리,07.31(금) 11:10,"1.47,2.19",홈승
2026-08-06T00:37:29+00:00,2026,90,9469,bs,MLB,승①패,3,승①패,LA다저스 6,2 시애매리,07.31(금) 11:10,"1.99,3.45,2.80",홈승
2026-08-06T00:37:29+00:00,2026,90,9470,bs,MLB,핸디캡,2,H -2.5,LA다저스 3.5,2 시애매리,07.31(금) 11:10,"2.60,1.33",핸디승
2026-08-06T00:37:29+00:00,2026,90,9471,bs,MLB,언더오버,2,U 8.5,LA다저스,시애매리,07.31(금) 11:10,"1.79,1.73",언더
2026-08-06T00:37:29+00:00,2026,90,9472,bs,MLB,홀짝,2,,LA다저스,시애매리,07.31(금) 11:10,"1.55,2.04",짝
2026-08-06T00:37:29+00:00,2026,90,9473,bs,MLB,전반승무패,3,h(전반),LA다저스 5,0 시애매리,07.31(금) 11:10,"1.74,5.50,2.55",홈승
2026-08-06T00:37:29+00:00,2026,90,9474,bs,MLB,전반핸디캡,2,h H -1.5,LA다저스 3.5,0 시애매리,07.31(금) 11:10,"2.46,1.37",핸디승
2026-08-06T00:37:29+00:00,2026,90,9475,bs,MLB,전반언더오버,2,h U 4.5,LA다저스,시애매리,07.31(금) 11:10,"1.85,1.68",오버
2026-08-06T00:37:29+00:00,2026,90,9476,bs,NPB,승패,2,,요미우리 6,0 요코베이,07.31(금) 18:00,"1.77,1.75",홈승
2026-08-06T00:37:29+00:00,2026,90,9477,bs,NPB,승①패,3,승①패,요미우리 6,0 요코베이,07.31(금) 18:00,"2.95,2.50,2.44",홈승
2026-08-06T00:37:29+00:00,2026,90,9478,bs,NPB,핸디캡,2,H +2.5,요미우리 8.5,0 요코베이,07.31(금) 18:00,"1.18,3.46",핸디승
2026-08-06T00:37:29+00:00,2026,90,9479,bs,NPB,언더오버,2,U 5.5,요미우리,요코베이,07.31(금) 18:00,"1.94,1.61",오버
2026-08-06T00:37:29+00:00,2026,90,9480,bs,NPB,홀짝,2,,요미우리,요코베이,07.31(금) 18:00,"1.61,1.94",짝
2026-08-06T00:37:29+00:00,2026,90,9481,bs,NPB,승패,2,,야쿠르트 3,4 한신,07.31(금) 18:00,"2.49,1.36",홈패
2026-08-06T00:37:29+00:00,2026,90,9482,bs,NPB,승①패,3,승①패,야쿠르트 3,4 한신,07.31(금) 18:00,"4.45,3.00,1.69",①
2026-08-06T00:37:29+00:00,2026,90,9483,bs,NPB,핸디캡,2,H +2.5,야쿠르트 5.5,4 한신,07.31(금) 18:00,"1.49,2.15",핸디승
2026-08-06T00:37:29+00:00,2026,90,9484,bs,NPB,언더오버,2,U 8.5,야쿠르트,한신,07.31(금) 18:00,"1.66,1.87",언더
2026-08-06T00:37:29+00:00,2026,90,9485,bs,NPB,홀짝,2,,야쿠르트,한신,07.31(금) 18:00,"1.62,1.93",홀
2026-08-06T00:37:29+00:00,2026,90,9486,bs,NPB,승패,2,,히로카프 3,1 주니치,07.31(금) 18:00,"1.86,1.67",홈승
2026-08-06T00:37:29+00:00,2026,90,9487,bs,NPB,승①패,3,승①패,히로카프 3,1 주니치,07.31(금) 18:00,"3.05,2.65,2.25",홈승
2026-08-06T00:37:29+00:00,2026,90,9488,bs,NPB,핸디캡,2,H +2.5,히로카프 5.5,1 주니치,07.31(금) 18:00,"1.22,3.16",핸디승
2026-08-06T00:37:29+00:00,2026,90,9489,bs,NPB,언더오버,2,U 6.5,히로카프,주니치,07.31(금) 18:00,"1.85,1.68",언더
2026-08-06T00:37:29+00:00,2026,90,9490,bs,NPB,홀짝,2,,히로카프,주니치,07.31(금) 18:00,"1.61,1.94",짝
2026-08-06T00:37:29+00:00,2026,90,9491,bs,NPB,승패,2,,닛폰햄 6,1 지바롯데,07.31(금) 18:00,"1.39,2.40",홈승
2026-08-06T00:37:29+00:00,2026,90,9492,bs,NPB,승①패,3,승①패,닛폰햄 6,1 지바롯데,07.31(금) 18:00,"1.93,3.00,3.35",홈승
2026-08-06T00:37:29+00:00,2026,90,9493,bs,NPB,핸디캡,2,H -2.5,닛폰햄 3.5,1 지바롯데,07.31(금) 18:00,"2.34,1.41",핸디승
2026-08-06T00:37:29+00:00,2026,90,9494,bs,NPB,언더오버,2,U 7.5,닛폰햄,지바롯데,07.31(금) 18:00,"1.84,1.69",언더
2026-08-06T00:37:29+00:00,2026,90,9495,bs,NPB,홀짝,2,,닛폰햄,지바롯데,07.31(금) 18:00,"1.61,1.94",홀
2026-08-06T00:37:29+00:00,2026,90,9496,bs,NPB,승패,2,,라쿠텐 0,0 소프트뱅,07.31(금) 18:00,"1.00,1.00",취소
2026-08-06T00:37:29+00:00,2026,90,9497,bs,NPB,승①패,3,승①패,라쿠텐 0,0 소프트뱅,07.31(금) 18:00,"1.00,1.00,1.00",취소
2026-08-06T00:37:29+00:00,2026,90,9498,bs,NPB,핸디캡,2,H +2.5,라쿠텐 2.5,0 소프트뱅,07.31(금) 18:00,"1.00,1.00",취소
2026-08-06T00:37:29+00:00,2026,90,9499,bs,NPB,언더오버,2,U 7.5,라쿠텐,소프트뱅,07.31(금) 18:00,"1.00,1.00",취소
2026-08-06T00:37:29+00:00,2026,90,9500,bs,NPB,홀짝,2,,라쿠텐,소프트뱅,07.31(금) 18:00,"1.00,1.00",취소
2026-08-06T00:37:29+00:00,2026,90,9501,bs,NPB,승패,2,,세이부 4,5 오릭스,07.31(금) 18:00,"1.43,2.29",홈패
2026-08-06T00:37:29+00:00,2026,90,9502,bs,NPB,승①패,3,승①패,세이부 4,5 오릭스,07.31(금) 18:00,"2.09,2.75,3.25",①
2026-08-06T00:37:29+00:00,2026,90,9503,bs,NPB,핸디캡,2,H -2.5,세이부 1.5,5 오릭스,07.31(금) 18:00,"2.77,1.29",핸디패
2026-08-06T00:37:29+00:00,2026,90,9504,bs,NPB,언더오버,2,U 6.5,세이부,오릭스,07.31(금) 18:00,"1.87,1.66",오버
2026-08-06T00:37:29+00:00,2026,90,9505,bs,NPB,홀짝,2,,세이부,오릭스,07.31(금) 18:00,"1.61,1.94",홀
2026-08-06T00:37:29+00:00,2026,90,9506,bs,KBO,승패,2,,두산 4,2 LG,07.31(금) 18:30,"1.77,1.75",홈승
2026-08-06T00:37:29+00:00,2026,90,9507,bs,KBO,승①패,3,승①패,두산 4,2 LG,07.31(금) 18:30,"2.55,3.20,2.25",홈승
2026-08-06T00:37:29+00:00,2026,90,9508,bs,KBO,핸디캡,2,H +2.5,두산 6.5,2 LG,07.31(금) 18:30,"1.25,2.97",핸디승
2026-08-06T00:37:29+00:00,2026,90,9509,bs,KBO,언더오버,2,U 8.5,두산,LG,07.31(금) 18:30,"1.84,1.69",언더
2026-08-06T00:37:29+00:00,2026,90,9510,bs,KBO,홀짝,2,,두산,LG,07.31(금) 18:30,"1.58,1.99",짝
2026-08-06T00:37:29+00:00,2026,90,9511,bs,KBO,전반승무패,3,h(전반),두산 3,1 LG,07.31(금) 18:30,"2.10,5.40,2.05",홈승
2026-08-06T00:37:29+00:00,2026,90,9512,bs,KBO,전반핸디캡,2,h H +1.5,두산 4.5,1 LG,07.31(금) 18:30,"1.30,2.72",핸디승
2026-08-06T00:37:29+00:00,2026,90,9513,bs,KBO,전반언더오버,2,h U 4.5,두산,LG,07.31(금) 18:30,"1.76,1.76",언더
2026-08-06T00:37:29+00:00,2026,90,9514,bs,KBO,승패,2,,롯데 7,9 삼성,07.31(금) 18:30,"2.43,1.38",홈패
2026-08-06T00:37:29+00:00,2026,90,9515,bs,KBO,승①패,3,승①패,롯데 7,9 삼성,07.31(금) 18:30,"3.75,3.90,1.60",홈패
2026-08-06T00:37:29+00:00,2026,90,9516,bs,KBO,핸디캡,2,H +2.5,롯데 9.5,9 삼성,07.31(금) 18:30,"1.58,1.99",핸디승
2026-08-06T00:37:29+00:00,2026,90,9517,bs,KBO,언더오버,2,U 9.5,롯데,삼성,07.31(금) 18:30,"1.86,1.67",오버
2026-08-06T00:37:29+00:00,2026,90,9518,bs,KBO,홀짝,2,,롯데,삼성,07.31(금) 18:30,"1.59,1.97",짝
2026-08-06T00:37:29+00:00,2026,90,9519,bs,KBO,전반승무패,3,h(전반),롯데 3,1 삼성,07.31(금) 18:30,"2.70,6.20,1.62",홈승
2026-08-06T00:37:29+00:00,2026,90,9520,bs,KBO,전반핸디캡,2,h H +1.5,롯데 4.5,1 삼성,07.31(금) 18:30,"1.55,2.04",핸디승
2026-08-06T00:37:29+00:00,2026,90,9521,bs,KBO,전반언더오버,2,h U 5.5,롯데,삼성,07.31(금) 18:30,"1.77,1.75",언더
2026-08-06T00:37:29+00:00,2026,90,9522,bs,KBO,승패,2,,KT 5,3 한화,07.31(금) 18:30,"1.77,1.75",홈승
2026-08-06T00:37:29+00:00,2026,90,9523,bs,KBO,승①패,3,승①패,KT 5,3 한화,07.31(금) 18:30,"2.45,3.55,2.17",홈승
2026-08-06T00:37:29+00:00,2026,90,9524,bs,KBO,핸디캡,2,H +2.5,KT 7.5,3 한화,07.31(금) 18:30,"1.29,2.77",핸디승
2026-08-06T00:37:29+00:00,2026,90,9525,bs,KBO,언더오버,2,U 9.5,KT,한화,07.31(금) 18:30,"1.70,1.82",언더
2026-08-06T00:37:29+00:00,2026,90,9526,bs,KBO,홀짝,2,,KT,한화,07.31(금) 18:30,"1.58,1.99",짝
2026-08-06T00:37:29+00:00,2026,90,9527,bs,KBO,전반승무패,3,h(전반),KT 2,3 한화,07.31(금) 18:30,"2.15,5.90,1.94",홈패
2026-08-06T00:37:29+00:00,2026,90,9528,bs,KBO,전반핸디캡,2,h H +1.5,KT 3.5,3 한화,07.31(금) 18:30,"1.34,2.56",핸디승
2026-08-06T00:37:29+00:00,2026,90,9529,bs,KBO,전반언더오버,2,h U 5.5,KT,한화,07.31(금) 18:30,"1.63,1.91",언더
2026-08-06T00:37:29+00:00,2026,90,9530,bs,KBO,승패,2,,NC 10,4 KIA,07.31(금) 18:30,"1.97,1.59",홈승
2026-08-06T00:37:29+00:00,2026,90,9531,bs,KBO,승①패,3,승①패,NC 10,4 KIA,07.31(금) 18:30,"2.80,3.55,1.96",홈승
2026-08-06T00:37:29+00:00,2026,90,9532,bs,KBO,핸디캡,2,H +2.5,NC 12.5,4 KIA,07.31(금) 18:30,"1.37,2.46",핸디승
2026-08-06T00:37:29+00:00,2026,90,9533,bs,KBO,언더오버,2,U 10.5,NC,KIA,07.31(금) 18:30,"1.84,1.69",오버
2026-08-06T00:37:29+00:00,2026,90,9534,bs,KBO,홀짝,2,,NC,KIA,07.31(금) 18:30,"1.57,2.00",짝
2026-08-06T00:37:29+00:00,2026,90,9535,bs,KBO,전반승무패,3,h(전반),NC 9,3 KIA,07.31(금) 18:30,"2.15,6.70,1.87",홈승
2026-08-06T00:37:29+00:00,2026,90,9536,bs,KBO,전반핸디캡,2,h H +1.5,NC 10.5,3 KIA,07.31(금) 18:30,"1.39,2.40",핸디승
2026-08-06T00:37:29+00:00,2026,90,9537,bs,KBO,전반언더오버,2,h U 5.5,NC,KIA,07.31(금) 18:30,"1.85,1.68",오버
2026-08-06T00:37:29+00:00,2026,90,9538,bs,KBO,승패,2,,키움 12,7 SSG,07.31(금) 18:30,"1.86,1.67",홈승
2026-08-06T00:37:29+00:00,2026,90,9539,bs,KBO,승①패,3,승①패,키움 12,7 SSG,07.31(금) 18:30,"2.70,3.20,2.14",홈승
2026-08-06T00:37:29+00:00,2026,90,9540,bs,KBO,핸디캡,2,H +2.5,키움 14.5,7 SSG,07.31(금) 18:30,"1.28,2.82",핸디승
2026-08-06T00:37:29+00:00,2026,90,9541,bs,KBO,언더오버,2,U 8.5,키움,SSG,07.31(금) 18:30,"1.82,1.70",오버
2026-08-06T00:37:29+00:00,2026,90,9542,bs,KBO,홀짝,2,,키움,SSG,07.31(금) 18:30,"1.58,1.99",홀
2026-08-06T00:37:29+00:00,2026,90,9543,bs,KBO,전반승무패,3,h(전반),키움 9,5 SSG,07.31(금) 18:30,"2.15,6.10,1.92",홈승
2026-08-06T00:37:29+00:00,2026,90,9544,bs,KBO,전반핸디캡,2,h H +1.5,키움 10.5,5 SSG,07.31(금) 18:30,"1.32,2.64",핸디승
2026-08-06T00:37:29+00:00,2026,90,9545,bs,KBO,전반언더오버,2,h U 4.5,키움,SSG,07.31(금) 18:30,"1.82,1.70",오버
2026-08-06T00:37:29+00:00,2026,90,9546,sc,축ASEA챔,승무패,3,,베트남 0,0 싱가포르,07.31(금) 22:00,"1.10,6.70,11.00",무승부
2026-08-06T00:37:29+00:00,2026,90,9547,sc,축ASEA챔,핸디캡,3,H -1.0,베트남 -1,0 싱가포르,07.31(금) 22:00,"1.40,3.95,5.50",핸디패
2026-08-06T00:37:29+00:00,2026,90,9548,sc,축ASEA챔,핸디캡,3,H -2.0,베트남 -2,0 싱가포르,07.31(금) 22:00,"2.04,3.30,2.80",핸디패
2026-08-06T00:37:29+00:00,2026,90,9549,sc,축ASEA챔,핸디캡,2,H -3.5,베트남 -3.5,0 싱가포르,07.31(금) 22:00,"3.23,1.21",핸디패
2026-08-06T00:37:29+00:00,2026,90,9550,sc,축ASEA챔,언더오버,2,U 3.5,베트남,싱가포르,07.31(금) 22:00,"1.77,1.75",언더
2026-08-06T00:37:29+00:00,2026,90,9551,sc,축ASEA챔,홀짝,2,,베트남,싱가포르,07.31(금) 22:00,"1.76,1.76",짝
2026-08-06T00:37:29+00:00,2026,90,9552,sc,엘리테세,승무패,3,,볼레렝아 0,3 함캄,08.01(토) 02:00,"1.48,3.95,4.55",홈패
2026-08-06T00:37:29+00:00,2026,90,9553,sc,엘리테세,핸디캡,3,H -1.0,볼레렝아 -1,3 함캄,08.01(토) 02:00,"2.50,3.35,2.22",핸디패
2026-08-06T00:37:29+00:00,2026,90,9554,sc,엘리테세,언더오버,2,U 3.5,볼레렝아,함캄,08.01(토) 02:00,"1.59,1.97",언더
2026-08-06T00:37:29+00:00,2026,90,9555,sc,엘리테세,홀짝,2,,볼레렝아,함캄,08.01(토) 02:00,"1.76,1.76",홀
2026-08-06T00:37:29+00:00,2026,90,9556,bs,MLB,승패,2,,시카컵스 0,2 뉴욕양키,08.01(토) 03:20,"1.56,2.02",홈패
2026-08-06T00:37:29+00:00,2026,90,9557,bs,MLB,승①패,3,승①패,시카컵스 0,2 뉴욕양키,08.01(토) 03:20,"2.14,3.35,2.60",홈패
2026-08-06T00:37:29+00:00,2026,90,9558,bs,MLB,핸디캡,2,H -2.5,시카컵스 -2.5,2 뉴욕양키,08.01(토) 03:20,"2.87,1.27",핸디패
2026-08-06T00:37:29+00:00,2026,90,9559,bs,MLB,언더오버,2,U 9.5,시카컵스,뉴욕양키,08.01(토) 03:20,"1.65,1.89",언더
2026-08-06T00:37:29+00:00,2026,90,9560,bs,MLB,홀짝,2,,시카컵스,뉴욕양키,08.01(토) 03:20,"1.56,2.02",짝
2026-08-06T00:37:29+00:00,2026,90,9561,sc,엘리테세,승무패,3,,보되글림 4,0 릴레스트,08.01(토) 04:00,"1.19,5.30,8.30",홈승
2026-08-06T00:37:29+00:00,2026,90,9562,sc,엘리테세,핸디캡,3,H -1.0,보되글림 3,0 릴레스트,08.01(토) 04:00,"1.62,3.80,3.70",핸디승
2026-08-06T00:37:29+00:00,2026,90,9563,sc,엘리테세,핸디캡,3,H -2.0,보되글림 2,0 릴레스트,08.01(토) 04:00,"2.45,3.60,2.16",핸디승
2026-08-06T00:37:29+00:00,2026,90,9564,sc,엘리테세,핸디캡,2,H -3.5,보되글림 0.5,0 릴레스트,08.01(토) 04:00,"3.98,1.13",핸디승
2026-08-06T00:37:29+00:00,2026,90,9565,sc,엘리테세,언더오버,2,U 3.5,보되글림,릴레스트,08.01(토) 04:00,"1.89,1.65",오버
2026-08-06T00:37:29+00:00,2026,90,9566,sc,엘리테세,홀짝,2,,보되글림,릴레스트,08.01(토) 04:00,"1.76,1.76",짝
2026-08-06T00:37:29+00:00,2026,90,9567,bs,MLB,승패,2,,신시레즈 8,7 피츠파이,08.01(토) 07:10,"1.87,1.66",홈승
2026-08-06T00:37:29+00:00,2026,90,9568,bs,MLB,승①패,3,승①패,신시레즈 8,7 피츠파이,08.01(토) 07:10,"2.80,3.20,2.08",①
2026-08-06T00:37:29+00:00,2026,90,9569,bs,MLB,핸디캡,2,H +2.5,신시레즈 10.5,7 피츠파이,08.01(토) 07:10,"1.29,2.77",핸디승
2026-08-06T00:37:29+00:00,2026,90,9570,bs,MLB,언더오버,2,U 7.5,신시레즈,피츠파이,08.01(토) 07:10,"1.78,1.74",오버
2026-08-06T00:37:29+00:00,2026,90,9571,bs,MLB,홀짝,2,,신시레즈,피츠파이,08.01(토) 07:10,"1.55,2.04",홀
2026-08-06T00:37:29+00:00,2026,90,9572,bs,MLB,승패,2,,볼티오리 6,4 필라필리,08.01(토) 08:05,"1.65,1.89",홈승
2026-08-06T00:37:29+00:00,2026,90,9573,bs,MLB,승①패,3,승①패,볼티오리 6,4 필라필리,08.01(토) 08:05,"2.33,3.30,2.40",홈승
2026-08-06T00:37:29+00:00,2026,90,9574,bs,MLB,핸디캡,2,H -2.5,볼티오리 3.5,4 필라필리,08.01(토) 08:05,"3.23,1.21",핸디패
2026-08-06T00:37:29+00:00,2026,90,9575,bs,MLB,언더오버,2,U 8.5,볼티오리,필라필리,08.01(토) 08:05,"1.82,1.70",오버
2026-08-06T00:37:29+00:00,2026,90,9576,bs,MLB,홀짝,2,,볼티오리,필라필리,08.01(토) 08:05,"1.55,2.04",짝
2026-08-06T00:37:29+00:00,2026,90,9577,bs,MLB,승패,2,,토론블루 3,1 세인카디,08.01(토) 08:07,"1.40,2.37",홈승
2026-08-06T00:37:29+00:00,2026,90,9578,bs,MLB,승①패,3,승①패,토론블루 3,1 세인카디,08.01(토) 08:07,"1.89,3.35,3.10",홈승
2026-08-06T00:37:29+00:00,2026,90,9579,bs,MLB,핸디캡,2,H -2.5,토론블루 0.5,1 세인카디,08.01(토) 08:07,"2.53,1.35",핸디패
2026-08-06T00:37:29+00:00,2026,90,9580,bs,MLB,언더오버,2,U 7.5,토론블루,세인카디,08.01(토) 08:07,"1.78,1.74",언더
2026-08-06T00:37:29+00:00,2026,90,9581,bs,MLB,홀짝,2,,토론블루,세인카디,08.01(토) 08:07,"1.55,2.04",짝
2026-08-06T00:37:29+00:00,2026,90,9582,bs,MLB,승패,2,,탬파레이 1,6 시카화이,08.01(토) 08:10,"1.50,2.13",홈패
2026-08-06T00:37:29+00:00,2026,90,9583,bs,MLB,승①패,3,승①패,탬파레이 1,6 시카화이,08.01(토) 08:10,"2.11,3.45,2.60",홈패
2026-08-06T00:37:29+00:00,2026,90,9584,bs,MLB,핸디캡,2,H -2.5,탬파레이 -1.5,6 시카화이,08.01(토) 08:10,"2.92,1.26",핸디패
2026-08-06T00:37:29+00:00,2026,90,9585,bs,MLB,언더오버,2,U 8.5,탬파레이,시카화이,08.01(토) 08:10,"1.67,1.86",언더
2026-08-06T00:37:29+00:00,2026,90,9586,bs,MLB,홀짝,2,,탬파레이,시카화이,08.01(토) 08:10,"1.55,2.04",홀
2026-08-06T00:37:29+00:00,2026,90,9587,bs,MLB,승패,2,,뉴욕메츠 2,5 마이말린,08.01(토) 08:10,"1.64,1.90",홈패
2026-08-06T00:37:29+00:00,2026,90,9588,bs,MLB,승①패,3,승①패,뉴욕메츠 2,5 마이말린,08.01(토) 08:10,"2.33,3.30,2.40",홈패
2026-08-06T00:37:29+00:00,2026,90,9589,bs,MLB,핸디캡,2,H -2.5,뉴욕메츠 -0.5,5 마이말린,08.01(토) 08:10,"3.23,1.21",핸디패
2026-08-06T00:37:29+00:00,2026,90,9590,bs,MLB,언더오버,2,U 8.5,뉴욕메츠,마이말린,08.01(토) 08:10,"1.75,1.77",언더
2026-08-06T00:37:29+00:00,2026,90,9591,bs,MLB,홀짝,2,,뉴욕메츠,마이말린,08.01(토) 08:10,"1.55,2.04",홀
2026-08-06T00:37:29+00:00,2026,90,9592,bs,MLB,승패,2,,클리가디 1,4 애리다이,08.01(토) 08:10,"1.59,1.97",홈패
2026-08-06T00:37:29+00:00,2026,90,9593,bs,MLB,승①패,3,승①패,클리가디 1,4 애리다이,08.01(토) 08:10,"2.20,3.30,2.55",홈패
2026-08-06T00:37:29+00:00,2026,90,9594,bs,MLB,핸디캡,2,H -2.5,클리가디 -1.5,4 애리다이,08.01(토) 08:10,"3.03,1.24",핸디패
2026-08-06T00:37:29+00:00,2026,90,9595,bs,MLB,언더오버,2,U 8.5,클리가디,애리다이,08.01(토) 08:10,"1.81,1.71",언더
2026-08-06T00:37:29+00:00,2026,90,9596,bs,MLB,홀짝,2,,클리가디,애리다이,08.01(토) 08:10,"1.55,2.04",홀
2026-08-06T00:37:29+00:00,2026,90,9597,bs,MLB,승패,2,,애틀브레 6,2 워싱내셔,08.01(토) 08:15,"1.63,1.91",홈승
2026-08-06T00:37:29+00:00,2026,90,9598,bs,MLB,승①패,3,승①패,애틀브레 6,2 워싱내셔,08.01(토) 08:15,"2.28,3.30,2.45",홈승
2026-08-06T00:37:29+00:00,2026,90,9599,bs,MLB,핸디캡,2,H -2.5,애틀브레 3.5,2 워싱내셔,08.01(토) 08:15,"3.16,1.22",핸디승
2026-08-06T00:37:29+00:00,2026,90,9600,bs,MLB,언더오버,2,U 8.5,애틀브레,워싱내셔,08.01(토) 08:15,"1.81,1.71",언더
2026-08-06T00:37:29+00:00,2026,90,9601,bs,MLB,홀짝,2,,애틀브레,워싱내셔,08.01(토) 08:15,"1.55,2.04",짝
2026-08-06T00:37:29+00:00,2026,90,9602,sc,MLS,승무패,3,,뉴욕시티 1,1 토론토FC,08.01(토) 08:30,"1.56,3.50,4.50",무승부
2026-08-06T00:37:29+00:00,2026,90,9603,sc,MLS,핸디캡,3,H -1.0,뉴욕시티 0,1 토론토FC,08.01(토) 08:30,"2.65,3.30,2.13",핸디패
2026-08-06T00:37:29+00:00,2026,90,9604,sc,MLS,언더오버,2,U 2.5,뉴욕시티,토론토FC,08.01(토) 08:30,"2.11,1.51",언더
2026-08-06T00:37:29+00:00,2026,90,9605,sc,MLS,홀짝,2,,뉴욕시티,토론토FC,08.01(토) 08:30,"1.77,1.75",짝
2026-08-06T00:37:29+00:00,2026,90,9606,bs,MLB,승패,2,,휴스애스 11,2 텍사레인,08.01(토) 09:15,"1.62,1.93",홈승
2026-08-06T00:37:29+00:00,2026,90,9607,bs,MLB,승①패,3,승①패,휴스애스 11,2 텍사레인,08.01(토) 09:15,"2.28,3.30,2.45",홈승
2026-08-06T00:37:29+00:00,2026,90,9608,bs,MLB,핸디캡,2,H -2.5,휴스애스 8.5,2 텍사레인,08.01(토) 09:15,"3.09,1.23",핸디승
2026-08-06T00:37:29+00:00,2026,90,9609,bs,MLB,언더오버,2,U 8.5,휴스애스,텍사레인,08.01(토) 09:15,"1.58,1.99",오버
2026-08-06T00:37:29+00:00,2026,90,9610,bs,MLB,홀짝,2,,휴스애스,텍사레인,08.01(토) 09:15,"1.55,2.04",홀
2026-08-06T00:37:29+00:00,2026,90,9611,bs,MLB,승패,2,,콜로로키 3,1 캔자로얄,08.01(토) 09:40,"1.77,1.75",홈승
2026-08-06T00:37:29+00:00,2026,90,9612,bs,MLB,승①패,3,승①패,콜로로키 3,1 캔자로얄,08.01(토) 09:40,"2.50,3.45,2.18",홈승
2026-08-06T00:37:29+00:00,2026,90,9613,bs,MLB,핸디캡,2,H +2.5,콜로로키 5.5,1 캔자로얄,08.01(토) 09:40,"1.27,2.87",핸디승
2026-08-06T00:37:29+00:00,2026,90,9614,bs,MLB,언더오버,2,U 11.5,콜로로키,캔자로얄,08.01(토) 09:40,"1.68,1.85",언더
2026-08-06T00:37:29+00:00,2026,90,9615,bs,MLB,홀짝,2,,콜로로키,캔자로얄,08.01(토) 09:40,"1.56,2.02",짝
2026-08-06T00:37:29+00:00,2026,90,9616,bs,MLB,승패,2,,LA에인절 2,6 밀워브루,08.01(토) 10:38,"2.29,1.43",홈패
2026-08-06T00:37:29+00:00,2026,90,9617,bs,MLB,승①패,3,승①패,LA에인절 2,6 밀워브루,08.01(토) 10:38,"3.55,3.45,1.73",홈패
2026-08-06T00:37:29+00:00,2026,90,9618,bs,MLB,핸디캡,2,H +2.5,LA에인절 4.5,6 밀워브루,08.01(토) 10:38,"1.42,2.31",핸디패
2026-08-06T00:37:29+00:00,2026,90,9619,bs,MLB,언더오버,2,U 8.5,LA에인절,밀워브루,08.01(토) 10:38,"1.87,1.66",언더
2026-08-06T00:37:29+00:00,2026,90,9620,bs,MLB,홀짝,2,,LA에인절,밀워브루,08.01(토) 10:38,"1.56,2.02",짝
2026-08-06T00:37:29+00:00,2026,90,9621,bs,MLB,승패,2,,애슬레틱 1,13 디트타이,08.01(토) 10:40,"2.15,1.49",홈패
2026-08-06T00:37:29+00:00,2026,90,9622,bs,MLB,승①패,3,승①패,애슬레틱 1,13 디트타이,08.01(토) 10:40,"3.25,3.50,1.80",홈패
2026-08-06T00:37:29+00:00,2026,90,9623,bs,MLB,핸디캡,2,H +2.5,애슬레틱 3.5,13 디트타이,08.01(토) 10:40,"1.42,2.31",핸디패
2026-08-06T00:37:29+00:00,2026,90,9624,bs,MLB,언더오버,2,U 10.5,애슬레틱,디트타이,08.01(토) 10:40,"1.80,1.72",오버
2026-08-06T00:37:29+00:00,2026,90,9625,bs,MLB,홀짝,2,,애슬레틱,디트타이,08.01(토) 10:40,"1.56,2.02",짝
2026-08-06T00:37:29+00:00,2026,90,9626,bs,MLB,승패,2,,샌디파드 7,0 샌프자이,08.01(토) 10:45,"1.59,1.97",홈승
2026-08-06T00:37:29+00:00,2026,90,9627,bs,MLB,승①패,3,승①패,샌디파드 7,0 샌프자이,08.01(토) 10:45,"2.30,3.35,2.40",홈승
2026-08-06T00:37:29+00:00,2026,90,9628,bs,MLB,핸디캡,2,H -2.5,샌디파드 4.5,0 샌프자이,08.01(토) 10:45,"2.92,1.26",핸디승
2026-08-06T00:37:29+00:00,2026,90,9629,bs,MLB,언더오버,2,U 8.5,샌디파드,샌프자이,08.01(토) 10:45,"1.93,1.62",언더
2026-08-06T00:37:29+00:00,2026,90,9630,bs,MLB,홀짝,2,,샌디파드,샌프자이,08.01(토) 10:45,"1.55,2.04",홀
2026-08-06T00:37:29+00:00,2026,90,9631,bs,MLB,승패,2,,시애매리 3,5 미네트윈,08.01(토) 11:10,"1.42,2.31",홈패
2026-08-06T00:37:29+00:00,2026,90,9632,bs,MLB,승①패,3,승①패,시애매리 3,5 미네트윈,08.01(토) 11:10,"1.84,3.40,3.20",홈패
2026-08-06T00:37:29+00:00,2026,90,9633,bs,MLB,핸디캡,2,H -2.5,시애매리 0.5,5 미네트윈,08.01(토) 11:10,"2.43,1.38",핸디패
2026-08-06T00:37:29+00:00,2026,90,9634,bs,MLB,언더오버,2,U 7.5,시애매리,미네트윈,08.01(토) 11:10,"1.85,1.68",오버
2026-08-06T00:37:29+00:00,2026,90,9635,bs,MLB,홀짝,2,,시애매리,미네트윈,08.01(토) 11:10,"1.56,2.02",짝
2026-08-06T00:37:29+00:00,2026,90,9636,bs,MLB,전반승무패,3,h(전반),시애매리 3,2 미네트윈,08.01(토) 11:10,"1.63,5.80,2.75",홈승
2026-08-06T00:37:29+00:00,2026,90,9637,bs,MLB,전반핸디캡,2,h H -1.5,시애매리 1.5,2 미네트윈,08.01(토) 11:10,"2.26,1.44",핸디패
2026-08-06T00:37:29+00:00,2026,90,9638,bs,MLB,전반언더오버,2,h U 4.5,시애매리,미네트윈,08.01(토) 11:10,"1.71,1.81",오버
2026-08-06T00:37:29+00:00,2026,90,9639,bs,MLB,승패,2,,LA다저스 4,9 보스레드,08.01(토) 11:10,"1.69,1.84",홈패
2026-08-06T00:37:29+00:00,2026,90,9640,bs,MLB,승①패,3,승①패,LA다저스 4,9 보스레드,08.01(토) 11:10,"2.30,3.35,2.40",홈패
2026-08-06T00:37:29+00:00,2026,90,9641,bs,MLB,핸디캡,2,H -2.5,LA다저스 1.5,9 보스레드,08.01(토) 11:10,"3.30,1.20",핸디패
2026-08-06T00:37:29+00:00,2026,90,9642,bs,MLB,언더오버,2,U 8.5,LA다저스,보스레드,08.01(토) 11:10,"1.76,1.76",오버
2026-08-06T00:37:29+00:00,2026,90,9643,bs,MLB,홀짝,2,,LA다저스,보스레드,08.01(토) 11:10,"1.55,2.04",홀
2026-08-06T00:37:29+00:00,2026,90,9644,bs,NPB,승패,2,,닛폰햄 3,5 지바롯데,08.01(토) 14:00,"1.29,2.77",홈패
2026-08-06T00:37:29+00:00,2026,90,9645,bs,NPB,승①패,3,승①패,닛폰햄 3,5 지바롯데,08.01(토) 14:00,"1.72,3.20,3.90",홈패
2026-08-06T00:37:29+00:00,2026,90,9646,bs,NPB,핸디캡,2,H -2.5,닛폰햄 0.5,5 지바롯데,08.01(토) 14:00,"2.31,1.42",핸디패
2026-08-06T00:37:29+00:00,2026,90,9647,bs,NPB,언더오버,2,U 7.5,닛폰햄,지바롯데,08.01(토) 14:00,"1.84,1.69",오버
2026-08-06T00:37:29+00:00,2026,90,9648,bs,NPB,홀짝,2,,닛폰햄,지바롯데,08.01(토) 14:00,"1.62,1.93",짝
2026-08-06T00:37:29+00:00,2026,90,9649,vl,남배네이,승패,2,,슬로베M 0,3 폴란드M,08.01(토) 16:00,"3.16,1.22",홈패
2026-08-06T00:37:29+00:00,2026,90,9650,vl,남배네이,핸디캡,2,H +1.5,슬로베M 1.5,3 폴란드M,08.01(토) 16:00,"2.09,1.52",핸디패
2026-08-06T00:37:29+00:00,2026,90,9651,vl,남배네이,언더오버,2,U 180.5,슬로베M,폴란드M,08.01(토) 16:00,"1.87,1.66",언더
2026-08-06T00:37:29+00:00,2026,90,9652,vl,남배네이,홀짝,2,,슬로베M,폴란드M,08.01(토) 16:00,"1.76,1.76",홀
2026-08-06T00:37:29+00:00,2026,90,9653,bs,NPB,승패,2,,세이부 4,1 오릭스,08.01(토) 17:00,"1.77,1.75",홈승
2026-08-06T00:37:29+00:00,2026,90,9654,bs,NPB,승①패,3,승①패,세이부 4,1 오릭스,08.01(토) 17:00,"2.85,2.65,2.37",홈승
2026-08-06T00:37:29+00:00,2026,90,9655,bs,NPB,핸디캡,2,H +2.5,세이부 6.5,1 오릭스,08.01(토) 17:00,"1.19,3.38",핸디승
2026-08-06T00:37:29+00:00,2026,90,9656,bs,NPB,언더오버,2,U 6.5,세이부,오릭스,08.01(토) 17:00,"1.86,1.67",언더
2026-08-06T00:37:29+00:00,2026,90,9657,bs,NPB,홀짝,2,,세이부,오릭스,08.01(토) 17:00,"1.61,1.94",홀
2026-08-06T00:37:29+00:00,2026,90,9658,bs,KBO,승패,2,,두산 2,2 LG,08.01(토) 18:00,"1.00,1.00",무승부
2026-08-06T00:37:29+00:00,2026,90,9659,bs,KBO,승①패,3,승①패,두산 2,2 LG,08.01(토) 18:00,"2.50,3.20,2.29",①
2026-08-06T00:37:29+00:00,2026,90,9660,bs,KBO,핸디캡,2,H -2.5,두산 -0.5,2 LG,08.01(토) 18:00,"3.03,1.24",핸디패
2026-08-06T00:37:29+00:00,2026,90,9661,bs,KBO,언더오버,2,U 8.5,두산,LG,08.01(토) 18:00,"1.70,1.82",언더
2026-08-06T00:37:29+00:00,2026,90,9662,bs,KBO,홀짝,2,,두산,LG,08.01(토) 18:00,"1.58,1.99",짝
2026-08-06T00:37:29+00:00,2026,90,9663,bs,KBO,전반승무패,3,h(전반),두산 0,2 LG,08.01(토) 18:00,"1.98,5.30,2.20",홈패
2026-08-06T00:37:29+00:00,2026,90,9664,bs,KBO,전반핸디캡,2,h H -1.5,두산 -1.5,2 LG,08.01(토) 18:00,"2.77,1.29",핸디패
2026-08-06T00:37:29+00:00,2026,90,9665,bs,KBO,전반언더오버,2,h U 4.5,두산,LG,08.01(토) 18:00,"1.75,1.77",언더
2026-08-06T00:37:29+00:00,2026,90,9666,bs,KBO,승패,2,,롯데,삼성,08.01(토) 18:00,"1.00,1.00",취소
2026-08-06T00:37:29+00:00,2026,90,9667,bs,KBO,승①패,3,승①패,롯데,삼성,08.01(토) 18:00,"1.00,1.00,1.00",취소
2026-08-06T00:37:29+00:00,2026,90,9668,bs,KBO,핸디캡,2,H +2.5,롯데,삼성,08.01(토) 18:00,"1.00,1.00",취소
2026-08-06T00:37:29+00:00,2026,90,9669,bs,KBO,언더오버,2,U 10.5,롯데,삼성,08.01(토) 18:00,"1.00,1.00",취소
2026-08-06T00:37:29+00:00,2026,90,9670,bs,KBO,홀짝,2,,롯데,삼성,08.01(토) 18:00,"1.00,1.00",취소
2026-08-06T00:37:29+00:00,2026,90,9671,bs,KBO,전반승무패,3,h(전반),롯데,삼성,08.01(토) 18:00,"1.00,1.00,1.00",취소
2026-08-06T00:37:29+00:00,2026,90,9672,bs,KBO,전반핸디캡,2,h H +1.5,롯데,삼성,08.01(토) 18:00,"1.00,1.00",취소
2026-08-06T00:37:29+00:00,2026,90,9673,bs,KBO,전반언더오버,2,h U 5.5,롯데,삼성,08.01(토) 18:00,"1.00,1.00",취소
2026-08-06T00:37:29+00:00,2026,90,9674,bs,KBO,승패,2,,KT 7,4 한화,08.01(토) 18:00,"1.78,1.74",홈승
2026-08-06T00:37:29+00:00,2026,90,9675,bs,KBO,승①패,3,승①패,KT 7,4 한화,08.01(토) 18:00,"2.55,3.50,2.12",홈승
2026-08-06T00:37:29+00:00,2026,90,9676,bs,KBO,핸디캡,2,H +2.5,KT 9.5,4 한화,08.01(토) 18:00,"1.32,2.64",핸디승
2026-08-06T00:37:29+00:00,2026,90,9677,bs,KBO,언더오버,2,U 10.5,KT,한화,08.01(토) 18:00,"1.75,1.77",오버
2026-08-06T00:37:29+00:00,2026,90,9678,bs,KBO,홀짝,2,,KT,한화,08.01(토) 18:00,"1.57,2.00",홀
2026-08-06T00:37:29+00:00,2026,90,9679,bs,KBO,전반승무패,3,h(전반),KT 7,4 한화,08.01(토) 18:00,"2.10,6.60,1.92",홈승
2026-08-06T00:37:29+00:00,2026,90,9680,bs,KBO,전반핸디캡,2,h H +1.5,KT 8.5,4 한화,08.01(토) 18:00,"1.34,2.56",핸디승
2026-08-06T00:37:29+00:00,2026,90,9681,bs,KBO,전반언더오버,2,h U 5.5,KT,한화,08.01(토) 18:00,"1.75,1.77",오버
2026-08-06T00:37:29+00:00,2026,90,9682,bs,KBO,승패,2,,NC,KIA,08.01(토) 18:00,"1.00,1.00",취소
2026-08-06T00:37:29+00:00,2026,90,9683,bs,KBO,승①패,3,승①패,NC,KIA,08.01(토) 18:00,"1.00,1.00,1.00",취소
2026-08-06T00:37:29+00:00,2026,90,9684,bs,KBO,핸디캡,2,H -2.5,NC,KIA,08.01(토) 18:00,"1.00,1.00",취소
2026-08-06T00:37:29+00:00,2026,90,9685,bs,KBO,언더오버,2,U 9.5,NC,KIA,08.01(토) 18:00,"1.00,1.00",취소
2026-08-06T00:37:29+00:00,2026,90,9686,bs,KBO,홀짝,2,,NC,KIA,08.01(토) 18:00,"1.00,1.00",취소
2026-08-06T00:37:29+00:00,2026,90,9687,bs,KBO,전반승무패,3,h(전반),NC,KIA,08.01(토) 18:00,"1.00,1.00,1.00",취소
2026-08-06T00:37:29+00:00,2026,90,9688,bs,KBO,전반핸디캡,2,h H -1.5,NC,KIA,08.01(토) 18:00,"1.00,1.00",취소
2026-08-06T00:37:29+00:00,2026,90,9689,bs,KBO,전반언더오버,2,h U 5.5,NC,KIA,08.01(토) 18:00,"1.00,1.00",취소
2026-08-06T00:37:29+00:00,2026,90,9690,bs,KBO,승패,2,,키움 2,10 SSG,08.01(토) 18:00,"1.86,1.67",홈패
2026-08-06T00:37:29+00:00,2026,90,9691,bs,KBO,승①패,3,승①패,키움 2,10 SSG,08.01(토) 18:00,"2.70,3.25,2.12",홈패
2026-08-06T00:37:29+00:00,2026,90,9692,bs,KBO,핸디캡,2,H +2.5,키움 4.5,10 SSG,08.01(토) 18:00,"1.29,2.77",핸디패
2026-08-06T00:37:29+00:00,2026,90,9693,bs,KBO,언더오버,2,U 8.5,키움,SSG,08.01(토) 18:00,"2.00,1.57",오버
2026-08-06T00:37:29+00:00,2026,90,9694,bs,KBO,홀짝,2,,키움,SSG,08.01(토) 18:00,"1.58,1.99",짝
2026-08-06T00:37:29+00:00,2026,90,9695,bs,KBO,전반승무패,3,h(전반),키움 2,7 SSG,08.01(토) 18:00,"2.20,5.80,1.91",홈패
2026-08-06T00:37:29+00:00,2026,90,9696,bs,KBO,전반핸디캡,2,h H +1.5,키움 3.5,7 SSG,08.01(토) 18:00,"1.32,2.64",핸디패
2026-08-06T00:37:29+00:00,2026,90,9697,bs,KBO,전반언더오버,2,h U 4.5,키움,SSG,08.01(토) 18:00,"1.96,1.60",오버
2026-08-06T00:37:29+00:00,2026,90,9698,bs,NPB,승패,2,,요미우리 7,8 요코베이,08.01(토) 18:00,"1.64,1.90",홈패
2026-08-06T00:37:29+00:00,2026,90,9699,bs,NPB,승①패,3,승①패,요미우리 7,8 요코베이,08.01(토) 18:00,"2.65,2.58,2.60",①
2026-08-06T00:37:29+00:00,2026,90,9700,bs,NPB,핸디캡,2,H -2.5,요미우리 4.5,8 요코베이,08.01(토) 18:00,"3.75,1.15",핸디패
2026-08-06T00:37:29+00:00,2026,90,9701,bs,NPB,언더오버,2,U 5.5,요미우리,요코베이,08.01(토) 18:00,"1.96,1.60",오버
2026-08-06T00:37:29+00:00,2026,90,9702,bs,NPB,홀짝,2,,요미우리,요코베이,08.01(토) 18:00,"1.61,1.94",홀
2026-08-06T00:37:29+00:00,2026,90,9703,bs,NPB,승패,2,,야쿠르트 3,7 한신,08.01(토) 18:00,"2.13,1.50",홈패
2026-08-06T00:37:29+00:00,2026,90,9704,bs,NPB,승①패,3,승①패,야쿠르트 3,7 한신,08.01(토) 18:00,"3.55,2.85,1.93",홈패
2026-08-06T00:37:29+00:00,2026,90,9705,bs,NPB,핸디캡,2,H +2.5,야쿠르트 5.5,7 한신,08.01(토) 18:00,"1.32,2.64",핸디패
2026-08-06T00:37:29+00:00,2026,90,9706,bs,NPB,언더오버,2,U 7.5,야쿠르트,한신,08.01(토) 18:00,"1.89,1.65",오버
2026-08-06T00:37:29+00:00,2026,90,9707,bs,NPB,홀짝,2,,야쿠르트,한신,08.01(토) 18:00,"1.61,1.94",짝
2026-08-06T00:37:29+00:00,2026,90,9708,bs,NPB,승패,2,,히로카프 1,7 주니치,08.01(토) 18:00,"1.93,1.62",홈패
2026-08-06T00:37:29+00:00,2026,90,9709,bs,NPB,승①패,3,승①패,히로카프 1,7 주니치,08.01(토) 18:00,"3.15,2.75,2.14",홈패
2026-08-06T00:37:29+00:00,2026,90,9710,bs,NPB,핸디캡,2,H +2.5,히로카프 3.5,7 주니치,08.01(토) 18:00,"1.25,2.97",핸디패
2026-08-06T00:37:29+00:00,2026,90,9711,bs,NPB,언더오버,2,U 7.5,히로카프,주니치,08.01(토) 18:00,"1.69,1.84",오버
2026-08-06T00:37:29+00:00,2026,90,9712,bs,NPB,홀짝,2,,히로카프,주니치,08.01(토) 18:00,"1.61,1.94",짝
2026-08-06T00:37:29+00:00,2026,90,9713,bs,NPB,승패,2,,라쿠텐 0,5 소프트뱅,08.01(토) 18:00,"1.96,1.60",홈패
2026-08-06T00:37:29+00:00,2026,90,9714,bs,NPB,승①패,3,승①패,라쿠텐 0,5 소프트뱅,08.01(토) 18:00,"3.20,2.90,2.03",홈패
2026-08-06T00:37:29+00:00,2026,90,9715,bs,NPB,핸디캡,2,H +2.5,라쿠텐 2.5,5 소프트뱅,08.01(토) 18:00,"1.29,2.77",핸디패
2026-08-06T00:37:29+00:00,2026,90,9716,bs,NPB,언더오버,2,U 7.5,라쿠텐,소프트뱅,08.01(토) 18:00,"1.78,1.74",언더
2026-08-06T00:37:29+00:00,2026,90,9717,bs,NPB,홀짝,2,,라쿠텐,소프트뱅,08.01(토) 18:00,"1.61,1.94",홀
2026-08-06T00:37:29+00:00,2026,90,9718,sc,축클럽친,승무패,3,,첼시 1,2 토트넘,08.01(토) 18:45,"2.00,3.50,2.75",홈패
2026-08-06T00:37:29+00:00,2026,90,9719,sc,축클럽친,핸디캡,3,H -1.0,첼시 0,2 토트넘,08.01(토) 18:45,"3.65,3.80,1.63",핸디패
2026-08-06T00:37:29+00:00,2026,90,9720,sc,축클럽친,언더오버,2,U 3.5,첼시,토트넘,08.01(토) 18:45,"1.67,1.86",언더
2026-08-06T00:37:29+00:00,2026,90,9721,sc,축클럽친,홀짝,2,,첼시,토트넘,08.01(토) 18:45,"1.76,1.76",홀
2026-08-06T00:37:29+00:00,2026,90,9722,sc,K리그1,승무패,3,,강원FC 0,3 부천FC,08.01(토) 19:30,"1.47,3.35,5.90",홈패
2026-08-06T00:37:29+00:00,2026,90,9723,sc,K리그1,핸디캡,3,H -1.0,강원FC -1,3 부천FC,08.01(토) 19:30,"2.55,3.00,2.36",핸디패
2026-08-06T00:37:29+00:00,2026,90,9724,sc,K리그1,핸디캡,3,H -2.0,강원FC -2,3 부천FC,08.01(토) 19:30,"5.20,4.20,1.39",핸디패
2026-08-06T00:37:29+00:00,2026,90,9725,sc,K리그1,언더오버,2,U 2.5,강원FC,부천FC,08.01(토) 19:30,"1.62,1.93",오버
2026-08-06T00:37:29+00:00,2026,90,9726,sc,K리그1,홀짝,2,,강원FC,부천FC,08.01(토) 19:30,"1.77,1.75",홀
2026-08-06T00:37:29+00:00,2026,90,9727,sc,K리그1,전반승무패,3,h(전반),강원FC 0,1 부천FC,08.01(토) 19:30,"2.05,1.95,6.70",홈패
2026-08-06T00:37:29+00:00,2026,90,9728,sc,K리그1,전반핸디캡,3,h H -1.0,강원FC -1,1 부천FC,08.01(토) 19:30,"5.40,3.05,1.57",핸디패
2026-08-06T00:37:29+00:00,2026,90,9729,sc,K리그1,전반언더오버,2,h U 1.5,강원FC,부천FC,08.01(토) 19:30,"1.27,2.87",언더
2026-08-06T00:37:29+00:00,2026,90,9730,sc,K리그1,승무패,3,,전북현대 0,0 FC서울,08.01(토) 19:30,"2.42,3.05,2.45",무승부
2026-08-06T00:37:29+00:00,2026,90,9731,sc,K리그1,핸디캡,3,H -1.0,전북현대 -1,0 FC서울,08.01(토) 19:30,"5.50,3.85,1.41",핸디패
2026-08-06T00:37:29+00:00,2026,90,9732,sc,K리그1,핸디캡,3,H -2.0,전북현대 -2,0 FC서울,08.01(토) 19:30,"13.50,7.10,1.07",핸디패
2026-08-06T00:37:29+00:00,2026,90,9733,sc,K리그1,언더오버,2,U 2.5,전북현대,FC서울,08.01(토) 19:30,"1.70,1.82",언더
2026-08-06T00:37:29+00:00,2026,90,9734,sc,K리그1,홀짝,2,,전북현대,FC서울,08.01(토) 19:30,"1.77,1.75",짝
2026-08-06T00:37:29+00:00,2026,90,9735,sc,K리그1,전반승무패,3,h(전반),전북현대 0,0 FC서울,08.01(토) 19:30,"3.10,1.94,3.20",무승부
2026-08-06T00:37:29+00:00,2026,90,9736,sc,K리그1,전반핸디캡,3,h H -1.0,전북현대 -1,0 FC서울,08.01(토) 19:30,"9.80,4.05,1.25",핸디패
2026-08-06T00:37:29+00:00,2026,90,9737,sc,K리그1,전반언더오버,2,h U 1.5,전북현대,FC서울,08.01(토) 19:30,"1.33,2.60",언더
2026-08-06T00:37:29+00:00,2026,90,9738,sc,K리그1,승무패,3,,포항스틸 0,1 김천상무,08.01(토) 19:30,"2.33,2.85,2.70",홈패
2026-08-06T00:37:29+00:00,2026,90,9739,sc,K리그1,핸디캡,3,H -1.0,포항스틸 -1,1 김천상무,08.01(토) 19:30,"5.10,3.50,1.50",핸디패
2026-08-06T00:37:29+00:00,2026,90,9740,sc,K리그1,핸디캡,3,H -2.0,포항스틸 -2,1 김천상무,08.01(토) 19:30,"9.30,5.80,1.15",핸디패
2026-08-06T00:37:29+00:00,2026,90,9741,sc,K리그1,언더오버,2,U 2.5,포항스틸,김천상무,08.01(토) 19:30,"1.60,1.96",언더
2026-08-06T00:37:29+00:00,2026,90,9742,sc,K리그1,홀짝,2,,포항스틸,김천상무,08.01(토) 19:30,"1.77,1.75",홀
2026-08-06T00:37:29+00:00,2026,90,9743,sc,K리그1,전반승무패,3,h(전반),포항스틸 0,0 김천상무,08.01(토) 19:30,"2.85,1.98,3.40",무승부
2026-08-06T00:37:29+00:00,2026,90,9744,sc,K리그1,전반핸디캡,3,h H -1.0,포항스틸 -1,0 김천상무,08.01(토) 19:30,"8.00,3.60,1.34",핸디패
2026-08-06T00:37:29+00:00,2026,90,9745,sc,K리그1,전반언더오버,2,h U 1.5,포항스틸,김천상무,08.01(토) 19:30,"1.29,2.77",언더
2026-08-06T00:37:29+00:00,2026,90,9746,sc,K리그2,승무패,3,,충남아산 2,0 성남FC,08.01(토) 19:30,"2.36,3.00,2.55",홈승
2026-08-06T00:37:29+00:00,2026,90,9747,sc,K리그2,핸디캡,3,H -1.0,충남아산 1,0 성남FC,08.01(토) 19:30,"5.30,3.85,1.43",핸디승
2026-08-06T00:37:29+00:00,2026,90,9748,sc,K리그2,언더오버,2,U 2.5,충남아산,성남FC,08.01(토) 19:30,"1.64,1.90",언더
2026-08-06T00:37:29+00:00,2026,90,9749,sc,K리그2,홀짝,2,,충남아산,성남FC,08.01(토) 19:30,"1.77,1.75",짝
2026-08-06T00:37:29+00:00,2026,90,9750,sc,K리그2,승무패,3,,천안시티 2,2 용인FC,08.01(토) 19:30,"2.36,3.00,2.55",무승부
2026-08-06T00:37:29+00:00,2026,90,9751,sc,K리그2,핸디캡,3,H -1.0,천안시티 1,2 용인FC,08.01(토) 19:30,"4.80,3.85,1.47",핸디패
2026-08-06T00:37:29+00:00,2026,90,9752,sc,K리그2,언더오버,2,U 2.5,천안시티,용인FC,08.01(토) 19:30,"1.80,1.72",오버
2026-08-06T00:37:29+00:00,2026,90,9753,sc,K리그2,홀짝,2,,천안시티,용인FC,08.01(토) 19:30,"1.77,1.75",짝
2026-08-06T00:37:29+00:00,2026,90,9754,sc,K리그2,승무패,3,,충북청주 2,2 수원삼성,08.01(토) 19:30,"4.85,3.50,1.52",무승부
2026-08-06T00:37:29+00:00,2026,90,9755,sc,K리그2,핸디캡,3,H +1.0,충북청주 3,2 수원삼성,08.01(토) 19:30,"2.24,3.15,2.60",핸디승
2026-08-06T00:37:29+00:00,2026,90,9756,sc,K리그2,언더오버,2,U 2.5,충북청주,수원삼성,08.01(토) 19:30,"1.79,1.73",오버
2026-08-06T00:37:29+00:00,2026,90,9757,sc,K리그2,홀짝,2,,충북청주,수원삼성,08.01(토) 19:30,"1.77,1.75",짝
2026-08-06T00:37:29+00:00,2026,90,9758,sc,K리그2,승무패,3,,화성FC 5,1 대구FC,08.01(토) 19:30,"2.95,3.30,1.97",홈승
2026-08-06T00:37:29+00:00,2026,90,9759,sc,K리그2,핸디캡,3,H +1.0,화성FC 6,1 대구FC,08.01(토) 19:30,"1.65,3.60,3.75",핸디승
2026-08-06T00:37:29+00:00,2026,90,9760,sc,K리그2,언더오버,2,U 2.5,화성FC,대구FC,08.01(토) 19:30,"1.93,1.62",오버
2026-08-06T00:37:29+00:00,2026,90,9761,sc,K리그2,홀짝,2,,화성FC,대구FC,08.01(토) 19:30,"1.77,1.75",짝
2026-08-06T00:37:29+00:00,2026,90,9762,sc,축클럽친,승무패,3,,맨체스C 1,1 인테르,08.01(토) 20:30,"1.98,3.55,2.75",무승부
2026-08-06T00:37:29+00:00,2026,90,9763,sc,축클럽친,핸디캡,3,H -1.0,맨체스C 0,1 인테르,08.01(토) 20:30,"3.55,3.80,1.65",핸디패
2026-08-06T00:37:29+00:00,2026,90,9764,sc,축클럽친,언더오버,2,U 3.5,맨체스C,인테르,08.01(토) 20:30,"1.59,1.97",언더
2026-08-06T00:37:29+00:00,2026,90,9765,sc,축클럽친,홀짝,2,,맨체스C,인테르,08.01(토) 20:30,"1.76,1.76",짝
2026-08-06T00:37:29+00:00,2026,90,9766,vl,남배네이,승패,2,,일본M 2,3 미국M,08.01(토) 20:30,"2.22,1.46",홈패
2026-08-06T00:37:29+00:00,2026,90,9767,vl,남배네이,핸디캡,2,H +1.5,일본M 3.5,3 미국M,08.01(토) 20:30,"1.49,2.15",핸디승
2026-08-06T00:37:29+00:00,2026,90,9768,vl,남배네이,언더오버,2,U 185.5,일본M,미국M,08.01(토) 20:30,"1.81,1.71",오버
2026-08-06T00:37:29+00:00,2026,90,9769,vl,남배네이,홀짝,2,,일본M,미국M,08.01(토) 20:30,"1.76,1.76",홀
2026-08-06T00:37:29+00:00,2026,90,9770,sc,축ASEA챔,승무패,3,,태국 2,0 말레이시,08.01(토) 22:00,"1.40,4.00,5.40",홈승
2026-08-06T00:37:29+00:00,2026,90,9771,sc,축ASEA챔,핸디캡,3,H -1.0,태국 1,0 말레이시,08.01(토) 22:00,"2.18,3.35,2.55",핸디승
2026-08-06T00:37:29+00:00,2026,90,9772,sc,축ASEA챔,언더오버,2,U 3.5,태국,말레이시,08.01(토) 22:00,"1.48,2.17",언더
2026-08-06T00:37:29+00:00,2026,90,9773,sc,축ASEA챔,홀짝,2,,태국,말레이시,08.01(토) 22:00,"1.76,1.76",짝
2026-08-06T00:37:29+00:00,2026,90,9774,sc,축클럽친,승무패,3,,맨체스U 2,1 AT마드,08.01(토) 22:00,"2.06,3.25,2.80",홈승
2026-08-06T00:37:29+00:00,2026,90,9775,sc,축클럽친,핸디캡,3,H -1.0,맨체스U 1,1 AT마드,08.01(토) 22:00,"3.95,3.70,1.60",핸디무
2026-08-06T00:37:29+00:00,2026,90,9776,sc,축클럽친,언더오버,2,U 2.5,맨체스U,AT마드,08.01(토) 22:00,"2.04,1.55",오버
2026-08-06T00:37:29+00:00,2026,90,9777,sc,축클럽친,홀짝,2,,맨체스U,AT마드,08.01(토) 22:00,"1.77,1.75",홀
2026-08-06T00:37:29+00:00,2026,90,9778,sc,엘리테세,승무패,3,,프레드릭 1,0 사네피오,08.01(토) 23:00,"2.19,3.25,2.60",홈승
2026-08-06T00:37:29+00:00,2026,90,9779,sc,엘리테세,핸디캡,3,H -1.0,프레드릭 0,0 사네피오,08.01(토) 23:00,"4.40,3.80,1.52",핸디무
2026-08-06T00:37:29+00:00,2026,90,9780,sc,엘리테세,언더오버,2,U 2.5,프레드릭,사네피오,08.01(토) 23:00,"1.94,1.61",언더
2026-08-06T00:37:29+00:00,2026,90,9781,sc,엘리테세,홀짝,2,,프레드릭,사네피오,08.01(토) 23:00,"1.77,1.75",홀
2026-08-06T00:37:29+00:00,2026,90,9782,sc,엘리테세,승무패,3,,IK스타르 0,3 비킹FK,08.02(일) 01:00,"5.00,4.00,1.43",홈패
2026-08-06T00:37:29+00:00,2026,90,9783,sc,엘리테세,핸디캡,3,H +1.0,IK스타르 1,3 비킹FK,08.02(일) 01:00,"2.45,3.45,2.22",핸디패
2026-08-06T00:37:29+00:00,2026,90,9784,sc,엘리테세,핸디캡,3,H +2.0,IK스타르 2,3 비킹FK,08.02(일) 01:00,"1.53,4.20,3.90",핸디패
2026-08-06T00:37:29+00:00,2026,90,9785,sc,엘리테세,핸디캡,2,H +3.5,IK스타르 3.5,3 비킹FK,08.02(일) 01:00,"1.01,6.84",핸디승
2026-08-06T00:37:29+00:00,2026,90,9786,sc,엘리테세,언더오버,2,U 3.5,IK스타르,비킹FK,08.02(일) 01:00,"1.53,2.07",언더
2026-08-06T00:37:29+00:00,2026,90,9787,sc,엘리테세,홀짝,2,,IK스타르,비킹FK,08.02(일) 01:00,"1.76,1.76",홀
2026-08-06T00:37:29+00:00,2026,90,9788,bs,MLB,승패,2,,토론블루 5,1 세인카디,08.02(일) 04:07,"1.50,2.13",홈승
2026-08-06T00:37:29+00:00,2026,90,9789,bs,MLB,승①패,3,승①패,토론블루 5,1 세인카디,08.02(일) 04:07,"2.05,3.35,2.75",홈승
2026-08-06T00:37:29+00:00,2026,90,9790,bs,MLB,핸디캡,2,H -2.5,토론블루 2.5,1 세인카디,08.02(일) 04:07,"2.77,1.29",핸디승
2026-08-06T00:37:29+00:00,2026,90,9791,bs,MLB,언더오버,2,U 8.5,토론블루,세인카디,08.02(일) 04:07,"1.74,1.78",언더
2026-08-06T00:37:29+00:00,2026,90,9792,bs,MLB,홀짝,2,,토론블루,세인카디,08.02(일) 04:07,"1.55,2.04",짝
2026-08-06T00:37:29+00:00,2026,90,9793,bs,MLB,승패,2,,탬파레이 1,0 시카화이,08.02(일) 05:10,"1.44,2.26",홈승
2026-08-06T00:37:29+00:00,2026,90,9794,bs,MLB,승①패,3,승①패,탬파레이 1,0 시카화이,08.02(일) 05:10,"1.95,3.35,2.95",①
2026-08-06T00:37:29+00:00,2026,90,9795,bs,MLB,핸디캡,2,H -2.5,탬파레이 -1.5,0 시카화이,08.02(일) 05:10,"2.60,1.33",핸디패
2026-08-06T00:37:29+00:00,2026,90,9796,bs,MLB,언더오버,2,U 8.5,탬파레이,시카화이,08.02(일) 05:10,"1.66,1.87",언더
2026-08-06T00:37:29+00:00,2026,90,9797,bs,MLB,홀짝,2,,탬파레이,시카화이,08.02(일) 05:10,"1.56,2.02",홀
2026-08-06T00:37:29+00:00,2026,90,9798,bs,MLB,승패,2,,시애매리 4,3 미네트윈,08.02(일) 05:10,"1.42,2.31",홈승
2026-08-06T00:37:29+00:00,2026,90,9799,bs,MLB,승①패,3,승①패,시애매리 4,3 미네트윈,08.02(일) 05:10,"1.91,3.35,3.05",①
2026-08-06T00:37:29+00:00,2026,90,9800,bs,MLB,핸디캡,2,H -2.5,시애매리 1.5,3 미네트윈,08.02(일) 05:10,"2.56,1.34",핸디패
2026-08-06T00:37:29+00:00,2026,90,9801,bs,MLB,언더오버,2,U 7.5,시애매리,미네트윈,08.02(일) 05:10,"1.79,1.73",언더
2026-08-06T00:37:29+00:00,2026,90,9802,bs,MLB,홀짝,2,,시애매리,미네트윈,08.02(일) 05:10,"1.55,2.04",홀
2026-08-06T00:37:29+00:00,2026,90,9803,bs,MLB,승패,2,,뉴욕메츠 2,6 마이말린,08.02(일) 05:10,"1.63,1.91",홈패
2026-08-06T00:37:29+00:00,2026,90,9804,bs,MLB,승①패,3,승①패,뉴욕메츠 2,6 마이말린,08.02(일) 05:10,"2.28,3.30,2.45",홈패
2026-08-06T00:37:29+00:00,2026,90,9805,bs,MLB,핸디캡,2,H -2.5,뉴욕메츠 -0.5,6 마이말린,08.02(일) 05:10,"3.16,1.22",핸디패
2026-08-06T00:37:29+00:00,2026,90,9806,bs,MLB,언더오버,2,U 8.5,뉴욕메츠,마이말린,08.02(일) 05:10,"1.81,1.71",언더
2026-08-06T00:37:29+00:00,2026,90,9807,bs,MLB,홀짝,2,,뉴욕메츠,마이말린,08.02(일) 05:10,"1.55,2.04",짝
2026-08-06T00:37:29+00:00,2026,90,9808,bs,MLB,승패,2,,신시레즈 1,4 피츠파이,08.02(일) 07:40,"1.82,1.70",홈패
2026-08-06T00:37:29+00:00,2026,90,9809,bs,MLB,승①패,3,승①패,신시레즈 1,4 피츠파이,08.02(일) 07:40,"2.65,3.30,2.13",홈패
2026-08-06T00:37:29+00:00,2026,90,9810,bs,MLB,핸디캡,2,H +2.5,신시레즈 3.5,4 피츠파이,08.02(일) 07:40,"1.28,2.82",핸디패
2026-08-06T00:37:29+00:00,2026,90,9811,bs,MLB,언더오버,2,U 8.5,신시레즈,피츠파이,08.02(일) 07:40,"1.74,1.78",언더
2026-08-06T00:37:29+00:00,2026,90,9812,bs,MLB,홀짝,2,,신시레즈,피츠파이,08.02(일) 07:40,"1.55,2.04",홀
2026-08-06T00:37:29+00:00,2026,90,9813,bs,MLB,승패,2,,볼티오리 0,5 필라필리,08.02(일) 08:05,"2.04,1.55",홈패
2026-08-06T00:37:29+00:00,2026,90,9814,bs,MLB,승①패,3,승①패,볼티오리 0,5 필라필리,08.02(일) 08:05,"3.10,3.30,1.91",홈패
2026-08-06T00:37:29+00:00,2026,90,9815,bs,MLB,핸디캡,2,H +2.5,볼티오리 2.5,5 필라필리,08.02(일) 08:05,"1.36,2.49",핸디패
2026-08-06T00:37:29+00:00,2026,90,9816,bs,MLB,언더오버,2,U 8.5,볼티오리,필라필리,08.02(일) 08:05,"1.73,1.79",언더
2026-08-06T00:37:29+00:00,2026,90,9817,bs,MLB,홀짝,2,,볼티오리,필라필리,08.02(일) 08:05,"1.55,2.04",홀
2026-08-06T00:37:29+00:00,2026,90,9818,bs,MLB,승패,2,,휴스애스 5,4 텍사레인,08.02(일) 08:10,"1.96,1.60",홈승
2026-08-06T00:37:29+00:00,2026,90,9819,bs,MLB,승①패,3,승①패,휴스애스 5,4 텍사레인,08.02(일) 08:10,"2.90,3.30,1.99",①
2026-08-06T00:37:29+00:00,2026,90,9820,bs,MLB,핸디캡,2,H +2.5,휴스애스 7.5,4 텍사레인,08.02(일) 08:10,"1.33,2.60",핸디승
2026-08-06T00:37:29+00:00,2026,90,9821,bs,MLB,언더오버,2,U 8.5,휴스애스,텍사레인,08.02(일) 08:10,"1.71,1.81",오버
2026-08-06T00:37:29+00:00,2026,90,9822,bs,MLB,홀짝,2,,휴스애스,텍사레인,08.02(일) 08:10,"1.55,2.04",홀
2026-08-06T00:37:29+00:00,2026,90,9823,bs,MLB,승패,2,,클리가디 8,12 애리다이,08.02(일) 08:15,"1.46,2.22",홈패
2026-08-06T00:37:29+00:00,2026,90,9824,bs,MLB,승①패,3,승①패,클리가디 8,12 애리다이,08.02(일) 08:15,"1.98,3.40,2.85",홈패
2026-08-06T00:37:29+00:00,2026,90,9825,bs,MLB,핸디캡,2,H -2.5,클리가디 5.5,12 애리다이,08.02(일) 08:15,"2.64,1.32",핸디패
2026-08-06T00:37:29+00:00,2026,90,9826,bs,MLB,언더오버,2,U 8.5,클리가디,애리다이,08.02(일) 08:15,"1.75,1.77",오버
2026-08-06T00:37:29+00:00,2026,90,9827,bs,MLB,홀짝,2,,클리가디,애리다이,08.02(일) 08:15,"1.56,2.02",짝
2026-08-06T00:37:29+00:00,2026,90,9828,bs,MLB,승패,2,,시카컵스 5,2 뉴욕양키,08.02(일) 08:15,"1.87,1.66",홈승
2026-08-06T00:37:29+00:00,2026,90,9829,bs,MLB,승①패,3,승①패,시카컵스 5,2 뉴욕양키,08.02(일) 08:15,"2.85,3.00,2.15",홈승
2026-08-06T00:37:29+00:00,2026,90,9830,bs,MLB,핸디캡,2,H +2.5,시카컵스 7.5,2 뉴욕양키,08.02(일) 08:15,"1.24,3.03",핸디승
2026-08-06T00:37:29+00:00,2026,90,9831,bs,MLB,언더오버,2,U 6.5,시카컵스,뉴욕양키,08.02(일) 08:15,"1.66,1.87",오버
2026-08-06T00:37:29+00:00,2026,90,9832,bs,MLB,홀짝,2,,시카컵스,뉴욕양키,08.02(일) 08:15,"1.53,2.07",홀
2026-08-06T00:37:29+00:00,2026,90,9833,bs,MLB,승패,2,,애틀브레 8,3 워싱내셔,08.02(일) 08:15,"1.37,2.46",홈승
2026-08-06T00:37:29+00:00,2026,90,9834,bs,MLB,승①패,3,승①패,애틀브레 8,3 워싱내셔,08.02(일) 08:15,"1.80,3.55,3.20",홈승
2026-08-06T00:37:29+00:00,2026,90,9835,bs,MLB,핸디캡,2,H -2.5,애틀브레 5.5,3 워싱내셔,08.02(일) 08:15,"2.31,1.42",핸디승
2026-08-06T00:37:29+00:00,2026,90,9836,bs,MLB,언더오버,2,U 9.5,애틀브레,워싱내셔,08.02(일) 08:15,"1.72,1.80",오버
2026-08-06T00:37:29+00:00,2026,90,9837,bs,MLB,홀짝,2,,애틀브레,워싱내셔,08.02(일) 08:15,"1.56,2.02",홀
2026-08-06T00:37:29+00:00,2026,90,9838,sc,MLS,승무패,3,,FC신시내 4,2 새너어스,08.02(일) 08:30,"1.77,3.90,3.05",홈승
2026-08-06T00:37:29+00:00,2026,90,9839,sc,MLS,핸디캡,3,H -1.0,FC신시내 3,2 새너어스,08.02(일) 08:30,"2.80,3.90,1.87",핸디승
2026-08-06T00:37:29+00:00,2026,90,9840,sc,MLS,언더오버,2,U 3.5,FC신시내,새너어스,08.02(일) 08:30,"1.93,1.62",오버
2026-08-06T00:37:29+00:00,2026,90,9841,sc,MLS,홀짝,2,,FC신시내,새너어스,08.02(일) 08:30,"1.76,1.76",짝
2026-08-06T00:37:29+00:00,2026,90,9842,sc,MLS,승무패,3,,DC유나이 2,2 내슈빌SC,08.02(일) 08:30,"2.70,3.15,2.17",무승부
2026-08-06T00:37:29+00:00,2026,90,9843,sc,MLS,핸디캡,3,H +1.0,DC유나이 3,2 내슈빌SC,08.02(일) 08:30,"1.54,3.70,4.35",핸디승
2026-08-06T00:37:29+00:00,2026,90,9844,sc,MLS,언더오버,2,U 2.5,DC유나이,내슈빌SC,08.02(일) 08:30,"1.77,1.75",오버
2026-08-06T00:37:29+00:00,2026,90,9845,sc,MLS,홀짝,2,,DC유나이,내슈빌SC,08.02(일) 08:30,"1.77,1.75",짝
2026-08-06T00:37:29+00:00,2026,90,9846,sc,MLS,승무패,3,,인터마이 2,2 콜럼크루,08.02(일) 08:30,"1.49,4.10,4.25",무승부
2026-08-06T00:37:29+00:00,2026,90,9847,sc,MLS,핸디캡,3,H -1.0,인터마이 1,2 콜럼크루,08.02(일) 08:30,"2.19,4.20,2.20",핸디패
2026-08-06T00:37:29+00:00,2026,90,9848,sc,MLS,언더오버,2,U 3.5,인터마이,콜럼크루,08.02(일) 08:30,"1.82,1.70",오버
2026-08-06T00:37:29+00:00,2026,90,9849,sc,MLS,홀짝,2,,인터마이,콜럼크루,08.02(일) 08:30,"1.76,1.76",짝
2026-08-06T00:37:29+00:00,2026,90,9850,sc,MLS,승무패,3,,CF몽레알 2,2 뉴잉레벌,08.02(일) 08:30,"1.95,3.25,3.05",무승부
2026-08-06T00:37:29+00:00,2026,90,9851,sc,MLS,핸디캡,3,H -1.0,CF몽레알 1,2 뉴잉레벌,08.02(일) 08:30,"3.65,3.55,1.68",핸디패
2026-08-06T00:37:29+00:00,2026,90,9852,sc,MLS,언더오버,2,U 2.5,CF몽레알,뉴잉레벌,08.02(일) 08:30,"1.93,1.62",오버
2026-08-06T00:37:29+00:00,2026,90,9853,sc,MLS,홀짝,2,,CF몽레알,뉴잉레벌,08.02(일) 08:30,"1.77,1.75",짝
2026-08-06T00:37:29+00:00,2026,90,9854,sc,MLS,승무패,3,,뉴욕레드 3,2 올랜시티,08.02(일) 08:30,"2.12,3.70,2.45",홈승
2026-08-06T00:37:29+00:00,2026,90,9855,sc,MLS,핸디캡,3,H -1.0,뉴욕레드 2,2 올랜시티,08.02(일) 08:30,"4.00,3.95,1.55",핸디무
2026-08-06T00:37:29+00:00,2026,90,9856,sc,MLS,언더오버,2,U 3.5,뉴욕레드,올랜시티,08.02(일) 08:30,"1.82,1.70",오버
2026-08-06T00:37:29+00:00,2026,90,9857,sc,MLS,홀짝,2,,뉴욕레드,올랜시티,08.02(일) 08:30,"1.76,1.76",홀
2026-08-06T00:37:29+00:00,2026,90,9858,sc,MLS,승무패,3,,필라유니 3,2 애틀유나,08.02(일) 08:30,"1.50,3.85,4.50",홈승
2026-08-06T00:37:29+00:00,2026,90,9859,sc,MLS,핸디캡,3,H -1.0,필라유니 2,2 애틀유나,08.02(일) 08:30,"2.45,3.35,2.26",핸디무
2026-08-06T00:37:29+00:00,2026,90,9860,sc,MLS,언더오버,2,U 2.5,필라유니,애틀유나,08.02(일) 08:30,"2.11,1.51",오버
2026-08-06T00:37:29+00:00,2026,90,9861,sc,MLS,홀짝,2,,필라유니,애틀유나,08.02(일) 08:30,"1.76,1.76",홀
2026-08-06T00:37:29+00:00,2026,90,9862,sc,MLS,승무패,3,,밴쿠화이 1,1 LAFC,08.02(일) 08:30,"1.77,3.75,3.15",무승부
2026-08-06T00:37:29+00:00,2026,90,9863,sc,MLS,핸디캡,3,H -1.0,밴쿠화이 0,1 LAFC,08.02(일) 08:30,"2.85,4.20,1.78",핸디패
2026-08-06T00:37:29+00:00,2026,90,9864,sc,MLS,핸디캡,3,H -2.0,밴쿠화이 -1,1 LAFC,08.02(일) 08:30,"6.00,5.10,1.27",핸디패
2026-08-06T00:37:29+00:00,2026,90,9865,sc,MLS,언더오버,2,U 3.5,밴쿠화이,LAFC,08.02(일) 08:30,"1.54,2.05",언더
2026-08-06T00:37:29+00:00,2026,90,9866,sc,MLS,홀짝,2,,밴쿠화이,LAFC,08.02(일) 08:30,"1.76,1.76",짝
2026-08-06T00:37:29+00:00,2026,90,9867,bs,MLB,승패,2,,콜로로키 12,6 캔자로얄,08.02(일) 09:10,"1.72,1.80",홈승
2026-08-06T00:37:29+00:00,2026,90,9868,bs,MLB,승①패,3,승①패,콜로로키 12,6 캔자로얄,08.02(일) 09:10,"2.40,3.50,2.24",홈승
2026-08-06T00:37:29+00:00,2026,90,9869,bs,MLB,핸디캡,2,H -2.5,콜로로키 9.5,6 캔자로얄,08.02(일) 09:10,"3.03,1.24",핸디승
2026-08-06T00:37:29+00:00,2026,90,9870,bs,MLB,언더오버,2,U 11.5,콜로로키,캔자로얄,08.02(일) 09:10,"1.80,1.72",오버
2026-08-06T00:37:29+00:00,2026,90,9871,bs,MLB,홀짝,2,,콜로로키,캔자로얄,08.02(일) 09:10,"1.56,2.02",짝
2026-08-06T00:37:29+00:00,2026,90,9872,sc,MLS,승무패,3,,시카파이 2,1 샬럿FC,08.02(일) 09:30,"1.42,4.50,4.50",홈승
2026-08-06T00:37:29+00:00,2026,90,9873,sc,MLS,핸디캡,3,H -1.0,시카파이 1,1 샬럿FC,08.02(일) 09:30,"2.22,3.55,2.40",핸디무
2026-08-06T00:37:29+00:00,2026,90,9874,sc,MLS,언더오버,2,U 3.5,시카파이,샬럿FC,08.02(일) 09:30,"1.63,1.91",언더
2026-08-06T00:37:29+00:00,2026,90,9875,sc,MLS,홀짝,2,,시카파이,샬럿FC,08.02(일) 09:30,"1.76,1.76",홀
2026-08-06T00:37:29+00:00,2026,90,9876,sc,MLS,승무패,3,,스포캔자 0,2 휴스다이,08.02(일) 09:30,"2.85,3.35,2.00",홈패
2026-08-06T00:37:29+00:00,2026,90,9877,sc,MLS,핸디캡,3,H +1.0,스포캔자 1,2 휴스다이,08.02(일) 09:30,"1.63,3.70,3.75",핸디패
2026-08-06T00:37:29+00:00,2026,90,9878,sc,MLS,언더오버,2,U 2.5,스포캔자,휴스다이,08.02(일) 09:30,"2.11,1.51",언더
2026-08-06T00:37:29+00:00,2026,90,9879,sc,MLS,홀짝,2,,스포캔자,휴스다이,08.02(일) 09:30,"1.76,1.76",짝
2026-08-06T00:37:29+00:00,2026,90,9880,sc,MLS,승무패,3,,미네유나 1,1 샌디에FC,08.02(일) 09:30,"1.87,3.55,3.00",무승부
2026-08-06T00:37:29+00:00,2026,90,9881,sc,MLS,핸디캡,3,H -1.0,미네유나 0,1 샌디에FC,08.02(일) 09:30,"3.30,3.70,1.74",핸디패
2026-08-06T00:37:29+00:00,2026,90,9882,sc,MLS,언더오버,2,U 3.5,미네유나,샌디에FC,08.02(일) 09:30,"1.51,2.11",언더
2026-08-06T00:37:29+00:00,2026,90,9883,sc,MLS,홀짝,2,,미네유나,샌디에FC,08.02(일) 09:30,"1.76,1.76",짝
2026-08-06T00:37:29+00:00,2026,90,9884,sc,MLS,승무패,3,,세인시티 1,1 레알솔트,08.02(일) 09:30,"1.95,3.50,2.85",무승부
2026-08-06T00:37:29+00:00,2026,90,9885,sc,MLS,핸디캡,3,H -1.0,세인시티 0,1 레알솔트,08.02(일) 09:30,"3.50,3.80,1.67",핸디패
2026-08-06T00:37:29+00:00,2026,90,9886,sc,MLS,언더오버,2,U 3.5,세인시티,레알솔트,08.02(일) 09:30,"1.50,2.13",언더
2026-08-06T00:37:29+00:00,2026,90,9887,sc,MLS,홀짝,2,,세인시티,레알솔트,08.02(일) 09:30,"1.76,1.76",짝
2026-08-06T00:37:29+00:00,2026,90,9888,bs,MLB,승패,2,,샌디파드 6,5 샌프자이,08.02(일) 09:40,"1.57,2.00",홈승
2026-08-06T00:37:29+00:00,2026,90,9889,bs,MLB,승①패,3,승①패,샌디파드 6,5 샌프자이,08.02(일) 09:40,"2.18,3.35,2.55",①
2026-08-06T00:37:29+00:00,2026,90,9890,bs,MLB,핸디캡,2,H -2.5,샌디파드 3.5,5 샌프자이,08.02(일) 09:40,"2.97,1.25",핸디패
2026-08-06T00:37:29+00:00,2026,90,9891,bs,MLB,언더오버,2,U 8.5,샌디파드,샌프자이,08.02(일) 09:40,"1.84,1.69",오버
2026-08-06T00:37:29+00:00,2026,90,9892,bs,MLB,홀짝,2,,샌디파드,샌프자이,08.02(일) 09:40,"1.55,2.04",홀
2026-08-06T00:37:29+00:00,2026,90,9893,bs,MLB,승패,2,,LA다저스 2,3 보스레드,08.02(일) 10:10,"1.43,2.29",홈패
2026-08-06T00:37:29+00:00,2026,90,9894,bs,MLB,승①패,3,승①패,LA다저스 2,3 보스레드,08.02(일) 10:10,"1.94,3.45,2.90",①
2026-08-06T00:37:29+00:00,2026,90,9895,bs,MLB,핸디캡,2,H -2.5,LA다저스 -0.5,3 보스레드,08.02(일) 10:10,"2.68,1.31",핸디패
2026-08-06T00:37:29+00:00,2026,90,9896,bs,MLB,언더오버,2,U 8.5,LA다저스,보스레드,08.02(일) 10:10,"1.58,1.99",언더
2026-08-06T00:37:29+00:00,2026,90,9897,bs,MLB,홀짝,2,,LA다저스,보스레드,08.02(일) 10:10,"1.56,2.02",홀
2026-08-06T00:37:29+00:00,2026,90,9898,sc,MLS,승무패,3,,콜로래피 1,0 오스틴FC,08.02(일) 10:30,"1.64,3.55,3.90",홈승
2026-08-06T00:37:29+00:00,2026,90,9899,sc,MLS,핸디캡,3,H -1.0,콜로래피 0,0 오스틴FC,08.02(일) 10:30,"2.80,3.45,1.99",핸디무
2026-08-06T00:37:29+00:00,2026,90,9900,sc,MLS,언더오버,2,U 2.5,콜로래피,오스틴FC,08.02(일) 10:30,"2.09,1.52",언더
2026-08-06T00:37:29+00:00,2026,90,9901,sc,MLS,홀짝,2,,콜로래피,오스틴FC,08.02(일) 10:30,"1.76,1.76",홀
2026-08-06T00:37:29+00:00,2026,90,9902,bs,MLB,승패,2,,LA에인절 1,3 밀워브루,08.02(일) 10:38,"1.89,1.65",홈패
2026-08-06T00:37:29+00:00,2026,90,9903,bs,MLB,승①패,3,승①패,LA에인절 1,3 밀워브루,08.02(일) 10:38,"2.70,3.40,2.06",홈패
2026-08-06T00:37:29+00:00,2026,90,9904,bs,MLB,핸디캡,2,H +2.5,LA에인절 3.5,3 밀워브루,08.02(일) 10:38,"1.32,2.64",핸디승
2026-08-06T00:37:29+00:00,2026,90,9905,bs,MLB,언더오버,2,U 8.5,LA에인절,밀워브루,08.02(일) 10:38,"1.81,1.71",언더
2026-08-06T00:37:29+00:00,2026,90,9906,bs,MLB,홀짝,2,,LA에인절,밀워브루,08.02(일) 10:38,"1.55,2.04",짝
2026-08-06T00:37:29+00:00,2026,90,9907,bs,MLB,승패,2,,애슬레틱 6,8 디트타이,08.02(일) 10:40,"2.13,1.50",홈패
2026-08-06T00:37:29+00:00,2026,90,9908,bs,MLB,승①패,3,승①패,애슬레틱 6,8 디트타이,08.02(일) 10:40,"3.05,3.75,1.80",홈패
2026-08-06T00:37:29+00:00,2026,90,9909,bs,MLB,핸디캡,2,H +2.5,애슬레틱 8.5,8 디트타이,08.02(일) 10:40,"1.47,2.19",핸디승
2026-08-06T00:37:29+00:00,2026,90,9910,bs,MLB,언더오버,2,U 10.5,애슬레틱,디트타이,08.02(일) 10:40,"1.81,1.71",오버
2026-08-06T00:37:29+00:00,2026,90,9911,bs,MLB,홀짝,2,,애슬레틱,디트타이,08.02(일) 10:40,"1.56,2.02",짝
2026-08-06T00:37:29+00:00,2026,90,9912,bs,MLB,전반승무패,3,h(전반),애슬레틱 2,4 디트타이,08.02(일) 10:40,"2.35,6.60,1.75",홈패
2026-08-06T00:37:29+00:00,2026,90,9913,bs,MLB,전반핸디캡,2,h H +1.5,애슬레틱 3.5,4 디트타이,08.02(일) 10:40,"1.39,2.40",핸디패
2026-08-06T00:37:29+00:00,2026,90,9914,bs,MLB,전반언더오버,2,h U 5.5,애슬레틱,디트타이,08.02(일) 10:40,"1.81,1.71",오버
2026-08-06T00:37:29+00:00,2026,90,9915,sc,MLS,승무패,3,,LA갤럭시 0,0 FC댈러스,08.02(일) 11:30,"2.06,3.50,2.65",무승부
2026-08-06T00:37:29+00:00,2026,90,9916,sc,MLS,핸디캡,3,H -1.0,LA갤럭시 -1,0 FC댈러스,08.02(일) 11:30,"3.75,3.90,1.60",핸디패
2026-08-06T00:37:29+00:00,2026,90,9917,sc,MLS,언더오버,2,U 3.5,LA갤럭시,FC댈러스,08.02(일) 11:30,"1.52,2.09",언더
2026-08-06T00:37:29+00:00,2026,90,9918,sc,MLS,홀짝,2,,LA갤럭시,FC댈러스,08.02(일) 11:30,"1.76,1.76",짝
2026-08-06T00:37:29+00:00,2026,90,9919,sc,MLS,승무패,3,,포틀팀버 2,1 시애사운,08.02(일) 11:45,"1.87,3.55,3.00",홈승
2026-08-06T00:37:29+00:00,2026,90,9920,sc,MLS,핸디캡,3,H -1.0,포틀팀버 1,1 시애사운,08.02(일) 11:45,"3.20,3.75,1.75",핸디무
2026-08-06T00:37:29+00:00,2026,90,9921,sc,MLS,언더오버,2,U 3.5,포틀팀버,시애사운,08.02(일) 11:45,"1.61,1.94",언더
2026-08-06T00:37:29+00:00,2026,90,9922,sc,MLS,홀짝,2,,포틀팀버,시애사운,08.02(일) 11:45,"1.76,1.76",홀
2026-08-06T00:37:29+00:00,2026,90,9923,bs,NPB,승패,2,,닛폰햄 3,0 지바롯데,08.02(일) 13:00,"1.50,2.13",홈승
2026-08-06T00:37:29+00:00,2026,90,9924,bs,NPB,승①패,3,승①패,닛폰햄 3,0 지바롯데,08.02(일) 13:00,"2.21,2.80,2.95",홈승
2026-08-06T00:37:29+00:00,2026,90,9925,bs,NPB,핸디캡,2,H -2.5,닛폰햄 0.5,0 지바롯데,08.02(일) 13:00,"2.97,1.25",핸디승
2026-08-06T00:37:29+00:00,2026,90,9926,bs,NPB,언더오버,2,U 7.5,닛폰햄,지바롯데,08.02(일) 13:00,"1.78,1.74",언더
2026-08-06T00:37:29+00:00,2026,90,9927,bs,NPB,홀짝,2,,닛폰햄,지바롯데,08.02(일) 13:00,"1.61,1.94",홀
2026-08-06T00:37:29+00:00,2026,90,9928,bs,KBO,승패,2,,키움 5,3 SSG,08.02(일) 14:00,"2.40,1.39",홈승
2026-08-06T00:37:29+00:00,2026,90,9929,bs,KBO,승①패,3,승①패,키움 5,3 SSG,08.02(일) 14:00,"3.65,3.40,1.72",홈승
2026-08-06T00:37:29+00:00,2026,90,9930,bs,KBO,핸디캡,2,H +2.5,키움 7.5,3 SSG,08.02(일) 14:00,"1.48,2.17",핸디승
2026-08-06T00:37:29+00:00,2026,90,9931,bs,KBO,언더오버,2,U 8.5,키움,SSG,08.02(일) 14:00,"1.74,1.78",언더
2026-08-06T00:37:29+00:00,2026,90,9932,bs,KBO,홀짝,2,,키움,SSG,08.02(일) 14:00,"1.59,1.97",짝
2026-08-06T00:37:29+00:00,2026,90,9933,bs,KBO,전반승무패,3,h(전반),키움 3,2 SSG,08.02(일) 14:00,"2.75,6.10,1.61",홈승
2026-08-06T00:37:29+00:00,2026,90,9934,bs,KBO,전반핸디캡,2,h H +1.5,키움 4.5,2 SSG,08.02(일) 14:00,"1.49,2.15",핸디승
2026-08-06T00:37:29+00:00,2026,90,9935,bs,KBO,전반언더오버,2,h U 4.5,키움,SSG,08.02(일) 14:00,"1.71,1.81",오버
2026-08-06T00:37:29+00:00,2026,90,9936,bs,NPB,승패,2,,요미우리 1,2 요코베이,08.02(일) 14:00,"1.67,1.86",홈패
2026-08-06T00:37:29+00:00,2026,90,9937,bs,NPB,승①패,3,승①패,요미우리 1,2 요코베이,08.02(일) 14:00,"2.65,2.65,2.54",①
2026-08-06T00:37:29+00:00,2026,90,9938,bs,NPB,핸디캡,2,H -2.5,요미우리 -1.5,2 요코베이,08.02(일) 14:00,"3.65,1.16",핸디패
2026-08-06T00:37:29+00:00,2026,90,9939,bs,NPB,언더오버,2,U 6.5,요미우리,요코베이,08.02(일) 14:00,"1.71,1.81",언더
2026-08-06T00:37:29+00:00,2026,90,9940,bs,NPB,홀짝,2,,요미우리,요코베이,08.02(일) 14:00,"1.61,1.94",홀
2026-08-06T00:37:29+00:00,2026,90,9941,bs,NPB,승패,2,,라쿠텐 6,10 소프트뱅,08.02(일) 16:00,"2.31,1.42",홈패
2026-08-06T00:37:29+00:00,2026,90,9942,bs,NPB,승①패,3,승①패,라쿠텐 6,10 소프트뱅,08.02(일) 16:00,"3.95,3.20,1.71",홈패
2026-08-06T00:37:29+00:00,2026,90,9943,bs,NPB,핸디캡,2,H +2.5,라쿠텐 8.5,10 소프트뱅,08.02(일) 16:00,"1.42,2.31",핸디패
2026-08-06T00:37:29+00:00,2026,90,9944,bs,NPB,언더오버,2,U 7.5,라쿠텐,소프트뱅,08.02(일) 16:00,"1.72,1.80",오버
2026-08-06T00:37:29+00:00,2026,90,9945,bs,NPB,홀짝,2,,라쿠텐,소프트뱅,08.02(일) 16:00,"1.61,1.94",짝
2026-08-06T00:37:29+00:00,2026,90,9946,vl,남배네이,승패,2,,일본M 1,3 슬로베M,08.02(일) 16:40,"1.27,2.87",홈패
2026-08-06T00:37:29+00:00,2026,90,9947,vl,남배네이,핸디캡,2,H -1.5,일본M -0.5,3 슬로베M,08.02(일) 16:40,"1.70,1.82",핸디패
2026-08-06T00:37:29+00:00,2026,90,9948,vl,남배네이,언더오버,2,U 183.5,일본M,슬로베M,08.02(일) 16:40,"1.81,1.71",오버
2026-08-06T00:37:29+00:00,2026,90,9949,vl,남배네이,홀짝,2,,일본M,슬로베M,08.02(일) 16:40,"1.76,1.76",짝
2026-08-06T00:37:29+00:00,2026,90,9950,bs,NPB,승패,2,,세이부 5,1 오릭스,08.02(일) 17:00,"1.49,2.15",홈승
2026-08-06T00:37:29+00:00,2026,90,9951,bs,NPB,승①패,3,승①패,세이부 5,1 오릭스,08.02(일) 17:00,"2.25,2.65,3.05",홈승
2026-08-06T00:37:29+00:00,2026,90,9952,bs,NPB,핸디캡,2,H -2.5,세이부 2.5,1 오릭스,08.02(일) 17:00,"2.97,1.25",핸디승
2026-08-06T00:37:29+00:00,2026,90,9953,bs,NPB,언더오버,2,U 6.5,세이부,오릭스,08.02(일) 17:00,"1.78,1.74",언더
2026-08-06T00:37:29+00:00,2026,90,9954,bs,NPB,홀짝,2,,세이부,오릭스,08.02(일) 17:00,"1.61,1.94",짝
2026-08-06T00:37:29+00:00,2026,90,9955,bs,KBO,승패,2,,두산 8,3 LG,08.02(일) 18:00,"1.77,1.75",홈승
2026-08-06T00:37:29+00:00,2026,90,9956,bs,KBO,승①패,3,승①패,두산 8,3 LG,08.02(일) 18:00,"2.60,3.10,2.26",홈승
2026-08-06T00:37:29+00:00,2026,90,9957,bs,KBO,핸디캡,2,H +2.5,두산 10.5,3 LG,08.02(일) 18:00,"1.24,3.03",핸디승
2026-08-06T00:37:29+00:00,2026,90,9958,bs,KBO,언더오버,2,U 7.5,두산,LG,08.02(일) 18:00,"1.87,1.66",오버
2026-08-06T00:37:29+00:00,2026,90,9959,bs,KBO,홀짝,2,,두산,LG,08.02(일) 18:00,"1.59,1.97",홀
2026-08-06T00:37:29+00:00,2026,90,9960,bs,KBO,전반승무패,3,h(전반),두산 6,3 LG,08.02(일) 18:00,"2.15,5.00,2.06",홈승
2026-08-06T00:37:29+00:00,2026,90,9961,bs,KBO,전반핸디캡,2,h H +1.5,두산 7.5,3 LG,08.02(일) 18:00,"1.27,2.87",핸디승
2026-08-06T00:37:29+00:00,2026,90,9962,bs,KBO,전반언더오버,2,h U 4.5,두산,LG,08.02(일) 18:00,"1.64,1.90",오버
2026-08-06T00:37:29+00:00,2026,90,9971,bs,KBO,승패,2,,KT 12,1 한화,08.02(일) 18:00,"1.69,1.84",홈승
2026-08-06T00:37:29+00:00,2026,90,9972,bs,KBO,승①패,3,승①패,KT 12,1 한화,08.02(일) 18:00,"2.35,3.40,2.33",홈승
2026-08-06T00:37:29+00:00,2026,90,9973,bs,KBO,핸디캡,2,H -2.5,KT 9.5,1 한화,08.02(일) 18:00,"3.03,1.24",핸디승
2026-08-06T00:37:29+00:00,2026,90,9974,bs,KBO,언더오버,2,U 9.5,KT,한화,08.02(일) 18:00,"1.73,1.79",오버
2026-08-06T00:37:29+00:00,2026,90,9975,bs,KBO,홀짝,2,,KT,한화,08.02(일) 18:00,"1.58,1.99",홀
2026-08-06T00:37:29+00:00,2026,90,9976,bs,KBO,전반승무패,3,h(전반),KT 1,0 한화,08.02(일) 18:00,"2.00,5.80,2.10",홈승
2026-08-06T00:37:29+00:00,2026,90,9977,bs,KBO,전반핸디캡,2,h H -1.5,KT -0.5,0 한화,08.02(일) 18:00,"2.72,1.30",핸디패
2026-08-06T00:37:29+00:00,2026,90,9978,bs,KBO,전반언더오버,2,h U 5.5,KT,한화,08.02(일) 18:00,"1.65,1.89",언더
2026-08-06T00:37:29+00:00,2026,90,9979,bs,KBO,승패,2,,NC,KIA,08.02(일) 18:00,"1.00,1.00",취소
2026-08-06T00:37:29+00:00,2026,90,9980,bs,KBO,승①패,3,승①패,NC,KIA,08.02(일) 18:00,"1.00,1.00,1.00",취소
2026-08-06T00:37:29+00:00,2026,90,9981,bs,KBO,핸디캡,2,H -2.5,NC,KIA,08.02(일) 18:00,"1.00,1.00",취소
2026-08-06T00:37:29+00:00,2026,90,9982,bs,KBO,언더오버,2,U 9.5,NC,KIA,08.02(일) 18:00,"1.00,1.00",취소
2026-08-06T00:37:29+00:00,2026,90,9983,bs,KBO,홀짝,2,,NC,KIA,08.02(일) 18:00,"1.00,1.00",취소
2026-08-06T00:37:29+00:00,2026,90,9984,bs,KBO,전반승무패,3,h(전반),NC,KIA,08.02(일) 18:00,"1.00,1.00,1.00",취소
2026-08-06T00:37:29+00:00,2026,90,9985,bs,KBO,전반핸디캡,2,h H -1.5,NC,KIA,08.02(일) 18:00,"1.00,1.00",취소
2026-08-06T00:37:29+00:00,2026,90,9986,bs,KBO,전반언더오버,2,h U 5.5,NC,KIA,08.02(일) 18:00,"1.00,1.00",취소
2026-08-06T00:37:29+00:00,2026,90,9987,bs,NPB,승패,2,,야쿠르트 3,4 한신,08.02(일) 18:00,"2.24,1.45",홈패
2026-08-06T00:37:29+00:00,2026,90,9988,bs,NPB,승①패,3,승①패,야쿠르트 3,4 한신,08.02(일) 18:00,"3.80,2.90,1.85",①
2026-08-06T00:37:29+00:00,2026,90,9989,bs,NPB,핸디캡,2,H +2.5,야쿠르트 5.5,4 한신,08.02(일) 18:00,"1.37,2.46",핸디승
2026-08-06T00:37:29+00:00,2026,90,9990,bs,NPB,언더오버,2,U 8.5,야쿠르트,한신,08.02(일) 18:00,"1.76,1.76",언더
2026-08-06T00:37:29+00:00,2026,90,9991,bs,NPB,홀짝,2,,야쿠르트,한신,08.02(일) 18:00,"1.61,1.94",홀
2026-08-06T00:37:29+00:00,2026,90,9992,bs,NPB,승패,2,,히로카프 4,3 주니치,08.02(일) 18:00,"1.73,1.79",홈승
2026-08-06T00:37:29+00:00,2026,90,9993,bs,NPB,승①패,3,승①패,히로카프 4,3 주니치,08.02(일) 18:00,"2.70,2.75,2.41",①
2026-08-06T00:37:29+00:00,2026,90,9994,bs,NPB,핸디캡,2,H -2.5,히로카프 1.5,3 주니치,08.02(일) 18:00,"3.75,1.15",핸디패
2026-08-06T00:37:29+00:00,2026,90,9995,bs,NPB,언더오버,2,U 7.5,히로카프,주니치,08.02(일) 18:00,"1.70,1.82",언더
2026-08-06T00:37:29+00:00,2026,90,9996,bs,NPB,홀짝,2,,히로카프,주니치,08.02(일) 18:00,"1.61,1.94",홀
2026-08-06T00:37:29+00:00,2026,90,9963,bs,KBO,승패,2,,롯데 10,7 삼성,08.02(일) 18:30,"2.09,1.52",홈승
2026-08-06T00:37:29+00:00,2026,90,9964,bs,KBO,승①패,3,승①패,롯데 10,7 삼성,08.02(일) 18:30,"3.10,3.70,1.80",홈승
2026-08-06T00:37:29+00:00,2026,90,9965,bs,KBO,핸디캡,2,H +2.5,롯데 12.5,7 삼성,08.02(일) 18:30,"1.48,2.17",핸디승
2026-08-06T00:37:29+00:00,2026,90,9966,bs,KBO,언더오버,2,U 10.5,롯데,삼성,08.02(일) 18:30,"1.73,1.79",오버
2026-08-06T00:37:29+00:00,2026,90,9967,bs,KBO,홀짝,2,,롯데,삼성,08.02(일) 18:30,"1.58,1.99",홀
2026-08-06T00:37:29+00:00,2026,90,9968,bs,KBO,전반승무패,3,h(전반),롯데 7,0 삼성,08.02(일) 18:30,"2.35,6.30,1.77",홈승
2026-08-06T00:37:29+00:00,2026,90,9969,bs,KBO,전반핸디캡,2,h H +1.5,롯데 8.5,0 삼성,08.02(일) 18:30,"1.48,2.17",핸디승
2026-08-06T00:37:29+00:00,2026,90,9970,bs,KBO,전반언더오버,2,h U 5.5,롯데,삼성,08.02(일) 18:30,"1.86,1.67",오버
2026-08-06T00:37:29+00:00,2026,90,9997,sc,K리그1,승무패,3,,울산HDFC 3,1 FC안양,08.02(일) 19:30,"1.91,3.20,3.20",홈승
2026-08-06T00:37:29+00:00,2026,90,9998,sc,K리그1,핸디캡,3,H -1.0,울산HDFC 2,1 FC안양,08.02(일) 19:30,"3.80,3.25,1.73",핸디승
2026-08-06T00:37:29+00:00,2026,90,9999,sc,K리그1,핸디캡,3,H -2.0,울산HDFC 1,1 FC안양,08.02(일) 19:30,"7.30,5.20,1.22",핸디무
2026-08-06T00:37:29+00:00,2026,90,0001,sc,K리그1,언더오버,2,U 2.5,울산HDFC,FC안양,08.02(일) 19:30,"1.96,1.60",오버
2026-08-06T00:37:29+00:00,2026,90,0002,sc,K리그1,홀짝,2,,울산HDFC,FC안양,08.02(일) 19:30,"1.77,1.75",짝
2026-08-06T00:37:29+00:00,2026,90,0003,sc,K리그1,전반승무패,3,h(전반),울산HDFC 0,0 FC안양,08.02(일) 19:30,"2.35,2.17,3.80",무승부
2026-08-06T00:37:29+00:00,2026,90,0004,sc,K리그1,전반핸디캡,3,h H -1.0,울산HDFC -1,0 FC안양,08.02(일) 19:30,"6.40,3.45,1.42",핸디패
2026-08-06T00:37:29+00:00,2026,90,0005,sc,K리그1,전반언더오버,2,h U 1.5,울산HDFC,FC안양,08.02(일) 19:30,"1.38,2.43",언더
2026-08-06T00:37:29+00:00,2026,90,0006,sc,K리그1,승무패,3,,대전하나 2,0 광주FC,08.02(일) 19:30,"1.45,3.60,5.50",홈승
2026-08-06T00:37:29+00:00,2026,90,0007,sc,K리그1,핸디캡,3,H -1.0,대전하나 1,0 광주FC,08.02(일) 19:30,"2.45,3.10,2.39",핸디승
2026-08-06T00:37:29+00:00,2026,90,0008,sc,K리그1,핸디캡,3,H -2.0,대전하나 0,0 광주FC,08.02(일) 19:30,"4.65,3.95,1.47",핸디무
2026-08-06T00:37:29+00:00,2026,90,0009,sc,K리그1,언더오버,2,U 2.5,대전하나,광주FC,08.02(일) 19:30,"1.89,1.65",언더
2026-08-06T00:37:29+00:00,2026,90,0010,sc,K리그1,홀짝,2,,대전하나,광주FC,08.02(일) 19:30,"1.77,1.75",짝
2026-08-06T00:37:29+00:00,2026,90,0011,sc,K리그1,전반승무패,3,h(전반),대전하나 0,0 광주FC,08.02(일) 19:30,"1.95,2.20,5.50",무승부
2026-08-06T00:37:29+00:00,2026,90,0012,sc,K리그1,전반핸디캡,3,h H -1.0,대전하나 -1,0 광주FC,08.02(일) 19:30,"4.55,3.05,1.66",핸디패
2026-08-06T00:37:29+00:00,2026,90,0013,sc,K리그1,전반언더오버,2,h U 1.5,대전하나,광주FC,08.02(일) 19:30,"1.39,2.40",언더
2026-08-06T00:37:29+00:00,2026,90,0014,sc,K리그1,승무패,3,,제주SKFC 3,3 인천유나,08.02(일) 19:30,"2.75,2.85,2.30",무승부
2026-08-06T00:37:29+00:00,2026,90,0015,sc,K리그1,핸디캡,3,H +1.0,제주SKFC 4,3 인천유나,08.02(일) 19:30,"1.48,3.60,5.10",핸디승
2026-08-06T00:37:29+00:00,2026,90,0016,sc,K리그1,핸디캡,3,H +2.0,제주SKFC 5,3 인천유나,08.02(일) 19:30,"1.07,7.00,14.00",핸디승
2026-08-06T00:37:29+00:00,2026,90,0017,sc,K리그1,언더오버,2,U 2.5,제주SKFC,인천유나,08.02(일) 19:30,"1.47,2.19",오버
2026-08-06T00:37:29+00:00,2026,90,0018,sc,K리그1,홀짝,2,,제주SKFC,인천유나,08.02(일) 19:30,"1.78,1.74",짝
2026-08-06T00:37:29+00:00,2026,90,0019,sc,K리그1,전반승무패,3,h(전반),제주SKFC 2,2 인천유나,08.02(일) 19:30,"3.60,1.80,3.15",무승부
2026-08-06T00:37:29+00:00,2026,90,0020,sc,K리그1,전반핸디캡,3,h H +1.0,제주SKFC 3,2 인천유나,08.02(일) 19:30,"1.24,4.05,10.50",핸디승
2026-08-06T00:37:29+00:00,2026,90,0021,sc,K리그1,전반언더오버,2,h U 1.5,제주SKFC,인천유나,08.02(일) 19:30,"1.23,3.09",오버
2026-08-06T00:37:29+00:00,2026,90,0022,sc,K리그2,승무패,3,,부산아이 1,2 서울이랜,08.02(일) 19:30,"2.50,3.15,2.31",홈패
2026-08-06T00:37:29+00:00,2026,90,0023,sc,K리그2,핸디캡,3,H +1.0,부산아이 2,2 서울이랜,08.02(일) 19:30,"1.50,3.80,4.55",핸디무
2026-08-06T00:37:29+00:00,2026,90,0024,sc,K리그2,언더오버,2,U 2.5,부산아이,서울이랜,08.02(일) 19:30,"2.09,1.52",오버
2026-08-06T00:37:29+00:00,2026,90,0025,sc,K리그2,홀짝,2,,부산아이,서울이랜,08.02(일) 19:30,"1.76,1.76",홀
2026-08-06T00:37:29+00:00,2026,90,0026,sc,K리그2,승무패,3,,김포FC 1,1 경남FC,08.02(일) 19:30,"1.95,2.85,3.50",무승부
2026-08-06T00:37:29+00:00,2026,90,0027,sc,K리그2,핸디캡,3,H -1.0,김포FC 0,1 경남FC,08.02(일) 19:30,"3.85,3.25,1.72",핸디패
2026-08-06T00:37:29+00:00,2026,90,0028,sc,K리그2,언더오버,2,U 2.5,김포FC,경남FC,08.02(일) 19:30,"1.57,2.00",언더
2026-08-06T00:37:29+00:00,2026,90,0029,sc,K리그2,홀짝,2,,김포FC,경남FC,08.02(일) 19:30,"1.77,1.75",짝
2026-08-06T00:37:29+00:00,2026,90,0030,sc,K리그2,승무패,3,,전남드래 1,2 파주프런,08.02(일) 19:30,"2.07,3.10,2.90",홈패
2026-08-06T00:37:29+00:00,2026,90,0031,sc,K리그2,핸디캡,3,H -1.0,전남드래 0,2 파주프런,08.02(일) 19:30,"4.15,3.45,1.62",핸디패
2026-08-06T00:37:29+00:00,2026,90,0032,sc,K리그2,언더오버,2,U 2.5,전남드래,파주프런,08.02(일) 19:30,"1.81,1.71",오버
2026-08-06T00:37:29+00:00,2026,90,0033,sc,K리그2,홀짝,2,,전남드래,파주프런,08.02(일) 19:30,"1.77,1.75",홀
2026-08-06T00:37:29+00:00,2026,90,0034,sc,K리그2,승무패,3,,안산그리 2,2 김해FC,08.02(일) 19:30,"2.39,3.10,2.45",무승부
2026-08-06T00:37:29+00:00,2026,90,0035,sc,K리그2,핸디캡,3,H -1.0,안산그리 1,2 김해FC,08.02(일) 19:30,"5.10,3.85,1.44",핸디패
2026-08-06T00:37:29+00:00,2026,90,0036,sc,K리그2,언더오버,2,U 2.5,안산그리,김해FC,08.02(일) 19:30,"1.77,1.75",오버
2026-08-06T00:37:29+00:00,2026,90,0037,sc,K리그2,홀짝,2,,안산그리,김해FC,08.02(일) 19:30,"1.77,1.75",짝
2026-08-06T00:37:29+00:00,2026,90,0038,vl,남배네이,승패,2,,미국M 2,3 폴란드M,08.02(일) 20:30,"2.68,1.31",홈패
2026-08-06T00:37:29+00:00,2026,90,0039,vl,남배네이,핸디캡,2,H +1.5,미국M 3.5,3 폴란드M,08.02(일) 20:30,"1.76,1.76",핸디승
2026-08-06T00:37:29+00:00,2026,90,0040,vl,남배네이,언더오버,2,U 183.5,미국M,폴란드M,08.02(일) 20:30,"1.81,1.71",오버
2026-08-06T00:37:29+00:00,2026,90,0041,vl,남배네이,홀짝,2,,미국M,폴란드M,08.02(일) 20:30,"1.76,1.76",홀
2026-08-06T00:37:29+00:00,2026,90,0042,sc,엘리테세,승무패,3,,KFUM카메 2,1 크리스티,08.03(월) 00:00,"1.60,3.55,4.10",홈승
2026-08-06T00:37:29+00:00,2026,90,0043,sc,엘리테세,핸디캡,3,H -1.0,KFUM카메 1,1 크리스티,08.03(월) 00:00,"2.70,3.40,2.06",핸디무
2026-08-06T00:37:29+00:00,2026,90,0044,sc,엘리테세,언더오버,2,U 2.5,KFUM카메,크리스티,08.03(월) 00:00,"2.02,1.56",오버
2026-08-06T00:37:29+00:00,2026,90,0045,sc,엘리테세,홀짝,2,,KFUM카메,크리스티,08.03(월) 00:00,"1.76,1.76",홀
2026-08-06T00:37:29+00:00,2026,90,0046,sc,엘리테세,승무패,3,,몰데FK 3,3 사릅스보,08.03(월) 00:00,"1.52,3.95,4.20",무승부
2026-08-06T00:37:29+00:00,2026,90,0047,sc,엘리테세,핸디캡,3,H -1.0,몰데FK 2,3 사릅스보,08.03(월) 00:00,"2.40,3.60,2.20",핸디패
2026-08-06T00:37:29+00:00,2026,90,0048,sc,엘리테세,언더오버,2,U 3.5,몰데FK,사릅스보,08.03(월) 00:00,"1.64,1.90",오버
2026-08-06T00:37:29+00:00,2026,90,0049,sc,엘리테세,홀짝,2,,몰데FK,사릅스보,08.03(월) 00:00,"1.76,1.76",짝
2026-08-06T00:37:29+00:00,2026,90,0050,sc,엘리테세,승무패,3,,올레순FK 2,6 트롬쇠IL,08.03(월) 00:00,"3.45,3.35,1.78",홈패
2026-08-06T00:37:29+00:00,2026,90,0051,sc,엘리테세,핸디캡,3,H +1.0,올레순FK 3,6 트롬쇠IL,08.03(월) 00:00,"1.83,3.45,3.20",핸디패
2026-08-06T00:37:29+00:00,2026,90,0052,sc,엘리테세,언더오버,2,U 2.5,올레순FK,트롬쇠IL,08.03(월) 00:00,"1.96,1.60",오버
2026-08-06T00:37:29+00:00,2026,90,0053,sc,엘리테세,홀짝,2,,올레순FK,트롬쇠IL,08.03(월) 00:00,"1.77,1.75",짝
2026-08-06T00:37:29+00:00,2026,90,0054,sc,네슈퍼컵,승무패,3,,PSV 0,4 알크마르,08.03(월) 01:00,"1.44,4.15,4.65",홈패
2026-08-06T00:37:29+00:00,2026,90,0055,sc,네슈퍼컵,핸디캡,3,H -1.0,PSV -1,4 알크마르,08.03(월) 01:00,"2.20,3.60,2.40",핸디패
2026-08-06T00:37:29+00:00,2026,90,0056,sc,네슈퍼컵,언더오버,2,U 3.5,PSV,알크마르,08.03(월) 01:00,"1.73,1.79",오버
2026-08-06T00:37:29+00:00,2026,90,0057,sc,네슈퍼컵,홀짝,2,,PSV,알크마르,08.03(월) 01:00,"1.76,1.76",짝
2026-08-06T00:37:29+00:00,2026,90,0058,sc,엘리테세,승무패,3,,SK브란 3,2 로센보르,08.03(월) 02:15,"1.89,3.55,2.95",홈승
2026-08-06T00:37:29+00:00,2026,90,0059,sc,엘리테세,핸디캡,3,H -1.0,SK브란 2,2 로센보르,08.03(월) 02:15,"3.35,3.65,1.73",핸디무
2026-08-06T00:37:29+00:00,2026,90,0060,sc,엘리테세,언더오버,2,U 3.5,SK브란,로센보르,08.03(월) 02:15,"1.57,2.00",오버
2026-08-06T00:37:29+00:00,2026,90,0061,sc,엘리테세,홀짝,2,,SK브란,로센보르,08.03(월) 02:15,"1.76,1.76",홀
2026-08-06T00:37:29+00:00,2026,90,0062,bs,MLB,승패,2,,볼티오리 0,8 필라필리,08.03(월) 02:35,"2.00,1.57",홈패
2026-08-06T00:37:29+00:00,2026,90,0063,bs,MLB,승①패,3,승①패,볼티오리 0,8 필라필리,08.03(월) 02:35,"3.05,3.25,1.95",홈패
2026-08-06T00:37:29+00:00,2026,90,0064,bs,MLB,핸디캡,2,H +2.5,볼티오리 2.5,8 필라필리,08.03(월) 02:35,"1.33,2.60",핸디패
2026-08-06T00:37:29+00:00,2026,90,0065,bs,MLB,언더오버,2,U 7.5,볼티오리,필라필리,08.03(월) 02:35,"1.77,1.75",오버
2026-08-06T00:37:29+00:00,2026,90,0066,bs,MLB,홀짝,2,,볼티오리,필라필리,08.03(월) 02:35,"1.55,2.04",짝
2026-08-06T00:37:29+00:00,2026,90,0067,bs,MLB,승패,2,,애틀브레 4,2 워싱내셔,08.03(월) 02:35,"1.64,1.90",홈승
2026-08-06T00:37:29+00:00,2026,90,0068,bs,MLB,승①패,3,승①패,애틀브레 4,2 워싱내셔,08.03(월) 02:35,"2.33,3.30,2.40",홈승
2026-08-06T00:37:29+00:00,2026,90,0069,bs,MLB,핸디캡,2,H -2.5,애틀브레 1.5,2 워싱내셔,08.03(월) 02:35,"3.16,1.22",핸디패
2026-08-06T00:37:29+00:00,2026,90,0070,bs,MLB,언더오버,2,U 8.5,애틀브레,워싱내셔,08.03(월) 02:35,"1.80,1.72",언더
2026-08-06T00:37:29+00:00,2026,90,0071,bs,MLB,홀짝,2,,애틀브레,워싱내셔,08.03(월) 02:35,"1.55,2.04",짝
2026-08-06T00:37:29+00:00,2026,90,0072,bs,MLB,승패,2,,토론블루 1,5 세인카디,08.03(월) 02:37,"1.71,1.81",홈패
2026-08-06T00:37:29+00:00,2026,90,0073,bs,MLB,승①패,3,승①패,토론블루 1,5 세인카디,08.03(월) 02:37,"2.40,3.35,2.30",홈패
2026-08-06T00:37:29+00:00,2026,90,0074,bs,MLB,핸디캡,2,H -2.5,토론블루 -1.5,5 세인카디,08.03(월) 02:37,"3.38,1.19",핸디패
2026-08-06T00:37:29+00:00,2026,90,0075,bs,MLB,언더오버,2,U 9.5,토론블루,세인카디,08.03(월) 02:37,"1.61,1.94",언더
2026-08-06T00:37:29+00:00,2026,90,0076,bs,MLB,홀짝,2,,토론블루,세인카디,08.03(월) 02:37,"1.55,2.04",짝
2026-08-06T00:37:29+00:00,2026,90,0077,bs,MLB,승패,2,,탬파레이 1,9 시카화이,08.03(월) 02:40,"1.52,2.09",홈패
2026-08-06T00:37:29+00:00,2026,90,0078,bs,MLB,승①패,3,승①패,탬파레이 1,9 시카화이,08.03(월) 02:40,"2.10,3.30,2.70",홈패
2026-08-06T00:37:29+00:00,2026,90,0079,bs,MLB,핸디캡,2,H -2.5,탬파레이 -1.5,9 시카화이,08.03(월) 02:40,"2.87,1.27",핸디패
2026-08-06T00:37:29+00:00,2026,90,0080,bs,MLB,언더오버,2,U 7.5,탬파레이,시카화이,08.03(월) 02:40,"1.78,1.74",오버
2026-08-06T00:37:29+00:00,2026,90,0081,bs,MLB,홀짝,2,,탬파레이,시카화이,08.03(월) 02:40,"1.55,2.04",짝
2026-08-06T00:37:29+00:00,2026,90,0082,bs,MLB,승패,2,,뉴욕메츠 0,2 마이말린,08.03(월) 02:40,"1.90,1.64",홈패
2026-08-06T00:37:29+00:00,2026,90,0083,bs,MLB,승①패,3,승①패,뉴욕메츠 0,2 마이말린,08.03(월) 02:40,"2.75,3.40,2.03",홈패
2026-08-06T00:37:29+00:00,2026,90,0084,bs,MLB,핸디캡,2,H +2.5,뉴욕메츠 2.5,2 마이말린,08.03(월) 02:40,"1.28,2.82",핸디승
2026-08-06T00:37:29+00:00,2026,90,0085,bs,MLB,언더오버,2,U 8.5,뉴욕메츠,마이말린,08.03(월) 02:40,"1.81,1.71",언더
2026-08-06T00:37:29+00:00,2026,90,0086,bs,MLB,홀짝,2,,뉴욕메츠,마이말린,08.03(월) 02:40,"1.55,2.04",짝
2026-08-06T00:37:29+00:00,2026,90,0087,bs,MLB,승패,2,,클리가디 5,0 애리다이,08.03(월) 02:40,"1.54,2.05",홈승
2026-08-06T00:37:29+00:00,2026,90,0088,bs,MLB,승①패,3,승①패,클리가디 5,0 애리다이,08.03(월) 02:40,"2.15,3.25,2.65",홈승
2026-08-06T00:37:29+00:00,2026,90,0089,bs,MLB,핸디캡,2,H -2.5,클리가디 2.5,0 애리다이,08.03(월) 02:40,"2.92,1.26",핸디승
2026-08-06T00:37:29+00:00,2026,90,0090,bs,MLB,언더오버,2,U 7.5,클리가디,애리다이,08.03(월) 02:40,"1.87,1.66",언더
2026-08-06T00:37:29+00:00,2026,90,0091,bs,MLB,홀짝,2,,클리가디,애리다이,08.03(월) 02:40,"1.55,2.04",홀
2026-08-06T00:37:29+00:00,2026,90,0092,bs,MLB,승패,2,,신시레즈 10,2 피츠파이,08.03(월) 02:40,"1.50,2.13",홈승
2026-08-06T00:37:29+00:00,2026,90,0093,bs,MLB,승①패,3,승①패,신시레즈 10,2 피츠파이,08.03(월) 02:40,"2.05,3.35,2.75",홈승
2026-08-06T00:37:29+00:00,2026,90,0094,bs,MLB,핸디캡,2,H -2.5,신시레즈 7.5,2 피츠파이,08.03(월) 02:40,"2.77,1.29",핸디승
2026-08-06T00:37:29+00:00,2026,90,0095,bs,MLB,언더오버,2,U 8.5,신시레즈,피츠파이,08.03(월) 02:40,"1.66,1.87",오버
2026-08-06T00:37:29+00:00,2026,90,0096,bs,MLB,홀짝,2,,신시레즈,피츠파이,08.03(월) 02:40,"1.55,2.04",짝
2026-08-06T00:37:29+00:00,2026,90,0097,bs,MLB,승패,2,,휴스애스 7,3 텍사레인,08.03(월) 03:10,"1.63,1.91",홈승
2026-08-06T00:37:29+00:00,2026,90,0098,bs,MLB,승①패,3,승①패,휴스애스 7,3 텍사레인,08.03(월) 03:10,"2.28,3.30,2.45",홈승
2026-08-06T00:37:29+00:00,2026,90,0099,bs,MLB,핸디캡,2,H -2.5,휴스애스 4.5,3 텍사레인,08.03(월) 03:10,"3.16,1.22",핸디승
2026-08-06T00:37:29+00:00,2026,90,0100,bs,MLB,언더오버,2,U 8.5,휴스애스,텍사레인,08.03(월) 03:10,"1.81,1.71",오버
2026-08-06T00:37:29+00:00,2026,90,0101,bs,MLB,홀짝,2,,휴스애스,텍사레인,08.03(월) 03:10,"1.55,2.04",짝
2026-08-06T00:37:29+00:00,2026,90,0102,bs,MLB,승패,2,,시카컵스 1,2 뉴욕양키,08.03(월) 03:20,"1.93,1.62",홈패
2026-08-06T00:37:29+00:00,2026,90,0103,bs,MLB,승①패,3,승①패,시카컵스 1,2 뉴욕양키,08.03(월) 03:20,"2.95,3.05,2.07",①
2026-08-06T00:37:29+00:00,2026,90,0104,bs,MLB,핸디캡,2,H +2.5,시카컵스 3.5,2 뉴욕양키,08.03(월) 03:20,"1.29,2.77",핸디승
2026-08-06T00:37:29+00:00,2026,90,0105,bs,MLB,언더오버,2,U 6.5,시카컵스,뉴욕양키,08.03(월) 03:20,"1.78,1.74",언더
2026-08-06T00:37:29+00:00,2026,90,0106,bs,MLB,홀짝,2,,시카컵스,뉴욕양키,08.03(월) 03:20,"1.54,2.05",홀
2026-08-06T00:37:29+00:00,2026,90,0107,bs,MLB,승패,2,,콜로로키 8,1 캔자로얄,08.03(월) 04:10,"1.77,1.75",홈승
2026-08-06T00:37:29+00:00,2026,90,0108,bs,MLB,승①패,3,승①패,콜로로키 8,1 캔자로얄,08.03(월) 04:10,"2.50,3.50,2.16",홈승
2026-08-06T00:37:29+00:00,2026,90,0109,bs,MLB,핸디캡,2,H +2.5,콜로로키 10.5,1 캔자로얄,08.03(월) 04:10,"1.28,2.82",핸디승
2026-08-06T00:37:29+00:00,2026,90,0110,bs,MLB,언더오버,2,U 12.5,콜로로키,캔자로얄,08.03(월) 04:10,"1.68,1.85",언더
2026-08-06T00:37:29+00:00,2026,90,0111,bs,MLB,홀짝,2,,콜로로키,캔자로얄,08.03(월) 04:10,"1.56,2.02",홀
2026-08-06T00:37:29+00:00,2026,90,0112,bs,MLB,승패,2,,LA에인절 3,0 밀워브루,08.03(월) 04:15,"2.82,1.28",홈승
2026-08-06T00:37:29+00:00,2026,90,0113,bs,MLB,승①패,3,승①패,LA에인절 3,0 밀워브루,08.03(월) 04:15,"4.75,3.50,1.53",홈승
2026-08-06T00:37:29+00:00,2026,90,0114,bs,MLB,핸디캡,2,H +2.5,LA에인절 5.5,0 밀워브루,08.03(월) 04:15,"1.61,1.94",핸디승
2026-08-06T00:37:29+00:00,2026,90,0115,bs,MLB,언더오버,2,U 7.5,LA에인절,밀워브루,08.03(월) 04:15,"1.70,1.82",언더
2026-08-06T00:37:29+00:00,2026,90,0116,bs,MLB,홀짝,2,,LA에인절,밀워브루,08.03(월) 04:15,"1.57,2.00",홀
2026-08-06T00:37:29+00:00,2026,90,0117,sc,축클럽친,승무패,3,,리버풀 2,4 리즈U,08.03(월) 05:00,"1.58,3.80,3.95",홈패
2026-08-06T00:37:29+00:00,2026,90,0118,sc,축클럽친,핸디캡,3,H -1.0,리버풀 1,4 리즈U,08.03(월) 05:00,"2.65,3.55,2.04",핸디패
2026-08-06T00:37:29+00:00,2026,90,0119,sc,축클럽친,언더오버,2,U 3.5,리버풀,리즈U,08.03(월) 05:00,"1.56,2.02",오버
2026-08-06T00:37:29+00:00,2026,90,0120,sc,축클럽친,홀짝,2,,리버풀,리즈U,08.03(월) 05:00,"1.76,1.76",짝
2026-08-06T00:37:29+00:00,2026,90,0121,bs,MLB,승패,2,,애슬레틱 0,11 디트타이,08.03(월) 05:05,"1.81,1.71",홈패
2026-08-06T00:37:29+00:00,2026,90,0122,bs,MLB,승①패,3,승①패,애슬레틱 0,11 디트타이,08.03(월) 05:05,"2.60,3.45,2.11",홈패
2026-08-06T00:37:29+00:00,2026,90,0123,bs,MLB,핸디캡,2,H +2.5,애슬레틱 2.5,11 디트타이,08.03(월) 05:05,"1.29,2.77",핸디패
2026-08-06T00:37:29+00:00,2026,90,0124,bs,MLB,언더오버,2,U 11.5,애슬레틱,디트타이,08.03(월) 05:05,"1.60,1.96",언더
2026-08-06T00:37:29+00:00,2026,90,0125,bs,MLB,홀짝,2,,애슬레틱,디트타이,08.03(월) 05:05,"1.56,2.02",홀
2026-08-06T00:37:29+00:00,2026,90,0126,bs,MLB,승패,2,,시애매리 7,6 미네트윈,08.03(월) 05:10,"1.55,2.04",홈승
2026-08-06T00:37:29+00:00,2026,90,0127,bs,MLB,승①패,3,승①패,시애매리 7,6 미네트윈,08.03(월) 05:10,"2.18,3.20,2.65",①
2026-08-06T00:37:29+00:00,2026,90,0128,bs,MLB,핸디캡,2,H -2.5,시애매리 4.5,6 미네트윈,08.03(월) 05:10,"3.03,1.24",핸디패
2026-08-06T00:37:29+00:00,2026,90,0129,bs,MLB,언더오버,2,U 6.5,시애매리,미네트윈,08.03(월) 05:10,"1.96,1.60",오버
2026-08-06T00:37:29+00:00,2026,90,0130,bs,MLB,홀짝,2,,시애매리,미네트윈,08.03(월) 05:10,"1.54,2.05",홀
2026-08-06T00:37:29+00:00,2026,90,0131,bs,MLB,승패,2,,샌디파드 5,4 샌프자이,08.03(월) 05:10,"1.51,2.11",홈승
2026-08-06T00:37:29+00:00,2026,90,0132,bs,MLB,승①패,3,승①패,샌디파드 5,4 샌프자이,08.03(월) 05:10,"2.07,3.30,2.75",①
2026-08-06T00:37:29+00:00,2026,90,0133,bs,MLB,핸디캡,2,H -2.5,샌디파드 2.5,4 샌프자이,08.03(월) 05:10,"2.82,1.28",핸디패
2026-08-06T00:37:29+00:00,2026,90,0134,bs,MLB,언더오버,2,U 7.5,샌디파드,샌프자이,08.03(월) 05:10,"1.87,1.66",오버
2026-08-06T00:37:29+00:00,2026,90,0135,bs,MLB,홀짝,2,,샌디파드,샌프자이,08.03(월) 05:10,"1.55,2.04",홀
2026-08-06T00:37:29+00:00,2026,90,0136,bs,MLB,승패,2,,LA다저스 4,8 보스레드,08.03(월) 08:20,"1.46,2.22",홈패
2026-08-06T00:37:29+00:00,2026,90,0137,bs,MLB,승①패,3,승①패,LA다저스 4,8 보스레드,08.03(월) 08:20,"1.98,3.40,2.85",홈패
2026-08-06T00:37:29+00:00,2026,90,0138,bs,MLB,핸디캡,2,H -2.5,LA다저스 1.5,8 보스레드,08.03(월) 08:20,"2.60,1.33",핸디패
2026-08-06T00:37:29+00:00,2026,90,0139,bs,MLB,언더오버,2,U 8.5,LA다저스,보스레드,08.03(월) 08:20,"1.89,1.65",오버
2026-08-06T00:37:29+00:00,2026,90,0140,bs,MLB,홀짝,2,,LA다저스,보스레드,08.03(월) 08:20,"1.56,2.02",짝
2026-08-06T00:37:29+00:00,2026,90,0141,bs,MLB,전반승무패,3,h(전반),LA다저스 3,5 보스레드,08.03(월) 08:20,"1.65,6.30,2.60",홈패
2026-08-06T00:37:29+00:00,2026,90,0142,bs,MLB,전반핸디캡,2,h H -1.5,LA다저스 1.5,5 보스레드,08.03(월) 08:20,"2.29,1.43",핸디패
2026-08-06T00:37:29+00:00,2026,90,0143,bs,MLB,전반언더오버,2,h U 4.5,LA다저스,보스레드,08.03(월) 08:20,"1.91,1.63",오버
2026-08-06T00:37:29+00:00,2026,90,0149,sc,축ASEA챔,승무패,3,,인도네시 0,3 베트남,08.03(월) 22:30,"2.20,3.15,2.65",홈패
2026-08-06T00:37:29+00:00,2026,90,0150,sc,축ASEA챔,핸디캡,3,H -1.0,인도네시 -1,3 베트남,08.03(월) 22:30,"4.45,3.75,1.52",핸디패
2026-08-06T00:37:29+00:00,2026,90,0151,sc,축ASEA챔,언더오버,2,U 2.5,인도네시,베트남,08.03(월) 22:30,"1.84,1.69",오버
2026-08-06T00:37:29+00:00,2026,90,0152,sc,축ASEA챔,홀짝,2,,인도네시,베트남,08.03(월) 22:30,"1.77,1.75",홀
2026-08-06T00:52:42+00:00,2026,89,9152,bs,MLB,승패,2,,뉴욕메츠,애틀브레,07.29(수) 08:10,"1.00,1.00",취소
2026-08-06T00:52:42+00:00,2026,89,9153,bs,MLB,승①패,3,승①패,뉴욕메츠,애틀브레,07.29(수) 08:10,"1.00,1.00,1.00",취소
2026-08-06T00:52:42+00:00,2026,89,9154,bs,MLB,핸디캡,2,H +2.5,뉴욕메츠,애틀브레,07.29(수) 08:10,"1.00,1.00",취소
2026-08-06T00:52:42+00:00,2026,89,9155,bs,MLB,언더오버,2,U 7.5,뉴욕메츠,애틀브레,07.29(수) 08:10,"1.00,1.00",취소
2026-08-06T00:52:42+00:00,2026,89,9156,bs,MLB,홀짝,2,,뉴욕메츠,애틀브레,07.29(수) 08:10,"1.00,1.00",취소
2026-08-06T00:52:42+00:00,2026,89,9162,bs,MLB,승패,2,,미네트윈 3,2 캔자로얄,07.29(수) 08:40,"1.49,2.15",홈승
2026-08-06T00:52:42+00:00,2026,89,9163,bs,MLB,승①패,3,승①패,미네트윈 3,2 캔자로얄,07.29(수) 08:40,"1.95,3.50,2.85",①
2026-08-06T00:52:42+00:00,2026,89,9164,bs,MLB,핸디캡,2,H -2.5,미네트윈 0.5,2 캔자로얄,07.29(수) 08:40,"2.68,1.31",핸디패
2026-08-06T00:52:42+00:00,2026,89,9165,bs,MLB,언더오버,2,U 9.5,미네트윈,캔자로얄,07.29(수) 08:40,"1.67,1.86",언더
2026-08-06T00:52:42+00:00,2026,89,9166,bs,MLB,홀짝,2,,미네트윈,캔자로얄,07.29(수) 08:40,"1.56,2.02",홀
2026-08-06T00:52:42+00:00,2026,89,9167,bs,MLB,승패,2,,시카화이 2,3 뉴욕양키,07.29(수) 08:40,"2.02,1.56",홈패
2026-08-06T00:52:42+00:00,2026,89,9168,bs,MLB,승①패,3,승①패,시카화이 2,3 뉴욕양키,07.29(수) 08:40,"3.05,3.30,1.93",①
2026-08-06T00:52:42+00:00,2026,89,9169,bs,MLB,핸디캡,2,H +2.5,시카화이 4.5,3 뉴욕양키,07.29(수) 08:40,"1.35,2.53",핸디승
2026-08-06T00:52:42+00:00,2026,89,9170,bs,MLB,언더오버,2,U 8.5,시카화이,뉴욕양키,07.29(수) 08:40,"1.66,1.87",언더
2026-08-06T00:52:42+00:00,2026,89,9171,bs,MLB,홀짝,2,,시카화이,뉴욕양키,07.29(수) 08:40,"1.55,2.04",홀
2026-08-06T00:52:42+00:00,2026,89,9172,bs,MLB,승패,2,,세인카디 2,10 시카컵스,07.29(수) 08:45,"1.78,1.74",홈패
2026-08-06T00:52:42+00:00,2026,89,9173,bs,MLB,승①패,3,승①패,세인카디 2,10 시카컵스,07.29(수) 08:45,"2.60,3.30,2.17",홈패
2026-08-06T00:52:42+00:00,2026,89,9174,bs,MLB,핸디캡,2,H +2.5,세인카디 4.5,10 시카컵스,07.29(수) 08:45,"1.26,2.92",핸디패
2026-08-06T00:52:42+00:00,2026,89,9175,bs,MLB,언더오버,2,U 8.5,세인카디,시카컵스,07.29(수) 08:45,"1.81,1.71",오버
2026-08-06T00:52:42+00:00,2026,89,9176,bs,MLB,홀짝,2,,세인카디,시카컵스,07.29(수) 08:45,"1.55,2.04",짝
2026-08-06T00:52:42+00:00,2026,89,9177,bs,MLB,승패,2,,LA에인절 2,3 휴스애스,07.29(수) 10:38,"1.82,1.70",홈패
2026-08-06T00:52:42+00:00,2026,89,9178,bs,MLB,승①패,3,승①패,LA에인절 2,3 휴스애스,07.29(수) 10:38,"2.60,3.30,2.16",①
2026-08-06T00:52:42+00:00,2026,89,9179,bs,MLB,핸디캡,2,H +2.5,LA에인절 4.5,3 휴스애스,07.29(수) 10:38,"1.25,2.97",핸디승
2026-08-06T00:52:42+00:00,2026,89,9180,bs,MLB,언더오버,2,U 8.5,LA에인절,휴스애스,07.29(수) 10:38,"1.66,1.87",언더
2026-08-06T00:52:42+00:00,2026,89,9181,bs,MLB,홀짝,2,,LA에인절,휴스애스,07.29(수) 10:38,"1.55,2.04",홀
2026-08-06T00:52:42+00:00,2026,89,9182,bs,MLB,승패,2,,샌디파드 8,7 콜로로키,07.29(수) 10:40,"1.38,2.43",홈승
2026-08-06T00:52:42+00:00,2026,89,9183,bs,MLB,승①패,3,승①패,샌디파드 8,7 콜로로키,07.29(수) 10:40,"1.73,3.60,3.40",①
2026-08-06T00:52:42+00:00,2026,89,9184,bs,MLB,핸디캡,2,H -2.5,샌디파드 5.5,7 콜로로키,07.29(수) 10:40,"2.31,1.42",핸디패
2026-08-06T00:52:42+00:00,2026,89,9185,bs,MLB,언더오버,2,U 8.5,샌디파드,콜로로키,07.29(수) 10:40,"1.73,1.79",오버
2026-08-06T00:52:42+00:00,2026,89,9186,bs,MLB,홀짝,2,,샌디파드,콜로로키,07.29(수) 10:40,"1.56,2.02",홀
2026-08-06T00:52:42+00:00,2026,89,9187,bs,MLB,승패,2,,애슬레틱 4,3 보스레드,07.29(수) 10:40,"2.24,1.45",홈승
2026-08-06T00:52:42+00:00,2026,89,9188,bs,MLB,승①패,3,승①패,애슬레틱 4,3 보스레드,07.29(수) 10:40,"3.40,3.55,1.74",①
2026-08-06T00:52:42+00:00,2026,89,9189,bs,MLB,핸디캡,2,H +2.5,애슬레틱 6.5,3 보스레드,07.29(수) 10:40,"1.41,2.34",핸디승
2026-08-06T00:52:42+00:00,2026,89,9190,bs,MLB,언더오버,2,U 9.5,애슬레틱,보스레드,07.29(수) 10:40,"1.84,1.69",언더
2026-08-06T00:52:42+00:00,2026,89,9191,bs,MLB,홀짝,2,,애슬레틱,보스레드,07.29(수) 10:40,"1.56,2.02",홀
2026-08-06T00:52:42+00:00,2026,89,9192,bs,MLB,승패,2,,샌프자이 2,8 밀워브루,07.29(수) 10:45,"2.11,1.51",홈패
2026-08-06T00:52:42+00:00,2026,89,9193,bs,MLB,승①패,3,승①패,샌프자이 2,8 밀워브루,07.29(수) 10:45,"3.25,3.25,1.87",홈패
2026-08-06T00:52:42+00:00,2026,89,9194,bs,MLB,핸디캡,2,H +2.5,샌프자이 4.5,8 밀워브루,07.29(수) 10:45,"1.38,2.43",핸디패
2026-08-06T00:52:42+00:00,2026,89,9195,bs,MLB,언더오버,2,U 7.5,샌프자이,밀워브루,07.29(수) 10:45,"1.73,1.79",오버
2026-08-06T00:52:42+00:00,2026,89,9196,bs,MLB,홀짝,2,,샌프자이,밀워브루,07.29(수) 10:45,"1.55,2.04",짝
2026-08-06T00:52:42+00:00,2026,89,9197,bs,MLB,승패,2,,LA다저스 6,7 시애매리,07.29(수) 11:10,"1.39,2.40",홈패
2026-08-06T00:52:42+00:00,2026,89,9198,bs,MLB,승①패,3,승①패,LA다저스 6,7 시애매리,07.29(수) 11:10,"1.75,3.75,3.20",①
2026-08-06T00:52:42+00:00,2026,89,9199,bs,MLB,핸디캡,2,H -2.5,LA다저스 3.5,7 시애매리,07.29(수) 11:10,"2.26,1.44",핸디패
2026-08-06T00:52:42+00:00,2026,89,9200,bs,MLB,언더오버,2,U 9.5,LA다저스,시애매리,07.29(수) 11:10,"1.66,1.87",오버
2026-08-06T00:52:42+00:00,2026,89,9201,bs,MLB,홀짝,2,,LA다저스,시애매리,07.29(수) 11:10,"1.56,2.02",홀
2026-08-06T00:52:42+00:00,2026,89,9202,bs,MLB,전반승무패,3,h(전반),LA다저스 5,4 시애매리,07.29(수) 11:10,"1.66,6.50,2.55",홈승
2026-08-06T00:52:42+00:00,2026,89,9203,bs,MLB,전반핸디캡,2,h H -1.5,LA다저스 3.5,4 시애매리,07.29(수) 11:10,"2.29,1.43",핸디패
2026-08-06T00:52:42+00:00,2026,89,9204,bs,MLB,전반언더오버,2,h U 5.5,LA다저스,시애매리,07.29(수) 11:10,"1.61,1.94",오버
2026-08-06T00:52:42+00:00,2026,89,9205,vl,남배네이,승패,2,,슬로베M 3,0 튀르키M,07.29(수) 16:00,"1.28,2.82",홈승
2026-08-06T00:52:42+00:00,2026,89,9206,vl,남배네이,핸디캡,2,H -1.5,슬로베M 1.5,0 튀르키M,07.29(수) 16:00,"1.62,1.93",핸디승
2026-08-06T00:52:42+00:00,2026,89,9207,vl,남배네이,언더오버,2,U 182.5,슬로베M,튀르키M,07.29(수) 16:00,"1.81,1.71",오버
2026-08-06T00:52:42+00:00,2026,89,9208,vl,남배네이,홀짝,2,,슬로베M,튀르키M,07.29(수) 16:00,"1.76,1.76",짝
2026-08-06T00:52:42+00:00,2026,89,9209,bs,KBO,승패,2,,LG 11,18 키움,07.29(수) 18:30,"1.29,2.77",홈패
2026-08-06T00:52:42+00:00,2026,89,9210,bs,KBO,승①패,3,승①패,LG 11,18 키움,07.29(수) 18:30,"1.57,3.80,4.00",홈패
2026-08-06T00:52:42+00:00,2026,89,9211,bs,KBO,핸디캡,2,H -2.5,LG 8.5,18 키움,07.29(수) 18:30,"1.86,1.67",핸디패
2026-08-06T00:52:42+00:00,2026,89,9212,bs,KBO,언더오버,2,U 9.5,LG,키움,07.29(수) 18:30,"1.71,1.81",오버
2026-08-06T00:52:42+00:00,2026,89,9213,bs,KBO,홀짝,2,,LG,키움,07.29(수) 18:30,"1.59,1.97",홀
2026-08-06T00:52:42+00:00,2026,89,9214,bs,KBO,전반승무패,3,h(전반),LG 8,14 키움,07.29(수) 18:30,"1.51,6.50,3.00",홈패
2026-08-06T00:52:42+00:00,2026,89,9215,bs,KBO,전반핸디캡,2,h H -1.5,LG 6.5,14 키움,07.29(수) 18:30,"1.81,1.71",핸디패
2026-08-06T00:52:42+00:00,2026,89,9216,bs,KBO,전반언더오버,2,h U 5.5,LG,키움,07.29(수) 18:30,"1.69,1.84",오버
2026-08-06T00:52:42+00:00,2026,89,9217,bs,KBO,승패,2,,삼성 4,9 KIA,07.29(수) 18:30,"1.49,2.15",홈패
2026-08-06T00:52:42+00:00,2026,89,9218,bs,KBO,승①패,3,승①패,삼성 4,9 KIA,07.29(수) 18:30,"1.98,3.75,2.65",홈패
2026-08-06T00:52:42+00:00,2026,89,9219,bs,KBO,핸디캡,2,H -2.5,삼성 1.5,9 KIA,07.29(수) 18:30,"2.37,1.40",핸디패
2026-08-06T00:52:42+00:00,2026,89,9220,bs,KBO,언더오버,2,U 12.5,삼성,KIA,07.29(수) 18:30,"1.80,1.72",오버
2026-08-06T00:52:42+00:00,2026,89,9221,bs,KBO,홀짝,2,,삼성,KIA,07.29(수) 18:30,"1.57,2.00",홀
2026-08-06T00:52:42+00:00,2026,89,9222,bs,KBO,전반승무패,3,h(전반),삼성 1,6 KIA,07.29(수) 18:30,"1.78,7.50,2.20",홈패
2026-08-06T00:52:42+00:00,2026,89,9223,bs,KBO,전반핸디캡,2,h H -1.5,삼성 -0.5,6 KIA,07.29(수) 18:30,"2.29,1.43",핸디패
2026-08-06T00:52:42+00:00,2026,89,9224,bs,KBO,전반언더오버,2,h U 7.5,삼성,KIA,07.29(수) 18:30,"1.61,1.94",언더
2026-08-06T00:52:42+00:00,2026,89,9225,bs,KBO,승패,2,,SSG 6,2 두산,07.29(수) 18:30,"2.00,1.57",홈승
2026-08-06T00:52:42+00:00,2026,89,9226,bs,KBO,승①패,3,승①패,SSG 6,2 두산,07.29(수) 18:30,"2.90,3.55,1.91",홈승
2026-08-06T00:52:42+00:00,2026,89,9227,bs,KBO,핸디캡,2,H +2.5,SSG 8.5,2 두산,07.29(수) 18:30,"1.37,2.46",핸디승
2026-08-06T00:52:42+00:00,2026,89,9228,bs,KBO,언더오버,2,U 11.5,SSG,두산,07.29(수) 18:30,"1.70,1.82",언더
2026-08-06T00:52:42+00:00,2026,89,9229,bs,KBO,홀짝,2,,SSG,두산,07.29(수) 18:30,"1.57,2.00",짝
2026-08-06T00:52:42+00:00,2026,89,9230,bs,KBO,전반승무패,3,h(전반),SSG 4,1 두산,07.29(수) 18:30,"2.15,6.60,1.88",홈승
2026-08-06T00:52:42+00:00,2026,89,9231,bs,KBO,전반핸디캡,2,h H +1.5,SSG 5.5,1 두산,07.29(수) 18:30,"1.40,2.37",핸디승
2026-08-06T00:52:42+00:00,2026,89,9232,bs,KBO,전반언더오버,2,h U 6.5,SSG,두산,07.29(수) 18:30,"1.65,1.89",언더
2026-08-06T00:52:42+00:00,2026,89,9233,bs,KBO,승패,2,,NC 3,10 KT,07.29(수) 18:30,"1.79,1.73",홈패
2026-08-06T00:52:42+00:00,2026,89,9234,bs,KBO,승①패,3,승①패,NC 3,10 KT,07.29(수) 18:30,"2.50,3.45,2.18",홈패
2026-08-06T00:52:42+00:00,2026,89,9235,bs,KBO,핸디캡,2,H +2.5,NC 5.5,10 KT,07.29(수) 18:30,"1.28,2.82",핸디패
2026-08-06T00:52:42+00:00,2026,89,9236,bs,KBO,언더오버,2,U 10.5,NC,KT,07.29(수) 18:30,"1.74,1.78",오버
2026-08-06T00:52:42+00:00,2026,89,9237,bs,KBO,홀짝,2,,NC,KT,07.29(수) 18:30,"1.57,2.00",홀
2026-08-06T00:52:42+00:00,2026,89,9238,bs,KBO,전반승무패,3,h(전반),NC 1,5 KT,07.29(수) 18:30,"2.05,6.30,1.99",홈패
2026-08-06T00:52:42+00:00,2026,89,9239,bs,KBO,전반핸디캡,2,h H +1.5,NC 2.5,5 KT,07.29(수) 18:30,"1.33,2.60",핸디패
2026-08-06T00:52:42+00:00,2026,89,9240,bs,KBO,전반언더오버,2,h U 5.5,NC,KT,07.29(수) 18:30,"1.74,1.78",오버
2026-08-06T00:52:42+00:00,2026,89,9241,bs,KBO,승패,2,,한화 5,3 롯데,07.29(수) 18:30,"1.66,1.87",홈승
2026-08-06T00:52:42+00:00,2026,89,9242,bs,KBO,승①패,3,승①패,한화 5,3 롯데,07.29(수) 18:30,"2.22,3.45,2.45",홈승
2026-08-06T00:52:42+00:00,2026,89,9243,bs,KBO,핸디캡,2,H -2.5,한화 2.5,3 롯데,07.29(수) 18:30,"2.87,1.27",핸디패
2026-08-06T00:52:42+00:00,2026,89,9244,bs,KBO,언더오버,2,U 9.5,한화,롯데,07.29(수) 18:30,"1.78,1.74",언더
2026-08-06T00:52:42+00:00,2026,89,9245,bs,KBO,홀짝,2,,한화,롯데,07.29(수) 18:30,"1.58,1.99",짝
2026-08-06T00:52:42+00:00,2026,89,9246,bs,KBO,전반승무패,3,h(전반),한화 2,2 롯데,07.29(수) 18:30,"1.95,6.20,2.10",무승부
2026-08-06T00:52:42+00:00,2026,89,9247,bs,KBO,전반핸디캡,2,h H -1.5,한화 0.5,2 롯데,07.29(수) 18:30,"2.68,1.31",핸디패
2026-08-06T00:52:42+00:00,2026,89,9248,bs,KBO,전반언더오버,2,h U 5.5,한화,롯데,07.29(수) 18:30,"1.59,1.97",언더
2026-08-06T00:52:42+00:00,2026,89,9249,sc,한국FA컵,승무패,3,,광주FC 1,0 천안시티,07.29(수) 19:00,"1.70,3.40,3.75",홈승
2026-08-06T00:52:42+00:00,2026,89,9250,sc,한국FA컵,핸디캡,3,H -1.0,광주FC 0,0 천안시티,07.29(수) 19:00,"3.20,3.30,1.87",핸디무
2026-08-06T00:52:42+00:00,2026,89,9251,sc,한국FA컵,언더오버,2,U 2.5,광주FC,천안시티,07.29(수) 19:00,"1.86,1.67",언더
2026-08-06T00:52:42+00:00,2026,89,9252,sc,한국FA컵,홀짝,2,,광주FC,천안시티,07.29(수) 19:00,"1.77,1.75",홀
2026-08-06T00:52:42+00:00,2026,89,9253,sc,한국FA컵,승무패,3,,인천유나 0,1 김포FC,07.29(수) 19:00,"1.41,3.85,5.50",홈패
2026-08-06T00:52:42+00:00,2026,89,9254,sc,한국FA컵,핸디캡,3,H -1.0,인천유나 -1,1 김포FC,07.29(수) 19:00,"2.24,3.30,2.50",핸디패
2026-08-06T00:52:42+00:00,2026,89,9255,sc,한국FA컵,언더오버,2,U 2.5,인천유나,김포FC,07.29(수) 19:00,"2.02,1.56",언더
2026-08-06T00:52:42+00:00,2026,89,9256,sc,한국FA컵,홀짝,2,,인천유나,김포FC,07.29(수) 19:00,"1.76,1.76",홀
2026-08-06T00:52:42+00:00,2026,89,9257,sc,한국FA컵,승무패,3,,김천상무 2,1 수원FC,07.29(수) 19:00,"1.99,3.30,2.90",홈승
2026-08-06T00:52:42+00:00,2026,89,9258,sc,한국FA컵,핸디캡,3,H -1.0,김천상무 1,1 수원FC,07.29(수) 19:00,"3.80,3.55,1.65",핸디무
2026-08-06T00:52:42+00:00,2026,89,9259,sc,한국FA컵,언더오버,2,U 2.5,김천상무,수원FC,07.29(수) 19:00,"2.02,1.56",오버
2026-08-06T00:52:42+00:00,2026,89,9260,sc,한국FA컵,홀짝,2,,김천상무,수원FC,07.29(수) 19:00,"1.76,1.76",홀
2026-08-06T00:52:42+00:00,2026,89,9265,sc,한국FA컵,승무패,3,,부산아이 2,0 FC서울,07.29(수) 19:00,"4.25,3.70,1.55",홈승
2026-08-06T00:52:42+00:00,2026,89,9266,sc,한국FA컵,핸디캡,3,H +1.0,부산아이 3,0 FC서울,07.29(수) 19:00,"2.15,3.25,2.65",핸디승
2026-08-06T00:52:42+00:00,2026,89,9267,sc,한국FA컵,언더오버,2,U 2.5,부산아이,FC서울,07.29(수) 19:00,"1.93,1.62",언더
2026-08-06T00:52:42+00:00,2026,89,9268,sc,한국FA컵,홀짝,2,,부산아이,FC서울,07.29(수) 19:00,"1.77,1.75",짝
2026-08-06T00:52:42+00:00,2026,89,9269,sc,한국FA컵,승무패,3,,부천FC 3,0 파주프런,07.29(수) 19:00,"1.71,3.55,3.55",홈승
2026-08-06T00:52:42+00:00,2026,89,9270,sc,한국FA컵,핸디캡,3,H -1.0,부천FC 2,0 파주프런,07.29(수) 19:00,"3.85,3.10,1.76",핸디승
2026-08-06T00:52:42+00:00,2026,89,9271,sc,한국FA컵,언더오버,2,U 2.5,부천FC,파주프런,07.29(수) 19:00,"1.73,1.79",오버
2026-08-06T00:52:42+00:00,2026,89,9272,sc,한국FA컵,홀짝,2,,부천FC,파주프런,07.29(수) 19:00,"1.77,1.75",홀
2026-08-06T00:52:42+00:00,2026,89,9273,sc,한국FA컵,승무패,3,,충북청주 1,3 FC안양,07.29(수) 19:30,"3.25,3.35,1.84",홈패
2026-08-06T00:52:42+00:00,2026,89,9274,sc,한국FA컵,핸디캡,3,H +1.0,충북청주 2,3 FC안양,07.29(수) 19:30,"1.60,3.25,4.60",핸디패
2026-08-06T00:52:42+00:00,2026,89,9275,sc,한국FA컵,언더오버,2,U 2.5,충북청주,FC안양,07.29(수) 19:30,"1.73,1.79",오버
2026-08-06T00:52:42+00:00,2026,89,9276,sc,한국FA컵,홀짝,2,,충북청주,FC안양,07.29(수) 19:30,"1.77,1.75",짝
2026-08-06T00:52:42+00:00,2026,89,9277,sc,한국FA컵,승무패,3,,제주SKFC 2,2 화성FC,07.29(수) 19:30,"1.62,3.40,4.20",무승부
2026-08-06T00:52:42+00:00,2026,89,9278,sc,한국FA컵,핸디캡,3,H -1.0,제주SKFC 1,2 화성FC,07.29(수) 19:30,"2.85,3.20,2.06",핸디패
2026-08-06T00:52:42+00:00,2026,89,9279,sc,한국FA컵,언더오버,2,U 2.5,제주SKFC,화성FC,07.29(수) 19:30,"1.85,1.68",오버
2026-08-06T00:52:42+00:00,2026,89,9280,sc,한국FA컵,홀짝,2,,제주SKFC,화성FC,07.29(수) 19:30,"1.77,1.75",짝
2026-08-06T00:52:42+00:00,2026,89,9261,sc,한국FA컵,승무패,3,,김해FC 0,1 성남FC,07.29(수) 20:00,"2.65,3.05,2.25",홈패
2026-08-06T00:52:42+00:00,2026,89,9262,sc,한국FA컵,핸디캡,3,H +1.0,김해FC 1,1 성남FC,07.29(수) 20:00,"1.50,3.20,5.90",핸디무
2026-08-06T00:52:42+00:00,2026,89,9263,sc,한국FA컵,언더오버,2,U 2.5,김해FC,성남FC,07.29(수) 20:00,"1.67,1.86",언더
2026-08-06T00:52:42+00:00,2026,89,9264,sc,한국FA컵,홀짝,2,,김해FC,성남FC,07.29(수) 20:00,"1.77,1.75",홀
2026-08-06T00:52:42+00:00,2026,89,9281,vl,남배네이,승패,2,,일본M 3,1 중국M,07.29(수) 20:30,"1.00,1.00",홈승
2026-08-06T00:52:42+00:00,2026,89,9282,vl,남배네이,핸디캡,2,H -2.5,일본M 0.5,1 중국M,07.29(수) 20:30,"1.49,2.15",핸디패
2026-08-06T00:52:42+00:00,2026,89,9283,vl,남배네이,언더오버,2,U 140.5,일본M,중국M,07.29(수) 20:30,"1.76,1.76",오버
2026-08-06T00:52:42+00:00,2026,89,9284,vl,남배네이,홀짝,2,,일본M,중국M,07.29(수) 20:30,"1.76,1.76",홀
2026-08-06T00:52:42+00:00,2026,89,9285,bs,MLB,승패,2,,마이말린 8,6 필라필리,07.30(목) 01:10,"2.34,1.41",홈승
2026-08-06T00:52:42+00:00,2026,89,9286,bs,MLB,승①패,3,승①패,마이말린 8,6 필라필리,07.30(목) 01:10,"3.60,3.45,1.72",홈승
2026-08-06T00:52:42+00:00,2026,89,9287,bs,MLB,핸디캡,2,H +2.5,마이말린 10.5,6 필라필리,07.30(목) 01:10,"1.42,2.31",핸디승
2026-08-06T00:52:42+00:00,2026,89,9288,bs,MLB,언더오버,2,U 7.5,마이말린,필라필리,07.30(목) 01:10,"1.78,1.74",오버
2026-08-06T00:52:42+00:00,2026,89,9289,bs,MLB,홀짝,2,,마이말린,필라필리,07.30(목) 01:10,"1.55,2.04",짝
2026-08-06T00:52:42+00:00,2026,89,9290,bs,MLB,승패,2,,피츠파이 0,3 애리다이,07.30(목) 01:35,"1.62,1.93",홈패
2026-08-06T00:52:42+00:00,2026,89,9291,bs,MLB,승①패,3,승①패,피츠파이 0,3 애리다이,07.30(목) 01:35,"2.28,3.30,2.45",홈패
2026-08-06T00:52:42+00:00,2026,89,9292,bs,MLB,핸디캡,2,H -2.5,피츠파이 -2.5,3 애리다이,07.30(목) 01:35,"3.09,1.23",핸디패
2026-08-06T00:52:42+00:00,2026,89,9293,bs,MLB,언더오버,2,U 8.5,피츠파이,애리다이,07.30(목) 01:35,"1.78,1.74",언더
2026-08-06T00:52:42+00:00,2026,89,9294,bs,MLB,홀짝,2,,피츠파이,애리다이,07.30(목) 01:35,"1.55,2.04",홀
2026-08-06T00:52:42+00:00,2026,89,9295,bs,MLB,승패,2,,워싱내셔 2,5 토론블루,07.30(목) 02:05,"1.89,1.65",홈패
2026-08-06T00:52:42+00:00,2026,89,9296,bs,MLB,승①패,3,승①패,워싱내셔 2,5 토론블루,07.30(목) 02:05,"2.75,3.40,2.03",홈패
2026-08-06T00:52:42+00:00,2026,89,9297,bs,MLB,핸디캡,2,H +2.5,워싱내셔 4.5,5 토론블루,07.30(목) 02:05,"1.31,2.68",핸디패
2026-08-06T00:52:42+00:00,2026,89,9298,bs,MLB,언더오버,2,U 9.5,워싱내셔,토론블루,07.30(목) 02:05,"1.73,1.79",언더
2026-08-06T00:52:42+00:00,2026,89,9299,bs,MLB,홀짝,2,,워싱내셔,토론블루,07.30(목) 02:05,"1.56,2.02",홀
2026-08-06T00:52:42+00:00,2026,89,9300,bs,MLB,승패,2,,뉴욕메츠 3,2 애틀브레,07.30(목) 02:10,"1.79,1.73",홈승
2026-08-06T00:52:42+00:00,2026,89,9301,bs,MLB,승①패,3,승①패,뉴욕메츠 3,2 애틀브레,07.30(목) 02:10,"2.60,3.30,2.17",①
2026-08-06T00:52:42+00:00,2026,89,9302,bs,MLB,핸디캡,2,H +2.5,뉴욕메츠 5.5,2 애틀브레,07.30(목) 02:10,"1.27,2.87",핸디승
2026-08-06T00:52:42+00:00,2026,89,9303,bs,MLB,언더오버,2,U 8.5,뉴욕메츠,애틀브레,07.30(목) 02:10,"1.78,1.74",언더
2026-08-06T00:52:42+00:00,2026,89,9304,bs,MLB,홀짝,2,,뉴욕메츠,애틀브레,07.30(목) 02:10,"1.55,2.04",홀
2026-08-06T00:52:42+00:00,2026,89,9305,bs,MLB,승패,2,,디트타이 9,10 볼티오리,07.30(목) 02:10,"1.43,2.29",홈패
2026-08-06T00:52:42+00:00,2026,89,9306,bs,MLB,승①패,3,승①패,디트타이 9,10 볼티오리,07.30(목) 02:10,"1.87,3.50,3.05",①
2026-08-06T00:52:42+00:00,2026,89,9307,bs,MLB,핸디캡,2,H -2.5,디트타이 6.5,10 볼티오리,07.30(목) 02:10,"2.60,1.33",핸디패
2026-08-06T00:52:42+00:00,2026,89,9308,bs,MLB,언더오버,2,U 7.5,디트타이,볼티오리,07.30(목) 02:10,"1.84,1.69",오버
2026-08-06T00:52:42+00:00,2026,89,9309,bs,MLB,홀짝,2,,디트타이,볼티오리,07.30(목) 02:10,"1.55,2.04",홀
2026-08-06T00:52:42+00:00,2026,89,9310,sc,UCL,승무패,3,,구르니크 1,1 페네르SK,07.30(목) 03:00,"4.95,3.95,1.44",무승부
2026-08-06T00:52:42+00:00,2026,89,9311,sc,UCL,핸디캡,3,H +1.0,구르니크 2,1 페네르SK,07.30(목) 03:00,"2.45,3.20,2.33",핸디승
2026-08-06T00:52:42+00:00,2026,89,9312,sc,UCL,핸디캡,3,H +2.0,구르니크 3,1 페네르SK,07.30(목) 03:00,"1.48,4.10,4.35",핸디승
2026-08-06T00:52:42+00:00,2026,89,9313,sc,UCL,언더오버,2,U 2.5,구르니크,페네르SK,07.30(목) 03:00,"1.90,1.64",언더
2026-08-06T00:52:42+00:00,2026,89,9314,sc,UCL,홀짝,2,,구르니크,페네르SK,07.30(목) 03:00,"1.77,1.75",짝
2026-08-06T00:52:42+00:00,2026,89,9315,sc,UCL,전반승무패,3,h(전반),구르니크 1,1 페네르SK,07.30(목) 03:00,"5.10,2.30,1.93",무승부
2026-08-06T00:52:42+00:00,2026,89,9316,sc,UCL,전반핸디캡,3,h H +1.0,구르니크 2,1 페네르SK,07.30(목) 03:00,"1.64,3.10,4.60",핸디승
2026-08-06T00:52:42+00:00,2026,89,9317,sc,UCL,전반언더오버,2,h U 1.5,구르니크,페네르SK,07.30(목) 03:00,"1.41,2.34",오버
2026-08-06T00:52:42+00:00,2026,89,9318,bs,MLB,승패,2,,샌프자이 16,3 밀워브루,07.30(목) 04:45,"1.84,1.69",홈승
2026-08-06T00:52:42+00:00,2026,89,9319,bs,MLB,승①패,3,승①패,샌프자이 16,3 밀워브루,07.30(목) 04:45,"2.70,3.20,2.14",홈승
2026-08-06T00:52:42+00:00,2026,89,9320,bs,MLB,핸디캡,2,H +2.5,샌프자이 18.5,3 밀워브루,07.30(목) 04:45,"1.27,2.87",핸디승
2026-08-06T00:52:42+00:00,2026,89,9321,bs,MLB,언더오버,2,U 7.5,샌프자이,밀워브루,07.30(목) 04:45,"1.78,1.74",오버
2026-08-06T00:52:42+00:00,2026,89,9322,bs,MLB,홀짝,2,,샌프자이,밀워브루,07.30(목) 04:45,"1.55,2.04",홀
2026-08-06T00:52:42+00:00,2026,89,9323,bs,MLB,승패,2,,샌디파드 3,1 콜로로키,07.30(목) 05:10,"1.54,2.05",홈승
2026-08-06T00:52:42+00:00,2026,89,9324,bs,MLB,승①패,3,승①패,샌디파드 3,1 콜로로키,07.30(목) 05:10,"2.13,3.30,2.65",홈승
2026-08-06T00:52:42+00:00,2026,89,9325,bs,MLB,핸디캡,2,H -2.5,샌디파드 0.5,1 콜로로키,07.30(목) 05:10,"2.92,1.26",핸디패
2026-08-06T00:52:42+00:00,2026,89,9326,bs,MLB,언더오버,2,U 8.5,샌디파드,콜로로키,07.30(목) 05:10,"1.66,1.87",언더
2026-08-06T00:52:42+00:00,2026,89,9327,bs,MLB,홀짝,2,,샌디파드,콜로로키,07.30(목) 05:10,"1.55,2.04",짝
2026-08-06T00:52:42+00:00,2026,89,9328,bs,MLB,승패,2,,탬파레이 3,0 텍사레인,07.30(목) 07:40,"1.54,2.05",홈승
2026-08-06T00:52:42+00:00,2026,89,9329,bs,MLB,승①패,3,승①패,탬파레이 3,0 텍사레인,07.30(목) 07:40,"2.15,3.25,2.65",홈승
2026-08-06T00:52:42+00:00,2026,89,9330,bs,MLB,핸디캡,2,H -2.5,탬파레이 0.5,0 텍사레인,07.30(목) 07:40,"2.92,1.26",핸디승
2026-08-06T00:52:42+00:00,2026,89,9331,bs,MLB,언더오버,2,U 7.5,탬파레이,텍사레인,07.30(목) 07:40,"1.79,1.73",언더
2026-08-06T00:52:42+00:00,2026,89,9332,bs,MLB,홀짝,2,,탬파레이,텍사레인,07.30(목) 07:40,"1.55,2.04",홀
2026-08-06T00:52:42+00:00,2026,89,9333,bs,MLB,승패,2,,신시레즈 1,6 클리가디,07.30(목) 08:10,"1.97,1.59",홈패
2026-08-06T00:52:42+00:00,2026,89,9334,bs,MLB,승①패,3,승①패,신시레즈 1,6 클리가디,07.30(목) 08:10,"2.95,3.35,1.95",홈패
2026-08-06T00:52:42+00:00,2026,89,9335,bs,MLB,핸디캡,2,H +2.5,신시레즈 3.5,6 클리가디,07.30(목) 08:10,"1.34,2.56",핸디패
2026-08-06T00:52:42+00:00,2026,89,9336,bs,MLB,언더오버,2,U 8.5,신시레즈,클리가디,07.30(목) 08:10,"1.94,1.61",언더
2026-08-06T00:52:42+00:00,2026,89,9337,bs,MLB,홀짝,2,,신시레즈,클리가디,07.30(목) 08:10,"1.56,2.02",홀
2026-08-06T00:52:42+00:00,2026,89,9338,bs,MLB,승패,2,,미네트윈 0,4 캔자로얄,07.30(목) 08:40,"1.43,2.29",홈패
2026-08-06T00:52:42+00:00,2026,89,9339,bs,MLB,승①패,3,승①패,미네트윈 0,4 캔자로얄,07.30(목) 08:40,"1.92,3.40,3.00",홈패
2026-08-06T00:52:42+00:00,2026,89,9340,bs,MLB,핸디캡,2,H -2.5,미네트윈 -2.5,4 캔자로얄,07.30(목) 08:40,"2.53,1.35",핸디패
2026-08-06T00:52:42+00:00,2026,89,9341,bs,MLB,언더오버,2,U 8.5,미네트윈,캔자로얄,07.30(목) 08:40,"1.77,1.75",언더
2026-08-06T00:52:42+00:00,2026,89,9342,bs,MLB,홀짝,2,,미네트윈,캔자로얄,07.30(목) 08:40,"1.56,2.02",짝
2026-08-06T00:52:42+00:00,2026,89,9343,bs,MLB,승패,2,,시카화이 6,5 뉴욕양키,07.30(목) 08:40,"2.13,1.50",홈승
2026-08-06T00:52:42+00:00,2026,89,9344,bs,MLB,승①패,3,승①패,시카화이 6,5 뉴욕양키,07.30(목) 08:40,"3.30,3.30,1.84",①
2026-08-06T00:52:42+00:00,2026,89,9345,bs,MLB,핸디캡,2,H +2.5,시카화이 8.5,5 뉴욕양키,07.30(목) 08:40,"1.38,2.43",핸디승
2026-08-06T00:52:42+00:00,2026,89,9346,bs,MLB,언더오버,2,U 7.5,시카화이,뉴욕양키,07.30(목) 08:40,"1.78,1.74",오버
2026-08-06T00:52:42+00:00,2026,89,9347,bs,MLB,홀짝,2,,시카화이,뉴욕양키,07.30(목) 08:40,"1.55,2.04",홀
2026-08-06T00:52:42+00:00,2026,89,9348,bs,MLB,승패,2,,세인카디 3,2 시카컵스,07.30(목) 08:45,"1.80,1.72",홈승
2026-08-06T00:52:42+00:00,2026,89,9349,bs,MLB,승①패,3,승①패,세인카디 3,2 시카컵스,07.30(목) 08:45,"2.65,3.25,2.15",①
2026-08-06T00:52:42+00:00,2026,89,9350,bs,MLB,핸디캡,2,H +2.5,세인카디 5.5,2 시카컵스,07.30(목) 08:45,"1.27,2.87",핸디승
2026-08-06T00:52:42+00:00,2026,89,9351,bs,MLB,언더오버,2,U 8.5,세인카디,시카컵스,07.30(목) 08:45,"1.67,1.86",언더
2026-08-06T00:52:42+00:00,2026,89,9352,bs,MLB,홀짝,2,,세인카디,시카컵스,07.30(목) 08:45,"1.55,2.04",홀
2026-08-06T00:52:42+00:00,2026,89,9353,bs,MLB,승패,2,,LA에인절 4,7 휴스애스,07.30(목) 10:38,"1.89,1.65",홈패
2026-08-06T00:52:42+00:00,2026,89,9354,bs,MLB,승①패,3,승①패,LA에인절 4,7 휴스애스,07.30(목) 10:38,"2.65,3.35,2.11",홈패
2026-08-06T00:52:42+00:00,2026,89,9355,bs,MLB,핸디캡,2,H +2.5,LA에인절 6.5,7 휴스애스,07.30(목) 10:38,"1.29,2.77",핸디패
2026-08-06T00:52:42+00:00,2026,89,9356,bs,MLB,언더오버,2,U 9.5,LA에인절,휴스애스,07.30(목) 10:38,"1.78,1.74",오버
2026-08-06T00:52:42+00:00,2026,89,9357,bs,MLB,홀짝,2,,LA에인절,휴스애스,07.30(목) 10:38,"1.56,2.02",홀
2026-08-06T00:52:42+00:00,2026,89,9358,bs,MLB,승패,2,,애슬레틱 2,4 보스레드,07.30(목) 10:40,"2.13,1.50",홈패
2026-08-06T00:52:42+00:00,2026,89,9359,bs,MLB,승①패,3,승①패,애슬레틱 2,4 보스레드,07.30(목) 10:40,"3.25,3.50,1.80",홈패
2026-08-06T00:52:42+00:00,2026,89,9360,bs,MLB,핸디캡,2,H +2.5,애슬레틱 4.5,4 보스레드,07.30(목) 10:40,"1.42,2.31",핸디승
2026-08-06T00:52:42+00:00,2026,89,9361,bs,MLB,언더오버,2,U 10.5,애슬레틱,보스레드,07.30(목) 10:40,"1.75,1.77",언더
2026-08-06T00:52:42+00:00,2026,89,9362,bs,MLB,홀짝,2,,애슬레틱,보스레드,07.30(목) 10:40,"1.56,2.02",짝
2026-08-06T00:52:42+00:00,2026,89,9363,bs,MLB,승패,2,,LA다저스 4,2 시애매리,07.30(목) 11:10,"1.44,2.26",홈승
2026-08-06T00:52:42+00:00,2026,89,9364,bs,MLB,승①패,3,승①패,LA다저스 4,2 시애매리,07.30(목) 11:10,"1.91,3.50,2.95",홈승
2026-08-06T00:52:42+00:00,2026,89,9365,bs,MLB,핸디캡,2,H -2.5,LA다저스 1.5,2 시애매리,07.30(목) 11:10,"2.40,1.39",핸디패
2026-08-06T00:52:42+00:00,2026,89,9366,bs,MLB,언더오버,2,U 9.5,LA다저스,시애매리,07.30(목) 11:10,"1.76,1.76",언더
2026-08-06T00:52:42+00:00,2026,89,9367,bs,MLB,홀짝,2,,LA다저스,시애매리,07.30(목) 11:10,"1.56,2.02",짝
2026-08-06T00:52:42+00:00,2026,89,9368,bs,MLB,전반승무패,3,h(전반),LA다저스 3,0 시애매리,07.30(목) 11:10,"1.91,5.80,2.20",홈승
2026-08-06T00:52:42+00:00,2026,89,9369,bs,MLB,전반핸디캡,2,h H -1.5,LA다저스 1.5,0 시애매리,07.30(목) 11:10,"2.37,1.40",핸디승
2026-08-06T00:52:42+00:00,2026,89,9370,bs,MLB,전반언더오버,2,h U 5.5,LA다저스,시애매리,07.30(목) 11:10,"1.63,1.91",언더
2026-08-06T00:52:42+00:00,2026,89,9371,vl,남배네이,승패,2,,이탈리M 0,3 미국M,07.30(목) 16:00,"1.52,2.09",홈패
2026-08-06T00:52:42+00:00,2026,89,9372,vl,남배네이,핸디캡,2,H -1.5,이탈리M -1.5,3 미국M,07.30(목) 16:00,"2.11,1.51",핸디패
2026-08-06T00:52:42+00:00,2026,89,9373,vl,남배네이,언더오버,2,U 185.5,이탈리M,미국M,07.30(목) 16:00,"1.87,1.66",언더
2026-08-06T00:52:42+00:00,2026,89,9374,vl,남배네이,홀짝,2,,이탈리M,미국M,07.30(목) 16:00,"1.76,1.76",홀
2026-08-06T00:52:42+00:00,2026,89,9375,bs,KBO,승패,2,,LG 5,3 키움,07.30(목) 18:30,"1.50,2.13",홈승
2026-08-06T00:52:42+00:00,2026,89,9376,bs,KBO,승①패,3,승①패,LG 5,3 키움,07.30(목) 18:30,"1.97,3.45,2.85",홈승
2026-08-06T00:52:42+00:00,2026,89,9377,bs,KBO,핸디캡,2,H -2.5,LG 2.5,3 키움,07.30(목) 18:30,"2.46,1.37",핸디패
2026-08-06T00:52:42+00:00,2026,89,9378,bs,KBO,언더오버,2,U 9.5,LG,키움,07.30(목) 18:30,"1.63,1.91",언더
2026-08-06T00:52:42+00:00,2026,89,9379,bs,KBO,홀짝,2,,LG,키움,07.30(목) 18:30,"1.58,1.99",짝
2026-08-06T00:52:42+00:00,2026,89,9380,bs,KBO,전반승무패,3,h(전반),LG 1,3 키움,07.30(목) 18:30,"1.82,6.10,2.30",홈패
2026-08-06T00:52:42+00:00,2026,89,9381,bs,KBO,전반핸디캡,2,h H -1.5,LG -0.5,3 키움,07.30(목) 18:30,"2.34,1.41",핸디패
2026-08-06T00:52:42+00:00,2026,89,9382,bs,KBO,전반언더오버,2,h U 5.5,LG,키움,07.30(목) 18:30,"1.54,2.05",언더
2026-08-06T00:52:42+00:00,2026,89,9383,bs,KBO,승패,2,,삼성 3,12 KIA,07.30(목) 18:30,"1.53,2.07",홈패
2026-08-06T00:52:42+00:00,2026,89,9384,bs,KBO,승①패,3,승①패,삼성 3,12 KIA,07.30(목) 18:30,"2.02,3.80,2.55",홈패
2026-08-06T00:52:42+00:00,2026,89,9385,bs,KBO,핸디캡,2,H -2.5,삼성 0.5,12 KIA,07.30(목) 18:30,"2.64,1.32",핸디패
2026-08-06T00:52:42+00:00,2026,89,9386,bs,KBO,언더오버,2,U 10.5,삼성,KIA,07.30(목) 18:30,"1.77,1.75",오버
2026-08-06T00:52:42+00:00,2026,89,9387,bs,KBO,홀짝,2,,삼성,KIA,07.30(목) 18:30,"1.57,2.00",홀
2026-08-06T00:52:42+00:00,2026,89,9388,bs,KBO,전반승무패,3,h(전반),삼성 2,6 KIA,07.30(목) 18:30,"1.80,5.90,2.35",홈패
2026-08-06T00:52:42+00:00,2026,89,9389,bs,KBO,전반핸디캡,2,h H -1.5,삼성 0.5,6 KIA,07.30(목) 18:30,"2.34,1.41",핸디패
2026-08-06T00:52:42+00:00,2026,89,9390,bs,KBO,전반언더오버,2,h U 6.5,삼성,KIA,07.30(목) 18:30,"1.57,2.00",오버
2026-08-06T00:52:42+00:00,2026,89,9391,bs,KBO,승패,2,,SSG 3,5 두산,07.30(목) 18:30,"1.91,1.63",홈패
2026-08-06T00:52:42+00:00,2026,89,9392,bs,KBO,승①패,3,승①패,SSG 3,5 두산,07.30(목) 18:30,"2.65,3.55,2.04",홈패
2026-08-06T00:52:42+00:00,2026,89,9393,bs,KBO,핸디캡,2,H +2.5,SSG 5.5,5 두산,07.30(목) 18:30,"1.31,2.68",핸디승
2026-08-06T00:52:42+00:00,2026,89,9394,bs,KBO,언더오버,2,U 9.5,SSG,두산,07.30(목) 18:30,"1.82,1.70",언더
2026-08-06T00:52:42+00:00,2026,89,9395,bs,KBO,홀짝,2,,SSG,두산,07.30(목) 18:30,"1.58,1.99",짝
2026-08-06T00:52:42+00:00,2026,89,9396,bs,KBO,전반승무패,3,h(전반),SSG 3,2 두산,07.30(목) 18:30,"2.15,6.10,1.92",홈승
2026-08-06T00:52:42+00:00,2026,89,9397,bs,KBO,전반핸디캡,2,h H +1.5,SSG 4.5,2 두산,07.30(목) 18:30,"1.35,2.53",핸디승
2026-08-06T00:52:42+00:00,2026,89,9398,bs,KBO,전반언더오버,2,h U 5.5,SSG,두산,07.30(목) 18:30,"1.78,1.74",언더
2026-08-06T00:52:42+00:00,2026,89,9399,bs,KBO,승패,2,,NC 2,10 KT,07.30(목) 18:30,"1.71,1.81",홈패
2026-08-06T00:52:42+00:00,2026,89,9400,bs,KBO,승①패,3,승①패,NC 2,10 KT,07.30(목) 18:30,"2.35,3.50,2.28",홈패
2026-08-06T00:52:42+00:00,2026,89,9401,bs,KBO,핸디캡,2,H -2.5,NC -0.5,10 KT,07.30(목) 18:30,"2.72,1.30",핸디패
2026-08-06T00:52:42+00:00,2026,89,9402,bs,KBO,언더오버,2,U 9.5,NC,KT,07.30(목) 18:30,"1.65,1.89",오버
2026-08-06T00:52:42+00:00,2026,89,9403,bs,KBO,홀짝,2,,NC,KT,07.30(목) 18:30,"1.58,1.99",짝
2026-08-06T00:52:42+00:00,2026,89,9404,bs,KBO,전반승무패,3,h(전반),NC 1,6 KT,07.30(목) 18:30,"1.96,6.10,2.10",홈패
2026-08-06T00:52:42+00:00,2026,89,9405,bs,KBO,전반핸디캡,2,h H -1.5,NC -0.5,6 KT,07.30(목) 18:30,"2.53,1.35",핸디패
2026-08-06T00:52:42+00:00,2026,89,9406,bs,KBO,전반언더오버,2,h U 5.5,NC,KT,07.30(목) 18:30,"1.69,1.84",오버
2026-08-06T00:52:42+00:00,2026,89,9407,bs,KBO,승패,2,,한화 3,2 롯데,07.30(목) 18:30,"1.70,1.82",홈승
2026-08-06T00:52:42+00:00,2026,89,9408,bs,KBO,승①패,3,승①패,한화 3,2 롯데,07.30(목) 18:30,"2.22,3.55,2.40",①
2026-08-06T00:52:42+00:00,2026,89,9409,bs,KBO,핸디캡,2,H -2.5,한화 0.5,2 롯데,07.30(목) 18:30,"3.03,1.24",핸디패
2026-08-06T00:52:42+00:00,2026,89,9410,bs,KBO,언더오버,2,U 9.5,한화,롯데,07.30(목) 18:30,"1.87,1.66",언더
2026-08-06T00:52:42+00:00,2026,89,9411,bs,KBO,홀짝,2,,한화,롯데,07.30(목) 18:30,"1.58,1.99",홀
2026-08-06T00:52:42+00:00,2026,89,9412,bs,KBO,전반승무패,3,h(전반),한화 1,2 롯데,07.30(목) 18:30,"1.96,6.10,2.10",홈패
2026-08-06T00:52:42+00:00,2026,89,9413,bs,KBO,전반핸디캡,2,h H -1.5,한화 -0.5,2 롯데,07.30(목) 18:30,"2.60,1.33",핸디패
2026-08-06T00:52:42+00:00,2026,89,9414,bs,KBO,전반언더오버,2,h U 5.5,한화,롯데,07.30(목) 18:30,"1.75,1.77",언더
2026-08-06T00:52:42+00:00,2026,89,9415,vl,남배네이,승패,2,,폴란드M 3,1 우크라M,07.30(목) 20:30,"1.09,4.57",홈승
2026-08-06T00:52:42+00:00,2026,89,9416,vl,남배네이,핸디캡,2,H -2.5,폴란드M 0.5,1 우크라M,07.30(목) 20:30,"2.17,1.48",핸디패
2026-08-06T00:52:42+00:00,2026,89,9417,vl,남배네이,언더오버,2,U 177.5,폴란드M,우크라M,07.30(목) 20:30,"1.87,1.66",오버
2026-08-06T00:52:42+00:00,2026,89,9418,vl,남배네이,홀짝,2,,폴란드M,우크라M,07.30(목) 20:30,"1.76,1.76",홀
2026-08-06T00:52:42+00:00,2026,89,9419,bs,MLB,승패,2,,탬파레이 3,2 텍사레인,07.31(금) 01:10,"1.53,2.07",홈승
2026-08-06T00:52:42+00:00,2026,89,9420,bs,MLB,승①패,3,승①패,탬파레이 3,2 텍사레인,07.31(금) 01:10,"2.06,3.40,2.70",①
2026-08-06T00:52:42+00:00,2026,89,9421,bs,MLB,핸디캡,2,H -2.5,탬파레이 0.5,2 텍사레인,07.31(금) 01:10,"2.82,1.28",핸디패
2026-08-06T00:52:42+00:00,2026,89,9422,bs,MLB,언더오버,2,U 7.5,탬파레이,텍사레인,07.31(금) 01:10,"1.71,1.81",언더
2026-08-06T00:52:42+00:00,2026,89,9423,bs,MLB,홀짝,2,,탬파레이,텍사레인,07.31(금) 01:10,"1.55,2.04",홀
2026-08-06T00:52:42+00:00,2026,89,9424,bs,MLB,승패,2,,미네트윈 4,3 캔자로얄,07.31(금) 02:40,"1.55,2.04",홈승
2026-08-06T00:52:42+00:00,2026,89,9425,bs,MLB,승①패,3,승①패,미네트윈 4,3 캔자로얄,07.31(금) 02:40,"2.12,3.40,2.60",①
2026-08-06T00:52:42+00:00,2026,89,9426,bs,MLB,핸디캡,2,H -2.5,미네트윈 1.5,3 캔자로얄,07.31(금) 02:40,"2.87,1.27",핸디패
2026-08-06T00:52:42+00:00,2026,89,9427,bs,MLB,언더오버,2,U 9.5,미네트윈,캔자로얄,07.31(금) 02:40,"1.72,1.80",언더
2026-08-06T00:52:42+00:00,2026,89,9428,bs,MLB,홀짝,2,,미네트윈,캔자로얄,07.31(금) 02:40,"1.56,2.02",홀
2026-08-06T00:52:42+00:00,2026,89,9429,bs,MLB,승패,2,,시카화이 2,1 뉴욕양키,07.31(금) 03:10,"1.73,1.79",홈승
2026-08-06T00:52:42+00:00,2026,89,9430,bs,MLB,승①패,3,승①패,시카화이 2,1 뉴욕양키,07.31(금) 03:10,"2.50,3.25,2.26",①
2026-08-06T00:52:42+00:00,2026,89,9431,bs,MLB,핸디캡,2,H -2.5,시카화이 -0.5,1 뉴욕양키,07.31(금) 03:10,"3.46,1.18",핸디패
2026-08-06T00:52:42+00:00,2026,89,9432,bs,MLB,언더오버,2,U 7.5,시카화이,뉴욕양키,07.31(금) 03:10,"1.87,1.66",언더
2026-08-06T00:52:42+00:00,2026,89,9433,bs,MLB,홀짝,2,,시카화이,뉴욕양키,07.31(금) 03:10,"1.55,2.04",홀
2026-08-06T00:52:42+00:00,2026,89,9434,bs,MLB,승패,2,,세인카디 2,4 시카컵스,07.31(금) 03:15,"1.66,1.87",홈패
2026-08-06T00:52:42+00:00,2026,89,9435,bs,MLB,승①패,3,승①패,세인카디 2,4 시카컵스,07.31(금) 03:15,"2.35,3.25,2.40",홈패
2026-08-06T00:52:42+00:00,2026,89,9436,bs,MLB,핸디캡,2,H -2.5,세인카디 -0.5,4 시카컵스,07.31(금) 03:15,"3.23,1.21",핸디패
2026-08-06T00:52:42+00:00,2026,89,9437,bs,MLB,언더오버,2,U 8.5,세인카디,시카컵스,07.31(금) 03:15,"1.74,1.78",언더
2026-08-06T00:52:42+00:00,2026,89,9438,bs,MLB,홀짝,2,,세인카디,시카컵스,07.31(금) 03:15,"1.55,2.04",짝
2026-08-06T00:52:42+00:00,2026,89,9439,bs,MLB,승패,2,,뉴욕메츠 4,2 마이말린,07.31(금) 08:10,"1.59,1.97",홈승
2026-08-06T00:52:42+00:00,2026,89,9440,bs,MLB,승①패,3,승①패,뉴욕메츠 4,2 마이말린,07.31(금) 08:10,"2.27,3.15,2.55",홈승
2026-08-06T00:52:42+00:00,2026,89,9441,bs,MLB,핸디캡,2,H -2.5,뉴욕메츠 1.5,2 마이말린,07.31(금) 08:10,"3.16,1.22",핸디패
2026-08-06T00:52:42+00:00,2026,89,9442,bs,MLB,언더오버,2,U 7.5,뉴욕메츠,마이말린,07.31(금) 08:10,"1.60,1.96",언더
2026-08-06T00:52:42+00:00,2026,89,9443,bs,MLB,홀짝,2,,뉴욕메츠,마이말린,07.31(금) 08:10,"1.54,2.05",짝
2026-08-06T00:52:42+00:00,2026,89,9444,bs,MLB,승패,2,,신시레즈 3,2 피츠파이,07.31(금) 08:10,"1.80,1.72",홈승
2026-08-06T00:52:42+00:00,2026,89,9445,bs,MLB,승①패,3,승①패,신시레즈 3,2 피츠파이,07.31(금) 08:10,"2.60,3.35,2.14",①
2026-08-06T00:52:42+00:00,2026,89,9446,bs,MLB,핸디캡,2,H +2.5,신시레즈 5.5,2 피츠파이,07.31(금) 08:10,"1.28,2.82",핸디승
2026-08-06T00:52:42+00:00,2026,89,9447,bs,MLB,언더오버,2,U 9.5,신시레즈,피츠파이,07.31(금) 08:10,"1.72,1.80",언더
2026-08-06T00:52:42+00:00,2026,89,9448,bs,MLB,홀짝,2,,신시레즈,피츠파이,07.31(금) 08:10,"1.56,2.02",홀
2026-08-06T00:52:42+00:00,2026,89,9449,bs,MLB,승패,2,,애틀브레 5,4 워싱내셔,07.31(금) 08:15,"1.52,2.09",홈승
2026-08-06T00:52:42+00:00,2026,89,9450,bs,MLB,승①패,3,승①패,애틀브레 5,4 워싱내셔,07.31(금) 08:15,"2.06,3.40,2.70",①
2026-08-06T00:52:42+00:00,2026,89,9451,bs,MLB,핸디캡,2,H -2.5,애틀브레 2.5,4 워싱내셔,07.31(금) 08:15,"2.77,1.29",핸디패
2026-08-06T00:52:42+00:00,2026,89,9452,bs,MLB,언더오버,2,U 9.5,애틀브레,워싱내셔,07.31(금) 08:15,"1.72,1.80",언더
2026-08-06T00:52:42+00:00,2026,89,9453,bs,MLB,홀짝,2,,애틀브레,워싱내셔,07.31(금) 08:15,"1.56,2.02",홀
2026-08-06T00:52:42+00:00,2026,89,9454,sc,축클럽친,승무패,3,,리즈U 1,0 선덜랜드,07.31(금) 08:30,"2.15,3.25,2.65",홈승
2026-08-06T00:52:42+00:00,2026,89,9455,sc,축클럽친,핸디캡,3,H -1.0,리즈U 0,0 선덜랜드,07.31(금) 08:30,"4.30,3.75,1.54",핸디무
2026-08-06T00:52:42+00:00,2026,89,9456,sc,축클럽친,언더오버,2,U 2.5,리즈U,선덜랜드,07.31(금) 08:30,"1.96,1.60",언더
2026-08-06T00:52:42+00:00,2026,89,9457,sc,축클럽친,홀짝,2,,리즈U,선덜랜드,07.31(금) 08:30,"1.77,1.75",홀
2026-08-06T00:52:42+00:00,2026,89,9458,bs,MLB,승패,2,,샌디파드 1,4 샌프자이,07.31(금) 10:40,"1.61,1.94",홈패
2026-08-06T00:52:42+00:00,2026,89,9459,bs,MLB,승①패,3,승①패,샌디파드 1,4 샌프자이,07.31(금) 10:40,"2.24,3.30,2.50",홈패
2026-08-06T00:52:42+00:00,2026,89,9460,bs,MLB,핸디캡,2,H -2.5,샌디파드 -1.5,4 샌프자이,07.31(금) 10:40,"3.09,1.23",핸디패
2026-08-06T00:52:42+00:00,2026,89,9461,bs,MLB,언더오버,2,U 8.5,샌디파드,샌프자이,07.31(금) 10:40,"1.74,1.78",언더
2026-08-06T00:52:42+00:00,2026,89,9462,bs,MLB,홀짝,2,,샌디파드,샌프자이,07.31(금) 10:40,"1.55,2.04",홀
2026-08-06T00:52:42+00:00,2026,89,9463,bs,MLB,승패,2,,애슬레틱 4,5 보스레드,07.31(금) 10:40,"2.19,1.47",홈패
2026-08-06T00:52:42+00:00,2026,89,9464,bs,MLB,승①패,3,승①패,애슬레틱 4,5 보스레드,07.31(금) 10:40,"3.40,3.65,1.72",①
2026-08-06T00:52:42+00:00,2026,89,9465,bs,MLB,핸디캡,2,H +2.5,애슬레틱 6.5,5 보스레드,07.31(금) 10:40,"1.45,2.24",핸디승
2026-08-06T00:52:42+00:00,2026,89,9466,bs,MLB,언더오버,2,U 10.5,애슬레틱,보스레드,07.31(금) 10:40,"1.73,1.79",언더
2026-08-06T00:52:42+00:00,2026,89,9467,bs,MLB,홀짝,2,,애슬레틱,보스레드,07.31(금) 10:40,"1.56,2.02",홀
2026-08-06T00:52:42+00:00,2026,89,9468,bs,MLB,승패,2,,LA다저스 6,2 시애매리,07.31(금) 11:10,"1.51,2.11",홈승
2026-08-06T00:52:42+00:00,2026,89,9469,bs,MLB,승①패,3,승①패,LA다저스 6,2 시애매리,07.31(금) 11:10,"1.99,3.45,2.80",홈승
2026-08-06T00:52:42+00:00,2026,89,9470,bs,MLB,핸디캡,2,H -2.5,LA다저스 3.5,2 시애매리,07.31(금) 11:10,"2.77,1.29",핸디승
2026-08-06T00:52:42+00:00,2026,89,9471,bs,MLB,언더오버,2,U 8.5,LA다저스,시애매리,07.31(금) 11:10,"1.74,1.78",언더
2026-08-06T00:52:42+00:00,2026,89,9472,bs,MLB,홀짝,2,,LA다저스,시애매리,07.31(금) 11:10,"1.55,2.04",짝
2026-08-06T00:52:42+00:00,2026,89,9473,bs,MLB,전반승무패,3,h(전반),LA다저스 5,0 시애매리,07.31(금) 11:10,"1.74,6.00,2.45",홈승
2026-08-06T00:52:42+00:00,2026,89,9474,bs,MLB,전반핸디캡,2,h H -1.5,LA다저스 3.5,0 시애매리,07.31(금) 11:10,"2.46,1.37",핸디승
2026-08-06T00:52:42+00:00,2026,89,9475,bs,MLB,전반언더오버,2,h U 4.5,LA다저스,시애매리,07.31(금) 11:10,"1.85,1.68",오버
2026-08-06T00:52:42+00:00,2026,89,9496,bs,NPB,승패,2,,라쿠텐 0,0 소프트뱅,07.31(금) 18:00,"1.00,1.00",취소
2026-08-06T00:52:42+00:00,2026,89,9497,bs,NPB,승①패,2,승①패,라쿠텐 0,0 소프트뱅,07.31(금) 18:00,"1.00,1.00",취소
2026-08-06T00:52:42+00:00,2026,89,9498,bs,NPB,핸디캡,2,H 0.0,라쿠텐 0,0 소프트뱅,07.31(금) 18:00,"1.00,1.00",취소
2026-08-06T00:52:42+00:00,2026,89,9499,bs,NPB,언더오버,2,U 0.0,라쿠텐,소프트뱅,07.31(금) 18:00,"1.00,1.00",취소
2026-08-06T00:52:42+00:00,2026,89,9500,bs,NPB,홀짝,2,,라쿠텐,소프트뱅,07.31(금) 18:00,"1.00,1.00",취소
2026-08-06T00:52:42+00:00,2026,89,9546,sc,축ASEA챔,승무패,3,,베트남 0,0 싱가포르,07.31(금) 22:00,"1.10,6.00,13.50",무승부
2026-08-06T00:52:42+00:00,2026,89,9547,sc,축ASEA챔,핸디캡,3,H -1.0,베트남 -1,0 싱가포르,07.31(금) 22:00,"1.40,3.95,5.50",핸디패
2026-08-06T00:52:42+00:00,2026,89,9548,sc,축ASEA챔,핸디캡,3,H -2.0,베트남 -2,0 싱가포르,07.31(금) 22:00,"2.07,3.45,2.65",핸디패
2026-08-06T00:52:42+00:00,2026,89,9549,sc,축ASEA챔,핸디캡,2,H -3.5,베트남 -3.5,0 싱가포르,07.31(금) 22:00,"3.23,1.21",핸디패
2026-08-06T00:52:42+00:00,2026,89,9550,sc,축ASEA챔,언더오버,2,U 3.5,베트남,싱가포르,07.31(금) 22:00,"1.62,1.93",언더
2026-08-06T00:52:42+00:00,2026,89,9551,sc,축ASEA챔,홀짝,2,,베트남,싱가포르,07.31(금) 22:00,"1.76,1.76",짝
2026-08-06T00:52:42+00:00,2026,90,9444,bs,MLB,승패,2,,신시레즈 3,2 피츠파이,07.31(금) 08:10,"1.80,1.72",홈승
2026-08-06T00:52:42+00:00,2026,90,9445,bs,MLB,승①패,3,승①패,신시레즈 3,2 피츠파이,07.31(금) 08:10,"2.60,3.35,2.14",①
2026-08-06T00:52:42+00:00,2026,90,9446,bs,MLB,핸디캡,2,H +2.5,신시레즈 5.5,2 피츠파이,07.31(금) 08:10,"1.28,2.82",핸디승
2026-08-06T00:52:42+00:00,2026,90,9447,bs,MLB,언더오버,2,U 9.5,신시레즈,피츠파이,07.31(금) 08:10,"1.72,1.80",언더
2026-08-06T00:52:42+00:00,2026,90,9448,bs,MLB,홀짝,2,,신시레즈,피츠파이,07.31(금) 08:10,"1.56,2.02",홀
2026-08-06T00:52:42+00:00,2026,90,9449,bs,MLB,승패,2,,애틀브레 5,4 워싱내셔,07.31(금) 08:15,"1.52,2.09",홈승
2026-08-06T00:52:42+00:00,2026,90,9450,bs,MLB,승①패,3,승①패,애틀브레 5,4 워싱내셔,07.31(금) 08:15,"2.06,3.40,2.70",①
2026-08-06T00:52:42+00:00,2026,90,9451,bs,MLB,핸디캡,2,H -2.5,애틀브레 2.5,4 워싱내셔,07.31(금) 08:15,"2.77,1.29",핸디패
2026-08-06T00:52:42+00:00,2026,90,9452,bs,MLB,언더오버,2,U 9.5,애틀브레,워싱내셔,07.31(금) 08:15,"1.72,1.80",언더
2026-08-06T00:52:42+00:00,2026,90,9453,bs,MLB,홀짝,2,,애틀브레,워싱내셔,07.31(금) 08:15,"1.56,2.02",홀
2026-08-06T00:52:42+00:00,2026,90,9454,sc,축클럽친,승무패,3,,리즈U 1,0 선덜랜드,07.31(금) 08:30,"2.15,3.25,2.65",홈승
2026-08-06T00:52:42+00:00,2026,90,9455,sc,축클럽친,핸디캡,3,H -1.0,리즈U 0,0 선덜랜드,07.31(금) 08:30,"4.30,3.75,1.54",핸디무
2026-08-06T00:52:42+00:00,2026,90,9456,sc,축클럽친,언더오버,2,U 2.5,리즈U,선덜랜드,07.31(금) 08:30,"1.96,1.60",언더
2026-08-06T00:52:42+00:00,2026,90,9457,sc,축클럽친,홀짝,2,,리즈U,선덜랜드,07.31(금) 08:30,"1.77,1.75",홀
2026-08-06T00:52:42+00:00,2026,90,9458,bs,MLB,승패,2,,샌디파드 1,4 샌프자이,07.31(금) 10:40,"1.55,2.04",홈패
2026-08-06T00:52:42+00:00,2026,90,9459,bs,MLB,승①패,3,승①패,샌디파드 1,4 샌프자이,07.31(금) 10:40,"2.24,3.30,2.50",홈패
2026-08-06T00:52:42+00:00,2026,90,9460,bs,MLB,핸디캡,2,H -2.5,샌디파드 -1.5,4 샌프자이,07.31(금) 10:40,"3.09,1.23",핸디패
2026-08-06T00:52:42+00:00,2026,90,9461,bs,MLB,언더오버,2,U 8.5,샌디파드,샌프자이,07.31(금) 10:40,"1.74,1.78",언더
2026-08-06T00:52:42+00:00,2026,90,9462,bs,MLB,홀짝,2,,샌디파드,샌프자이,07.31(금) 10:40,"1.55,2.04",홀
2026-08-06T00:52:42+00:00,2026,90,9463,bs,MLB,승패,2,,애슬레틱 4,5 보스레드,07.31(금) 10:40,"2.29,1.43",홈패
2026-08-06T00:52:42+00:00,2026,90,9464,bs,MLB,승①패,3,승①패,애슬레틱 4,5 보스레드,07.31(금) 10:40,"3.45,3.85,1.67",①
2026-08-06T00:52:42+00:00,2026,90,9465,bs,MLB,핸디캡,2,H +2.5,애슬레틱 6.5,5 보스레드,07.31(금) 10:40,"1.49,2.15",핸디승
2026-08-06T00:52:42+00:00,2026,90,9466,bs,MLB,언더오버,2,U 10.5,애슬레틱,보스레드,07.31(금) 10:40,"1.73,1.79",언더
2026-08-06T00:52:42+00:00,2026,90,9467,bs,MLB,홀짝,2,,애슬레틱,보스레드,07.31(금) 10:40,"1.56,2.02",홀
2026-08-06T00:52:42+00:00,2026,90,9468,bs,MLB,승패,2,,LA다저스 6,2 시애매리,07.31(금) 11:10,"1.47,2.19",홈승
2026-08-06T00:52:42+00:00,2026,90,9469,bs,MLB,승①패,3,승①패,LA다저스 6,2 시애매리,07.31(금) 11:10,"1.99,3.45,2.80",홈승
2026-08-06T00:52:42+00:00,2026,90,9470,bs,MLB,핸디캡,2,H -2.5,LA다저스 3.5,2 시애매리,07.31(금) 11:10,"2.60,1.33",핸디승
2026-08-06T00:52:42+00:00,2026,90,9471,bs,MLB,언더오버,2,U 8.5,LA다저스,시애매리,07.31(금) 11:10,"1.79,1.73",언더
2026-08-06T00:52:42+00:00,2026,90,9472,bs,MLB,홀짝,2,,LA다저스,시애매리,07.31(금) 11:10,"1.55,2.04",짝
2026-08-06T00:52:42+00:00,2026,90,9473,bs,MLB,전반승무패,3,h(전반),LA다저스 5,0 시애매리,07.31(금) 11:10,"1.74,5.50,2.55",홈승
2026-08-06T00:52:42+00:00,2026,90,9474,bs,MLB,전반핸디캡,2,h H -1.5,LA다저스 3.5,0 시애매리,07.31(금) 11:10,"2.46,1.37",핸디승
2026-08-06T00:52:42+00:00,2026,90,9475,bs,MLB,전반언더오버,2,h U 4.5,LA다저스,시애매리,07.31(금) 11:10,"1.85,1.68",오버
2026-08-06T00:52:42+00:00,2026,90,9476,bs,NPB,승패,2,,요미우리 6,0 요코베이,07.31(금) 18:00,"1.77,1.75",홈승
2026-08-06T00:52:42+00:00,2026,90,9477,bs,NPB,승①패,3,승①패,요미우리 6,0 요코베이,07.31(금) 18:00,"2.95,2.50,2.44",홈승
2026-08-06T00:52:42+00:00,2026,90,9478,bs,NPB,핸디캡,2,H +2.5,요미우리 8.5,0 요코베이,07.31(금) 18:00,"1.18,3.46",핸디승
2026-08-06T00:52:42+00:00,2026,90,9479,bs,NPB,언더오버,2,U 5.5,요미우리,요코베이,07.31(금) 18:00,"1.94,1.61",오버
2026-08-06T00:52:42+00:00,2026,90,9480,bs,NPB,홀짝,2,,요미우리,요코베이,07.31(금) 18:00,"1.61,1.94",짝
2026-08-06T00:52:42+00:00,2026,90,9481,bs,NPB,승패,2,,야쿠르트 3,4 한신,07.31(금) 18:00,"2.49,1.36",홈패
2026-08-06T00:52:42+00:00,2026,90,9482,bs,NPB,승①패,3,승①패,야쿠르트 3,4 한신,07.31(금) 18:00,"4.45,3.00,1.69",①
2026-08-06T00:52:42+00:00,2026,90,9483,bs,NPB,핸디캡,2,H +2.5,야쿠르트 5.5,4 한신,07.31(금) 18:00,"1.49,2.15",핸디승
2026-08-06T00:52:42+00:00,2026,90,9484,bs,NPB,언더오버,2,U 8.5,야쿠르트,한신,07.31(금) 18:00,"1.66,1.87",언더
2026-08-06T00:52:42+00:00,2026,90,9485,bs,NPB,홀짝,2,,야쿠르트,한신,07.31(금) 18:00,"1.62,1.93",홀
2026-08-06T00:52:42+00:00,2026,90,9486,bs,NPB,승패,2,,히로카프 3,1 주니치,07.31(금) 18:00,"1.86,1.67",홈승
2026-08-06T00:52:42+00:00,2026,90,9487,bs,NPB,승①패,3,승①패,히로카프 3,1 주니치,07.31(금) 18:00,"3.05,2.65,2.25",홈승
2026-08-06T00:52:42+00:00,2026,90,9488,bs,NPB,핸디캡,2,H +2.5,히로카프 5.5,1 주니치,07.31(금) 18:00,"1.22,3.16",핸디승
2026-08-06T00:52:42+00:00,2026,90,9489,bs,NPB,언더오버,2,U 6.5,히로카프,주니치,07.31(금) 18:00,"1.85,1.68",언더
2026-08-06T00:52:42+00:00,2026,90,9490,bs,NPB,홀짝,2,,히로카프,주니치,07.31(금) 18:00,"1.61,1.94",짝
2026-08-06T00:52:42+00:00,2026,90,9491,bs,NPB,승패,2,,닛폰햄 6,1 지바롯데,07.31(금) 18:00,"1.39,2.40",홈승
2026-08-06T00:52:42+00:00,2026,90,9492,bs,NPB,승①패,3,승①패,닛폰햄 6,1 지바롯데,07.31(금) 18:00,"1.93,3.00,3.35",홈승
2026-08-06T00:52:42+00:00,2026,90,9493,bs,NPB,핸디캡,2,H -2.5,닛폰햄 3.5,1 지바롯데,07.31(금) 18:00,"2.34,1.41",핸디승
2026-08-06T00:52:42+00:00,2026,90,9494,bs,NPB,언더오버,2,U 7.5,닛폰햄,지바롯데,07.31(금) 18:00,"1.84,1.69",언더
2026-08-06T00:52:42+00:00,2026,90,9495,bs,NPB,홀짝,2,,닛폰햄,지바롯데,07.31(금) 18:00,"1.61,1.94",홀
2026-08-06T00:52:42+00:00,2026,90,9496,bs,NPB,승패,2,,라쿠텐 0,0 소프트뱅,07.31(금) 18:00,"1.00,1.00",취소
2026-08-06T00:52:42+00:00,2026,90,9497,bs,NPB,승①패,3,승①패,라쿠텐 0,0 소프트뱅,07.31(금) 18:00,"1.00,1.00,1.00",취소
2026-08-06T00:52:42+00:00,2026,90,9498,bs,NPB,핸디캡,2,H +2.5,라쿠텐 2.5,0 소프트뱅,07.31(금) 18:00,"1.00,1.00",취소
2026-08-06T00:52:42+00:00,2026,90,9499,bs,NPB,언더오버,2,U 7.5,라쿠텐,소프트뱅,07.31(금) 18:00,"1.00,1.00",취소
2026-08-06T00:52:42+00:00,2026,90,9500,bs,NPB,홀짝,2,,라쿠텐,소프트뱅,07.31(금) 18:00,"1.00,1.00",취소
2026-08-06T00:52:42+00:00,2026,90,9501,bs,NPB,승패,2,,세이부 4,5 오릭스,07.31(금) 18:00,"1.43,2.29",홈패
2026-08-06T00:52:42+00:00,2026,90,9502,bs,NPB,승①패,3,승①패,세이부 4,5 오릭스,07.31(금) 18:00,"2.09,2.75,3.25",①
2026-08-06T00:52:42+00:00,2026,90,9503,bs,NPB,핸디캡,2,H -2.5,세이부 1.5,5 오릭스,07.31(금) 18:00,"2.77,1.29",핸디패
2026-08-06T00:52:42+00:00,2026,90,9504,bs,NPB,언더오버,2,U 6.5,세이부,오릭스,07.31(금) 18:00,"1.87,1.66",오버
2026-08-06T00:52:42+00:00,2026,90,9505,bs,NPB,홀짝,2,,세이부,오릭스,07.31(금) 18:00,"1.61,1.94",홀
2026-08-06T00:52:42+00:00,2026,90,9506,bs,KBO,승패,2,,두산 4,2 LG,07.31(금) 18:30,"1.77,1.75",홈승
2026-08-06T00:52:42+00:00,2026,90,9507,bs,KBO,승①패,3,승①패,두산 4,2 LG,07.31(금) 18:30,"2.55,3.20,2.25",홈승
2026-08-06T00:52:42+00:00,2026,90,9508,bs,KBO,핸디캡,2,H +2.5,두산 6.5,2 LG,07.31(금) 18:30,"1.25,2.97",핸디승
2026-08-06T00:52:42+00:00,2026,90,9509,bs,KBO,언더오버,2,U 8.5,두산,LG,07.31(금) 18:30,"1.84,1.69",언더
2026-08-06T00:52:42+00:00,2026,90,9510,bs,KBO,홀짝,2,,두산,LG,07.31(금) 18:30,"1.58,1.99",짝
2026-08-06T00:52:42+00:00,2026,90,9511,bs,KBO,전반승무패,3,h(전반),두산 3,1 LG,07.31(금) 18:30,"2.10,5.40,2.05",홈승
2026-08-06T00:52:42+00:00,2026,90,9512,bs,KBO,전반핸디캡,2,h H +1.5,두산 4.5,1 LG,07.31(금) 18:30,"1.30,2.72",핸디승
2026-08-06T00:52:42+00:00,2026,90,9513,bs,KBO,전반언더오버,2,h U 4.5,두산,LG,07.31(금) 18:30,"1.76,1.76",언더
2026-08-06T00:52:42+00:00,2026,90,9514,bs,KBO,승패,2,,롯데 7,9 삼성,07.31(금) 18:30,"2.43,1.38",홈패
2026-08-06T00:52:42+00:00,2026,90,9515,bs,KBO,승①패,3,승①패,롯데 7,9 삼성,07.31(금) 18:30,"3.75,3.90,1.60",홈패
2026-08-06T00:52:42+00:00,2026,90,9516,bs,KBO,핸디캡,2,H +2.5,롯데 9.5,9 삼성,07.31(금) 18:30,"1.58,1.99",핸디승
2026-08-06T00:52:42+00:00,2026,90,9517,bs,KBO,언더오버,2,U 9.5,롯데,삼성,07.31(금) 18:30,"1.86,1.67",오버
2026-08-06T00:52:42+00:00,2026,90,9518,bs,KBO,홀짝,2,,롯데,삼성,07.31(금) 18:30,"1.59,1.97",짝
2026-08-06T00:52:42+00:00,2026,90,9519,bs,KBO,전반승무패,3,h(전반),롯데 3,1 삼성,07.31(금) 18:30,"2.70,6.20,1.62",홈승
2026-08-06T00:52:42+00:00,2026,90,9520,bs,KBO,전반핸디캡,2,h H +1.5,롯데 4.5,1 삼성,07.31(금) 18:30,"1.55,2.04",핸디승
2026-08-06T00:52:42+00:00,2026,90,9521,bs,KBO,전반언더오버,2,h U 5.5,롯데,삼성,07.31(금) 18:30,"1.77,1.75",언더
2026-08-06T00:52:42+00:00,2026,90,9522,bs,KBO,승패,2,,KT 5,3 한화,07.31(금) 18:30,"1.77,1.75",홈승
2026-08-06T00:52:42+00:00,2026,90,9523,bs,KBO,승①패,3,승①패,KT 5,3 한화,07.31(금) 18:30,"2.45,3.55,2.17",홈승
2026-08-06T00:52:42+00:00,2026,90,9524,bs,KBO,핸디캡,2,H +2.5,KT 7.5,3 한화,07.31(금) 18:30,"1.29,2.77",핸디승
2026-08-06T00:52:42+00:00,2026,90,9525,bs,KBO,언더오버,2,U 9.5,KT,한화,07.31(금) 18:30,"1.70,1.82",언더
2026-08-06T00:52:42+00:00,2026,90,9526,bs,KBO,홀짝,2,,KT,한화,07.31(금) 18:30,"1.58,1.99",짝
2026-08-06T00:52:42+00:00,2026,90,9527,bs,KBO,전반승무패,3,h(전반),KT 2,3 한화,07.31(금) 18:30,"2.15,5.90,1.94",홈패
2026-08-06T00:52:42+00:00,2026,90,9528,bs,KBO,전반핸디캡,2,h H +1.5,KT 3.5,3 한화,07.31(금) 18:30,"1.34,2.56",핸디승
2026-08-06T00:52:42+00:00,2026,90,9529,bs,KBO,전반언더오버,2,h U 5.5,KT,한화,07.31(금) 18:30,"1.63,1.91",언더
2026-08-06T00:52:42+00:00,2026,90,9530,bs,KBO,승패,2,,NC 10,4 KIA,07.31(금) 18:30,"1.97,1.59",홈승
2026-08-06T00:52:42+00:00,2026,90,9531,bs,KBO,승①패,3,승①패,NC 10,4 KIA,07.31(금) 18:30,"2.80,3.55,1.96",홈승
2026-08-06T00:52:42+00:00,2026,90,9532,bs,KBO,핸디캡,2,H +2.5,NC 12.5,4 KIA,07.31(금) 18:30,"1.37,2.46",핸디승
2026-08-06T00:52:42+00:00,2026,90,9533,bs,KBO,언더오버,2,U 10.5,NC,KIA,07.31(금) 18:30,"1.84,1.69",오버
2026-08-06T00:52:42+00:00,2026,90,9534,bs,KBO,홀짝,2,,NC,KIA,07.31(금) 18:30,"1.57,2.00",짝
2026-08-06T00:52:42+00:00,2026,90,9535,bs,KBO,전반승무패,3,h(전반),NC 9,3 KIA,07.31(금) 18:30,"2.15,6.70,1.87",홈승
2026-08-06T00:52:42+00:00,2026,90,9536,bs,KBO,전반핸디캡,2,h H +1.5,NC 10.5,3 KIA,07.31(금) 18:30,"1.39,2.40",핸디승
2026-08-06T00:52:42+00:00,2026,90,9537,bs,KBO,전반언더오버,2,h U 5.5,NC,KIA,07.31(금) 18:30,"1.85,1.68",오버
2026-08-06T00:52:42+00:00,2026,90,9538,bs,KBO,승패,2,,키움 12,7 SSG,07.31(금) 18:30,"1.86,1.67",홈승
2026-08-06T00:52:42+00:00,2026,90,9539,bs,KBO,승①패,3,승①패,키움 12,7 SSG,07.31(금) 18:30,"2.70,3.20,2.14",홈승
2026-08-06T00:52:42+00:00,2026,90,9540,bs,KBO,핸디캡,2,H +2.5,키움 14.5,7 SSG,07.31(금) 18:30,"1.28,2.82",핸디승
2026-08-06T00:52:42+00:00,2026,90,9541,bs,KBO,언더오버,2,U 8.5,키움,SSG,07.31(금) 18:30,"1.82,1.70",오버
2026-08-06T00:52:42+00:00,2026,90,9542,bs,KBO,홀짝,2,,키움,SSG,07.31(금) 18:30,"1.58,1.99",홀
2026-08-06T00:52:42+00:00,2026,90,9543,bs,KBO,전반승무패,3,h(전반),키움 9,5 SSG,07.31(금) 18:30,"2.15,6.10,1.92",홈승
2026-08-06T00:52:42+00:00,2026,90,9544,bs,KBO,전반핸디캡,2,h H +1.5,키움 10.5,5 SSG,07.31(금) 18:30,"1.32,2.64",핸디승
2026-08-06T00:52:42+00:00,2026,90,9545,bs,KBO,전반언더오버,2,h U 4.5,키움,SSG,07.31(금) 18:30,"1.82,1.70",오버
2026-08-06T00:52:42+00:00,2026,90,9546,sc,축ASEA챔,승무패,3,,베트남 0,0 싱가포르,07.31(금) 22:00,"1.10,6.70,11.00",무승부
2026-08-06T00:52:42+00:00,2026,90,9547,sc,축ASEA챔,핸디캡,3,H -1.0,베트남 -1,0 싱가포르,07.31(금) 22:00,"1.40,3.95,5.50",핸디패
2026-08-06T00:52:42+00:00,2026,90,9548,sc,축ASEA챔,핸디캡,3,H -2.0,베트남 -2,0 싱가포르,07.31(금) 22:00,"2.04,3.30,2.80",핸디패
2026-08-06T00:52:42+00:00,2026,90,9549,sc,축ASEA챔,핸디캡,2,H -3.5,베트남 -3.5,0 싱가포르,07.31(금) 22:00,"3.23,1.21",핸디패
2026-08-06T00:52:42+00:00,2026,90,9550,sc,축ASEA챔,언더오버,2,U 3.5,베트남,싱가포르,07.31(금) 22:00,"1.77,1.75",언더
2026-08-06T00:52:42+00:00,2026,90,9551,sc,축ASEA챔,홀짝,2,,베트남,싱가포르,07.31(금) 22:00,"1.76,1.76",짝
2026-08-06T00:52:42+00:00,2026,90,9552,sc,엘리테세,승무패,3,,볼레렝아 0,3 함캄,08.01(토) 02:00,"1.48,3.95,4.55",홈패
2026-08-06T00:52:42+00:00,2026,90,9553,sc,엘리테세,핸디캡,3,H -1.0,볼레렝아 -1,3 함캄,08.01(토) 02:00,"2.50,3.35,2.22",핸디패
2026-08-06T00:52:42+00:00,2026,90,9554,sc,엘리테세,언더오버,2,U 3.5,볼레렝아,함캄,08.01(토) 02:00,"1.59,1.97",언더
2026-08-06T00:52:42+00:00,2026,90,9555,sc,엘리테세,홀짝,2,,볼레렝아,함캄,08.01(토) 02:00,"1.76,1.76",홀
2026-08-06T00:52:42+00:00,2026,90,9556,bs,MLB,승패,2,,시카컵스 0,2 뉴욕양키,08.01(토) 03:20,"1.56,2.02",홈패
2026-08-06T00:52:42+00:00,2026,90,9557,bs,MLB,승①패,3,승①패,시카컵스 0,2 뉴욕양키,08.01(토) 03:20,"2.14,3.35,2.60",홈패
2026-08-06T00:52:42+00:00,2026,90,9558,bs,MLB,핸디캡,2,H -2.5,시카컵스 -2.5,2 뉴욕양키,08.01(토) 03:20,"2.87,1.27",핸디패
2026-08-06T00:52:42+00:00,2026,90,9559,bs,MLB,언더오버,2,U 9.5,시카컵스,뉴욕양키,08.01(토) 03:20,"1.65,1.89",언더
2026-08-06T00:52:42+00:00,2026,90,9560,bs,MLB,홀짝,2,,시카컵스,뉴욕양키,08.01(토) 03:20,"1.56,2.02",짝
2026-08-06T00:52:42+00:00,2026,90,9561,sc,엘리테세,승무패,3,,보되글림 4,0 릴레스트,08.01(토) 04:00,"1.19,5.30,8.30",홈승
2026-08-06T00:52:42+00:00,2026,90,9562,sc,엘리테세,핸디캡,3,H -1.0,보되글림 3,0 릴레스트,08.01(토) 04:00,"1.62,3.80,3.70",핸디승
2026-08-06T00:52:42+00:00,2026,90,9563,sc,엘리테세,핸디캡,3,H -2.0,보되글림 2,0 릴레스트,08.01(토) 04:00,"2.45,3.60,2.16",핸디승
2026-08-06T00:52:42+00:00,2026,90,9564,sc,엘리테세,핸디캡,2,H -3.5,보되글림 0.5,0 릴레스트,08.01(토) 04:00,"3.98,1.13",핸디승
2026-08-06T00:52:42+00:00,2026,90,9565,sc,엘리테세,언더오버,2,U 3.5,보되글림,릴레스트,08.01(토) 04:00,"1.89,1.65",오버
2026-08-06T00:52:42+00:00,2026,90,9566,sc,엘리테세,홀짝,2,,보되글림,릴레스트,08.01(토) 04:00,"1.76,1.76",짝
2026-08-06T00:52:42+00:00,2026,90,9567,bs,MLB,승패,2,,신시레즈 8,7 피츠파이,08.01(토) 07:10,"1.87,1.66",홈승
2026-08-06T00:52:42+00:00,2026,90,9568,bs,MLB,승①패,3,승①패,신시레즈 8,7 피츠파이,08.01(토) 07:10,"2.80,3.20,2.08",①
2026-08-06T00:52:42+00:00,2026,90,9569,bs,MLB,핸디캡,2,H +2.5,신시레즈 10.5,7 피츠파이,08.01(토) 07:10,"1.29,2.77",핸디승
2026-08-06T00:52:42+00:00,2026,90,9570,bs,MLB,언더오버,2,U 7.5,신시레즈,피츠파이,08.01(토) 07:10,"1.78,1.74",오버
2026-08-06T00:52:42+00:00,2026,90,9571,bs,MLB,홀짝,2,,신시레즈,피츠파이,08.01(토) 07:10,"1.55,2.04",홀
2026-08-06T00:52:42+00:00,2026,90,9572,bs,MLB,승패,2,,볼티오리 6,4 필라필리,08.01(토) 08:05,"1.65,1.89",홈승
2026-08-06T00:52:42+00:00,2026,90,9573,bs,MLB,승①패,3,승①패,볼티오리 6,4 필라필리,08.01(토) 08:05,"2.33,3.30,2.40",홈승
2026-08-06T00:52:42+00:00,2026,90,9574,bs,MLB,핸디캡,2,H -2.5,볼티오리 3.5,4 필라필리,08.01(토) 08:05,"3.23,1.21",핸디패
2026-08-06T00:52:42+00:00,2026,90,9575,bs,MLB,언더오버,2,U 8.5,볼티오리,필라필리,08.01(토) 08:05,"1.82,1.70",오버
2026-08-06T00:52:42+00:00,2026,90,9576,bs,MLB,홀짝,2,,볼티오리,필라필리,08.01(토) 08:05,"1.55,2.04",짝
2026-08-06T00:52:42+00:00,2026,90,9577,bs,MLB,승패,2,,토론블루 3,1 세인카디,08.01(토) 08:07,"1.40,2.37",홈승
2026-08-06T00:52:42+00:00,2026,90,9578,bs,MLB,승①패,3,승①패,토론블루 3,1 세인카디,08.01(토) 08:07,"1.89,3.35,3.10",홈승
2026-08-06T00:52:42+00:00,2026,90,9579,bs,MLB,핸디캡,2,H -2.5,토론블루 0.5,1 세인카디,08.01(토) 08:07,"2.53,1.35",핸디패
2026-08-06T00:52:42+00:00,2026,90,9580,bs,MLB,언더오버,2,U 7.5,토론블루,세인카디,08.01(토) 08:07,"1.78,1.74",언더
2026-08-06T00:52:42+00:00,2026,90,9581,bs,MLB,홀짝,2,,토론블루,세인카디,08.01(토) 08:07,"1.55,2.04",짝
2026-08-06T00:52:42+00:00,2026,90,9582,bs,MLB,승패,2,,탬파레이 1,6 시카화이,08.01(토) 08:10,"1.50,2.13",홈패
2026-08-06T00:52:42+00:00,2026,90,9583,bs,MLB,승①패,3,승①패,탬파레이 1,6 시카화이,08.01(토) 08:10,"2.11,3.45,2.60",홈패
2026-08-06T00:52:42+00:00,2026,90,9584,bs,MLB,핸디캡,2,H -2.5,탬파레이 -1.5,6 시카화이,08.01(토) 08:10,"2.92,1.26",핸디패
2026-08-06T00:52:42+00:00,2026,90,9585,bs,MLB,언더오버,2,U 8.5,탬파레이,시카화이,08.01(토) 08:10,"1.67,1.86",언더
2026-08-06T00:52:42+00:00,2026,90,9586,bs,MLB,홀짝,2,,탬파레이,시카화이,08.01(토) 08:10,"1.55,2.04",홀
2026-08-06T00:52:42+00:00,2026,90,9587,bs,MLB,승패,2,,뉴욕메츠 2,5 마이말린,08.01(토) 08:10,"1.64,1.90",홈패
2026-08-06T00:52:42+00:00,2026,90,9588,bs,MLB,승①패,3,승①패,뉴욕메츠 2,5 마이말린,08.01(토) 08:10,"2.33,3.30,2.40",홈패
2026-08-06T00:52:42+00:00,2026,90,9589,bs,MLB,핸디캡,2,H -2.5,뉴욕메츠 -0.5,5 마이말린,08.01(토) 08:10,"3.23,1.21",핸디패
2026-08-06T00:52:42+00:00,2026,90,9590,bs,MLB,언더오버,2,U 8.5,뉴욕메츠,마이말린,08.01(토) 08:10,"1.75,1.77",언더
2026-08-06T00:52:42+00:00,2026,90,9591,bs,MLB,홀짝,2,,뉴욕메츠,마이말린,08.01(토) 08:10,"1.55,2.04",홀
2026-08-06T00:52:42+00:00,2026,90,9592,bs,MLB,승패,2,,클리가디 1,4 애리다이,08.01(토) 08:10,"1.59,1.97",홈패
2026-08-06T00:52:42+00:00,2026,90,9593,bs,MLB,승①패,3,승①패,클리가디 1,4 애리다이,08.01(토) 08:10,"2.20,3.30,2.55",홈패
2026-08-06T00:52:42+00:00,2026,90,9594,bs,MLB,핸디캡,2,H -2.5,클리가디 -1.5,4 애리다이,08.01(토) 08:10,"3.03,1.24",핸디패
2026-08-06T00:52:42+00:00,2026,90,9595,bs,MLB,언더오버,2,U 8.5,클리가디,애리다이,08.01(토) 08:10,"1.81,1.71",언더
2026-08-06T00:52:42+00:00,2026,90,9596,bs,MLB,홀짝,2,,클리가디,애리다이,08.01(토) 08:10,"1.55,2.04",홀
2026-08-06T00:52:42+00:00,2026,90,9597,bs,MLB,승패,2,,애틀브레 6,2 워싱내셔,08.01(토) 08:15,"1.63,1.91",홈승
2026-08-06T00:52:42+00:00,2026,90,9598,bs,MLB,승①패,3,승①패,애틀브레 6,2 워싱내셔,08.01(토) 08:15,"2.28,3.30,2.45",홈승
2026-08-06T00:52:42+00:00,2026,90,9599,bs,MLB,핸디캡,2,H -2.5,애틀브레 3.5,2 워싱내셔,08.01(토) 08:15,"3.16,1.22",핸디승
2026-08-06T00:52:42+00:00,2026,90,9600,bs,MLB,언더오버,2,U 8.5,애틀브레,워싱내셔,08.01(토) 08:15,"1.81,1.71",언더
2026-08-06T00:52:42+00:00,2026,90,9601,bs,MLB,홀짝,2,,애틀브레,워싱내셔,08.01(토) 08:15,"1.55,2.04",짝
2026-08-06T00:52:42+00:00,2026,90,9602,sc,MLS,승무패,3,,뉴욕시티 1,1 토론토FC,08.01(토) 08:30,"1.56,3.50,4.50",무승부
2026-08-06T00:52:42+00:00,2026,90,9603,sc,MLS,핸디캡,3,H -1.0,뉴욕시티 0,1 토론토FC,08.01(토) 08:30,"2.65,3.30,2.13",핸디패
2026-08-06T00:52:42+00:00,2026,90,9604,sc,MLS,언더오버,2,U 2.5,뉴욕시티,토론토FC,08.01(토) 08:30,"2.11,1.51",언더
2026-08-06T00:52:42+00:00,2026,90,9605,sc,MLS,홀짝,2,,뉴욕시티,토론토FC,08.01(토) 08:30,"1.77,1.75",짝
2026-08-06T00:52:42+00:00,2026,90,9606,bs,MLB,승패,2,,휴스애스 11,2 텍사레인,08.01(토) 09:15,"1.62,1.93",홈승
2026-08-06T00:52:42+00:00,2026,90,9607,bs,MLB,승①패,3,승①패,휴스애스 11,2 텍사레인,08.01(토) 09:15,"2.28,3.30,2.45",홈승
2026-08-06T00:52:42+00:00,2026,90,9608,bs,MLB,핸디캡,2,H -2.5,휴스애스 8.5,2 텍사레인,08.01(토) 09:15,"3.09,1.23",핸디승
2026-08-06T00:52:42+00:00,2026,90,9609,bs,MLB,언더오버,2,U 8.5,휴스애스,텍사레인,08.01(토) 09:15,"1.58,1.99",오버
2026-08-06T00:52:42+00:00,2026,90,9610,bs,MLB,홀짝,2,,휴스애스,텍사레인,08.01(토) 09:15,"1.55,2.04",홀
2026-08-06T00:52:42+00:00,2026,90,9611,bs,MLB,승패,2,,콜로로키 3,1 캔자로얄,08.01(토) 09:40,"1.77,1.75",홈승
2026-08-06T00:52:42+00:00,2026,90,9612,bs,MLB,승①패,3,승①패,콜로로키 3,1 캔자로얄,08.01(토) 09:40,"2.50,3.45,2.18",홈승
2026-08-06T00:52:42+00:00,2026,90,9613,bs,MLB,핸디캡,2,H +2.5,콜로로키 5.5,1 캔자로얄,08.01(토) 09:40,"1.27,2.87",핸디승
2026-08-06T00:52:42+00:00,2026,90,9614,bs,MLB,언더오버,2,U 11.5,콜로로키,캔자로얄,08.01(토) 09:40,"1.68,1.85",언더
2026-08-06T00:52:42+00:00,2026,90,9615,bs,MLB,홀짝,2,,콜로로키,캔자로얄,08.01(토) 09:40,"1.56,2.02",짝
2026-08-06T00:52:42+00:00,2026,90,9616,bs,MLB,승패,2,,LA에인절 2,6 밀워브루,08.01(토) 10:38,"2.29,1.43",홈패
2026-08-06T00:52:42+00:00,2026,90,9617,bs,MLB,승①패,3,승①패,LA에인절 2,6 밀워브루,08.01(토) 10:38,"3.55,3.45,1.73",홈패
2026-08-06T00:52:42+00:00,2026,90,9618,bs,MLB,핸디캡,2,H +2.5,LA에인절 4.5,6 밀워브루,08.01(토) 10:38,"1.42,2.31",핸디패
2026-08-06T00:52:42+00:00,2026,90,9619,bs,MLB,언더오버,2,U 8.5,LA에인절,밀워브루,08.01(토) 10:38,"1.87,1.66",언더
2026-08-06T00:52:42+00:00,2026,90,9620,bs,MLB,홀짝,2,,LA에인절,밀워브루,08.01(토) 10:38,"1.56,2.02",짝
2026-08-06T00:52:42+00:00,2026,90,9621,bs,MLB,승패,2,,애슬레틱 1,13 디트타이,08.01(토) 10:40,"2.15,1.49",홈패
2026-08-06T00:52:42+00:00,2026,90,9622,bs,MLB,승①패,3,승①패,애슬레틱 1,13 디트타이,08.01(토) 10:40,"3.25,3.50,1.80",홈패
2026-08-06T00:52:42+00:00,2026,90,9623,bs,MLB,핸디캡,2,H +2.5,애슬레틱 3.5,13 디트타이,08.01(토) 10:40,"1.42,2.31",핸디패
2026-08-06T00:52:42+00:00,2026,90,9624,bs,MLB,언더오버,2,U 10.5,애슬레틱,디트타이,08.01(토) 10:40,"1.80,1.72",오버
2026-08-06T00:52:42+00:00,2026,90,9625,bs,MLB,홀짝,2,,애슬레틱,디트타이,08.01(토) 10:40,"1.56,2.02",짝
2026-08-06T00:52:42+00:00,2026,90,9626,bs,MLB,승패,2,,샌디파드 7,0 샌프자이,08.01(토) 10:45,"1.59,1.97",홈승
2026-08-06T00:52:42+00:00,2026,90,9627,bs,MLB,승①패,3,승①패,샌디파드 7,0 샌프자이,08.01(토) 10:45,"2.30,3.35,2.40",홈승
2026-08-06T00:52:42+00:00,2026,90,9628,bs,MLB,핸디캡,2,H -2.5,샌디파드 4.5,0 샌프자이,08.01(토) 10:45,"2.92,1.26",핸디승
2026-08-06T00:52:42+00:00,2026,90,9629,bs,MLB,언더오버,2,U 8.5,샌디파드,샌프자이,08.01(토) 10:45,"1.93,1.62",언더
2026-08-06T00:52:42+00:00,2026,90,9630,bs,MLB,홀짝,2,,샌디파드,샌프자이,08.01(토) 10:45,"1.55,2.04",홀
2026-08-06T00:52:42+00:00,2026,90,9631,bs,MLB,승패,2,,시애매리 3,5 미네트윈,08.01(토) 11:10,"1.42,2.31",홈패
2026-08-06T00:52:42+00:00,2026,90,9632,bs,MLB,승①패,3,승①패,시애매리 3,5 미네트윈,08.01(토) 11:10,"1.84,3.40,3.20",홈패
2026-08-06T00:52:42+00:00,2026,90,9633,bs,MLB,핸디캡,2,H -2.5,시애매리 0.5,5 미네트윈,08.01(토) 11:10,"2.43,1.38",핸디패
2026-08-06T00:52:42+00:00,2026,90,9634,bs,MLB,언더오버,2,U 7.5,시애매리,미네트윈,08.01(토) 11:10,"1.85,1.68",오버
2026-08-06T00:52:42+00:00,2026,90,9635,bs,MLB,홀짝,2,,시애매리,미네트윈,08.01(토) 11:10,"1.56,2.02",짝
2026-08-06T00:52:42+00:00,2026,90,9636,bs,MLB,전반승무패,3,h(전반),시애매리 3,2 미네트윈,08.01(토) 11:10,"1.63,5.80,2.75",홈승
2026-08-06T00:52:42+00:00,2026,90,9637,bs,MLB,전반핸디캡,2,h H -1.5,시애매리 1.5,2 미네트윈,08.01(토) 11:10,"2.26,1.44",핸디패
2026-08-06T00:52:42+00:00,2026,90,9638,bs,MLB,전반언더오버,2,h U 4.5,시애매리,미네트윈,08.01(토) 11:10,"1.71,1.81",오버
2026-08-06T00:52:42+00:00,2026,90,9639,bs,MLB,승패,2,,LA다저스 4,9 보스레드,08.01(토) 11:10,"1.69,1.84",홈패
2026-08-06T00:52:42+00:00,2026,90,9640,bs,MLB,승①패,3,승①패,LA다저스 4,9 보스레드,08.01(토) 11:10,"2.30,3.35,2.40",홈패
2026-08-06T00:52:42+00:00,2026,90,9641,bs,MLB,핸디캡,2,H -2.5,LA다저스 1.5,9 보스레드,08.01(토) 11:10,"3.30,1.20",핸디패
2026-08-06T00:52:42+00:00,2026,90,9642,bs,MLB,언더오버,2,U 8.5,LA다저스,보스레드,08.01(토) 11:10,"1.76,1.76",오버
2026-08-06T00:52:42+00:00,2026,90,9643,bs,MLB,홀짝,2,,LA다저스,보스레드,08.01(토) 11:10,"1.55,2.04",홀
2026-08-06T00:52:42+00:00,2026,90,9644,bs,NPB,승패,2,,닛폰햄 3,5 지바롯데,08.01(토) 14:00,"1.29,2.77",홈패
2026-08-06T00:52:42+00:00,2026,90,9645,bs,NPB,승①패,3,승①패,닛폰햄 3,5 지바롯데,08.01(토) 14:00,"1.72,3.20,3.90",홈패
2026-08-06T00:52:42+00:00,2026,90,9646,bs,NPB,핸디캡,2,H -2.5,닛폰햄 0.5,5 지바롯데,08.01(토) 14:00,"2.31,1.42",핸디패
2026-08-06T00:52:42+00:00,2026,90,9647,bs,NPB,언더오버,2,U 7.5,닛폰햄,지바롯데,08.01(토) 14:00,"1.84,1.69",오버
2026-08-06T00:52:42+00:00,2026,90,9648,bs,NPB,홀짝,2,,닛폰햄,지바롯데,08.01(토) 14:00,"1.62,1.93",짝
2026-08-06T00:52:42+00:00,2026,90,9649,vl,남배네이,승패,2,,슬로베M 0,3 폴란드M,08.01(토) 16:00,"3.16,1.22",홈패
2026-08-06T00:52:42+00:00,2026,90,9650,vl,남배네이,핸디캡,2,H +1.5,슬로베M 1.5,3 폴란드M,08.01(토) 16:00,"2.09,1.52",핸디패
2026-08-06T00:52:42+00:00,2026,90,9651,vl,남배네이,언더오버,2,U 180.5,슬로베M,폴란드M,08.01(토) 16:00,"1.87,1.66",언더
2026-08-06T00:52:42+00:00,2026,90,9652,vl,남배네이,홀짝,2,,슬로베M,폴란드M,08.01(토) 16:00,"1.76,1.76",홀
2026-08-06T00:52:42+00:00,2026,90,9653,bs,NPB,승패,2,,세이부 4,1 오릭스,08.01(토) 17:00,"1.77,1.75",홈승
2026-08-06T00:52:42+00:00,2026,90,9654,bs,NPB,승①패,3,승①패,세이부 4,1 오릭스,08.01(토) 17:00,"2.85,2.65,2.37",홈승
2026-08-06T00:52:42+00:00,2026,90,9655,bs,NPB,핸디캡,2,H +2.5,세이부 6.5,1 오릭스,08.01(토) 17:00,"1.19,3.38",핸디승
2026-08-06T00:52:42+00:00,2026,90,9656,bs,NPB,언더오버,2,U 6.5,세이부,오릭스,08.01(토) 17:00,"1.86,1.67",언더
2026-08-06T00:52:42+00:00,2026,90,9657,bs,NPB,홀짝,2,,세이부,오릭스,08.01(토) 17:00,"1.61,1.94",홀
2026-08-06T00:52:42+00:00,2026,90,9658,bs,KBO,승패,2,,두산 2,2 LG,08.01(토) 18:00,"1.00,1.00",무승부
2026-08-06T00:52:42+00:00,2026,90,9659,bs,KBO,승①패,3,승①패,두산 2,2 LG,08.01(토) 18:00,"2.50,3.20,2.29",①
2026-08-06T00:52:42+00:00,2026,90,9660,bs,KBO,핸디캡,2,H -2.5,두산 -0.5,2 LG,08.01(토) 18:00,"3.03,1.24",핸디패
2026-08-06T00:52:42+00:00,2026,90,9661,bs,KBO,언더오버,2,U 8.5,두산,LG,08.01(토) 18:00,"1.70,1.82",언더
2026-08-06T00:52:42+00:00,2026,90,9662,bs,KBO,홀짝,2,,두산,LG,08.01(토) 18:00,"1.58,1.99",짝
2026-08-06T00:52:42+00:00,2026,90,9663,bs,KBO,전반승무패,3,h(전반),두산 0,2 LG,08.01(토) 18:00,"1.98,5.30,2.20",홈패
2026-08-06T00:52:42+00:00,2026,90,9664,bs,KBO,전반핸디캡,2,h H -1.5,두산 -1.5,2 LG,08.01(토) 18:00,"2.77,1.29",핸디패
2026-08-06T00:52:42+00:00,2026,90,9665,bs,KBO,전반언더오버,2,h U 4.5,두산,LG,08.01(토) 18:00,"1.75,1.77",언더
2026-08-06T00:52:42+00:00,2026,90,9666,bs,KBO,승패,2,,롯데,삼성,08.01(토) 18:00,"1.00,1.00",취소
2026-08-06T00:52:42+00:00,2026,90,9667,bs,KBO,승①패,3,승①패,롯데,삼성,08.01(토) 18:00,"1.00,1.00,1.00",취소
2026-08-06T00:52:42+00:00,2026,90,9668,bs,KBO,핸디캡,2,H +2.5,롯데,삼성,08.01(토) 18:00,"1.00,1.00",취소
2026-08-06T00:52:42+00:00,2026,90,9669,bs,KBO,언더오버,2,U 10.5,롯데,삼성,08.01(토) 18:00,"1.00,1.00",취소
2026-08-06T00:52:42+00:00,2026,90,9670,bs,KBO,홀짝,2,,롯데,삼성,08.01(토) 18:00,"1.00,1.00",취소
2026-08-06T00:52:42+00:00,2026,90,9671,bs,KBO,전반승무패,3,h(전반),롯데,삼성,08.01(토) 18:00,"1.00,1.00,1.00",취소
2026-08-06T00:52:42+00:00,2026,90,9672,bs,KBO,전반핸디캡,2,h H +1.5,롯데,삼성,08.01(토) 18:00,"1.00,1.00",취소
2026-08-06T00:52:42+00:00,2026,90,9673,bs,KBO,전반언더오버,2,h U 5.5,롯데,삼성,08.01(토) 18:00,"1.00,1.00",취소
2026-08-06T00:52:42+00:00,2026,90,9674,bs,KBO,승패,2,,KT 7,4 한화,08.01(토) 18:00,"1.78,1.74",홈승
2026-08-06T00:52:42+00:00,2026,90,9675,bs,KBO,승①패,3,승①패,KT 7,4 한화,08.01(토) 18:00,"2.55,3.50,2.12",홈승
2026-08-06T00:52:42+00:00,2026,90,9676,bs,KBO,핸디캡,2,H +2.5,KT 9.5,4 한화,08.01(토) 18:00,"1.32,2.64",핸디승
2026-08-06T00:52:42+00:00,2026,90,9677,bs,KBO,언더오버,2,U 10.5,KT,한화,08.01(토) 18:00,"1.75,1.77",오버
2026-08-06T00:52:42+00:00,2026,90,9678,bs,KBO,홀짝,2,,KT,한화,08.01(토) 18:00,"1.57,2.00",홀
2026-08-06T00:52:42+00:00,2026,90,9679,bs,KBO,전반승무패,3,h(전반),KT 7,4 한화,08.01(토) 18:00,"2.10,6.60,1.92",홈승
2026-08-06T00:52:42+00:00,2026,90,9680,bs,KBO,전반핸디캡,2,h H +1.5,KT 8.5,4 한화,08.01(토) 18:00,"1.34,2.56",핸디승
2026-08-06T00:52:42+00:00,2026,90,9681,bs,KBO,전반언더오버,2,h U 5.5,KT,한화,08.01(토) 18:00,"1.75,1.77",오버
2026-08-06T00:52:42+00:00,2026,90,9682,bs,KBO,승패,2,,NC,KIA,08.01(토) 18:00,"1.00,1.00",취소
2026-08-06T00:52:42+00:00,2026,90,9683,bs,KBO,승①패,3,승①패,NC,KIA,08.01(토) 18:00,"1.00,1.00,1.00",취소
2026-08-06T00:52:42+00:00,2026,90,9684,bs,KBO,핸디캡,2,H -2.5,NC,KIA,08.01(토) 18:00,"1.00,1.00",취소
2026-08-06T00:52:42+00:00,2026,90,9685,bs,KBO,언더오버,2,U 9.5,NC,KIA,08.01(토) 18:00,"1.00,1.00",취소
2026-08-06T00:52:42+00:00,2026,90,9686,bs,KBO,홀짝,2,,NC,KIA,08.01(토) 18:00,"1.00,1.00",취소
2026-08-06T00:52:42+00:00,2026,90,9687,bs,KBO,전반승무패,3,h(전반),NC,KIA,08.01(토) 18:00,"1.00,1.00,1.00",취소
2026-08-06T00:52:42+00:00,2026,90,9688,bs,KBO,전반핸디캡,2,h H -1.5,NC,KIA,08.01(토) 18:00,"1.00,1.00",취소
2026-08-06T00:52:42+00:00,2026,90,9689,bs,KBO,전반언더오버,2,h U 5.5,NC,KIA,08.01(토) 18:00,"1.00,1.00",취소
2026-08-06T00:52:42+00:00,2026,90,9690,bs,KBO,승패,2,,키움 2,10 SSG,08.01(토) 18:00,"1.86,1.67",홈패
2026-08-06T00:52:42+00:00,2026,90,9691,bs,KBO,승①패,3,승①패,키움 2,10 SSG,08.01(토) 18:00,"2.70,3.25,2.12",홈패
2026-08-06T00:52:42+00:00,2026,90,9692,bs,KBO,핸디캡,2,H +2.5,키움 4.5,10 SSG,08.01(토) 18:00,"1.29,2.77",핸디패
2026-08-06T00:52:42+00:00,2026,90,9693,bs,KBO,언더오버,2,U 8.5,키움,SSG,08.01(토) 18:00,"2.00,1.57",오버
2026-08-06T00:52:42+00:00,2026,90,9694,bs,KBO,홀짝,2,,키움,SSG,08.01(토) 18:00,"1.58,1.99",짝
2026-08-06T00:52:42+00:00,2026,90,9695,bs,KBO,전반승무패,3,h(전반),키움 2,7 SSG,08.01(토) 18:00,"2.20,5.80,1.91",홈패
2026-08-06T00:52:42+00:00,2026,90,9696,bs,KBO,전반핸디캡,2,h H +1.5,키움 3.5,7 SSG,08.01(토) 18:00,"1.32,2.64",핸디패
2026-08-06T00:52:42+00:00,2026,90,9697,bs,KBO,전반언더오버,2,h U 4.5,키움,SSG,08.01(토) 18:00,"1.96,1.60",오버
2026-08-06T00:52:42+00:00,2026,90,9698,bs,NPB,승패,2,,요미우리 7,8 요코베이,08.01(토) 18:00,"1.64,1.90",홈패
2026-08-06T00:52:42+00:00,2026,90,9699,bs,NPB,승①패,3,승①패,요미우리 7,8 요코베이,08.01(토) 18:00,"2.65,2.58,2.60",①
2026-08-06T00:52:42+00:00,2026,90,9700,bs,NPB,핸디캡,2,H -2.5,요미우리 4.5,8 요코베이,08.01(토) 18:00,"3.75,1.15",핸디패
2026-08-06T00:52:42+00:00,2026,90,9701,bs,NPB,언더오버,2,U 5.5,요미우리,요코베이,08.01(토) 18:00,"1.96,1.60",오버
2026-08-06T00:52:42+00:00,2026,90,9702,bs,NPB,홀짝,2,,요미우리,요코베이,08.01(토) 18:00,"1.61,1.94",홀
2026-08-06T00:52:42+00:00,2026,90,9703,bs,NPB,승패,2,,야쿠르트 3,7 한신,08.01(토) 18:00,"2.13,1.50",홈패
2026-08-06T00:52:42+00:00,2026,90,9704,bs,NPB,승①패,3,승①패,야쿠르트 3,7 한신,08.01(토) 18:00,"3.55,2.85,1.93",홈패
2026-08-06T00:52:42+00:00,2026,90,9705,bs,NPB,핸디캡,2,H +2.5,야쿠르트 5.5,7 한신,08.01(토) 18:00,"1.32,2.64",핸디패
2026-08-06T00:52:42+00:00,2026,90,9706,bs,NPB,언더오버,2,U 7.5,야쿠르트,한신,08.01(토) 18:00,"1.89,1.65",오버
2026-08-06T00:52:42+00:00,2026,90,9707,bs,NPB,홀짝,2,,야쿠르트,한신,08.01(토) 18:00,"1.61,1.94",짝
2026-08-06T00:52:42+00:00,2026,90,9708,bs,NPB,승패,2,,히로카프 1,7 주니치,08.01(토) 18:00,"1.93,1.62",홈패
2026-08-06T00:52:42+00:00,2026,90,9709,bs,NPB,승①패,3,승①패,히로카프 1,7 주니치,08.01(토) 18:00,"3.15,2.75,2.14",홈패
2026-08-06T00:52:42+00:00,2026,90,9710,bs,NPB,핸디캡,2,H +2.5,히로카프 3.5,7 주니치,08.01(토) 18:00,"1.25,2.97",핸디패
2026-08-06T00:52:42+00:00,2026,90,9711,bs,NPB,언더오버,2,U 7.5,히로카프,주니치,08.01(토) 18:00,"1.69,1.84",오버
2026-08-06T00:52:42+00:00,2026,90,9712,bs,NPB,홀짝,2,,히로카프,주니치,08.01(토) 18:00,"1.61,1.94",짝
2026-08-06T00:52:42+00:00,2026,90,9713,bs,NPB,승패,2,,라쿠텐 0,5 소프트뱅,08.01(토) 18:00,"1.96,1.60",홈패
2026-08-06T00:52:42+00:00,2026,90,9714,bs,NPB,승①패,3,승①패,라쿠텐 0,5 소프트뱅,08.01(토) 18:00,"3.20,2.90,2.03",홈패
2026-08-06T00:52:42+00:00,2026,90,9715,bs,NPB,핸디캡,2,H +2.5,라쿠텐 2.5,5 소프트뱅,08.01(토) 18:00,"1.29,2.77",핸디패
2026-08-06T00:52:42+00:00,2026,90,9716,bs,NPB,언더오버,2,U 7.5,라쿠텐,소프트뱅,08.01(토) 18:00,"1.78,1.74",언더
2026-08-06T00:52:42+00:00,2026,90,9717,bs,NPB,홀짝,2,,라쿠텐,소프트뱅,08.01(토) 18:00,"1.61,1.94",홀
2026-08-06T00:52:42+00:00,2026,90,9718,sc,축클럽친,승무패,3,,첼시 1,2 토트넘,08.01(토) 18:45,"2.00,3.50,2.75",홈패
2026-08-06T00:52:42+00:00,2026,90,9719,sc,축클럽친,핸디캡,3,H -1.0,첼시 0,2 토트넘,08.01(토) 18:45,"3.65,3.80,1.63",핸디패
2026-08-06T00:52:42+00:00,2026,90,9720,sc,축클럽친,언더오버,2,U 3.5,첼시,토트넘,08.01(토) 18:45,"1.67,1.86",언더
2026-08-06T00:52:42+00:00,2026,90,9721,sc,축클럽친,홀짝,2,,첼시,토트넘,08.01(토) 18:45,"1.76,1.76",홀
2026-08-06T00:52:42+00:00,2026,90,9722,sc,K리그1,승무패,3,,강원FC 0,3 부천FC,08.01(토) 19:30,"1.47,3.35,5.90",홈패
2026-08-06T00:52:42+00:00,2026,90,9723,sc,K리그1,핸디캡,3,H -1.0,강원FC -1,3 부천FC,08.01(토) 19:30,"2.55,3.00,2.36",핸디패
2026-08-06T00:52:42+00:00,2026,90,9724,sc,K리그1,핸디캡,3,H -2.0,강원FC -2,3 부천FC,08.01(토) 19:30,"5.20,4.20,1.39",핸디패
2026-08-06T00:52:42+00:00,2026,90,9725,sc,K리그1,언더오버,2,U 2.5,강원FC,부천FC,08.01(토) 19:30,"1.62,1.93",오버
2026-08-06T00:52:42+00:00,2026,90,9726,sc,K리그1,홀짝,2,,강원FC,부천FC,08.01(토) 19:30,"1.77,1.75",홀
2026-08-06T00:52:42+00:00,2026,90,9727,sc,K리그1,전반승무패,3,h(전반),강원FC 0,1 부천FC,08.01(토) 19:30,"2.05,1.95,6.70",홈패
2026-08-06T00:52:42+00:00,2026,90,9728,sc,K리그1,전반핸디캡,3,h H -1.0,강원FC -1,1 부천FC,08.01(토) 19:30,"5.40,3.05,1.57",핸디패
2026-08-06T00:52:42+00:00,2026,90,9729,sc,K리그1,전반언더오버,2,h U 1.5,강원FC,부천FC,08.01(토) 19:30,"1.27,2.87",언더
2026-08-06T00:52:42+00:00,2026,90,9730,sc,K리그1,승무패,3,,전북현대 0,0 FC서울,08.01(토) 19:30,"2.42,3.05,2.45",무승부
2026-08-06T00:52:42+00:00,2026,90,9731,sc,K리그1,핸디캡,3,H -1.0,전북현대 -1,0 FC서울,08.01(토) 19:30,"5.50,3.85,1.41",핸디패
2026-08-06T00:52:42+00:00,2026,90,9732,sc,K리그1,핸디캡,3,H -2.0,전북현대 -2,0 FC서울,08.01(토) 19:30,"13.50,7.10,1.07",핸디패
2026-08-06T00:52:42+00:00,2026,90,9733,sc,K리그1,언더오버,2,U 2.5,전북현대,FC서울,08.01(토) 19:30,"1.70,1.82",언더
2026-08-06T00:52:42+00:00,2026,90,9734,sc,K리그1,홀짝,2,,전북현대,FC서울,08.01(토) 19:30,"1.77,1.75",짝
2026-08-06T00:52:42+00:00,2026,90,9735,sc,K리그1,전반승무패,3,h(전반),전북현대 0,0 FC서울,08.01(토) 19:30,"3.10,1.94,3.20",무승부
2026-08-06T00:52:42+00:00,2026,90,9736,sc,K리그1,전반핸디캡,3,h H -1.0,전북현대 -1,0 FC서울,08.01(토) 19:30,"9.80,4.05,1.25",핸디패
2026-08-06T00:52:42+00:00,2026,90,9737,sc,K리그1,전반언더오버,2,h U 1.5,전북현대,FC서울,08.01(토) 19:30,"1.33,2.60",언더
2026-08-06T00:52:42+00:00,2026,90,9738,sc,K리그1,승무패,3,,포항스틸 0,1 김천상무,08.01(토) 19:30,"2.33,2.85,2.70",홈패
2026-08-06T00:52:42+00:00,2026,90,9739,sc,K리그1,핸디캡,3,H -1.0,포항스틸 -1,1 김천상무,08.01(토) 19:30,"5.10,3.50,1.50",핸디패
2026-08-06T00:52:42+00:00,2026,90,9740,sc,K리그1,핸디캡,3,H -2.0,포항스틸 -2,1 김천상무,08.01(토) 19:30,"9.30,5.80,1.15",핸디패
2026-08-06T00:52:42+00:00,2026,90,9741,sc,K리그1,언더오버,2,U 2.5,포항스틸,김천상무,08.01(토) 19:30,"1.60,1.96",언더
2026-08-06T00:52:42+00:00,2026,90,9742,sc,K리그1,홀짝,2,,포항스틸,김천상무,08.01(토) 19:30,"1.77,1.75",홀
2026-08-06T00:52:42+00:00,2026,90,9743,sc,K리그1,전반승무패,3,h(전반),포항스틸 0,0 김천상무,08.01(토) 19:30,"2.85,1.98,3.40",무승부
2026-08-06T00:52:42+00:00,2026,90,9744,sc,K리그1,전반핸디캡,3,h H -1.0,포항스틸 -1,0 김천상무,08.01(토) 19:30,"8.00,3.60,1.34",핸디패
2026-08-06T00:52:42+00:00,2026,90,9745,sc,K리그1,전반언더오버,2,h U 1.5,포항스틸,김천상무,08.01(토) 19:30,"1.29,2.77",언더
2026-08-06T00:52:42+00:00,2026,90,9746,sc,K리그2,승무패,3,,충남아산 2,0 성남FC,08.01(토) 19:30,"2.36,3.00,2.55",홈승
2026-08-06T00:52:42+00:00,2026,90,9747,sc,K리그2,핸디캡,3,H -1.0,충남아산 1,0 성남FC,08.01(토) 19:30,"5.30,3.85,1.43",핸디승
2026-08-06T00:52:42+00:00,2026,90,9748,sc,K리그2,언더오버,2,U 2.5,충남아산,성남FC,08.01(토) 19:30,"1.64,1.90",언더
2026-08-06T00:52:42+00:00,2026,90,9749,sc,K리그2,홀짝,2,,충남아산,성남FC,08.01(토) 19:30,"1.77,1.75",짝
2026-08-06T00:52:42+00:00,2026,90,9750,sc,K리그2,승무패,3,,천안시티 2,2 용인FC,08.01(토) 19:30,"2.36,3.00,2.55",무승부
2026-08-06T00:52:42+00:00,2026,90,9751,sc,K리그2,핸디캡,3,H -1.0,천안시티 1,2 용인FC,08.01(토) 19:30,"4.80,3.85,1.47",핸디패
2026-08-06T00:52:42+00:00,2026,90,9752,sc,K리그2,언더오버,2,U 2.5,천안시티,용인FC,08.01(토) 19:30,"1.80,1.72",오버
2026-08-06T00:52:42+00:00,2026,90,9753,sc,K리그2,홀짝,2,,천안시티,용인FC,08.01(토) 19:30,"1.77,1.75",짝
2026-08-06T00:52:42+00:00,2026,90,9754,sc,K리그2,승무패,3,,충북청주 2,2 수원삼성,08.01(토) 19:30,"4.85,3.50,1.52",무승부
2026-08-06T00:52:42+00:00,2026,90,9755,sc,K리그2,핸디캡,3,H +1.0,충북청주 3,2 수원삼성,08.01(토) 19:30,"2.24,3.15,2.60",핸디승
2026-08-06T00:52:42+00:00,2026,90,9756,sc,K리그2,언더오버,2,U 2.5,충북청주,수원삼성,08.01(토) 19:30,"1.79,1.73",오버
2026-08-06T00:52:42+00:00,2026,90,9757,sc,K리그2,홀짝,2,,충북청주,수원삼성,08.01(토) 19:30,"1.77,1.75",짝
2026-08-06T00:52:42+00:00,2026,90,9758,sc,K리그2,승무패,3,,화성FC 5,1 대구FC,08.01(토) 19:30,"2.95,3.30,1.97",홈승
2026-08-06T00:52:42+00:00,2026,90,9759,sc,K리그2,핸디캡,3,H +1.0,화성FC 6,1 대구FC,08.01(토) 19:30,"1.65,3.60,3.75",핸디승
2026-08-06T00:52:42+00:00,2026,90,9760,sc,K리그2,언더오버,2,U 2.5,화성FC,대구FC,08.01(토) 19:30,"1.93,1.62",오버
2026-08-06T00:52:42+00:00,2026,90,9761,sc,K리그2,홀짝,2,,화성FC,대구FC,08.01(토) 19:30,"1.77,1.75",짝
2026-08-06T00:52:42+00:00,2026,90,9762,sc,축클럽친,승무패,3,,맨체스C 1,1 인테르,08.01(토) 20:30,"1.98,3.55,2.75",무승부
2026-08-06T00:52:42+00:00,2026,90,9763,sc,축클럽친,핸디캡,3,H -1.0,맨체스C 0,1 인테르,08.01(토) 20:30,"3.55,3.80,1.65",핸디패
2026-08-06T00:52:42+00:00,2026,90,9764,sc,축클럽친,언더오버,2,U 3.5,맨체스C,인테르,08.01(토) 20:30,"1.59,1.97",언더
2026-08-06T00:52:42+00:00,2026,90,9765,sc,축클럽친,홀짝,2,,맨체스C,인테르,08.01(토) 20:30,"1.76,1.76",짝
2026-08-06T00:52:42+00:00,2026,90,9766,vl,남배네이,승패,2,,일본M 2,3 미국M,08.01(토) 20:30,"2.22,1.46",홈패
2026-08-06T00:52:42+00:00,2026,90,9767,vl,남배네이,핸디캡,2,H +1.5,일본M 3.5,3 미국M,08.01(토) 20:30,"1.49,2.15",핸디승
2026-08-06T00:52:42+00:00,2026,90,9768,vl,남배네이,언더오버,2,U 185.5,일본M,미국M,08.01(토) 20:30,"1.81,1.71",오버
2026-08-06T00:52:42+00:00,2026,90,9769,vl,남배네이,홀짝,2,,일본M,미국M,08.01(토) 20:30,"1.76,1.76",홀
2026-08-06T00:52:42+00:00,2026,90,9770,sc,축ASEA챔,승무패,3,,태국 2,0 말레이시,08.01(토) 22:00,"1.40,4.00,5.40",홈승
2026-08-06T00:52:42+00:00,2026,90,9771,sc,축ASEA챔,핸디캡,3,H -1.0,태국 1,0 말레이시,08.01(토) 22:00,"2.18,3.35,2.55",핸디승
2026-08-06T00:52:42+00:00,2026,90,9772,sc,축ASEA챔,언더오버,2,U 3.5,태국,말레이시,08.01(토) 22:00,"1.48,2.17",언더
2026-08-06T00:52:42+00:00,2026,90,9773,sc,축ASEA챔,홀짝,2,,태국,말레이시,08.01(토) 22:00,"1.76,1.76",짝
2026-08-06T00:52:42+00:00,2026,90,9774,sc,축클럽친,승무패,3,,맨체스U 2,1 AT마드,08.01(토) 22:00,"2.06,3.25,2.80",홈승
2026-08-06T00:52:42+00:00,2026,90,9775,sc,축클럽친,핸디캡,3,H -1.0,맨체스U 1,1 AT마드,08.01(토) 22:00,"3.95,3.70,1.60",핸디무
2026-08-06T00:52:42+00:00,2026,90,9776,sc,축클럽친,언더오버,2,U 2.5,맨체스U,AT마드,08.01(토) 22:00,"2.04,1.55",오버
2026-08-06T00:52:42+00:00,2026,90,9777,sc,축클럽친,홀짝,2,,맨체스U,AT마드,08.01(토) 22:00,"1.77,1.75",홀
2026-08-06T00:52:42+00:00,2026,90,9778,sc,엘리테세,승무패,3,,프레드릭 1,0 사네피오,08.01(토) 23:00,"2.19,3.25,2.60",홈승
2026-08-06T00:52:42+00:00,2026,90,9779,sc,엘리테세,핸디캡,3,H -1.0,프레드릭 0,0 사네피오,08.01(토) 23:00,"4.40,3.80,1.52",핸디무
2026-08-06T00:52:42+00:00,2026,90,9780,sc,엘리테세,언더오버,2,U 2.5,프레드릭,사네피오,08.01(토) 23:00,"1.94,1.61",언더
2026-08-06T00:52:42+00:00,2026,90,9781,sc,엘리테세,홀짝,2,,프레드릭,사네피오,08.01(토) 23:00,"1.77,1.75",홀
2026-08-06T00:52:42+00:00,2026,90,9782,sc,엘리테세,승무패,3,,IK스타르 0,3 비킹FK,08.02(일) 01:00,"5.00,4.00,1.43",홈패
2026-08-06T00:52:42+00:00,2026,90,9783,sc,엘리테세,핸디캡,3,H +1.0,IK스타르 1,3 비킹FK,08.02(일) 01:00,"2.45,3.45,2.22",핸디패
2026-08-06T00:52:42+00:00,2026,90,9784,sc,엘리테세,핸디캡,3,H +2.0,IK스타르 2,3 비킹FK,08.02(일) 01:00,"1.53,4.20,3.90",핸디패
2026-08-06T00:52:42+00:00,2026,90,9785,sc,엘리테세,핸디캡,2,H +3.5,IK스타르 3.5,3 비킹FK,08.02(일) 01:00,"1.01,6.84",핸디승
2026-08-06T00:52:42+00:00,2026,90,9786,sc,엘리테세,언더오버,2,U 3.5,IK스타르,비킹FK,08.02(일) 01:00,"1.53,2.07",언더
2026-08-06T00:52:42+00:00,2026,90,9787,sc,엘리테세,홀짝,2,,IK스타르,비킹FK,08.02(일) 01:00,"1.76,1.76",홀
2026-08-06T00:52:42+00:00,2026,90,9788,bs,MLB,승패,2,,토론블루 5,1 세인카디,08.02(일) 04:07,"1.50,2.13",홈승
2026-08-06T00:52:42+00:00,2026,90,9789,bs,MLB,승①패,3,승①패,토론블루 5,1 세인카디,08.02(일) 04:07,"2.05,3.35,2.75",홈승
2026-08-06T00:52:42+00:00,2026,90,9790,bs,MLB,핸디캡,2,H -2.5,토론블루 2.5,1 세인카디,08.02(일) 04:07,"2.77,1.29",핸디승
2026-08-06T00:52:42+00:00,2026,90,9791,bs,MLB,언더오버,2,U 8.5,토론블루,세인카디,08.02(일) 04:07,"1.74,1.78",언더
2026-08-06T00:52:42+00:00,2026,90,9792,bs,MLB,홀짝,2,,토론블루,세인카디,08.02(일) 04:07,"1.55,2.04",짝
2026-08-06T00:52:42+00:00,2026,90,9793,bs,MLB,승패,2,,탬파레이 1,0 시카화이,08.02(일) 05:10,"1.44,2.26",홈승
2026-08-06T00:52:42+00:00,2026,90,9794,bs,MLB,승①패,3,승①패,탬파레이 1,0 시카화이,08.02(일) 05:10,"1.95,3.35,2.95",①
2026-08-06T00:52:42+00:00,2026,90,9795,bs,MLB,핸디캡,2,H -2.5,탬파레이 -1.5,0 시카화이,08.02(일) 05:10,"2.60,1.33",핸디패
2026-08-06T00:52:42+00:00,2026,90,9796,bs,MLB,언더오버,2,U 8.5,탬파레이,시카화이,08.02(일) 05:10,"1.66,1.87",언더
2026-08-06T00:52:42+00:00,2026,90,9797,bs,MLB,홀짝,2,,탬파레이,시카화이,08.02(일) 05:10,"1.56,2.02",홀
2026-08-06T00:52:42+00:00,2026,90,9798,bs,MLB,승패,2,,시애매리 4,3 미네트윈,08.02(일) 05:10,"1.42,2.31",홈승
2026-08-06T00:52:42+00:00,2026,90,9799,bs,MLB,승①패,3,승①패,시애매리 4,3 미네트윈,08.02(일) 05:10,"1.91,3.35,3.05",①
2026-08-06T00:52:42+00:00,2026,90,9800,bs,MLB,핸디캡,2,H -2.5,시애매리 1.5,3 미네트윈,08.02(일) 05:10,"2.56,1.34",핸디패
2026-08-06T00:52:42+00:00,2026,90,9801,bs,MLB,언더오버,2,U 7.5,시애매리,미네트윈,08.02(일) 05:10,"1.79,1.73",언더
2026-08-06T00:52:42+00:00,2026,90,9802,bs,MLB,홀짝,2,,시애매리,미네트윈,08.02(일) 05:10,"1.55,2.04",홀
2026-08-06T00:52:42+00:00,2026,90,9803,bs,MLB,승패,2,,뉴욕메츠 2,6 마이말린,08.02(일) 05:10,"1.63,1.91",홈패
2026-08-06T00:52:42+00:00,2026,90,9804,bs,MLB,승①패,3,승①패,뉴욕메츠 2,6 마이말린,08.02(일) 05:10,"2.28,3.30,2.45",홈패
2026-08-06T00:52:42+00:00,2026,90,9805,bs,MLB,핸디캡,2,H -2.5,뉴욕메츠 -0.5,6 마이말린,08.02(일) 05:10,"3.16,1.22",핸디패
2026-08-06T00:52:42+00:00,2026,90,9806,bs,MLB,언더오버,2,U 8.5,뉴욕메츠,마이말린,08.02(일) 05:10,"1.81,1.71",언더
2026-08-06T00:52:42+00:00,2026,90,9807,bs,MLB,홀짝,2,,뉴욕메츠,마이말린,08.02(일) 05:10,"1.55,2.04",짝
2026-08-06T00:52:42+00:00,2026,90,9808,bs,MLB,승패,2,,신시레즈 1,4 피츠파이,08.02(일) 07:40,"1.82,1.70",홈패
2026-08-06T00:52:42+00:00,2026,90,9809,bs,MLB,승①패,3,승①패,신시레즈 1,4 피츠파이,08.02(일) 07:40,"2.65,3.30,2.13",홈패
2026-08-06T00:52:42+00:00,2026,90,9810,bs,MLB,핸디캡,2,H +2.5,신시레즈 3.5,4 피츠파이,08.02(일) 07:40,"1.28,2.82",핸디패
2026-08-06T00:52:42+00:00,2026,90,9811,bs,MLB,언더오버,2,U 8.5,신시레즈,피츠파이,08.02(일) 07:40,"1.74,1.78",언더
2026-08-06T00:52:42+00:00,2026,90,9812,bs,MLB,홀짝,2,,신시레즈,피츠파이,08.02(일) 07:40,"1.55,2.04",홀
2026-08-06T00:52:42+00:00,2026,90,9813,bs,MLB,승패,2,,볼티오리 0,5 필라필리,08.02(일) 08:05,"2.04,1.55",홈패
2026-08-06T00:52:42+00:00,2026,90,9814,bs,MLB,승①패,3,승①패,볼티오리 0,5 필라필리,08.02(일) 08:05,"3.10,3.30,1.91",홈패
2026-08-06T00:52:42+00:00,2026,90,9815,bs,MLB,핸디캡,2,H +2.5,볼티오리 2.5,5 필라필리,08.02(일) 08:05,"1.36,2.49",핸디패
2026-08-06T00:52:42+00:00,2026,90,9816,bs,MLB,언더오버,2,U 8.5,볼티오리,필라필리,08.02(일) 08:05,"1.73,1.79",언더
2026-08-06T00:52:42+00:00,2026,90,9817,bs,MLB,홀짝,2,,볼티오리,필라필리,08.02(일) 08:05,"1.55,2.04",홀
2026-08-06T00:52:42+00:00,2026,90,9818,bs,MLB,승패,2,,휴스애스 5,4 텍사레인,08.02(일) 08:10,"1.96,1.60",홈승
2026-08-06T00:52:42+00:00,2026,90,9819,bs,MLB,승①패,3,승①패,휴스애스 5,4 텍사레인,08.02(일) 08:10,"2.90,3.30,1.99",①
2026-08-06T00:52:42+00:00,2026,90,9820,bs,MLB,핸디캡,2,H +2.5,휴스애스 7.5,4 텍사레인,08.02(일) 08:10,"1.33,2.60",핸디승
2026-08-06T00:52:42+00:00,2026,90,9821,bs,MLB,언더오버,2,U 8.5,휴스애스,텍사레인,08.02(일) 08:10,"1.71,1.81",오버
2026-08-06T00:52:42+00:00,2026,90,9822,bs,MLB,홀짝,2,,휴스애스,텍사레인,08.02(일) 08:10,"1.55,2.04",홀
2026-08-06T00:52:42+00:00,2026,90,9823,bs,MLB,승패,2,,클리가디 8,12 애리다이,08.02(일) 08:15,"1.46,2.22",홈패
2026-08-06T00:52:42+00:00,2026,90,9824,bs,MLB,승①패,3,승①패,클리가디 8,12 애리다이,08.02(일) 08:15,"1.98,3.40,2.85",홈패
2026-08-06T00:52:42+00:00,2026,90,9825,bs,MLB,핸디캡,2,H -2.5,클리가디 5.5,12 애리다이,08.02(일) 08:15,"2.64,1.32",핸디패
2026-08-06T00:52:42+00:00,2026,90,9826,bs,MLB,언더오버,2,U 8.5,클리가디,애리다이,08.02(일) 08:15,"1.75,1.77",오버
2026-08-06T00:52:42+00:00,2026,90,9827,bs,MLB,홀짝,2,,클리가디,애리다이,08.02(일) 08:15,"1.56,2.02",짝
2026-08-06T00:52:42+00:00,2026,90,9828,bs,MLB,승패,2,,시카컵스 5,2 뉴욕양키,08.02(일) 08:15,"1.87,1.66",홈승
2026-08-06T00:52:42+00:00,2026,90,9829,bs,MLB,승①패,3,승①패,시카컵스 5,2 뉴욕양키,08.02(일) 08:15,"2.85,3.00,2.15",홈승
2026-08-06T00:52:42+00:00,2026,90,9830,bs,MLB,핸디캡,2,H +2.5,시카컵스 7.5,2 뉴욕양키,08.02(일) 08:15,"1.24,3.03",핸디승
2026-08-06T00:52:42+00:00,2026,90,9831,bs,MLB,언더오버,2,U 6.5,시카컵스,뉴욕양키,08.02(일) 08:15,"1.66,1.87",오버
2026-08-06T00:52:42+00:00,2026,90,9832,bs,MLB,홀짝,2,,시카컵스,뉴욕양키,08.02(일) 08:15,"1.53,2.07",홀
2026-08-06T00:52:42+00:00,2026,90,9833,bs,MLB,승패,2,,애틀브레 8,3 워싱내셔,08.02(일) 08:15,"1.37,2.46",홈승
2026-08-06T00:52:42+00:00,2026,90,9834,bs,MLB,승①패,3,승①패,애틀브레 8,3 워싱내셔,08.02(일) 08:15,"1.80,3.55,3.20",홈승
2026-08-06T00:52:42+00:00,2026,90,9835,bs,MLB,핸디캡,2,H -2.5,애틀브레 5.5,3 워싱내셔,08.02(일) 08:15,"2.31,1.42",핸디승
2026-08-06T00:52:42+00:00,2026,90,9836,bs,MLB,언더오버,2,U 9.5,애틀브레,워싱내셔,08.02(일) 08:15,"1.72,1.80",오버
2026-08-06T00:52:42+00:00,2026,90,9837,bs,MLB,홀짝,2,,애틀브레,워싱내셔,08.02(일) 08:15,"1.56,2.02",홀
2026-08-06T00:52:42+00:00,2026,90,9838,sc,MLS,승무패,3,,FC신시내 4,2 새너어스,08.02(일) 08:30,"1.77,3.90,3.05",홈승
2026-08-06T00:52:42+00:00,2026,90,9839,sc,MLS,핸디캡,3,H -1.0,FC신시내 3,2 새너어스,08.02(일) 08:30,"2.80,3.90,1.87",핸디승
2026-08-06T00:52:42+00:00,2026,90,9840,sc,MLS,언더오버,2,U 3.5,FC신시내,새너어스,08.02(일) 08:30,"1.93,1.62",오버
2026-08-06T00:52:42+00:00,2026,90,9841,sc,MLS,홀짝,2,,FC신시내,새너어스,08.02(일) 08:30,"1.76,1.76",짝
2026-08-06T00:52:42+00:00,2026,90,9842,sc,MLS,승무패,3,,DC유나이 2,2 내슈빌SC,08.02(일) 08:30,"2.70,3.15,2.17",무승부
2026-08-06T00:52:42+00:00,2026,90,9843,sc,MLS,핸디캡,3,H +1.0,DC유나이 3,2 내슈빌SC,08.02(일) 08:30,"1.54,3.70,4.35",핸디승
2026-08-06T00:52:42+00:00,2026,90,9844,sc,MLS,언더오버,2,U 2.5,DC유나이,내슈빌SC,08.02(일) 08:30,"1.77,1.75",오버
2026-08-06T00:52:42+00:00,2026,90,9845,sc,MLS,홀짝,2,,DC유나이,내슈빌SC,08.02(일) 08:30,"1.77,1.75",짝
2026-08-06T00:52:42+00:00,2026,90,9846,sc,MLS,승무패,3,,인터마이 2,2 콜럼크루,08.02(일) 08:30,"1.49,4.10,4.25",무승부
2026-08-06T00:52:42+00:00,2026,90,9847,sc,MLS,핸디캡,3,H -1.0,인터마이 1,2 콜럼크루,08.02(일) 08:30,"2.19,4.20,2.20",핸디패
2026-08-06T00:52:42+00:00,2026,90,9848,sc,MLS,언더오버,2,U 3.5,인터마이,콜럼크루,08.02(일) 08:30,"1.82,1.70",오버
2026-08-06T00:52:42+00:00,2026,90,9849,sc,MLS,홀짝,2,,인터마이,콜럼크루,08.02(일) 08:30,"1.76,1.76",짝
2026-08-06T00:52:42+00:00,2026,90,9850,sc,MLS,승무패,3,,CF몽레알 2,2 뉴잉레벌,08.02(일) 08:30,"1.95,3.25,3.05",무승부
2026-08-06T00:52:42+00:00,2026,90,9851,sc,MLS,핸디캡,3,H -1.0,CF몽레알 1,2 뉴잉레벌,08.02(일) 08:30,"3.65,3.55,1.68",핸디패
2026-08-06T00:52:42+00:00,2026,90,9852,sc,MLS,언더오버,2,U 2.5,CF몽레알,뉴잉레벌,08.02(일) 08:30,"1.93,1.62",오버
2026-08-06T00:52:42+00:00,2026,90,9853,sc,MLS,홀짝,2,,CF몽레알,뉴잉레벌,08.02(일) 08:30,"1.77,1.75",짝
2026-08-06T00:52:42+00:00,2026,90,9854,sc,MLS,승무패,3,,뉴욕레드 3,2 올랜시티,08.02(일) 08:30,"2.12,3.70,2.45",홈승
2026-08-06T00:52:42+00:00,2026,90,9855,sc,MLS,핸디캡,3,H -1.0,뉴욕레드 2,2 올랜시티,08.02(일) 08:30,"4.00,3.95,1.55",핸디무
2026-08-06T00:52:42+00:00,2026,90,9856,sc,MLS,언더오버,2,U 3.5,뉴욕레드,올랜시티,08.02(일) 08:30,"1.82,1.70",오버
2026-08-06T00:52:42+00:00,2026,90,9857,sc,MLS,홀짝,2,,뉴욕레드,올랜시티,08.02(일) 08:30,"1.76,1.76",홀
2026-08-06T00:52:42+00:00,2026,90,9858,sc,MLS,승무패,3,,필라유니 3,2 애틀유나,08.02(일) 08:30,"1.50,3.85,4.50",홈승
2026-08-06T00:52:42+00:00,2026,90,9859,sc,MLS,핸디캡,3,H -1.0,필라유니 2,2 애틀유나,08.02(일) 08:30,"2.45,3.35,2.26",핸디무
2026-08-06T00:52:42+00:00,2026,90,9860,sc,MLS,언더오버,2,U 2.5,필라유니,애틀유나,08.02(일) 08:30,"2.11,1.51",오버
2026-08-06T00:52:42+00:00,2026,90,9861,sc,MLS,홀짝,2,,필라유니,애틀유나,08.02(일) 08:30,"1.76,1.76",홀
2026-08-06T00:52:42+00:00,2026,90,9862,sc,MLS,승무패,3,,밴쿠화이 1,1 LAFC,08.02(일) 08:30,"1.77,3.75,3.15",무승부
2026-08-06T00:52:42+00:00,2026,90,9863,sc,MLS,핸디캡,3,H -1.0,밴쿠화이 0,1 LAFC,08.02(일) 08:30,"2.85,4.20,1.78",핸디패
2026-08-06T00:52:42+00:00,2026,90,9864,sc,MLS,핸디캡,3,H -2.0,밴쿠화이 -1,1 LAFC,08.02(일) 08:30,"6.00,5.10,1.27",핸디패
2026-08-06T00:52:42+00:00,2026,90,9865,sc,MLS,언더오버,2,U 3.5,밴쿠화이,LAFC,08.02(일) 08:30,"1.54,2.05",언더
2026-08-06T00:52:42+00:00,2026,90,9866,sc,MLS,홀짝,2,,밴쿠화이,LAFC,08.02(일) 08:30,"1.76,1.76",짝
2026-08-06T00:52:42+00:00,2026,90,9867,bs,MLB,승패,2,,콜로로키 12,6 캔자로얄,08.02(일) 09:10,"1.72,1.80",홈승
2026-08-06T00:52:42+00:00,2026,90,9868,bs,MLB,승①패,3,승①패,콜로로키 12,6 캔자로얄,08.02(일) 09:10,"2.40,3.50,2.24",홈승
2026-08-06T00:52:42+00:00,2026,90,9869,bs,MLB,핸디캡,2,H -2.5,콜로로키 9.5,6 캔자로얄,08.02(일) 09:10,"3.03,1.24",핸디승
2026-08-06T00:52:42+00:00,2026,90,9870,bs,MLB,언더오버,2,U 11.5,콜로로키,캔자로얄,08.02(일) 09:10,"1.80,1.72",오버
2026-08-06T00:52:42+00:00,2026,90,9871,bs,MLB,홀짝,2,,콜로로키,캔자로얄,08.02(일) 09:10,"1.56,2.02",짝
2026-08-06T00:52:42+00:00,2026,90,9872,sc,MLS,승무패,3,,시카파이 2,1 샬럿FC,08.02(일) 09:30,"1.42,4.50,4.50",홈승
2026-08-06T00:52:42+00:00,2026,90,9873,sc,MLS,핸디캡,3,H -1.0,시카파이 1,1 샬럿FC,08.02(일) 09:30,"2.22,3.55,2.40",핸디무
2026-08-06T00:52:42+00:00,2026,90,9874,sc,MLS,언더오버,2,U 3.5,시카파이,샬럿FC,08.02(일) 09:30,"1.63,1.91",언더
2026-08-06T00:52:42+00:00,2026,90,9875,sc,MLS,홀짝,2,,시카파이,샬럿FC,08.02(일) 09:30,"1.76,1.76",홀
2026-08-06T00:52:42+00:00,2026,90,9876,sc,MLS,승무패,3,,스포캔자 0,2 휴스다이,08.02(일) 09:30,"2.85,3.35,2.00",홈패
2026-08-06T00:52:42+00:00,2026,90,9877,sc,MLS,핸디캡,3,H +1.0,스포캔자 1,2 휴스다이,08.02(일) 09:30,"1.63,3.70,3.75",핸디패
2026-08-06T00:52:42+00:00,2026,90,9878,sc,MLS,언더오버,2,U 2.5,스포캔자,휴스다이,08.02(일) 09:30,"2.11,1.51",언더
2026-08-06T00:52:42+00:00,2026,90,9879,sc,MLS,홀짝,2,,스포캔자,휴스다이,08.02(일) 09:30,"1.76,1.76",짝
2026-08-06T00:52:42+00:00,2026,90,9880,sc,MLS,승무패,3,,미네유나 1,1 샌디에FC,08.02(일) 09:30,"1.87,3.55,3.00",무승부
2026-08-06T00:52:42+00:00,2026,90,9881,sc,MLS,핸디캡,3,H -1.0,미네유나 0,1 샌디에FC,08.02(일) 09:30,"3.30,3.70,1.74",핸디패
2026-08-06T00:52:42+00:00,2026,90,9882,sc,MLS,언더오버,2,U 3.5,미네유나,샌디에FC,08.02(일) 09:30,"1.51,2.11",언더
2026-08-06T00:52:42+00:00,2026,90,9883,sc,MLS,홀짝,2,,미네유나,샌디에FC,08.02(일) 09:30,"1.76,1.76",짝
2026-08-06T00:52:42+00:00,2026,90,9884,sc,MLS,승무패,3,,세인시티 1,1 레알솔트,08.02(일) 09:30,"1.95,3.50,2.85",무승부
2026-08-06T00:52:42+00:00,2026,90,9885,sc,MLS,핸디캡,3,H -1.0,세인시티 0,1 레알솔트,08.02(일) 09:30,"3.50,3.80,1.67",핸디패
2026-08-06T00:52:42+00:00,2026,90,9886,sc,MLS,언더오버,2,U 3.5,세인시티,레알솔트,08.02(일) 09:30,"1.50,2.13",언더
2026-08-06T00:52:42+00:00,2026,90,9887,sc,MLS,홀짝,2,,세인시티,레알솔트,08.02(일) 09:30,"1.76,1.76",짝
2026-08-06T00:52:42+00:00,2026,90,9888,bs,MLB,승패,2,,샌디파드 6,5 샌프자이,08.02(일) 09:40,"1.57,2.00",홈승
2026-08-06T00:52:42+00:00,2026,90,9889,bs,MLB,승①패,3,승①패,샌디파드 6,5 샌프자이,08.02(일) 09:40,"2.18,3.35,2.55",①
2026-08-06T00:52:42+00:00,2026,90,9890,bs,MLB,핸디캡,2,H -2.5,샌디파드 3.5,5 샌프자이,08.02(일) 09:40,"2.97,1.25",핸디패
2026-08-06T00:52:42+00:00,2026,90,9891,bs,MLB,언더오버,2,U 8.5,샌디파드,샌프자이,08.02(일) 09:40,"1.84,1.69",오버
2026-08-06T00:52:42+00:00,2026,90,9892,bs,MLB,홀짝,2,,샌디파드,샌프자이,08.02(일) 09:40,"1.55,2.04",홀
2026-08-06T00:52:42+00:00,2026,90,9893,bs,MLB,승패,2,,LA다저스 2,3 보스레드,08.02(일) 10:10,"1.43,2.29",홈패
2026-08-06T00:52:42+00:00,2026,90,9894,bs,MLB,승①패,3,승①패,LA다저스 2,3 보스레드,08.02(일) 10:10,"1.94,3.45,2.90",①
2026-08-06T00:52:42+00:00,2026,90,9895,bs,MLB,핸디캡,2,H -2.5,LA다저스 -0.5,3 보스레드,08.02(일) 10:10,"2.68,1.31",핸디패
2026-08-06T00:52:42+00:00,2026,90,9896,bs,MLB,언더오버,2,U 8.5,LA다저스,보스레드,08.02(일) 10:10,"1.58,1.99",언더
2026-08-06T00:52:42+00:00,2026,90,9897,bs,MLB,홀짝,2,,LA다저스,보스레드,08.02(일) 10:10,"1.56,2.02",홀
2026-08-06T00:52:42+00:00,2026,90,9898,sc,MLS,승무패,3,,콜로래피 1,0 오스틴FC,08.02(일) 10:30,"1.64,3.55,3.90",홈승
2026-08-06T00:52:42+00:00,2026,90,9899,sc,MLS,핸디캡,3,H -1.0,콜로래피 0,0 오스틴FC,08.02(일) 10:30,"2.80,3.45,1.99",핸디무
2026-08-06T00:52:42+00:00,2026,90,9900,sc,MLS,언더오버,2,U 2.5,콜로래피,오스틴FC,08.02(일) 10:30,"2.09,1.52",언더
2026-08-06T00:52:42+00:00,2026,90,9901,sc,MLS,홀짝,2,,콜로래피,오스틴FC,08.02(일) 10:30,"1.76,1.76",홀
2026-08-06T00:52:42+00:00,2026,90,9902,bs,MLB,승패,2,,LA에인절 1,3 밀워브루,08.02(일) 10:38,"1.89,1.65",홈패
2026-08-06T00:52:42+00:00,2026,90,9903,bs,MLB,승①패,3,승①패,LA에인절 1,3 밀워브루,08.02(일) 10:38,"2.70,3.40,2.06",홈패
2026-08-06T00:52:42+00:00,2026,90,9904,bs,MLB,핸디캡,2,H +2.5,LA에인절 3.5,3 밀워브루,08.02(일) 10:38,"1.32,2.64",핸디승
2026-08-06T00:52:42+00:00,2026,90,9905,bs,MLB,언더오버,2,U 8.5,LA에인절,밀워브루,08.02(일) 10:38,"1.81,1.71",언더
2026-08-06T00:52:42+00:00,2026,90,9906,bs,MLB,홀짝,2,,LA에인절,밀워브루,08.02(일) 10:38,"1.55,2.04",짝
2026-08-06T00:52:42+00:00,2026,90,9907,bs,MLB,승패,2,,애슬레틱 6,8 디트타이,08.02(일) 10:40,"2.13,1.50",홈패
2026-08-06T00:52:42+00:00,2026,90,9908,bs,MLB,승①패,3,승①패,애슬레틱 6,8 디트타이,08.02(일) 10:40,"3.05,3.75,1.80",홈패
2026-08-06T00:52:42+00:00,2026,90,9909,bs,MLB,핸디캡,2,H +2.5,애슬레틱 8.5,8 디트타이,08.02(일) 10:40,"1.47,2.19",핸디승
2026-08-06T00:52:42+00:00,2026,90,9910,bs,MLB,언더오버,2,U 10.5,애슬레틱,디트타이,08.02(일) 10:40,"1.81,1.71",오버
2026-08-06T00:52:42+00:00,2026,90,9911,bs,MLB,홀짝,2,,애슬레틱,디트타이,08.02(일) 10:40,"1.56,2.02",짝
2026-08-06T00:52:42+00:00,2026,90,9912,bs,MLB,전반승무패,3,h(전반),애슬레틱 2,4 디트타이,08.02(일) 10:40,"2.35,6.60,1.75",홈패
2026-08-06T00:52:42+00:00,2026,90,9913,bs,MLB,전반핸디캡,2,h H +1.5,애슬레틱 3.5,4 디트타이,08.02(일) 10:40,"1.39,2.40",핸디패
2026-08-06T00:52:42+00:00,2026,90,9914,bs,MLB,전반언더오버,2,h U 5.5,애슬레틱,디트타이,08.02(일) 10:40,"1.81,1.71",오버
2026-08-06T00:52:42+00:00,2026,90,9915,sc,MLS,승무패,3,,LA갤럭시 0,0 FC댈러스,08.02(일) 11:30,"2.06,3.50,2.65",무승부
2026-08-06T00:52:42+00:00,2026,90,9916,sc,MLS,핸디캡,3,H -1.0,LA갤럭시 -1,0 FC댈러스,08.02(일) 11:30,"3.75,3.90,1.60",핸디패
2026-08-06T00:52:42+00:00,2026,90,9917,sc,MLS,언더오버,2,U 3.5,LA갤럭시,FC댈러스,08.02(일) 11:30,"1.52,2.09",언더
2026-08-06T00:52:42+00:00,2026,90,9918,sc,MLS,홀짝,2,,LA갤럭시,FC댈러스,08.02(일) 11:30,"1.76,1.76",짝
2026-08-06T00:52:42+00:00,2026,90,9919,sc,MLS,승무패,3,,포틀팀버 2,1 시애사운,08.02(일) 11:45,"1.87,3.55,3.00",홈승
2026-08-06T00:52:42+00:00,2026,90,9920,sc,MLS,핸디캡,3,H -1.0,포틀팀버 1,1 시애사운,08.02(일) 11:45,"3.20,3.75,1.75",핸디무
2026-08-06T00:52:42+00:00,2026,90,9921,sc,MLS,언더오버,2,U 3.5,포틀팀버,시애사운,08.02(일) 11:45,"1.61,1.94",언더
2026-08-06T00:52:42+00:00,2026,90,9922,sc,MLS,홀짝,2,,포틀팀버,시애사운,08.02(일) 11:45,"1.76,1.76",홀
2026-08-06T00:52:42+00:00,2026,90,9923,bs,NPB,승패,2,,닛폰햄 3,0 지바롯데,08.02(일) 13:00,"1.50,2.13",홈승
2026-08-06T00:52:42+00:00,2026,90,9924,bs,NPB,승①패,3,승①패,닛폰햄 3,0 지바롯데,08.02(일) 13:00,"2.21,2.80,2.95",홈승
2026-08-06T00:52:42+00:00,2026,90,9925,bs,NPB,핸디캡,2,H -2.5,닛폰햄 0.5,0 지바롯데,08.02(일) 13:00,"2.97,1.25",핸디승
2026-08-06T00:52:42+00:00,2026,90,9926,bs,NPB,언더오버,2,U 7.5,닛폰햄,지바롯데,08.02(일) 13:00,"1.78,1.74",언더
2026-08-06T00:52:42+00:00,2026,90,9927,bs,NPB,홀짝,2,,닛폰햄,지바롯데,08.02(일) 13:00,"1.61,1.94",홀
2026-08-06T00:52:42+00:00,2026,90,9928,bs,KBO,승패,2,,키움 5,3 SSG,08.02(일) 14:00,"2.40,1.39",홈승
2026-08-06T00:52:42+00:00,2026,90,9929,bs,KBO,승①패,3,승①패,키움 5,3 SSG,08.02(일) 14:00,"3.65,3.40,1.72",홈승
2026-08-06T00:52:42+00:00,2026,90,9930,bs,KBO,핸디캡,2,H +2.5,키움 7.5,3 SSG,08.02(일) 14:00,"1.48,2.17",핸디승
2026-08-06T00:52:42+00:00,2026,90,9931,bs,KBO,언더오버,2,U 8.5,키움,SSG,08.02(일) 14:00,"1.74,1.78",언더
2026-08-06T00:52:42+00:00,2026,90,9932,bs,KBO,홀짝,2,,키움,SSG,08.02(일) 14:00,"1.59,1.97",짝
2026-08-06T00:52:42+00:00,2026,90,9933,bs,KBO,전반승무패,3,h(전반),키움 3,2 SSG,08.02(일) 14:00,"2.75,6.10,1.61",홈승
2026-08-06T00:52:42+00:00,2026,90,9934,bs,KBO,전반핸디캡,2,h H +1.5,키움 4.5,2 SSG,08.02(일) 14:00,"1.49,2.15",핸디승
2026-08-06T00:52:42+00:00,2026,90,9935,bs,KBO,전반언더오버,2,h U 4.5,키움,SSG,08.02(일) 14:00,"1.71,1.81",오버
2026-08-06T00:52:42+00:00,2026,90,9936,bs,NPB,승패,2,,요미우리 1,2 요코베이,08.02(일) 14:00,"1.67,1.86",홈패
2026-08-06T00:52:42+00:00,2026,90,9937,bs,NPB,승①패,3,승①패,요미우리 1,2 요코베이,08.02(일) 14:00,"2.65,2.65,2.54",①
2026-08-06T00:52:42+00:00,2026,90,9938,bs,NPB,핸디캡,2,H -2.5,요미우리 -1.5,2 요코베이,08.02(일) 14:00,"3.65,1.16",핸디패
2026-08-06T00:52:42+00:00,2026,90,9939,bs,NPB,언더오버,2,U 6.5,요미우리,요코베이,08.02(일) 14:00,"1.71,1.81",언더
2026-08-06T00:52:42+00:00,2026,90,9940,bs,NPB,홀짝,2,,요미우리,요코베이,08.02(일) 14:00,"1.61,1.94",홀
2026-08-06T00:52:42+00:00,2026,90,9941,bs,NPB,승패,2,,라쿠텐 6,10 소프트뱅,08.02(일) 16:00,"2.31,1.42",홈패
2026-08-06T00:52:42+00:00,2026,90,9942,bs,NPB,승①패,3,승①패,라쿠텐 6,10 소프트뱅,08.02(일) 16:00,"3.95,3.20,1.71",홈패
2026-08-06T00:52:42+00:00,2026,90,9943,bs,NPB,핸디캡,2,H +2.5,라쿠텐 8.5,10 소프트뱅,08.02(일) 16:00,"1.42,2.31",핸디패
2026-08-06T00:52:42+00:00,2026,90,9944,bs,NPB,언더오버,2,U 7.5,라쿠텐,소프트뱅,08.02(일) 16:00,"1.72,1.80",오버
2026-08-06T00:52:42+00:00,2026,90,9945,bs,NPB,홀짝,2,,라쿠텐,소프트뱅,08.02(일) 16:00,"1.61,1.94",짝
2026-08-06T00:52:42+00:00,2026,90,9946,vl,남배네이,승패,2,,일본M 1,3 슬로베M,08.02(일) 16:40,"1.27,2.87",홈패
2026-08-06T00:52:42+00:00,2026,90,9947,vl,남배네이,핸디캡,2,H -1.5,일본M -0.5,3 슬로베M,08.02(일) 16:40,"1.70,1.82",핸디패
2026-08-06T00:52:42+00:00,2026,90,9948,vl,남배네이,언더오버,2,U 183.5,일본M,슬로베M,08.02(일) 16:40,"1.81,1.71",오버
2026-08-06T00:52:42+00:00,2026,90,9949,vl,남배네이,홀짝,2,,일본M,슬로베M,08.02(일) 16:40,"1.76,1.76",짝
2026-08-06T00:52:42+00:00,2026,90,9950,bs,NPB,승패,2,,세이부 5,1 오릭스,08.02(일) 17:00,"1.49,2.15",홈승
2026-08-06T00:52:42+00:00,2026,90,9951,bs,NPB,승①패,3,승①패,세이부 5,1 오릭스,08.02(일) 17:00,"2.25,2.65,3.05",홈승
2026-08-06T00:52:42+00:00,2026,90,9952,bs,NPB,핸디캡,2,H -2.5,세이부 2.5,1 오릭스,08.02(일) 17:00,"2.97,1.25",핸디승
2026-08-06T00:52:42+00:00,2026,90,9953,bs,NPB,언더오버,2,U 6.5,세이부,오릭스,08.02(일) 17:00,"1.78,1.74",언더
2026-08-06T00:52:42+00:00,2026,90,9954,bs,NPB,홀짝,2,,세이부,오릭스,08.02(일) 17:00,"1.61,1.94",짝
2026-08-06T00:52:42+00:00,2026,90,9955,bs,KBO,승패,2,,두산 8,3 LG,08.02(일) 18:00,"1.77,1.75",홈승
2026-08-06T00:52:42+00:00,2026,90,9956,bs,KBO,승①패,3,승①패,두산 8,3 LG,08.02(일) 18:00,"2.60,3.10,2.26",홈승
2026-08-06T00:52:42+00:00,2026,90,9957,bs,KBO,핸디캡,2,H +2.5,두산 10.5,3 LG,08.02(일) 18:00,"1.24,3.03",핸디승
2026-08-06T00:52:42+00:00,2026,90,9958,bs,KBO,언더오버,2,U 7.5,두산,LG,08.02(일) 18:00,"1.87,1.66",오버
2026-08-06T00:52:42+00:00,2026,90,9959,bs,KBO,홀짝,2,,두산,LG,08.02(일) 18:00,"1.59,1.97",홀
2026-08-06T00:52:42+00:00,2026,90,9960,bs,KBO,전반승무패,3,h(전반),두산 6,3 LG,08.02(일) 18:00,"2.15,5.00,2.06",홈승
2026-08-06T00:52:42+00:00,2026,90,9961,bs,KBO,전반핸디캡,2,h H +1.5,두산 7.5,3 LG,08.02(일) 18:00,"1.27,2.87",핸디승
2026-08-06T00:52:42+00:00,2026,90,9962,bs,KBO,전반언더오버,2,h U 4.5,두산,LG,08.02(일) 18:00,"1.64,1.90",오버
2026-08-06T00:52:42+00:00,2026,90,9971,bs,KBO,승패,2,,KT 12,1 한화,08.02(일) 18:00,"1.69,1.84",홈승
2026-08-06T00:52:42+00:00,2026,90,9972,bs,KBO,승①패,3,승①패,KT 12,1 한화,08.02(일) 18:00,"2.35,3.40,2.33",홈승
2026-08-06T00:52:42+00:00,2026,90,9973,bs,KBO,핸디캡,2,H -2.5,KT 9.5,1 한화,08.02(일) 18:00,"3.03,1.24",핸디승
2026-08-06T00:52:42+00:00,2026,90,9974,bs,KBO,언더오버,2,U 9.5,KT,한화,08.02(일) 18:00,"1.73,1.79",오버
2026-08-06T00:52:42+00:00,2026,90,9975,bs,KBO,홀짝,2,,KT,한화,08.02(일) 18:00,"1.58,1.99",홀
2026-08-06T00:52:42+00:00,2026,90,9976,bs,KBO,전반승무패,3,h(전반),KT 1,0 한화,08.02(일) 18:00,"2.00,5.80,2.10",홈승
2026-08-06T00:52:42+00:00,2026,90,9977,bs,KBO,전반핸디캡,2,h H -1.5,KT -0.5,0 한화,08.02(일) 18:00,"2.72,1.30",핸디패
2026-08-06T00:52:42+00:00,2026,90,9978,bs,KBO,전반언더오버,2,h U 5.5,KT,한화,08.02(일) 18:00,"1.65,1.89",언더
2026-08-06T00:52:42+00:00,2026,90,9979,bs,KBO,승패,2,,NC,KIA,08.02(일) 18:00,"1.00,1.00",취소
2026-08-06T00:52:42+00:00,2026,90,9980,bs,KBO,승①패,3,승①패,NC,KIA,08.02(일) 18:00,"1.00,1.00,1.00",취소
2026-08-06T00:52:42+00:00,2026,90,9981,bs,KBO,핸디캡,2,H -2.5,NC,KIA,08.02(일) 18:00,"1.00,1.00",취소
2026-08-06T00:52:42+00:00,2026,90,9982,bs,KBO,언더오버,2,U 9.5,NC,KIA,08.02(일) 18:00,"1.00,1.00",취소
2026-08-06T00:52:42+00:00,2026,90,9983,bs,KBO,홀짝,2,,NC,KIA,08.02(일) 18:00,"1.00,1.00",취소
2026-08-06T00:52:42+00:00,2026,90,9984,bs,KBO,전반승무패,3,h(전반),NC,KIA,08.02(일) 18:00,"1.00,1.00,1.00",취소
2026-08-06T00:52:42+00:00,2026,90,9985,bs,KBO,전반핸디캡,2,h H -1.5,NC,KIA,08.02(일) 18:00,"1.00,1.00",취소
2026-08-06T00:52:42+00:00,2026,90,9986,bs,KBO,전반언더오버,2,h U 5.5,NC,KIA,08.02(일) 18:00,"1.00,1.00",취소
2026-08-06T00:52:42+00:00,2026,90,9987,bs,NPB,승패,2,,야쿠르트 3,4 한신,08.02(일) 18:00,"2.24,1.45",홈패
2026-08-06T00:52:42+00:00,2026,90,9988,bs,NPB,승①패,3,승①패,야쿠르트 3,4 한신,08.02(일) 18:00,"3.80,2.90,1.85",①
2026-08-06T00:52:42+00:00,2026,90,9989,bs,NPB,핸디캡,2,H +2.5,야쿠르트 5.5,4 한신,08.02(일) 18:00,"1.37,2.46",핸디승
2026-08-06T00:52:42+00:00,2026,90,9990,bs,NPB,언더오버,2,U 8.5,야쿠르트,한신,08.02(일) 18:00,"1.76,1.76",언더
2026-08-06T00:52:42+00:00,2026,90,9991,bs,NPB,홀짝,2,,야쿠르트,한신,08.02(일) 18:00,"1.61,1.94",홀
2026-08-06T00:52:42+00:00,2026,90,9992,bs,NPB,승패,2,,히로카프 4,3 주니치,08.02(일) 18:00,"1.73,1.79",홈승
2026-08-06T00:52:42+00:00,2026,90,9993,bs,NPB,승①패,3,승①패,히로카프 4,3 주니치,08.02(일) 18:00,"2.70,2.75,2.41",①
2026-08-06T00:52:42+00:00,2026,90,9994,bs,NPB,핸디캡,2,H -2.5,히로카프 1.5,3 주니치,08.02(일) 18:00,"3.75,1.15",핸디패
2026-08-06T00:52:42+00:00,2026,90,9995,bs,NPB,언더오버,2,U 7.5,히로카프,주니치,08.02(일) 18:00,"1.70,1.82",언더
2026-08-06T00:52:42+00:00,2026,90,9996,bs,NPB,홀짝,2,,히로카프,주니치,08.02(일) 18:00,"1.61,1.94",홀
2026-08-06T00:52:42+00:00,2026,90,9963,bs,KBO,승패,2,,롯데 10,7 삼성,08.02(일) 18:30,"2.09,1.52",홈승
2026-08-06T00:52:42+00:00,2026,90,9964,bs,KBO,승①패,3,승①패,롯데 10,7 삼성,08.02(일) 18:30,"3.10,3.70,1.80",홈승
2026-08-06T00:52:42+00:00,2026,90,9965,bs,KBO,핸디캡,2,H +2.5,롯데 12.5,7 삼성,08.02(일) 18:30,"1.48,2.17",핸디승
2026-08-06T00:52:42+00:00,2026,90,9966,bs,KBO,언더오버,2,U 10.5,롯데,삼성,08.02(일) 18:30,"1.73,1.79",오버
2026-08-06T00:52:42+00:00,2026,90,9967,bs,KBO,홀짝,2,,롯데,삼성,08.02(일) 18:30,"1.58,1.99",홀
2026-08-06T00:52:42+00:00,2026,90,9968,bs,KBO,전반승무패,3,h(전반),롯데 7,0 삼성,08.02(일) 18:30,"2.35,6.30,1.77",홈승
2026-08-06T00:52:42+00:00,2026,90,9969,bs,KBO,전반핸디캡,2,h H +1.5,롯데 8.5,0 삼성,08.02(일) 18:30,"1.48,2.17",핸디승
2026-08-06T00:52:42+00:00,2026,90,9970,bs,KBO,전반언더오버,2,h U 5.5,롯데,삼성,08.02(일) 18:30,"1.86,1.67",오버
2026-08-06T00:52:42+00:00,2026,90,9997,sc,K리그1,승무패,3,,울산HDFC 3,1 FC안양,08.02(일) 19:30,"1.91,3.20,3.20",홈승
2026-08-06T00:52:42+00:00,2026,90,9998,sc,K리그1,핸디캡,3,H -1.0,울산HDFC 2,1 FC안양,08.02(일) 19:30,"3.80,3.25,1.73",핸디승
2026-08-06T00:52:42+00:00,2026,90,9999,sc,K리그1,핸디캡,3,H -2.0,울산HDFC 1,1 FC안양,08.02(일) 19:30,"7.30,5.20,1.22",핸디무
2026-08-06T00:52:42+00:00,2026,90,0001,sc,K리그1,언더오버,2,U 2.5,울산HDFC,FC안양,08.02(일) 19:30,"1.96,1.60",오버
2026-08-06T00:52:42+00:00,2026,90,0002,sc,K리그1,홀짝,2,,울산HDFC,FC안양,08.02(일) 19:30,"1.77,1.75",짝
2026-08-06T00:52:42+00:00,2026,90,0003,sc,K리그1,전반승무패,3,h(전반),울산HDFC 0,0 FC안양,08.02(일) 19:30,"2.35,2.17,3.80",무승부
2026-08-06T00:52:42+00:00,2026,90,0004,sc,K리그1,전반핸디캡,3,h H -1.0,울산HDFC -1,0 FC안양,08.02(일) 19:30,"6.40,3.45,1.42",핸디패
2026-08-06T00:52:42+00:00,2026,90,0005,sc,K리그1,전반언더오버,2,h U 1.5,울산HDFC,FC안양,08.02(일) 19:30,"1.38,2.43",언더
2026-08-06T00:52:42+00:00,2026,90,0006,sc,K리그1,승무패,3,,대전하나 2,0 광주FC,08.02(일) 19:30,"1.45,3.60,5.50",홈승
2026-08-06T00:52:42+00:00,2026,90,0007,sc,K리그1,핸디캡,3,H -1.0,대전하나 1,0 광주FC,08.02(일) 19:30,"2.45,3.10,2.39",핸디승
2026-08-06T00:52:42+00:00,2026,90,0008,sc,K리그1,핸디캡,3,H -2.0,대전하나 0,0 광주FC,08.02(일) 19:30,"4.65,3.95,1.47",핸디무
2026-08-06T00:52:42+00:00,2026,90,0009,sc,K리그1,언더오버,2,U 2.5,대전하나,광주FC,08.02(일) 19:30,"1.89,1.65",언더
2026-08-06T00:52:42+00:00,2026,90,0010,sc,K리그1,홀짝,2,,대전하나,광주FC,08.02(일) 19:30,"1.77,1.75",짝
2026-08-06T00:52:42+00:00,2026,90,0011,sc,K리그1,전반승무패,3,h(전반),대전하나 0,0 광주FC,08.02(일) 19:30,"1.95,2.20,5.50",무승부
2026-08-06T00:52:42+00:00,2026,90,0012,sc,K리그1,전반핸디캡,3,h H -1.0,대전하나 -1,0 광주FC,08.02(일) 19:30,"4.55,3.05,1.66",핸디패
2026-08-06T00:52:42+00:00,2026,90,0013,sc,K리그1,전반언더오버,2,h U 1.5,대전하나,광주FC,08.02(일) 19:30,"1.39,2.40",언더
2026-08-06T00:52:42+00:00,2026,90,0014,sc,K리그1,승무패,3,,제주SKFC 3,3 인천유나,08.02(일) 19:30,"2.75,2.85,2.30",무승부
2026-08-06T00:52:42+00:00,2026,90,0015,sc,K리그1,핸디캡,3,H +1.0,제주SKFC 4,3 인천유나,08.02(일) 19:30,"1.48,3.60,5.10",핸디승
2026-08-06T00:52:42+00:00,2026,90,0016,sc,K리그1,핸디캡,3,H +2.0,제주SKFC 5,3 인천유나,08.02(일) 19:30,"1.07,7.00,14.00",핸디승
2026-08-06T00:52:42+00:00,2026,90,0017,sc,K리그1,언더오버,2,U 2.5,제주SKFC,인천유나,08.02(일) 19:30,"1.47,2.19",오버
2026-08-06T00:52:42+00:00,2026,90,0018,sc,K리그1,홀짝,2,,제주SKFC,인천유나,08.02(일) 19:30,"1.78,1.74",짝
2026-08-06T00:52:42+00:00,2026,90,0019,sc,K리그1,전반승무패,3,h(전반),제주SKFC 2,2 인천유나,08.02(일) 19:30,"3.60,1.80,3.15",무승부
2026-08-06T00:52:42+00:00,2026,90,0020,sc,K리그1,전반핸디캡,3,h H +1.0,제주SKFC 3,2 인천유나,08.02(일) 19:30,"1.24,4.05,10.50",핸디승
2026-08-06T00:52:42+00:00,2026,90,0021,sc,K리그1,전반언더오버,2,h U 1.5,제주SKFC,인천유나,08.02(일) 19:30,"1.23,3.09",오버
2026-08-06T00:52:42+00:00,2026,90,0022,sc,K리그2,승무패,3,,부산아이 1,2 서울이랜,08.02(일) 19:30,"2.50,3.15,2.31",홈패
2026-08-06T00:52:42+00:00,2026,90,0023,sc,K리그2,핸디캡,3,H +1.0,부산아이 2,2 서울이랜,08.02(일) 19:30,"1.50,3.80,4.55",핸디무
2026-08-06T00:52:42+00:00,2026,90,0024,sc,K리그2,언더오버,2,U 2.5,부산아이,서울이랜,08.02(일) 19:30,"2.09,1.52",오버
2026-08-06T00:52:42+00:00,2026,90,0025,sc,K리그2,홀짝,2,,부산아이,서울이랜,08.02(일) 19:30,"1.76,1.76",홀
2026-08-06T00:52:42+00:00,2026,90,0026,sc,K리그2,승무패,3,,김포FC 1,1 경남FC,08.02(일) 19:30,"1.95,2.85,3.50",무승부
2026-08-06T00:52:42+00:00,2026,90,0027,sc,K리그2,핸디캡,3,H -1.0,김포FC 0,1 경남FC,08.02(일) 19:30,"3.85,3.25,1.72",핸디패
2026-08-06T00:52:42+00:00,2026,90,0028,sc,K리그2,언더오버,2,U 2.5,김포FC,경남FC,08.02(일) 19:30,"1.57,2.00",언더
2026-08-06T00:52:42+00:00,2026,90,0029,sc,K리그2,홀짝,2,,김포FC,경남FC,08.02(일) 19:30,"1.77,1.75",짝
2026-08-06T00:52:42+00:00,2026,90,0030,sc,K리그2,승무패,3,,전남드래 1,2 파주프런,08.02(일) 19:30,"2.07,3.10,2.90",홈패
2026-08-06T00:52:42+00:00,2026,90,0031,sc,K리그2,핸디캡,3,H -1.0,전남드래 0,2 파주프런,08.02(일) 19:30,"4.15,3.45,1.62",핸디패
2026-08-06T00:52:42+00:00,2026,90,0032,sc,K리그2,언더오버,2,U 2.5,전남드래,파주프런,08.02(일) 19:30,"1.81,1.71",오버
2026-08-06T00:52:42+00:00,2026,90,0033,sc,K리그2,홀짝,2,,전남드래,파주프런,08.02(일) 19:30,"1.77,1.75",홀
2026-08-06T00:52:42+00:00,2026,90,0034,sc,K리그2,승무패,3,,안산그리 2,2 김해FC,08.02(일) 19:30,"2.39,3.10,2.45",무승부
2026-08-06T00:52:42+00:00,2026,90,0035,sc,K리그2,핸디캡,3,H -1.0,안산그리 1,2 김해FC,08.02(일) 19:30,"5.10,3.85,1.44",핸디패
2026-08-06T00:52:42+00:00,2026,90,0036,sc,K리그2,언더오버,2,U 2.5,안산그리,김해FC,08.02(일) 19:30,"1.77,1.75",오버
2026-08-06T00:52:42+00:00,2026,90,0037,sc,K리그2,홀짝,2,,안산그리,김해FC,08.02(일) 19:30,"1.77,1.75",짝
2026-08-06T00:52:42+00:00,2026,90,0038,vl,남배네이,승패,2,,미국M 2,3 폴란드M,08.02(일) 20:30,"2.68,1.31",홈패
2026-08-06T00:52:42+00:00,2026,90,0039,vl,남배네이,핸디캡,2,H +1.5,미국M 3.5,3 폴란드M,08.02(일) 20:30,"1.76,1.76",핸디승
2026-08-06T00:52:42+00:00,2026,90,0040,vl,남배네이,언더오버,2,U 183.5,미국M,폴란드M,08.02(일) 20:30,"1.81,1.71",오버
2026-08-06T00:52:42+00:00,2026,90,0041,vl,남배네이,홀짝,2,,미국M,폴란드M,08.02(일) 20:30,"1.76,1.76",홀
2026-08-06T00:52:42+00:00,2026,90,0042,sc,엘리테세,승무패,3,,KFUM카메 2,1 크리스티,08.03(월) 00:00,"1.60,3.55,4.10",홈승
2026-08-06T00:52:42+00:00,2026,90,0043,sc,엘리테세,핸디캡,3,H -1.0,KFUM카메 1,1 크리스티,08.03(월) 00:00,"2.70,3.40,2.06",핸디무
2026-08-06T00:52:42+00:00,2026,90,0044,sc,엘리테세,언더오버,2,U 2.5,KFUM카메,크리스티,08.03(월) 00:00,"2.02,1.56",오버
2026-08-06T00:52:42+00:00,2026,90,0045,sc,엘리테세,홀짝,2,,KFUM카메,크리스티,08.03(월) 00:00,"1.76,1.76",홀
2026-08-06T00:52:42+00:00,2026,90,0046,sc,엘리테세,승무패,3,,몰데FK 3,3 사릅스보,08.03(월) 00:00,"1.52,3.95,4.20",무승부
2026-08-06T00:52:42+00:00,2026,90,0047,sc,엘리테세,핸디캡,3,H -1.0,몰데FK 2,3 사릅스보,08.03(월) 00:00,"2.40,3.60,2.20",핸디패
2026-08-06T00:52:42+00:00,2026,90,0048,sc,엘리테세,언더오버,2,U 3.5,몰데FK,사릅스보,08.03(월) 00:00,"1.64,1.90",오버
2026-08-06T00:52:42+00:00,2026,90,0049,sc,엘리테세,홀짝,2,,몰데FK,사릅스보,08.03(월) 00:00,"1.76,1.76",짝
2026-08-06T00:52:42+00:00,2026,90,0050,sc,엘리테세,승무패,3,,올레순FK 2,6 트롬쇠IL,08.03(월) 00:00,"3.45,3.35,1.78",홈패
2026-08-06T00:52:42+00:00,2026,90,0051,sc,엘리테세,핸디캡,3,H +1.0,올레순FK 3,6 트롬쇠IL,08.03(월) 00:00,"1.83,3.45,3.20",핸디패
2026-08-06T00:52:42+00:00,2026,90,0052,sc,엘리테세,언더오버,2,U 2.5,올레순FK,트롬쇠IL,08.03(월) 00:00,"1.96,1.60",오버
2026-08-06T00:52:42+00:00,2026,90,0053,sc,엘리테세,홀짝,2,,올레순FK,트롬쇠IL,08.03(월) 00:00,"1.77,1.75",짝
2026-08-06T00:52:42+00:00,2026,90,0054,sc,네슈퍼컵,승무패,3,,PSV 0,4 알크마르,08.03(월) 01:00,"1.44,4.15,4.65",홈패
2026-08-06T00:52:42+00:00,2026,90,0055,sc,네슈퍼컵,핸디캡,3,H -1.0,PSV -1,4 알크마르,08.03(월) 01:00,"2.20,3.60,2.40",핸디패
2026-08-06T00:52:42+00:00,2026,90,0056,sc,네슈퍼컵,언더오버,2,U 3.5,PSV,알크마르,08.03(월) 01:00,"1.73,1.79",오버
2026-08-06T00:52:42+00:00,2026,90,0057,sc,네슈퍼컵,홀짝,2,,PSV,알크마르,08.03(월) 01:00,"1.76,1.76",짝
2026-08-06T00:52:42+00:00,2026,90,0058,sc,엘리테세,승무패,3,,SK브란 3,2 로센보르,08.03(월) 02:15,"1.89,3.55,2.95",홈승
2026-08-06T00:52:42+00:00,2026,90,0059,sc,엘리테세,핸디캡,3,H -1.0,SK브란 2,2 로센보르,08.03(월) 02:15,"3.35,3.65,1.73",핸디무
2026-08-06T00:52:42+00:00,2026,90,0060,sc,엘리테세,언더오버,2,U 3.5,SK브란,로센보르,08.03(월) 02:15,"1.57,2.00",오버
2026-08-06T00:52:42+00:00,2026,90,0061,sc,엘리테세,홀짝,2,,SK브란,로센보르,08.03(월) 02:15,"1.76,1.76",홀
2026-08-06T00:52:42+00:00,2026,90,0062,bs,MLB,승패,2,,볼티오리 0,8 필라필리,08.03(월) 02:35,"2.00,1.57",홈패
2026-08-06T00:52:42+00:00,2026,90,0063,bs,MLB,승①패,3,승①패,볼티오리 0,8 필라필리,08.03(월) 02:35,"3.05,3.25,1.95",홈패
2026-08-06T00:52:42+00:00,2026,90,0064,bs,MLB,핸디캡,2,H +2.5,볼티오리 2.5,8 필라필리,08.03(월) 02:35,"1.33,2.60",핸디패
2026-08-06T00:52:42+00:00,2026,90,0065,bs,MLB,언더오버,2,U 7.5,볼티오리,필라필리,08.03(월) 02:35,"1.77,1.75",오버
2026-08-06T00:52:42+00:00,2026,90,0066,bs,MLB,홀짝,2,,볼티오리,필라필리,08.03(월) 02:35,"1.55,2.04",짝
2026-08-06T00:52:42+00:00,2026,90,0067,bs,MLB,승패,2,,애틀브레 4,2 워싱내셔,08.03(월) 02:35,"1.64,1.90",홈승
2026-08-06T00:52:42+00:00,2026,90,0068,bs,MLB,승①패,3,승①패,애틀브레 4,2 워싱내셔,08.03(월) 02:35,"2.33,3.30,2.40",홈승
2026-08-06T00:52:42+00:00,2026,90,0069,bs,MLB,핸디캡,2,H -2.5,애틀브레 1.5,2 워싱내셔,08.03(월) 02:35,"3.16,1.22",핸디패
2026-08-06T00:52:42+00:00,2026,90,0070,bs,MLB,언더오버,2,U 8.5,애틀브레,워싱내셔,08.03(월) 02:35,"1.80,1.72",언더
2026-08-06T00:52:42+00:00,2026,90,0071,bs,MLB,홀짝,2,,애틀브레,워싱내셔,08.03(월) 02:35,"1.55,2.04",짝
2026-08-06T00:52:42+00:00,2026,90,0072,bs,MLB,승패,2,,토론블루 1,5 세인카디,08.03(월) 02:37,"1.71,1.81",홈패
2026-08-06T00:52:42+00:00,2026,90,0073,bs,MLB,승①패,3,승①패,토론블루 1,5 세인카디,08.03(월) 02:37,"2.40,3.35,2.30",홈패
2026-08-06T00:52:42+00:00,2026,90,0074,bs,MLB,핸디캡,2,H -2.5,토론블루 -1.5,5 세인카디,08.03(월) 02:37,"3.38,1.19",핸디패
2026-08-06T00:52:42+00:00,2026,90,0075,bs,MLB,언더오버,2,U 9.5,토론블루,세인카디,08.03(월) 02:37,"1.61,1.94",언더
2026-08-06T00:52:42+00:00,2026,90,0076,bs,MLB,홀짝,2,,토론블루,세인카디,08.03(월) 02:37,"1.55,2.04",짝
2026-08-06T00:52:42+00:00,2026,90,0077,bs,MLB,승패,2,,탬파레이 1,9 시카화이,08.03(월) 02:40,"1.52,2.09",홈패
2026-08-06T00:52:42+00:00,2026,90,0078,bs,MLB,승①패,3,승①패,탬파레이 1,9 시카화이,08.03(월) 02:40,"2.10,3.30,2.70",홈패
2026-08-06T00:52:42+00:00,2026,90,0079,bs,MLB,핸디캡,2,H -2.5,탬파레이 -1.5,9 시카화이,08.03(월) 02:40,"2.87,1.27",핸디패
2026-08-06T00:52:42+00:00,2026,90,0080,bs,MLB,언더오버,2,U 7.5,탬파레이,시카화이,08.03(월) 02:40,"1.78,1.74",오버
2026-08-06T00:52:42+00:00,2026,90,0081,bs,MLB,홀짝,2,,탬파레이,시카화이,08.03(월) 02:40,"1.55,2.04",짝
2026-08-06T00:52:42+00:00,2026,90,0082,bs,MLB,승패,2,,뉴욕메츠 0,2 마이말린,08.03(월) 02:40,"1.90,1.64",홈패
2026-08-06T00:52:42+00:00,2026,90,0083,bs,MLB,승①패,3,승①패,뉴욕메츠 0,2 마이말린,08.03(월) 02:40,"2.75,3.40,2.03",홈패
2026-08-06T00:52:42+00:00,2026,90,0084,bs,MLB,핸디캡,2,H +2.5,뉴욕메츠 2.5,2 마이말린,08.03(월) 02:40,"1.28,2.82",핸디승
2026-08-06T00:52:42+00:00,2026,90,0085,bs,MLB,언더오버,2,U 8.5,뉴욕메츠,마이말린,08.03(월) 02:40,"1.81,1.71",언더
2026-08-06T00:52:42+00:00,2026,90,0086,bs,MLB,홀짝,2,,뉴욕메츠,마이말린,08.03(월) 02:40,"1.55,2.04",짝
2026-08-06T00:52:42+00:00,2026,90,0087,bs,MLB,승패,2,,클리가디 5,0 애리다이,08.03(월) 02:40,"1.54,2.05",홈승
2026-08-06T00:52:42+00:00,2026,90,0088,bs,MLB,승①패,3,승①패,클리가디 5,0 애리다이,08.03(월) 02:40,"2.15,3.25,2.65",홈승
2026-08-06T00:52:42+00:00,2026,90,0089,bs,MLB,핸디캡,2,H -2.5,클리가디 2.5,0 애리다이,08.03(월) 02:40,"2.92,1.26",핸디승
2026-08-06T00:52:42+00:00,2026,90,0090,bs,MLB,언더오버,2,U 7.5,클리가디,애리다이,08.03(월) 02:40,"1.87,1.66",언더
2026-08-06T00:52:42+00:00,2026,90,0091,bs,MLB,홀짝,2,,클리가디,애리다이,08.03(월) 02:40,"1.55,2.04",홀
2026-08-06T00:52:42+00:00,2026,90,0092,bs,MLB,승패,2,,신시레즈 10,2 피츠파이,08.03(월) 02:40,"1.50,2.13",홈승
2026-08-06T00:52:42+00:00,2026,90,0093,bs,MLB,승①패,3,승①패,신시레즈 10,2 피츠파이,08.03(월) 02:40,"2.05,3.35,2.75",홈승
2026-08-06T00:52:42+00:00,2026,90,0094,bs,MLB,핸디캡,2,H -2.5,신시레즈 7.5,2 피츠파이,08.03(월) 02:40,"2.77,1.29",핸디승
2026-08-06T00:52:42+00:00,2026,90,0095,bs,MLB,언더오버,2,U 8.5,신시레즈,피츠파이,08.03(월) 02:40,"1.66,1.87",오버
2026-08-06T00:52:42+00:00,2026,90,0096,bs,MLB,홀짝,2,,신시레즈,피츠파이,08.03(월) 02:40,"1.55,2.04",짝
2026-08-06T00:52:42+00:00,2026,90,0097,bs,MLB,승패,2,,휴스애스 7,3 텍사레인,08.03(월) 03:10,"1.63,1.91",홈승
2026-08-06T00:52:42+00:00,2026,90,0098,bs,MLB,승①패,3,승①패,휴스애스 7,3 텍사레인,08.03(월) 03:10,"2.28,3.30,2.45",홈승
2026-08-06T00:52:42+00:00,2026,90,0099,bs,MLB,핸디캡,2,H -2.5,휴스애스 4.5,3 텍사레인,08.03(월) 03:10,"3.16,1.22",핸디승
2026-08-06T00:52:42+00:00,2026,90,0100,bs,MLB,언더오버,2,U 8.5,휴스애스,텍사레인,08.03(월) 03:10,"1.81,1.71",오버
2026-08-06T00:52:42+00:00,2026,90,0101,bs,MLB,홀짝,2,,휴스애스,텍사레인,08.03(월) 03:10,"1.55,2.04",짝
2026-08-06T00:52:42+00:00,2026,90,0102,bs,MLB,승패,2,,시카컵스 1,2 뉴욕양키,08.03(월) 03:20,"1.93,1.62",홈패
2026-08-06T00:52:42+00:00,2026,90,0103,bs,MLB,승①패,3,승①패,시카컵스 1,2 뉴욕양키,08.03(월) 03:20,"2.95,3.05,2.07",①
2026-08-06T00:52:42+00:00,2026,90,0104,bs,MLB,핸디캡,2,H +2.5,시카컵스 3.5,2 뉴욕양키,08.03(월) 03:20,"1.29,2.77",핸디승
2026-08-06T00:52:42+00:00,2026,90,0105,bs,MLB,언더오버,2,U 6.5,시카컵스,뉴욕양키,08.03(월) 03:20,"1.78,1.74",언더
2026-08-06T00:52:42+00:00,2026,90,0106,bs,MLB,홀짝,2,,시카컵스,뉴욕양키,08.03(월) 03:20,"1.54,2.05",홀
2026-08-06T00:52:42+00:00,2026,90,0107,bs,MLB,승패,2,,콜로로키 8,1 캔자로얄,08.03(월) 04:10,"1.77,1.75",홈승
2026-08-06T00:52:42+00:00,2026,90,0108,bs,MLB,승①패,3,승①패,콜로로키 8,1 캔자로얄,08.03(월) 04:10,"2.50,3.50,2.16",홈승
2026-08-06T00:52:42+00:00,2026,90,0109,bs,MLB,핸디캡,2,H +2.5,콜로로키 10.5,1 캔자로얄,08.03(월) 04:10,"1.28,2.82",핸디승
2026-08-06T00:52:42+00:00,2026,90,0110,bs,MLB,언더오버,2,U 12.5,콜로로키,캔자로얄,08.03(월) 04:10,"1.68,1.85",언더
2026-08-06T00:52:42+00:00,2026,90,0111,bs,MLB,홀짝,2,,콜로로키,캔자로얄,08.03(월) 04:10,"1.56,2.02",홀
2026-08-06T00:52:42+00:00,2026,90,0112,bs,MLB,승패,2,,LA에인절 3,0 밀워브루,08.03(월) 04:15,"2.82,1.28",홈승
2026-08-06T00:52:42+00:00,2026,90,0113,bs,MLB,승①패,3,승①패,LA에인절 3,0 밀워브루,08.03(월) 04:15,"4.75,3.50,1.53",홈승
2026-08-06T00:52:42+00:00,2026,90,0114,bs,MLB,핸디캡,2,H +2.5,LA에인절 5.5,0 밀워브루,08.03(월) 04:15,"1.61,1.94",핸디승
2026-08-06T00:52:42+00:00,2026,90,0115,bs,MLB,언더오버,2,U 7.5,LA에인절,밀워브루,08.03(월) 04:15,"1.70,1.82",언더
2026-08-06T00:52:42+00:00,2026,90,0116,bs,MLB,홀짝,2,,LA에인절,밀워브루,08.03(월) 04:15,"1.57,2.00",홀
2026-08-06T00:52:42+00:00,2026,90,0117,sc,축클럽친,승무패,3,,리버풀 2,4 리즈U,08.03(월) 05:00,"1.58,3.80,3.95",홈패
2026-08-06T00:52:42+00:00,2026,90,0118,sc,축클럽친,핸디캡,3,H -1.0,리버풀 1,4 리즈U,08.03(월) 05:00,"2.65,3.55,2.04",핸디패
2026-08-06T00:52:42+00:00,2026,90,0119,sc,축클럽친,언더오버,2,U 3.5,리버풀,리즈U,08.03(월) 05:00,"1.56,2.02",오버
2026-08-06T00:52:42+00:00,2026,90,0120,sc,축클럽친,홀짝,2,,리버풀,리즈U,08.03(월) 05:00,"1.76,1.76",짝
2026-08-06T00:52:42+00:00,2026,90,0121,bs,MLB,승패,2,,애슬레틱 0,11 디트타이,08.03(월) 05:05,"1.81,1.71",홈패
2026-08-06T00:52:42+00:00,2026,90,0122,bs,MLB,승①패,3,승①패,애슬레틱 0,11 디트타이,08.03(월) 05:05,"2.60,3.45,2.11",홈패
2026-08-06T00:52:42+00:00,2026,90,0123,bs,MLB,핸디캡,2,H +2.5,애슬레틱 2.5,11 디트타이,08.03(월) 05:05,"1.29,2.77",핸디패
2026-08-06T00:52:42+00:00,2026,90,0124,bs,MLB,언더오버,2,U 11.5,애슬레틱,디트타이,08.03(월) 05:05,"1.60,1.96",언더
2026-08-06T00:52:42+00:00,2026,90,0125,bs,MLB,홀짝,2,,애슬레틱,디트타이,08.03(월) 05:05,"1.56,2.02",홀
2026-08-06T00:52:42+00:00,2026,90,0126,bs,MLB,승패,2,,시애매리 7,6 미네트윈,08.03(월) 05:10,"1.55,2.04",홈승
2026-08-06T00:52:42+00:00,2026,90,0127,bs,MLB,승①패,3,승①패,시애매리 7,6 미네트윈,08.03(월) 05:10,"2.18,3.20,2.65",①
2026-08-06T00:52:42+00:00,2026,90,0128,bs,MLB,핸디캡,2,H -2.5,시애매리 4.5,6 미네트윈,08.03(월) 05:10,"3.03,1.24",핸디패
2026-08-06T00:52:42+00:00,2026,90,0129,bs,MLB,언더오버,2,U 6.5,시애매리,미네트윈,08.03(월) 05:10,"1.96,1.60",오버
2026-08-06T00:52:42+00:00,2026,90,0130,bs,MLB,홀짝,2,,시애매리,미네트윈,08.03(월) 05:10,"1.54,2.05",홀
2026-08-06T00:52:42+00:00,2026,90,0131,bs,MLB,승패,2,,샌디파드 5,4 샌프자이,08.03(월) 05:10,"1.51,2.11",홈승
2026-08-06T00:52:42+00:00,2026,90,0132,bs,MLB,승①패,3,승①패,샌디파드 5,4 샌프자이,08.03(월) 05:10,"2.07,3.30,2.75",①
2026-08-06T00:52:42+00:00,2026,90,0133,bs,MLB,핸디캡,2,H -2.5,샌디파드 2.5,4 샌프자이,08.03(월) 05:10,"2.82,1.28",핸디패
2026-08-06T00:52:42+00:00,2026,90,0134,bs,MLB,언더오버,2,U 7.5,샌디파드,샌프자이,08.03(월) 05:10,"1.87,1.66",오버
2026-08-06T00:52:42+00:00,2026,90,0135,bs,MLB,홀짝,2,,샌디파드,샌프자이,08.03(월) 05:10,"1.55,2.04",홀
2026-08-06T00:52:42+00:00,2026,90,0136,bs,MLB,승패,2,,LA다저스 4,8 보스레드,08.03(월) 08:20,"1.46,2.22",홈패
2026-08-06T00:52:42+00:00,2026,90,0137,bs,MLB,승①패,3,승①패,LA다저스 4,8 보스레드,08.03(월) 08:20,"1.98,3.40,2.85",홈패
2026-08-06T00:52:42+00:00,2026,90,0138,bs,MLB,핸디캡,2,H -2.5,LA다저스 1.5,8 보스레드,08.03(월) 08:20,"2.60,1.33",핸디패
2026-08-06T00:52:42+00:00,2026,90,0139,bs,MLB,언더오버,2,U 8.5,LA다저스,보스레드,08.03(월) 08:20,"1.89,1.65",오버
2026-08-06T00:52:42+00:00,2026,90,0140,bs,MLB,홀짝,2,,LA다저스,보스레드,08.03(월) 08:20,"1.56,2.02",짝
2026-08-06T00:52:42+00:00,2026,90,0141,bs,MLB,전반승무패,3,h(전반),LA다저스 3,5 보스레드,08.03(월) 08:20,"1.65,6.30,2.60",홈패
2026-08-06T00:52:42+00:00,2026,90,0142,bs,MLB,전반핸디캡,2,h H -1.5,LA다저스 1.5,5 보스레드,08.03(월) 08:20,"2.29,1.43",핸디패
2026-08-06T00:52:42+00:00,2026,90,0143,bs,MLB,전반언더오버,2,h U 4.5,LA다저스,보스레드,08.03(월) 08:20,"1.91,1.63",오버
2026-08-06T00:52:42+00:00,2026,90,0149,sc,축ASEA챔,승무패,3,,인도네시 0,3 베트남,08.03(월) 22:30,"2.20,3.15,2.65",홈패
2026-08-06T00:52:42+00:00,2026,90,0150,sc,축ASEA챔,핸디캡,3,H -1.0,인도네시 -1,3 베트남,08.03(월) 22:30,"4.45,3.75,1.52",핸디패
2026-08-06T00:52:42+00:00,2026,90,0151,sc,축ASEA챔,언더오버,2,U 2.5,인도네시,베트남,08.03(월) 22:30,"1.84,1.69",오버
2026-08-06T00:52:42+00:00,2026,90,0152,sc,축ASEA챔,홀짝,2,,인도네시,베트남,08.03(월) 22:30,"1.77,1.75",홀
2026-08-06T01:07:54+00:00,2026,89,9152,bs,MLB,승패,2,,뉴욕메츠,애틀브레,07.29(수) 08:10,"1.00,1.00",취소
2026-08-06T01:07:54+00:00,2026,89,9153,bs,MLB,승①패,3,승①패,뉴욕메츠,애틀브레,07.29(수) 08:10,"1.00,1.00,1.00",취소
2026-08-06T01:07:54+00:00,2026,89,9154,bs,MLB,핸디캡,2,H +2.5,뉴욕메츠,애틀브레,07.29(수) 08:10,"1.00,1.00",취소
2026-08-06T01:07:54+00:00,2026,89,9155,bs,MLB,언더오버,2,U 7.5,뉴욕메츠,애틀브레,07.29(수) 08:10,"1.00,1.00",취소
2026-08-06T01:07:54+00:00,2026,89,9156,bs,MLB,홀짝,2,,뉴욕메츠,애틀브레,07.29(수) 08:10,"1.00,1.00",취소
2026-08-06T01:07:54+00:00,2026,89,9162,bs,MLB,승패,2,,미네트윈 3,2 캔자로얄,07.29(수) 08:40,"1.49,2.15",홈승
2026-08-06T01:07:54+00:00,2026,89,9163,bs,MLB,승①패,3,승①패,미네트윈 3,2 캔자로얄,07.29(수) 08:40,"1.95,3.50,2.85",①
2026-08-06T01:07:54+00:00,2026,89,9164,bs,MLB,핸디캡,2,H -2.5,미네트윈 0.5,2 캔자로얄,07.29(수) 08:40,"2.68,1.31",핸디패
2026-08-06T01:07:54+00:00,2026,89,9165,bs,MLB,언더오버,2,U 9.5,미네트윈,캔자로얄,07.29(수) 08:40,"1.67,1.86",언더
2026-08-06T01:07:54+00:00,2026,89,9166,bs,MLB,홀짝,2,,미네트윈,캔자로얄,07.29(수) 08:40,"1.56,2.02",홀
2026-08-06T01:07:54+00:00,2026,89,9167,bs,MLB,승패,2,,시카화이 2,3 뉴욕양키,07.29(수) 08:40,"2.02,1.56",홈패
2026-08-06T01:07:54+00:00,2026,89,9168,bs,MLB,승①패,3,승①패,시카화이 2,3 뉴욕양키,07.29(수) 08:40,"3.05,3.30,1.93",①
2026-08-06T01:07:54+00:00,2026,89,9169,bs,MLB,핸디캡,2,H +2.5,시카화이 4.5,3 뉴욕양키,07.29(수) 08:40,"1.35,2.53",핸디승
2026-08-06T01:07:54+00:00,2026,89,9170,bs,MLB,언더오버,2,U 8.5,시카화이,뉴욕양키,07.29(수) 08:40,"1.66,1.87",언더
2026-08-06T01:07:54+00:00,2026,89,9171,bs,MLB,홀짝,2,,시카화이,뉴욕양키,07.29(수) 08:40,"1.55,2.04",홀
2026-08-06T01:07:54+00:00,2026,89,9172,bs,MLB,승패,2,,세인카디 2,10 시카컵스,07.29(수) 08:45,"1.78,1.74",홈패
2026-08-06T01:07:54+00:00,2026,89,9173,bs,MLB,승①패,3,승①패,세인카디 2,10 시카컵스,07.29(수) 08:45,"2.60,3.30,2.17",홈패
2026-08-06T01:07:54+00:00,2026,89,9174,bs,MLB,핸디캡,2,H +2.5,세인카디 4.5,10 시카컵스,07.29(수) 08:45,"1.26,2.92",핸디패
2026-08-06T01:07:54+00:00,2026,89,9175,bs,MLB,언더오버,2,U 8.5,세인카디,시카컵스,07.29(수) 08:45,"1.81,1.71",오버
2026-08-06T01:07:54+00:00,2026,89,9176,bs,MLB,홀짝,2,,세인카디,시카컵스,07.29(수) 08:45,"1.55,2.04",짝
2026-08-06T01:07:54+00:00,2026,89,9177,bs,MLB,승패,2,,LA에인절 2,3 휴스애스,07.29(수) 10:38,"1.82,1.70",홈패
2026-08-06T01:07:54+00:00,2026,89,9178,bs,MLB,승①패,3,승①패,LA에인절 2,3 휴스애스,07.29(수) 10:38,"2.60,3.30,2.16",①
2026-08-06T01:07:54+00:00,2026,89,9179,bs,MLB,핸디캡,2,H +2.5,LA에인절 4.5,3 휴스애스,07.29(수) 10:38,"1.25,2.97",핸디승
2026-08-06T01:07:54+00:00,2026,89,9180,bs,MLB,언더오버,2,U 8.5,LA에인절,휴스애스,07.29(수) 10:38,"1.66,1.87",언더
2026-08-06T01:07:54+00:00,2026,89,9181,bs,MLB,홀짝,2,,LA에인절,휴스애스,07.29(수) 10:38,"1.55,2.04",홀
2026-08-06T01:07:54+00:00,2026,89,9182,bs,MLB,승패,2,,샌디파드 8,7 콜로로키,07.29(수) 10:40,"1.38,2.43",홈승
2026-08-06T01:07:54+00:00,2026,89,9183,bs,MLB,승①패,3,승①패,샌디파드 8,7 콜로로키,07.29(수) 10:40,"1.73,3.60,3.40",①
2026-08-06T01:07:54+00:00,2026,89,9184,bs,MLB,핸디캡,2,H -2.5,샌디파드 5.5,7 콜로로키,07.29(수) 10:40,"2.31,1.42",핸디패
2026-08-06T01:07:54+00:00,2026,89,9185,bs,MLB,언더오버,2,U 8.5,샌디파드,콜로로키,07.29(수) 10:40,"1.73,1.79",오버
2026-08-06T01:07:54+00:00,2026,89,9186,bs,MLB,홀짝,2,,샌디파드,콜로로키,07.29(수) 10:40,"1.56,2.02",홀
2026-08-06T01:07:54+00:00,2026,89,9187,bs,MLB,승패,2,,애슬레틱 4,3 보스레드,07.29(수) 10:40,"2.24,1.45",홈승
2026-08-06T01:07:54+00:00,2026,89,9188,bs,MLB,승①패,3,승①패,애슬레틱 4,3 보스레드,07.29(수) 10:40,"3.40,3.55,1.74",①
2026-08-06T01:07:54+00:00,2026,89,9189,bs,MLB,핸디캡,2,H +2.5,애슬레틱 6.5,3 보스레드,07.29(수) 10:40,"1.41,2.34",핸디승
2026-08-06T01:07:54+00:00,2026,89,9190,bs,MLB,언더오버,2,U 9.5,애슬레틱,보스레드,07.29(수) 10:40,"1.84,1.69",언더
2026-08-06T01:07:54+00:00,2026,89,9191,bs,MLB,홀짝,2,,애슬레틱,보스레드,07.29(수) 10:40,"1.56,2.02",홀
2026-08-06T01:07:54+00:00,2026,89,9192,bs,MLB,승패,2,,샌프자이 2,8 밀워브루,07.29(수) 10:45,"2.11,1.51",홈패
2026-08-06T01:07:54+00:00,2026,89,9193,bs,MLB,승①패,3,승①패,샌프자이 2,8 밀워브루,07.29(수) 10:45,"3.25,3.25,1.87",홈패
2026-08-06T01:07:54+00:00,2026,89,9194,bs,MLB,핸디캡,2,H +2.5,샌프자이 4.5,8 밀워브루,07.29(수) 10:45,"1.38,2.43",핸디패
2026-08-06T01:07:54+00:00,2026,89,9195,bs,MLB,언더오버,2,U 7.5,샌프자이,밀워브루,07.29(수) 10:45,"1.73,1.79",오버
2026-08-06T01:07:54+00:00,2026,89,9196,bs,MLB,홀짝,2,,샌프자이,밀워브루,07.29(수) 10:45,"1.55,2.04",짝
2026-08-06T01:07:54+00:00,2026,89,9197,bs,MLB,승패,2,,LA다저스 6,7 시애매리,07.29(수) 11:10,"1.39,2.40",홈패
2026-08-06T01:07:54+00:00,2026,89,9198,bs,MLB,승①패,3,승①패,LA다저스 6,7 시애매리,07.29(수) 11:10,"1.75,3.75,3.20",①
2026-08-06T01:07:54+00:00,2026,89,9199,bs,MLB,핸디캡,2,H -2.5,LA다저스 3.5,7 시애매리,07.29(수) 11:10,"2.26,1.44",핸디패
2026-08-06T01:07:54+00:00,2026,89,9200,bs,MLB,언더오버,2,U 9.5,LA다저스,시애매리,07.29(수) 11:10,"1.66,1.87",오버
2026-08-06T01:07:54+00:00,2026,89,9201,bs,MLB,홀짝,2,,LA다저스,시애매리,07.29(수) 11:10,"1.56,2.02",홀
2026-08-06T01:07:54+00:00,2026,89,9202,bs,MLB,전반승무패,3,h(전반),LA다저스 5,4 시애매리,07.29(수) 11:10,"1.66,6.50,2.55",홈승
2026-08-06T01:07:54+00:00,2026,89,9203,bs,MLB,전반핸디캡,2,h H -1.5,LA다저스 3.5,4 시애매리,07.29(수) 11:10,"2.29,1.43",핸디패
2026-08-06T01:07:54+00:00,2026,89,9204,bs,MLB,전반언더오버,2,h U 5.5,LA다저스,시애매리,07.29(수) 11:10,"1.61,1.94",오버
2026-08-06T01:07:54+00:00,2026,89,9205,vl,남배네이,승패,2,,슬로베M 3,0 튀르키M,07.29(수) 16:00,"1.28,2.82",홈승
2026-08-06T01:07:54+00:00,2026,89,9206,vl,남배네이,핸디캡,2,H -1.5,슬로베M 1.5,0 튀르키M,07.29(수) 16:00,"1.62,1.93",핸디승
2026-08-06T01:07:54+00:00,2026,89,9207,vl,남배네이,언더오버,2,U 182.5,슬로베M,튀르키M,07.29(수) 16:00,"1.81,1.71",오버
2026-08-06T01:07:54+00:00,2026,89,9208,vl,남배네이,홀짝,2,,슬로베M,튀르키M,07.29(수) 16:00,"1.76,1.76",짝
2026-08-06T01:07:54+00:00,2026,89,9209,bs,KBO,승패,2,,LG 11,18 키움,07.29(수) 18:30,"1.29,2.77",홈패
2026-08-06T01:07:54+00:00,2026,89,9210,bs,KBO,승①패,3,승①패,LG 11,18 키움,07.29(수) 18:30,"1.57,3.80,4.00",홈패
2026-08-06T01:07:54+00:00,2026,89,9211,bs,KBO,핸디캡,2,H -2.5,LG 8.5,18 키움,07.29(수) 18:30,"1.86,1.67",핸디패
2026-08-06T01:07:54+00:00,2026,89,9212,bs,KBO,언더오버,2,U 9.5,LG,키움,07.29(수) 18:30,"1.71,1.81",오버
2026-08-06T01:07:54+00:00,2026,89,9213,bs,KBO,홀짝,2,,LG,키움,07.29(수) 18:30,"1.59,1.97",홀
2026-08-06T01:07:54+00:00,2026,89,9214,bs,KBO,전반승무패,3,h(전반),LG 8,14 키움,07.29(수) 18:30,"1.51,6.50,3.00",홈패
2026-08-06T01:07:54+00:00,2026,89,9215,bs,KBO,전반핸디캡,2,h H -1.5,LG 6.5,14 키움,07.29(수) 18:30,"1.81,1.71",핸디패
2026-08-06T01:07:54+00:00,2026,89,9216,bs,KBO,전반언더오버,2,h U 5.5,LG,키움,07.29(수) 18:30,"1.69,1.84",오버
2026-08-06T01:07:54+00:00,2026,89,9217,bs,KBO,승패,2,,삼성 4,9 KIA,07.29(수) 18:30,"1.49,2.15",홈패
2026-08-06T01:07:54+00:00,2026,89,9218,bs,KBO,승①패,3,승①패,삼성 4,9 KIA,07.29(수) 18:30,"1.98,3.75,2.65",홈패
2026-08-06T01:07:54+00:00,2026,89,9219,bs,KBO,핸디캡,2,H -2.5,삼성 1.5,9 KIA,07.29(수) 18:30,"2.37,1.40",핸디패
2026-08-06T01:07:54+00:00,2026,89,9220,bs,KBO,언더오버,2,U 12.5,삼성,KIA,07.29(수) 18:30,"1.80,1.72",오버
2026-08-06T01:07:54+00:00,2026,89,9221,bs,KBO,홀짝,2,,삼성,KIA,07.29(수) 18:30,"1.57,2.00",홀
2026-08-06T01:07:54+00:00,2026,89,9222,bs,KBO,전반승무패,3,h(전반),삼성 1,6 KIA,07.29(수) 18:30,"1.78,7.50,2.20",홈패
2026-08-06T01:07:54+00:00,2026,89,9223,bs,KBO,전반핸디캡,2,h H -1.5,삼성 -0.5,6 KIA,07.29(수) 18:30,"2.29,1.43",핸디패
2026-08-06T01:07:54+00:00,2026,89,9224,bs,KBO,전반언더오버,2,h U 7.5,삼성,KIA,07.29(수) 18:30,"1.61,1.94",언더
2026-08-06T01:07:54+00:00,2026,89,9225,bs,KBO,승패,2,,SSG 6,2 두산,07.29(수) 18:30,"2.00,1.57",홈승
2026-08-06T01:07:54+00:00,2026,89,9226,bs,KBO,승①패,3,승①패,SSG 6,2 두산,07.29(수) 18:30,"2.90,3.55,1.91",홈승
2026-08-06T01:07:54+00:00,2026,89,9227,bs,KBO,핸디캡,2,H +2.5,SSG 8.5,2 두산,07.29(수) 18:30,"1.37,2.46",핸디승
2026-08-06T01:07:54+00:00,2026,89,9228,bs,KBO,언더오버,2,U 11.5,SSG,두산,07.29(수) 18:30,"1.70,1.82",언더
2026-08-06T01:07:54+00:00,2026,89,9229,bs,KBO,홀짝,2,,SSG,두산,07.29(수) 18:30,"1.57,2.00",짝
2026-08-06T01:07:54+00:00,2026,89,9230,bs,KBO,전반승무패,3,h(전반),SSG 4,1 두산,07.29(수) 18:30,"2.15,6.60,1.88",홈승
2026-08-06T01:07:54+00:00,2026,89,9231,bs,KBO,전반핸디캡,2,h H +1.5,SSG 5.5,1 두산,07.29(수) 18:30,"1.40,2.37",핸디승
2026-08-06T01:07:54+00:00,2026,89,9232,bs,KBO,전반언더오버,2,h U 6.5,SSG,두산,07.29(수) 18:30,"1.65,1.89",언더
2026-08-06T01:07:54+00:00,2026,89,9233,bs,KBO,승패,2,,NC 3,10 KT,07.29(수) 18:30,"1.79,1.73",홈패
2026-08-06T01:07:54+00:00,2026,89,9234,bs,KBO,승①패,3,승①패,NC 3,10 KT,07.29(수) 18:30,"2.50,3.45,2.18",홈패
2026-08-06T01:07:54+00:00,2026,89,9235,bs,KBO,핸디캡,2,H +2.5,NC 5.5,10 KT,07.29(수) 18:30,"1.28,2.82",핸디패
2026-08-06T01:07:54+00:00,2026,89,9236,bs,KBO,언더오버,2,U 10.5,NC,KT,07.29(수) 18:30,"1.74,1.78",오버
2026-08-06T01:07:54+00:00,2026,89,9237,bs,KBO,홀짝,2,,NC,KT,07.29(수) 18:30,"1.57,2.00",홀
2026-08-06T01:07:54+00:00,2026,89,9238,bs,KBO,전반승무패,3,h(전반),NC 1,5 KT,07.29(수) 18:30,"2.05,6.30,1.99",홈패
2026-08-06T01:07:54+00:00,2026,89,9239,bs,KBO,전반핸디캡,2,h H +1.5,NC 2.5,5 KT,07.29(수) 18:30,"1.33,2.60",핸디패
2026-08-06T01:07:54+00:00,2026,89,9240,bs,KBO,전반언더오버,2,h U 5.5,NC,KT,07.29(수) 18:30,"1.74,1.78",오버
2026-08-06T01:07:54+00:00,2026,89,9241,bs,KBO,승패,2,,한화 5,3 롯데,07.29(수) 18:30,"1.66,1.87",홈승
2026-08-06T01:07:54+00:00,2026,89,9242,bs,KBO,승①패,3,승①패,한화 5,3 롯데,07.29(수) 18:30,"2.22,3.45,2.45",홈승
2026-08-06T01:07:54+00:00,2026,89,9243,bs,KBO,핸디캡,2,H -2.5,한화 2.5,3 롯데,07.29(수) 18:30,"2.87,1.27",핸디패
2026-08-06T01:07:54+00:00,2026,89,9244,bs,KBO,언더오버,2,U 9.5,한화,롯데,07.29(수) 18:30,"1.78,1.74",언더
2026-08-06T01:07:54+00:00,2026,89,9245,bs,KBO,홀짝,2,,한화,롯데,07.29(수) 18:30,"1.58,1.99",짝
2026-08-06T01:07:54+00:00,2026,89,9246,bs,KBO,전반승무패,3,h(전반),한화 2,2 롯데,07.29(수) 18:30,"1.95,6.20,2.10",무승부
2026-08-06T01:07:54+00:00,2026,89,9247,bs,KBO,전반핸디캡,2,h H -1.5,한화 0.5,2 롯데,07.29(수) 18:30,"2.68,1.31",핸디패
2026-08-06T01:07:54+00:00,2026,89,9248,bs,KBO,전반언더오버,2,h U 5.5,한화,롯데,07.29(수) 18:30,"1.59,1.97",언더
2026-08-06T01:07:54+00:00,2026,89,9249,sc,한국FA컵,승무패,3,,광주FC 1,0 천안시티,07.29(수) 19:00,"1.70,3.40,3.75",홈승
2026-08-06T01:07:54+00:00,2026,89,9250,sc,한국FA컵,핸디캡,3,H -1.0,광주FC 0,0 천안시티,07.29(수) 19:00,"3.20,3.30,1.87",핸디무
2026-08-06T01:07:54+00:00,2026,89,9251,sc,한국FA컵,언더오버,2,U 2.5,광주FC,천안시티,07.29(수) 19:00,"1.86,1.67",언더
2026-08-06T01:07:54+00:00,2026,89,9252,sc,한국FA컵,홀짝,2,,광주FC,천안시티,07.29(수) 19:00,"1.77,1.75",홀
2026-08-06T01:07:54+00:00,2026,89,9253,sc,한국FA컵,승무패,3,,인천유나 0,1 김포FC,07.29(수) 19:00,"1.41,3.85,5.50",홈패
2026-08-06T01:07:54+00:00,2026,89,9254,sc,한국FA컵,핸디캡,3,H -1.0,인천유나 -1,1 김포FC,07.29(수) 19:00,"2.24,3.30,2.50",핸디패
2026-08-06T01:07:54+00:00,2026,89,9255,sc,한국FA컵,언더오버,2,U 2.5,인천유나,김포FC,07.29(수) 19:00,"2.02,1.56",언더
2026-08-06T01:07:54+00:00,2026,89,9256,sc,한국FA컵,홀짝,2,,인천유나,김포FC,07.29(수) 19:00,"1.76,1.76",홀
2026-08-06T01:07:54+00:00,2026,89,9257,sc,한국FA컵,승무패,3,,김천상무 2,1 수원FC,07.29(수) 19:00,"1.99,3.30,2.90",홈승
2026-08-06T01:07:54+00:00,2026,89,9258,sc,한국FA컵,핸디캡,3,H -1.0,김천상무 1,1 수원FC,07.29(수) 19:00,"3.80,3.55,1.65",핸디무
2026-08-06T01:07:54+00:00,2026,89,9259,sc,한국FA컵,언더오버,2,U 2.5,김천상무,수원FC,07.29(수) 19:00,"2.02,1.56",오버
2026-08-06T01:07:54+00:00,2026,89,9260,sc,한국FA컵,홀짝,2,,김천상무,수원FC,07.29(수) 19:00,"1.76,1.76",홀
2026-08-06T01:07:54+00:00,2026,89,9265,sc,한국FA컵,승무패,3,,부산아이 2,0 FC서울,07.29(수) 19:00,"4.25,3.70,1.55",홈승
2026-08-06T01:07:54+00:00,2026,89,9266,sc,한국FA컵,핸디캡,3,H +1.0,부산아이 3,0 FC서울,07.29(수) 19:00,"2.15,3.25,2.65",핸디승
2026-08-06T01:07:54+00:00,2026,89,9267,sc,한국FA컵,언더오버,2,U 2.5,부산아이,FC서울,07.29(수) 19:00,"1.93,1.62",언더
2026-08-06T01:07:54+00:00,2026,89,9268,sc,한국FA컵,홀짝,2,,부산아이,FC서울,07.29(수) 19:00,"1.77,1.75",짝
2026-08-06T01:07:54+00:00,2026,89,9269,sc,한국FA컵,승무패,3,,부천FC 3,0 파주프런,07.29(수) 19:00,"1.71,3.55,3.55",홈승
2026-08-06T01:07:54+00:00,2026,89,9270,sc,한국FA컵,핸디캡,3,H -1.0,부천FC 2,0 파주프런,07.29(수) 19:00,"3.85,3.10,1.76",핸디승
2026-08-06T01:07:54+00:00,2026,89,9271,sc,한국FA컵,언더오버,2,U 2.5,부천FC,파주프런,07.29(수) 19:00,"1.73,1.79",오버
2026-08-06T01:07:54+00:00,2026,89,9272,sc,한국FA컵,홀짝,2,,부천FC,파주프런,07.29(수) 19:00,"1.77,1.75",홀
2026-08-06T01:07:54+00:00,2026,89,9273,sc,한국FA컵,승무패,3,,충북청주 1,3 FC안양,07.29(수) 19:30,"3.25,3.35,1.84",홈패
2026-08-06T01:07:54+00:00,2026,89,9274,sc,한국FA컵,핸디캡,3,H +1.0,충북청주 2,3 FC안양,07.29(수) 19:30,"1.60,3.25,4.60",핸디패
2026-08-06T01:07:54+00:00,2026,89,9275,sc,한국FA컵,언더오버,2,U 2.5,충북청주,FC안양,07.29(수) 19:30,"1.73,1.79",오버
2026-08-06T01:07:54+00:00,2026,89,9276,sc,한국FA컵,홀짝,2,,충북청주,FC안양,07.29(수) 19:30,"1.77,1.75",짝
2026-08-06T01:07:54+00:00,2026,89,9277,sc,한국FA컵,승무패,3,,제주SKFC 2,2 화성FC,07.29(수) 19:30,"1.62,3.40,4.20",무승부
2026-08-06T01:07:54+00:00,2026,89,9278,sc,한국FA컵,핸디캡,3,H -1.0,제주SKFC 1,2 화성FC,07.29(수) 19:30,"2.85,3.20,2.06",핸디패
2026-08-06T01:07:54+00:00,2026,89,9279,sc,한국FA컵,언더오버,2,U 2.5,제주SKFC,화성FC,07.29(수) 19:30,"1.85,1.68",오버
2026-08-06T01:07:54+00:00,2026,89,9280,sc,한국FA컵,홀짝,2,,제주SKFC,화성FC,07.29(수) 19:30,"1.77,1.75",짝
2026-08-06T01:07:54+00:00,2026,89,9261,sc,한국FA컵,승무패,3,,김해FC 0,1 성남FC,07.29(수) 20:00,"2.65,3.05,2.25",홈패
2026-08-06T01:07:54+00:00,2026,89,9262,sc,한국FA컵,핸디캡,3,H +1.0,김해FC 1,1 성남FC,07.29(수) 20:00,"1.50,3.20,5.90",핸디무
2026-08-06T01:07:54+00:00,2026,89,9263,sc,한국FA컵,언더오버,2,U 2.5,김해FC,성남FC,07.29(수) 20:00,"1.67,1.86",언더
2026-08-06T01:07:54+00:00,2026,89,9264,sc,한국FA컵,홀짝,2,,김해FC,성남FC,07.29(수) 20:00,"1.77,1.75",홀
2026-08-06T01:07:54+00:00,2026,89,9281,vl,남배네이,승패,2,,일본M 3,1 중국M,07.29(수) 20:30,"1.00,1.00",홈승
2026-08-06T01:07:54+00:00,2026,89,9282,vl,남배네이,핸디캡,2,H -2.5,일본M 0.5,1 중국M,07.29(수) 20:30,"1.49,2.15",핸디패
2026-08-06T01:07:54+00:00,2026,89,9283,vl,남배네이,언더오버,2,U 140.5,일본M,중국M,07.29(수) 20:30,"1.76,1.76",오버
2026-08-06T01:07:54+00:00,2026,89,9284,vl,남배네이,홀짝,2,,일본M,중국M,07.29(수) 20:30,"1.76,1.76",홀
2026-08-06T01:07:54+00:00,2026,89,9285,bs,MLB,승패,2,,마이말린 8,6 필라필리,07.30(목) 01:10,"2.34,1.41",홈승
2026-08-06T01:07:54+00:00,2026,89,9286,bs,MLB,승①패,3,승①패,마이말린 8,6 필라필리,07.30(목) 01:10,"3.60,3.45,1.72",홈승
2026-08-06T01:07:54+00:00,2026,89,9287,bs,MLB,핸디캡,2,H +2.5,마이말린 10.5,6 필라필리,07.30(목) 01:10,"1.42,2.31",핸디승
2026-08-06T01:07:54+00:00,2026,89,9288,bs,MLB,언더오버,2,U 7.5,마이말린,필라필리,07.30(목) 01:10,"1.78,1.74",오버
2026-08-06T01:07:54+00:00,2026,89,9289,bs,MLB,홀짝,2,,마이말린,필라필리,07.30(목) 01:10,"1.55,2.04",짝
2026-08-06T01:07:54+00:00,2026,89,9290,bs,MLB,승패,2,,피츠파이 0,3 애리다이,07.30(목) 01:35,"1.62,1.93",홈패
2026-08-06T01:07:54+00:00,2026,89,9291,bs,MLB,승①패,3,승①패,피츠파이 0,3 애리다이,07.30(목) 01:35,"2.28,3.30,2.45",홈패
2026-08-06T01:07:54+00:00,2026,89,9292,bs,MLB,핸디캡,2,H -2.5,피츠파이 -2.5,3 애리다이,07.30(목) 01:35,"3.09,1.23",핸디패
2026-08-06T01:07:54+00:00,2026,89,9293,bs,MLB,언더오버,2,U 8.5,피츠파이,애리다이,07.30(목) 01:35,"1.78,1.74",언더
2026-08-06T01:07:54+00:00,2026,89,9294,bs,MLB,홀짝,2,,피츠파이,애리다이,07.30(목) 01:35,"1.55,2.04",홀
2026-08-06T01:07:54+00:00,2026,89,9295,bs,MLB,승패,2,,워싱내셔 2,5 토론블루,07.30(목) 02:05,"1.89,1.65",홈패
2026-08-06T01:07:54+00:00,2026,89,9296,bs,MLB,승①패,3,승①패,워싱내셔 2,5 토론블루,07.30(목) 02:05,"2.75,3.40,2.03",홈패
2026-08-06T01:07:54+00:00,2026,89,9297,bs,MLB,핸디캡,2,H +2.5,워싱내셔 4.5,5 토론블루,07.30(목) 02:05,"1.31,2.68",핸디패
2026-08-06T01:07:54+00:00,2026,89,9298,bs,MLB,언더오버,2,U 9.5,워싱내셔,토론블루,07.30(목) 02:05,"1.73,1.79",언더
2026-08-06T01:07:54+00:00,2026,89,9299,bs,MLB,홀짝,2,,워싱내셔,토론블루,07.30(목) 02:05,"1.56,2.02",홀
2026-08-06T01:07:54+00:00,2026,89,9300,bs,MLB,승패,2,,뉴욕메츠 3,2 애틀브레,07.30(목) 02:10,"1.79,1.73",홈승
2026-08-06T01:07:54+00:00,2026,89,9301,bs,MLB,승①패,3,승①패,뉴욕메츠 3,2 애틀브레,07.30(목) 02:10,"2.60,3.30,2.17",①
2026-08-06T01:07:54+00:00,2026,89,9302,bs,MLB,핸디캡,2,H +2.5,뉴욕메츠 5.5,2 애틀브레,07.30(목) 02:10,"1.27,2.87",핸디승
2026-08-06T01:07:54+00:00,2026,89,9303,bs,MLB,언더오버,2,U 8.5,뉴욕메츠,애틀브레,07.30(목) 02:10,"1.78,1.74",언더
2026-08-06T01:07:54+00:00,2026,89,9304,bs,MLB,홀짝,2,,뉴욕메츠,애틀브레,07.30(목) 02:10,"1.55,2.04",홀
2026-08-06T01:07:54+00:00,2026,89,9305,bs,MLB,승패,2,,디트타이 9,10 볼티오리,07.30(목) 02:10,"1.43,2.29",홈패
2026-08-06T01:07:54+00:00,2026,89,9306,bs,MLB,승①패,3,승①패,디트타이 9,10 볼티오리,07.30(목) 02:10,"1.87,3.50,3.05",①
2026-08-06T01:07:54+00:00,2026,89,9307,bs,MLB,핸디캡,2,H -2.5,디트타이 6.5,10 볼티오리,07.30(목) 02:10,"2.60,1.33",핸디패
2026-08-06T01:07:54+00:00,2026,89,9308,bs,MLB,언더오버,2,U 7.5,디트타이,볼티오리,07.30(목) 02:10,"1.84,1.69",오버
2026-08-06T01:07:54+00:00,2026,89,9309,bs,MLB,홀짝,2,,디트타이,볼티오리,07.30(목) 02:10,"1.55,2.04",홀
2026-08-06T01:07:54+00:00,2026,89,9310,sc,UCL,승무패,3,,구르니크 1,1 페네르SK,07.30(목) 03:00,"4.95,3.95,1.44",무승부
2026-08-06T01:07:54+00:00,2026,89,9311,sc,UCL,핸디캡,3,H +1.0,구르니크 2,1 페네르SK,07.30(목) 03:00,"2.45,3.20,2.33",핸디승
2026-08-06T01:07:54+00:00,2026,89,9312,sc,UCL,핸디캡,3,H +2.0,구르니크 3,1 페네르SK,07.30(목) 03:00,"1.48,4.10,4.35",핸디승
2026-08-06T01:07:54+00:00,2026,89,9313,sc,UCL,언더오버,2,U 2.5,구르니크,페네르SK,07.30(목) 03:00,"1.90,1.64",언더
2026-08-06T01:07:54+00:00,2026,89,9314,sc,UCL,홀짝,2,,구르니크,페네르SK,07.30(목) 03:00,"1.77,1.75",짝
2026-08-06T01:07:54+00:00,2026,89,9315,sc,UCL,전반승무패,3,h(전반),구르니크 1,1 페네르SK,07.30(목) 03:00,"5.10,2.30,1.93",무승부
2026-08-06T01:07:54+00:00,2026,89,9316,sc,UCL,전반핸디캡,3,h H +1.0,구르니크 2,1 페네르SK,07.30(목) 03:00,"1.64,3.10,4.60",핸디승
2026-08-06T01:07:54+00:00,2026,89,9317,sc,UCL,전반언더오버,2,h U 1.5,구르니크,페네르SK,07.30(목) 03:00,"1.41,2.34",오버
2026-08-06T01:07:54+00:00,2026,89,9318,bs,MLB,승패,2,,샌프자이 16,3 밀워브루,07.30(목) 04:45,"1.84,1.69",홈승
2026-08-06T01:07:54+00:00,2026,89,9319,bs,MLB,승①패,3,승①패,샌프자이 16,3 밀워브루,07.30(목) 04:45,"2.70,3.20,2.14",홈승
2026-08-06T01:07:54+00:00,2026,89,9320,bs,MLB,핸디캡,2,H +2.5,샌프자이 18.5,3 밀워브루,07.30(목) 04:45,"1.27,2.87",핸디승
2026-08-06T01:07:54+00:00,2026,89,9321,bs,MLB,언더오버,2,U 7.5,샌프자이,밀워브루,07.30(목) 04:45,"1.78,1.74",오버
2026-08-06T01:07:54+00:00,2026,89,9322,bs,MLB,홀짝,2,,샌프자이,밀워브루,07.30(목) 04:45,"1.55,2.04",홀
2026-08-06T01:07:54+00:00,2026,89,9323,bs,MLB,승패,2,,샌디파드 3,1 콜로로키,07.30(목) 05:10,"1.54,2.05",홈승
2026-08-06T01:07:54+00:00,2026,89,9324,bs,MLB,승①패,3,승①패,샌디파드 3,1 콜로로키,07.30(목) 05:10,"2.13,3.30,2.65",홈승
2026-08-06T01:07:54+00:00,2026,89,9325,bs,MLB,핸디캡,2,H -2.5,샌디파드 0.5,1 콜로로키,07.30(목) 05:10,"2.92,1.26",핸디패
2026-08-06T01:07:54+00:00,2026,89,9326,bs,MLB,언더오버,2,U 8.5,샌디파드,콜로로키,07.30(목) 05:10,"1.66,1.87",언더
2026-08-06T01:07:54+00:00,2026,89,9327,bs,MLB,홀짝,2,,샌디파드,콜로로키,07.30(목) 05:10,"1.55,2.04",짝
2026-08-06T01:07:54+00:00,2026,89,9328,bs,MLB,승패,2,,탬파레이 3,0 텍사레인,07.30(목) 07:40,"1.54,2.05",홈승
2026-08-06T01:07:54+00:00,2026,89,9329,bs,MLB,승①패,3,승①패,탬파레이 3,0 텍사레인,07.30(목) 07:40,"2.15,3.25,2.65",홈승
2026-08-06T01:07:54+00:00,2026,89,9330,bs,MLB,핸디캡,2,H -2.5,탬파레이 0.5,0 텍사레인,07.30(목) 07:40,"2.92,1.26",핸디승
2026-08-06T01:07:54+00:00,2026,89,9331,bs,MLB,언더오버,2,U 7.5,탬파레이,텍사레인,07.30(목) 07:40,"1.79,1.73",언더
2026-08-06T01:07:54+00:00,2026,89,9332,bs,MLB,홀짝,2,,탬파레이,텍사레인,07.30(목) 07:40,"1.55,2.04",홀
2026-08-06T01:07:54+00:00,2026,89,9333,bs,MLB,승패,2,,신시레즈 1,6 클리가디,07.30(목) 08:10,"1.97,1.59",홈패
2026-08-06T01:07:54+00:00,2026,89,9334,bs,MLB,승①패,3,승①패,신시레즈 1,6 클리가디,07.30(목) 08:10,"2.95,3.35,1.95",홈패
2026-08-06T01:07:54+00:00,2026,89,9335,bs,MLB,핸디캡,2,H +2.5,신시레즈 3.5,6 클리가디,07.30(목) 08:10,"1.34,2.56",핸디패
2026-08-06T01:07:54+00:00,2026,89,9336,bs,MLB,언더오버,2,U 8.5,신시레즈,클리가디,07.30(목) 08:10,"1.94,1.61",언더
2026-08-06T01:07:54+00:00,2026,89,9337,bs,MLB,홀짝,2,,신시레즈,클리가디,07.30(목) 08:10,"1.56,2.02",홀
2026-08-06T01:07:54+00:00,2026,89,9338,bs,MLB,승패,2,,미네트윈 0,4 캔자로얄,07.30(목) 08:40,"1.43,2.29",홈패
2026-08-06T01:07:54+00:00,2026,89,9339,bs,MLB,승①패,3,승①패,미네트윈 0,4 캔자로얄,07.30(목) 08:40,"1.92,3.40,3.00",홈패
2026-08-06T01:07:54+00:00,2026,89,9340,bs,MLB,핸디캡,2,H -2.5,미네트윈 -2.5,4 캔자로얄,07.30(목) 08:40,"2.53,1.35",핸디패
2026-08-06T01:07:54+00:00,2026,89,9341,bs,MLB,언더오버,2,U 8.5,미네트윈,캔자로얄,07.30(목) 08:40,"1.77,1.75",언더
2026-08-06T01:07:54+00:00,2026,89,9342,bs,MLB,홀짝,2,,미네트윈,캔자로얄,07.30(목) 08:40,"1.56,2.02",짝
2026-08-06T01:07:54+00:00,2026,89,9343,bs,MLB,승패,2,,시카화이 6,5 뉴욕양키,07.30(목) 08:40,"2.13,1.50",홈승
2026-08-06T01:07:54+00:00,2026,89,9344,bs,MLB,승①패,3,승①패,시카화이 6,5 뉴욕양키,07.30(목) 08:40,"3.30,3.30,1.84",①
2026-08-06T01:07:54+00:00,2026,89,9345,bs,MLB,핸디캡,2,H +2.5,시카화이 8.5,5 뉴욕양키,07.30(목) 08:40,"1.38,2.43",핸디승
2026-08-06T01:07:54+00:00,2026,89,9346,bs,MLB,언더오버,2,U 7.5,시카화이,뉴욕양키,07.30(목) 08:40,"1.78,1.74",오버
2026-08-06T01:07:54+00:00,2026,89,9347,bs,MLB,홀짝,2,,시카화이,뉴욕양키,07.30(목) 08:40,"1.55,2.04",홀
2026-08-06T01:07:54+00:00,2026,89,9348,bs,MLB,승패,2,,세인카디 3,2 시카컵스,07.30(목) 08:45,"1.80,1.72",홈승
2026-08-06T01:07:54+00:00,2026,89,9349,bs,MLB,승①패,3,승①패,세인카디 3,2 시카컵스,07.30(목) 08:45,"2.65,3.25,2.15",①
2026-08-06T01:07:54+00:00,2026,89,9350,bs,MLB,핸디캡,2,H +2.5,세인카디 5.5,2 시카컵스,07.30(목) 08:45,"1.27,2.87",핸디승
2026-08-06T01:07:54+00:00,2026,89,9351,bs,MLB,언더오버,2,U 8.5,세인카디,시카컵스,07.30(목) 08:45,"1.67,1.86",언더
2026-08-06T01:07:54+00:00,2026,89,9352,bs,MLB,홀짝,2,,세인카디,시카컵스,07.30(목) 08:45,"1.55,2.04",홀
2026-08-06T01:07:54+00:00,2026,89,9353,bs,MLB,승패,2,,LA에인절 4,7 휴스애스,07.30(목) 10:38,"1.89,1.65",홈패
2026-08-06T01:07:54+00:00,2026,89,9354,bs,MLB,승①패,3,승①패,LA에인절 4,7 휴스애스,07.30(목) 10:38,"2.65,3.35,2.11",홈패
2026-08-06T01:07:54+00:00,2026,89,9355,bs,MLB,핸디캡,2,H +2.5,LA에인절 6.5,7 휴스애스,07.30(목) 10:38,"1.29,2.77",핸디패
2026-08-06T01:07:54+00:00,2026,89,9356,bs,MLB,언더오버,2,U 9.5,LA에인절,휴스애스,07.30(목) 10:38,"1.78,1.74",오버
2026-08-06T01:07:54+00:00,2026,89,9357,bs,MLB,홀짝,2,,LA에인절,휴스애스,07.30(목) 10:38,"1.56,2.02",홀
2026-08-06T01:07:54+00:00,2026,89,9358,bs,MLB,승패,2,,애슬레틱 2,4 보스레드,07.30(목) 10:40,"2.13,1.50",홈패
2026-08-06T01:07:54+00:00,2026,89,9359,bs,MLB,승①패,3,승①패,애슬레틱 2,4 보스레드,07.30(목) 10:40,"3.25,3.50,1.80",홈패
2026-08-06T01:07:54+00:00,2026,89,9360,bs,MLB,핸디캡,2,H +2.5,애슬레틱 4.5,4 보스레드,07.30(목) 10:40,"1.42,2.31",핸디승
2026-08-06T01:07:54+00:00,2026,89,9361,bs,MLB,언더오버,2,U 10.5,애슬레틱,보스레드,07.30(목) 10:40,"1.75,1.77",언더
2026-08-06T01:07:54+00:00,2026,89,9362,bs,MLB,홀짝,2,,애슬레틱,보스레드,07.30(목) 10:40,"1.56,2.02",짝
2026-08-06T01:07:54+00:00,2026,89,9363,bs,MLB,승패,2,,LA다저스 4,2 시애매리,07.30(목) 11:10,"1.44,2.26",홈승
2026-08-06T01:07:54+00:00,2026,89,9364,bs,MLB,승①패,3,승①패,LA다저스 4,2 시애매리,07.30(목) 11:10,"1.91,3.50,2.95",홈승
2026-08-06T01:07:54+00:00,2026,89,9365,bs,MLB,핸디캡,2,H -2.5,LA다저스 1.5,2 시애매리,07.30(목) 11:10,"2.40,1.39",핸디패
2026-08-06T01:07:54+00:00,2026,89,9366,bs,MLB,언더오버,2,U 9.5,LA다저스,시애매리,07.30(목) 11:10,"1.76,1.76",언더
2026-08-06T01:07:54+00:00,2026,89,9367,bs,MLB,홀짝,2,,LA다저스,시애매리,07.30(목) 11:10,"1.56,2.02",짝
2026-08-06T01:07:54+00:00,2026,89,9368,bs,MLB,전반승무패,3,h(전반),LA다저스 3,0 시애매리,07.30(목) 11:10,"1.91,5.80,2.20",홈승
2026-08-06T01:07:54+00:00,2026,89,9369,bs,MLB,전반핸디캡,2,h H -1.5,LA다저스 1.5,0 시애매리,07.30(목) 11:10,"2.37,1.40",핸디승
2026-08-06T01:07:54+00:00,2026,89,9370,bs,MLB,전반언더오버,2,h U 5.5,LA다저스,시애매리,07.30(목) 11:10,"1.63,1.91",언더
2026-08-06T01:07:54+00:00,2026,89,9371,vl,남배네이,승패,2,,이탈리M 0,3 미국M,07.30(목) 16:00,"1.52,2.09",홈패
2026-08-06T01:07:54+00:00,2026,89,9372,vl,남배네이,핸디캡,2,H -1.5,이탈리M -1.5,3 미국M,07.30(목) 16:00,"2.11,1.51",핸디패
2026-08-06T01:07:54+00:00,2026,89,9373,vl,남배네이,언더오버,2,U 185.5,이탈리M,미국M,07.30(목) 16:00,"1.87,1.66",언더
2026-08-06T01:07:54+00:00,2026,89,9374,vl,남배네이,홀짝,2,,이탈리M,미국M,07.30(목) 16:00,"1.76,1.76",홀
2026-08-06T01:07:54+00:00,2026,89,9375,bs,KBO,승패,2,,LG 5,3 키움,07.30(목) 18:30,"1.50,2.13",홈승
2026-08-06T01:07:54+00:00,2026,89,9376,bs,KBO,승①패,3,승①패,LG 5,3 키움,07.30(목) 18:30,"1.97,3.45,2.85",홈승
2026-08-06T01:07:54+00:00,2026,89,9377,bs,KBO,핸디캡,2,H -2.5,LG 2.5,3 키움,07.30(목) 18:30,"2.46,1.37",핸디패
2026-08-06T01:07:54+00:00,2026,89,9378,bs,KBO,언더오버,2,U 9.5,LG,키움,07.30(목) 18:30,"1.63,1.91",언더
2026-08-06T01:07:54+00:00,2026,89,9379,bs,KBO,홀짝,2,,LG,키움,07.30(목) 18:30,"1.58,1.99",짝
2026-08-06T01:07:54+00:00,2026,89,9380,bs,KBO,전반승무패,3,h(전반),LG 1,3 키움,07.30(목) 18:30,"1.82,6.10,2.30",홈패
2026-08-06T01:07:54+00:00,2026,89,9381,bs,KBO,전반핸디캡,2,h H -1.5,LG -0.5,3 키움,07.30(목) 18:30,"2.34,1.41",핸디패
2026-08-06T01:07:54+00:00,2026,89,9382,bs,KBO,전반언더오버,2,h U 5.5,LG,키움,07.30(목) 18:30,"1.54,2.05",언더
2026-08-06T01:07:54+00:00,2026,89,9383,bs,KBO,승패,2,,삼성 3,12 KIA,07.30(목) 18:30,"1.53,2.07",홈패
2026-08-06T01:07:54+00:00,2026,89,9384,bs,KBO,승①패,3,승①패,삼성 3,12 KIA,07.30(목) 18:30,"2.02,3.80,2.55",홈패
2026-08-06T01:07:54+00:00,2026,89,9385,bs,KBO,핸디캡,2,H -2.5,삼성 0.5,12 KIA,07.30(목) 18:30,"2.64,1.32",핸디패
2026-08-06T01:07:54+00:00,2026,89,9386,bs,KBO,언더오버,2,U 10.5,삼성,KIA,07.30(목) 18:30,"1.77,1.75",오버
2026-08-06T01:07:54+00:00,2026,89,9387,bs,KBO,홀짝,2,,삼성,KIA,07.30(목) 18:30,"1.57,2.00",홀
2026-08-06T01:07:54+00:00,2026,89,9388,bs,KBO,전반승무패,3,h(전반),삼성 2,6 KIA,07.30(목) 18:30,"1.80,5.90,2.35",홈패
2026-08-06T01:07:54+00:00,2026,89,9389,bs,KBO,전반핸디캡,2,h H -1.5,삼성 0.5,6 KIA,07.30(목) 18:30,"2.34,1.41",핸디패
2026-08-06T01:07:54+00:00,2026,89,9390,bs,KBO,전반언더오버,2,h U 6.5,삼성,KIA,07.30(목) 18:30,"1.57,2.00",오버
2026-08-06T01:07:54+00:00,2026,89,9391,bs,KBO,승패,2,,SSG 3,5 두산,07.30(목) 18:30,"1.91,1.63",홈패
2026-08-06T01:07:54+00:00,2026,89,9392,bs,KBO,승①패,3,승①패,SSG 3,5 두산,07.30(목) 18:30,"2.65,3.55,2.04",홈패
2026-08-06T01:07:54+00:00,2026,89,9393,bs,KBO,핸디캡,2,H +2.5,SSG 5.5,5 두산,07.30(목) 18:30,"1.31,2.68",핸디승
2026-08-06T01:07:54+00:00,2026,89,9394,bs,KBO,언더오버,2,U 9.5,SSG,두산,07.30(목) 18:30,"1.82,1.70",언더
2026-08-06T01:07:54+00:00,2026,89,9395,bs,KBO,홀짝,2,,SSG,두산,07.30(목) 18:30,"1.58,1.99",짝
2026-08-06T01:07:54+00:00,2026,89,9396,bs,KBO,전반승무패,3,h(전반),SSG 3,2 두산,07.30(목) 18:30,"2.15,6.10,1.92",홈승
2026-08-06T01:07:54+00:00,2026,89,9397,bs,KBO,전반핸디캡,2,h H +1.5,SSG 4.5,2 두산,07.30(목) 18:30,"1.35,2.53",핸디승
2026-08-06T01:07:54+00:00,2026,89,9398,bs,KBO,전반언더오버,2,h U 5.5,SSG,두산,07.30(목) 18:30,"1.78,1.74",언더
2026-08-06T01:07:54+00:00,2026,89,9399,bs,KBO,승패,2,,NC 2,10 KT,07.30(목) 18:30,"1.71,1.81",홈패
2026-08-06T01:07:54+00:00,2026,89,9400,bs,KBO,승①패,3,승①패,NC 2,10 KT,07.30(목) 18:30,"2.35,3.50,2.28",홈패
2026-08-06T01:07:54+00:00,2026,89,9401,bs,KBO,핸디캡,2,H -2.5,NC -0.5,10 KT,07.30(목) 18:30,"2.72,1.30",핸디패
2026-08-06T01:07:54+00:00,2026,89,9402,bs,KBO,언더오버,2,U 9.5,NC,KT,07.30(목) 18:30,"1.65,1.89",오버
2026-08-06T01:07:54+00:00,2026,89,9403,bs,KBO,홀짝,2,,NC,KT,07.30(목) 18:30,"1.58,1.99",짝
2026-08-06T01:07:54+00:00,2026,89,9404,bs,KBO,전반승무패,3,h(전반),NC 1,6 KT,07.30(목) 18:30,"1.96,6.10,2.10",홈패
2026-08-06T01:07:54+00:00,2026,89,9405,bs,KBO,전반핸디캡,2,h H -1.5,NC -0.5,6 KT,07.30(목) 18:30,"2.53,1.35",핸디패
2026-08-06T01:07:54+00:00,2026,89,9406,bs,KBO,전반언더오버,2,h U 5.5,NC,KT,07.30(목) 18:30,"1.69,1.84",오버
2026-08-06T01:07:54+00:00,2026,89,9407,bs,KBO,승패,2,,한화 3,2 롯데,07.30(목) 18:30,"1.70,1.82",홈승
2026-08-06T01:07:54+00:00,2026,89,9408,bs,KBO,승①패,3,승①패,한화 3,2 롯데,07.30(목) 18:30,"2.22,3.55,2.40",①
2026-08-06T01:07:54+00:00,2026,89,9409,bs,KBO,핸디캡,2,H -2.5,한화 0.5,2 롯데,07.30(목) 18:30,"3.03,1.24",핸디패
2026-08-06T01:07:54+00:00,2026,89,9410,bs,KBO,언더오버,2,U 9.5,한화,롯데,07.30(목) 18:30,"1.87,1.66",언더
2026-08-06T01:07:54+00:00,2026,89,9411,bs,KBO,홀짝,2,,한화,롯데,07.30(목) 18:30,"1.58,1.99",홀
2026-08-06T01:07:54+00:00,2026,89,9412,bs,KBO,전반승무패,3,h(전반),한화 1,2 롯데,07.30(목) 18:30,"1.96,6.10,2.10",홈패
2026-08-06T01:07:54+00:00,2026,89,9413,bs,KBO,전반핸디캡,2,h H -1.5,한화 -0.5,2 롯데,07.30(목) 18:30,"2.60,1.33",핸디패
2026-08-06T01:07:54+00:00,2026,89,9414,bs,KBO,전반언더오버,2,h U 5.5,한화,롯데,07.30(목) 18:30,"1.75,1.77",언더
2026-08-06T01:07:54+00:00,2026,89,9415,vl,남배네이,승패,2,,폴란드M 3,1 우크라M,07.30(목) 20:30,"1.09,4.57",홈승
2026-08-06T01:07:54+00:00,2026,89,9416,vl,남배네이,핸디캡,2,H -2.5,폴란드M 0.5,1 우크라M,07.30(목) 20:30,"2.17,1.48",핸디패
2026-08-06T01:07:54+00:00,2026,89,9417,vl,남배네이,언더오버,2,U 177.5,폴란드M,우크라M,07.30(목) 20:30,"1.87,1.66",오버
2026-08-06T01:07:54+00:00,2026,89,9418,vl,남배네이,홀짝,2,,폴란드M,우크라M,07.30(목) 20:30,"1.76,1.76",홀
2026-08-06T01:07:54+00:00,2026,89,9419,bs,MLB,승패,2,,탬파레이 3,2 텍사레인,07.31(금) 01:10,"1.53,2.07",홈승
2026-08-06T01:07:54+00:00,2026,89,9420,bs,MLB,승①패,3,승①패,탬파레이 3,2 텍사레인,07.31(금) 01:10,"2.06,3.40,2.70",①
2026-08-06T01:07:54+00:00,2026,89,9421,bs,MLB,핸디캡,2,H -2.5,탬파레이 0.5,2 텍사레인,07.31(금) 01:10,"2.82,1.28",핸디패
2026-08-06T01:07:54+00:00,2026,89,9422,bs,MLB,언더오버,2,U 7.5,탬파레이,텍사레인,07.31(금) 01:10,"1.71,1.81",언더
2026-08-06T01:07:54+00:00,2026,89,9423,bs,MLB,홀짝,2,,탬파레이,텍사레인,07.31(금) 01:10,"1.55,2.04",홀
2026-08-06T01:07:54+00:00,2026,89,9424,bs,MLB,승패,2,,미네트윈 4,3 캔자로얄,07.31(금) 02:40,"1.55,2.04",홈승
2026-08-06T01:07:54+00:00,2026,89,9425,bs,MLB,승①패,3,승①패,미네트윈 4,3 캔자로얄,07.31(금) 02:40,"2.12,3.40,2.60",①
2026-08-06T01:07:54+00:00,2026,89,9426,bs,MLB,핸디캡,2,H -2.5,미네트윈 1.5,3 캔자로얄,07.31(금) 02:40,"2.87,1.27",핸디패
2026-08-06T01:07:54+00:00,2026,89,9427,bs,MLB,언더오버,2,U 9.5,미네트윈,캔자로얄,07.31(금) 02:40,"1.72,1.80",언더
2026-08-06T01:07:54+00:00,2026,89,9428,bs,MLB,홀짝,2,,미네트윈,캔자로얄,07.31(금) 02:40,"1.56,2.02",홀
2026-08-06T01:07:54+00:00,2026,89,9429,bs,MLB,승패,2,,시카화이 2,1 뉴욕양키,07.31(금) 03:10,"1.73,1.79",홈승
2026-08-06T01:07:54+00:00,2026,89,9430,bs,MLB,승①패,3,승①패,시카화이 2,1 뉴욕양키,07.31(금) 03:10,"2.50,3.25,2.26",①
2026-08-06T01:07:54+00:00,2026,89,9431,bs,MLB,핸디캡,2,H -2.5,시카화이 -0.5,1 뉴욕양키,07.31(금) 03:10,"3.46,1.18",핸디패
2026-08-06T01:07:54+00:00,2026,89,9432,bs,MLB,언더오버,2,U 7.5,시카화이,뉴욕양키,07.31(금) 03:10,"1.87,1.66",언더
2026-08-06T01:07:54+00:00,2026,89,9433,bs,MLB,홀짝,2,,시카화이,뉴욕양키,07.31(금) 03:10,"1.55,2.04",홀
2026-08-06T01:07:54+00:00,2026,89,9434,bs,MLB,승패,2,,세인카디 2,4 시카컵스,07.31(금) 03:15,"1.66,1.87",홈패
2026-08-06T01:07:54+00:00,2026,89,9435,bs,MLB,승①패,3,승①패,세인카디 2,4 시카컵스,07.31(금) 03:15,"2.35,3.25,2.40",홈패
2026-08-06T01:07:54+00:00,2026,89,9436,bs,MLB,핸디캡,2,H -2.5,세인카디 -0.5,4 시카컵스,07.31(금) 03:15,"3.23,1.21",핸디패
2026-08-06T01:07:54+00:00,2026,89,9437,bs,MLB,언더오버,2,U 8.5,세인카디,시카컵스,07.31(금) 03:15,"1.74,1.78",언더
2026-08-06T01:07:54+00:00,2026,89,9438,bs,MLB,홀짝,2,,세인카디,시카컵스,07.31(금) 03:15,"1.55,2.04",짝
2026-08-06T01:07:54+00:00,2026,89,9439,bs,MLB,승패,2,,뉴욕메츠 4,2 마이말린,07.31(금) 08:10,"1.59,1.97",홈승
2026-08-06T01:07:54+00:00,2026,89,9440,bs,MLB,승①패,3,승①패,뉴욕메츠 4,2 마이말린,07.31(금) 08:10,"2.27,3.15,2.55",홈승
2026-08-06T01:07:54+00:00,2026,89,9441,bs,MLB,핸디캡,2,H -2.5,뉴욕메츠 1.5,2 마이말린,07.31(금) 08:10,"3.16,1.22",핸디패
2026-08-06T01:07:54+00:00,2026,89,9442,bs,MLB,언더오버,2,U 7.5,뉴욕메츠,마이말린,07.31(금) 08:10,"1.60,1.96",언더
2026-08-06T01:07:54+00:00,2026,89,9443,bs,MLB,홀짝,2,,뉴욕메츠,마이말린,07.31(금) 08:10,"1.54,2.05",짝
2026-08-06T01:07:54+00:00,2026,89,9444,bs,MLB,승패,2,,신시레즈 3,2 피츠파이,07.31(금) 08:10,"1.80,1.72",홈승
2026-08-06T01:07:54+00:00,2026,89,9445,bs,MLB,승①패,3,승①패,신시레즈 3,2 피츠파이,07.31(금) 08:10,"2.60,3.35,2.14",①
2026-08-06T01:07:54+00:00,2026,89,9446,bs,MLB,핸디캡,2,H +2.5,신시레즈 5.5,2 피츠파이,07.31(금) 08:10,"1.28,2.82",핸디승
2026-08-06T01:07:54+00:00,2026,89,9447,bs,MLB,언더오버,2,U 9.5,신시레즈,피츠파이,07.31(금) 08:10,"1.72,1.80",언더
2026-08-06T01:07:54+00:00,2026,89,9448,bs,MLB,홀짝,2,,신시레즈,피츠파이,07.31(금) 08:10,"1.56,2.02",홀
2026-08-06T01:07:54+00:00,2026,89,9449,bs,MLB,승패,2,,애틀브레 5,4 워싱내셔,07.31(금) 08:15,"1.52,2.09",홈승
2026-08-06T01:07:54+00:00,2026,89,9450,bs,MLB,승①패,3,승①패,애틀브레 5,4 워싱내셔,07.31(금) 08:15,"2.06,3.40,2.70",①
2026-08-06T01:07:54+00:00,2026,89,9451,bs,MLB,핸디캡,2,H -2.5,애틀브레 2.5,4 워싱내셔,07.31(금) 08:15,"2.77,1.29",핸디패
2026-08-06T01:07:54+00:00,2026,89,9452,bs,MLB,언더오버,2,U 9.5,애틀브레,워싱내셔,07.31(금) 08:15,"1.72,1.80",언더
2026-08-06T01:07:54+00:00,2026,89,9453,bs,MLB,홀짝,2,,애틀브레,워싱내셔,07.31(금) 08:15,"1.56,2.02",홀
2026-08-06T01:07:54+00:00,2026,89,9454,sc,축클럽친,승무패,3,,리즈U 1,0 선덜랜드,07.31(금) 08:30,"2.15,3.25,2.65",홈승
2026-08-06T01:07:54+00:00,2026,89,9455,sc,축클럽친,핸디캡,3,H -1.0,리즈U 0,0 선덜랜드,07.31(금) 08:30,"4.30,3.75,1.54",핸디무
2026-08-06T01:07:54+00:00,2026,89,9456,sc,축클럽친,언더오버,2,U 2.5,리즈U,선덜랜드,07.31(금) 08:30,"1.96,1.60",언더
2026-08-06T01:07:54+00:00,2026,89,9457,sc,축클럽친,홀짝,2,,리즈U,선덜랜드,07.31(금) 08:30,"1.77,1.75",홀
2026-08-06T01:07:54+00:00,2026,89,9458,bs,MLB,승패,2,,샌디파드 1,4 샌프자이,07.31(금) 10:40,"1.61,1.94",홈패
2026-08-06T01:07:54+00:00,2026,89,9459,bs,MLB,승①패,3,승①패,샌디파드 1,4 샌프자이,07.31(금) 10:40,"2.24,3.30,2.50",홈패
2026-08-06T01:07:54+00:00,2026,89,9460,bs,MLB,핸디캡,2,H -2.5,샌디파드 -1.5,4 샌프자이,07.31(금) 10:40,"3.09,1.23",핸디패
2026-08-06T01:07:54+00:00,2026,89,9461,bs,MLB,언더오버,2,U 8.5,샌디파드,샌프자이,07.31(금) 10:40,"1.74,1.78",언더
2026-08-06T01:07:54+00:00,2026,89,9462,bs,MLB,홀짝,2,,샌디파드,샌프자이,07.31(금) 10:40,"1.55,2.04",홀
2026-08-06T01:07:54+00:00,2026,89,9463,bs,MLB,승패,2,,애슬레틱 4,5 보스레드,07.31(금) 10:40,"2.19,1.47",홈패
2026-08-06T01:07:54+00:00,2026,89,9464,bs,MLB,승①패,3,승①패,애슬레틱 4,5 보스레드,07.31(금) 10:40,"3.40,3.65,1.72",①
2026-08-06T01:07:54+00:00,2026,89,9465,bs,MLB,핸디캡,2,H +2.5,애슬레틱 6.5,5 보스레드,07.31(금) 10:40,"1.45,2.24",핸디승
2026-08-06T01:07:54+00:00,2026,89,9466,bs,MLB,언더오버,2,U 10.5,애슬레틱,보스레드,07.31(금) 10:40,"1.73,1.79",언더
2026-08-06T01:07:54+00:00,2026,89,9467,bs,MLB,홀짝,2,,애슬레틱,보스레드,07.31(금) 10:40,"1.56,2.02",홀
2026-08-06T01:07:54+00:00,2026,89,9468,bs,MLB,승패,2,,LA다저스 6,2 시애매리,07.31(금) 11:10,"1.51,2.11",홈승
2026-08-06T01:07:54+00:00,2026,89,9469,bs,MLB,승①패,3,승①패,LA다저스 6,2 시애매리,07.31(금) 11:10,"1.99,3.45,2.80",홈승
2026-08-06T01:07:54+00:00,2026,89,9470,bs,MLB,핸디캡,2,H -2.5,LA다저스 3.5,2 시애매리,07.31(금) 11:10,"2.77,1.29",핸디승
2026-08-06T01:07:54+00:00,2026,89,9471,bs,MLB,언더오버,2,U 8.5,LA다저스,시애매리,07.31(금) 11:10,"1.74,1.78",언더
2026-08-06T01:07:54+00:00,2026,89,9472,bs,MLB,홀짝,2,,LA다저스,시애매리,07.31(금) 11:10,"1.55,2.04",짝
2026-08-06T01:07:54+00:00,2026,89,9473,bs,MLB,전반승무패,3,h(전반),LA다저스 5,0 시애매리,07.31(금) 11:10,"1.74,6.00,2.45",홈승
2026-08-06T01:07:54+00:00,2026,89,9474,bs,MLB,전반핸디캡,2,h H -1.5,LA다저스 3.5,0 시애매리,07.31(금) 11:10,"2.46,1.37",핸디승
2026-08-06T01:07:54+00:00,2026,89,9475,bs,MLB,전반언더오버,2,h U 4.5,LA다저스,시애매리,07.31(금) 11:10,"1.85,1.68",오버
2026-08-06T01:07:54+00:00,2026,89,9496,bs,NPB,승패,2,,라쿠텐 0,0 소프트뱅,07.31(금) 18:00,"1.00,1.00",취소
2026-08-06T01:07:54+00:00,2026,89,9497,bs,NPB,승①패,2,승①패,라쿠텐 0,0 소프트뱅,07.31(금) 18:00,"1.00,1.00",취소
2026-08-06T01:07:54+00:00,2026,89,9498,bs,NPB,핸디캡,2,H 0.0,라쿠텐 0,0 소프트뱅,07.31(금) 18:00,"1.00,1.00",취소
2026-08-06T01:07:54+00:00,2026,89,9499,bs,NPB,언더오버,2,U 0.0,라쿠텐,소프트뱅,07.31(금) 18:00,"1.00,1.00",취소
2026-08-06T01:07:54+00:00,2026,89,9500,bs,NPB,홀짝,2,,라쿠텐,소프트뱅,07.31(금) 18:00,"1.00,1.00",취소
2026-08-06T01:07:54+00:00,2026,89,9546,sc,축ASEA챔,승무패,3,,베트남 0,0 싱가포르,07.31(금) 22:00,"1.10,6.00,13.50",무승부
2026-08-06T01:07:54+00:00,2026,89,9547,sc,축ASEA챔,핸디캡,3,H -1.0,베트남 -1,0 싱가포르,07.31(금) 22:00,"1.40,3.95,5.50",핸디패
2026-08-06T01:07:54+00:00,2026,89,9548,sc,축ASEA챔,핸디캡,3,H -2.0,베트남 -2,0 싱가포르,07.31(금) 22:00,"2.07,3.45,2.65",핸디패
2026-08-06T01:07:54+00:00,2026,89,9549,sc,축ASEA챔,핸디캡,2,H -3.5,베트남 -3.5,0 싱가포르,07.31(금) 22:00,"3.23,1.21",핸디패
2026-08-06T01:07:54+00:00,2026,89,9550,sc,축ASEA챔,언더오버,2,U 3.5,베트남,싱가포르,07.31(금) 22:00,"1.62,1.93",언더
2026-08-06T01:07:54+00:00,2026,89,9551,sc,축ASEA챔,홀짝,2,,베트남,싱가포르,07.31(금) 22:00,"1.76,1.76",짝
2026-08-06T01:07:54+00:00,2026,90,9444,bs,MLB,승패,2,,신시레즈 3,2 피츠파이,07.31(금) 08:10,"1.80,1.72",홈승
2026-08-06T01:07:54+00:00,2026,90,9445,bs,MLB,승①패,3,승①패,신시레즈 3,2 피츠파이,07.31(금) 08:10,"2.60,3.35,2.14",①
2026-08-06T01:07:54+00:00,2026,90,9446,bs,MLB,핸디캡,2,H +2.5,신시레즈 5.5,2 피츠파이,07.31(금) 08:10,"1.28,2.82",핸디승
2026-08-06T01:07:54+00:00,2026,90,9447,bs,MLB,언더오버,2,U 9.5,신시레즈,피츠파이,07.31(금) 08:10,"1.72,1.80",언더
2026-08-06T01:07:54+00:00,2026,90,9448,bs,MLB,홀짝,2,,신시레즈,피츠파이,07.31(금) 08:10,"1.56,2.02",홀
2026-08-06T01:07:54+00:00,2026,90,9449,bs,MLB,승패,2,,애틀브레 5,4 워싱내셔,07.31(금) 08:15,"1.52,2.09",홈승
2026-08-06T01:07:54+00:00,2026,90,9450,bs,MLB,승①패,3,승①패,애틀브레 5,4 워싱내셔,07.31(금) 08:15,"2.06,3.40,2.70",①
2026-08-06T01:07:54+00:00,2026,90,9451,bs,MLB,핸디캡,2,H -2.5,애틀브레 2.5,4 워싱내셔,07.31(금) 08:15,"2.77,1.29",핸디패
2026-08-06T01:07:54+00:00,2026,90,9452,bs,MLB,언더오버,2,U 9.5,애틀브레,워싱내셔,07.31(금) 08:15,"1.72,1.80",언더
2026-08-06T01:07:54+00:00,2026,90,9453,bs,MLB,홀짝,2,,애틀브레,워싱내셔,07.31(금) 08:15,"1.56,2.02",홀
2026-08-06T01:07:54+00:00,2026,90,9454,sc,축클럽친,승무패,3,,리즈U 1,0 선덜랜드,07.31(금) 08:30,"2.15,3.25,2.65",홈승
2026-08-06T01:07:54+00:00,2026,90,9455,sc,축클럽친,핸디캡,3,H -1.0,리즈U 0,0 선덜랜드,07.31(금) 08:30,"4.30,3.75,1.54",핸디무
2026-08-06T01:07:54+00:00,2026,90,9456,sc,축클럽친,언더오버,2,U 2.5,리즈U,선덜랜드,07.31(금) 08:30,"1.96,1.60",언더
2026-08-06T01:07:54+00:00,2026,90,9457,sc,축클럽친,홀짝,2,,리즈U,선덜랜드,07.31(금) 08:30,"1.77,1.75",홀
2026-08-06T01:07:54+00:00,2026,90,9458,bs,MLB,승패,2,,샌디파드 1,4 샌프자이,07.31(금) 10:40,"1.55,2.04",홈패
2026-08-06T01:07:54+00:00,2026,90,9459,bs,MLB,승①패,3,승①패,샌디파드 1,4 샌프자이,07.31(금) 10:40,"2.24,3.30,2.50",홈패
2026-08-06T01:07:54+00:00,2026,90,9460,bs,MLB,핸디캡,2,H -2.5,샌디파드 -1.5,4 샌프자이,07.31(금) 10:40,"3.09,1.23",핸디패
2026-08-06T01:07:54+00:00,2026,90,9461,bs,MLB,언더오버,2,U 8.5,샌디파드,샌프자이,07.31(금) 10:40,"1.74,1.78",언더
2026-08-06T01:07:54+00:00,2026,90,9462,bs,MLB,홀짝,2,,샌디파드,샌프자이,07.31(금) 10:40,"1.55,2.04",홀
2026-08-06T01:07:54+00:00,2026,90,9463,bs,MLB,승패,2,,애슬레틱 4,5 보스레드,07.31(금) 10:40,"2.29,1.43",홈패
2026-08-06T01:07:54+00:00,2026,90,9464,bs,MLB,승①패,3,승①패,애슬레틱 4,5 보스레드,07.31(금) 10:40,"3.45,3.85,1.67",①
2026-08-06T01:07:54+00:00,2026,90,9465,bs,MLB,핸디캡,2,H +2.5,애슬레틱 6.5,5 보스레드,07.31(금) 10:40,"1.49,2.15",핸디승
2026-08-06T01:07:54+00:00,2026,90,9466,bs,MLB,언더오버,2,U 10.5,애슬레틱,보스레드,07.31(금) 10:40,"1.73,1.79",언더
2026-08-06T01:07:54+00:00,2026,90,9467,bs,MLB,홀짝,2,,애슬레틱,보스레드,07.31(금) 10:40,"1.56,2.02",홀
2026-08-06T01:07:54+00:00,2026,90,9468,bs,MLB,승패,2,,LA다저스 6,2 시애매리,07.31(금) 11:10,"1.47,2.19",홈승
2026-08-06T01:07:54+00:00,2026,90,9469,bs,MLB,승①패,3,승①패,LA다저스 6,2 시애매리,07.31(금) 11:10,"1.99,3.45,2.80",홈승
2026-08-06T01:07:54+00:00,2026,90,9470,bs,MLB,핸디캡,2,H -2.5,LA다저스 3.5,2 시애매리,07.31(금) 11:10,"2.60,1.33",핸디승
2026-08-06T01:07:54+00:00,2026,90,9471,bs,MLB,언더오버,2,U 8.5,LA다저스,시애매리,07.31(금) 11:10,"1.79,1.73",언더
2026-08-06T01:07:54+00:00,2026,90,9472,bs,MLB,홀짝,2,,LA다저스,시애매리,07.31(금) 11:10,"1.55,2.04",짝
2026-08-06T01:07:54+00:00,2026,90,9473,bs,MLB,전반승무패,3,h(전반),LA다저스 5,0 시애매리,07.31(금) 11:10,"1.74,5.50,2.55",홈승
2026-08-06T01:07:54+00:00,2026,90,9474,bs,MLB,전반핸디캡,2,h H -1.5,LA다저스 3.5,0 시애매리,07.31(금) 11:10,"2.46,1.37",핸디승
2026-08-06T01:07:54+00:00,2026,90,9475,bs,MLB,전반언더오버,2,h U 4.5,LA다저스,시애매리,07.31(금) 11:10,"1.85,1.68",오버
2026-08-06T01:07:54+00:00,2026,90,9476,bs,NPB,승패,2,,요미우리 6,0 요코베이,07.31(금) 18:00,"1.77,1.75",홈승
2026-08-06T01:07:54+00:00,2026,90,9477,bs,NPB,승①패,3,승①패,요미우리 6,0 요코베이,07.31(금) 18:00,"2.95,2.50,2.44",홈승
2026-08-06T01:07:54+00:00,2026,90,9478,bs,NPB,핸디캡,2,H +2.5,요미우리 8.5,0 요코베이,07.31(금) 18:00,"1.18,3.46",핸디승
2026-08-06T01:07:54+00:00,2026,90,9479,bs,NPB,언더오버,2,U 5.5,요미우리,요코베이,07.31(금) 18:00,"1.94,1.61",오버
2026-08-06T01:07:54+00:00,2026,90,9480,bs,NPB,홀짝,2,,요미우리,요코베이,07.31(금) 18:00,"1.61,1.94",짝
2026-08-06T01:07:54+00:00,2026,90,9481,bs,NPB,승패,2,,야쿠르트 3,4 한신,07.31(금) 18:00,"2.49,1.36",홈패
2026-08-06T01:07:54+00:00,2026,90,9482,bs,NPB,승①패,3,승①패,야쿠르트 3,4 한신,07.31(금) 18:00,"4.45,3.00,1.69",①
2026-08-06T01:07:54+00:00,2026,90,9483,bs,NPB,핸디캡,2,H +2.5,야쿠르트 5.5,4 한신,07.31(금) 18:00,"1.49,2.15",핸디승
2026-08-06T01:07:54+00:00,2026,90,9484,bs,NPB,언더오버,2,U 8.5,야쿠르트,한신,07.31(금) 18:00,"1.66,1.87",언더
2026-08-06T01:07:54+00:00,2026,90,9485,bs,NPB,홀짝,2,,야쿠르트,한신,07.31(금) 18:00,"1.62,1.93",홀
2026-08-06T01:07:54+00:00,2026,90,9486,bs,NPB,승패,2,,히로카프 3,1 주니치,07.31(금) 18:00,"1.86,1.67",홈승
2026-08-06T01:07:54+00:00,2026,90,9487,bs,NPB,승①패,3,승①패,히로카프 3,1 주니치,07.31(금) 18:00,"3.05,2.65,2.25",홈승
2026-08-06T01:07:54+00:00,2026,90,9488,bs,NPB,핸디캡,2,H +2.5,히로카프 5.5,1 주니치,07.31(금) 18:00,"1.22,3.16",핸디승
2026-08-06T01:07:54+00:00,2026,90,9489,bs,NPB,언더오버,2,U 6.5,히로카프,주니치,07.31(금) 18:00,"1.85,1.68",언더
2026-08-06T01:07:54+00:00,2026,90,9490,bs,NPB,홀짝,2,,히로카프,주니치,07.31(금) 18:00,"1.61,1.94",짝
2026-08-06T01:07:54+00:00,2026,90,9491,bs,NPB,승패,2,,닛폰햄 6,1 지바롯데,07.31(금) 18:00,"1.39,2.40",홈승
2026-08-06T01:07:54+00:00,2026,90,9492,bs,NPB,승①패,3,승①패,닛폰햄 6,1 지바롯데,07.31(금) 18:00,"1.93,3.00,3.35",홈승
2026-08-06T01:07:54+00:00,2026,90,9493,bs,NPB,핸디캡,2,H -2.5,닛폰햄 3.5,1 지바롯데,07.31(금) 18:00,"2.34,1.41",핸디승
2026-08-06T01:07:54+00:00,2026,90,9494,bs,NPB,언더오버,2,U 7.5,닛폰햄,지바롯데,07.31(금) 18:00,"1.84,1.69",언더
2026-08-06T01:07:54+00:00,2026,90,9495,bs,NPB,홀짝,2,,닛폰햄,지바롯데,07.31(금) 18:00,"1.61,1.94",홀
2026-08-06T01:07:54+00:00,2026,90,9496,bs,NPB,승패,2,,라쿠텐 0,0 소프트뱅,07.31(금) 18:00,"1.00,1.00",취소
2026-08-06T01:07:54+00:00,2026,90,9497,bs,NPB,승①패,3,승①패,라쿠텐 0,0 소프트뱅,07.31(금) 18:00,"1.00,1.00,1.00",취소
2026-08-06T01:07:54+00:00,2026,90,9498,bs,NPB,핸디캡,2,H +2.5,라쿠텐 2.5,0 소프트뱅,07.31(금) 18:00,"1.00,1.00",취소
2026-08-06T01:07:54+00:00,2026,90,9499,bs,NPB,언더오버,2,U 7.5,라쿠텐,소프트뱅,07.31(금) 18:00,"1.00,1.00",취소
2026-08-06T01:07:54+00:00,2026,90,9500,bs,NPB,홀짝,2,,라쿠텐,소프트뱅,07.31(금) 18:00,"1.00,1.00",취소
2026-08-06T01:07:54+00:00,2026,90,9501,bs,NPB,승패,2,,세이부 4,5 오릭스,07.31(금) 18:00,"1.43,2.29",홈패
2026-08-06T01:07:54+00:00,2026,90,9502,bs,NPB,승①패,3,승①패,세이부 4,5 오릭스,07.31(금) 18:00,"2.09,2.75,3.25",①
2026-08-06T01:07:54+00:00,2026,90,9503,bs,NPB,핸디캡,2,H -2.5,세이부 1.5,5 오릭스,07.31(금) 18:00,"2.77,1.29",핸디패
2026-08-06T01:07:54+00:00,2026,90,9504,bs,NPB,언더오버,2,U 6.5,세이부,오릭스,07.31(금) 18:00,"1.87,1.66",오버
2026-08-06T01:07:54+00:00,2026,90,9505,bs,NPB,홀짝,2,,세이부,오릭스,07.31(금) 18:00,"1.61,1.94",홀
2026-08-06T01:07:54+00:00,2026,90,9506,bs,KBO,승패,2,,두산 4,2 LG,07.31(금) 18:30,"1.77,1.75",홈승
2026-08-06T01:07:54+00:00,2026,90,9507,bs,KBO,승①패,3,승①패,두산 4,2 LG,07.31(금) 18:30,"2.55,3.20,2.25",홈승
2026-08-06T01:07:54+00:00,2026,90,9508,bs,KBO,핸디캡,2,H +2.5,두산 6.5,2 LG,07.31(금) 18:30,"1.25,2.97",핸디승
2026-08-06T01:07:54+00:00,2026,90,9509,bs,KBO,언더오버,2,U 8.5,두산,LG,07.31(금) 18:30,"1.84,1.69",언더
2026-08-06T01:07:54+00:00,2026,90,9510,bs,KBO,홀짝,2,,두산,LG,07.31(금) 18:30,"1.58,1.99",짝
2026-08-06T01:07:54+00:00,2026,90,9511,bs,KBO,전반승무패,3,h(전반),두산 3,1 LG,07.31(금) 18:30,"2.10,5.40,2.05",홈승
2026-08-06T01:07:54+00:00,2026,90,9512,bs,KBO,전반핸디캡,2,h H +1.5,두산 4.5,1 LG,07.31(금) 18:30,"1.30,2.72",핸디승
2026-08-06T01:07:54+00:00,2026,90,9513,bs,KBO,전반언더오버,2,h U 4.5,두산,LG,07.31(금) 18:30,"1.76,1.76",언더
2026-08-06T01:07:54+00:00,2026,90,9514,bs,KBO,승패,2,,롯데 7,9 삼성,07.31(금) 18:30,"2.43,1.38",홈패
2026-08-06T01:07:54+00:00,2026,90,9515,bs,KBO,승①패,3,승①패,롯데 7,9 삼성,07.31(금) 18:30,"3.75,3.90,1.60",홈패
2026-08-06T01:07:54+00:00,2026,90,9516,bs,KBO,핸디캡,2,H +2.5,롯데 9.5,9 삼성,07.31(금) 18:30,"1.58,1.99",핸디승
2026-08-06T01:07:54+00:00,2026,90,9517,bs,KBO,언더오버,2,U 9.5,롯데,삼성,07.31(금) 18:30,"1.86,1.67",오버
2026-08-06T01:07:54+00:00,2026,90,9518,bs,KBO,홀짝,2,,롯데,삼성,07.31(금) 18:30,"1.59,1.97",짝
2026-08-06T01:07:54+00:00,2026,90,9519,bs,KBO,전반승무패,3,h(전반),롯데 3,1 삼성,07.31(금) 18:30,"2.70,6.20,1.62",홈승
2026-08-06T01:07:54+00:00,2026,90,9520,bs,KBO,전반핸디캡,2,h H +1.5,롯데 4.5,1 삼성,07.31(금) 18:30,"1.55,2.04",핸디승
2026-08-06T01:07:54+00:00,2026,90,9521,bs,KBO,전반언더오버,2,h U 5.5,롯데,삼성,07.31(금) 18:30,"1.77,1.75",언더
2026-08-06T01:07:54+00:00,2026,90,9522,bs,KBO,승패,2,,KT 5,3 한화,07.31(금) 18:30,"1.77,1.75",홈승
2026-08-06T01:07:54+00:00,2026,90,9523,bs,KBO,승①패,3,승①패,KT 5,3 한화,07.31(금) 18:30,"2.45,3.55,2.17",홈승
2026-08-06T01:07:54+00:00,2026,90,9524,bs,KBO,핸디캡,2,H +2.5,KT 7.5,3 한화,07.31(금) 18:30,"1.29,2.77",핸디승
2026-08-06T01:07:54+00:00,2026,90,9525,bs,KBO,언더오버,2,U 9.5,KT,한화,07.31(금) 18:30,"1.70,1.82",언더
2026-08-06T01:07:54+00:00,2026,90,9526,bs,KBO,홀짝,2,,KT,한화,07.31(금) 18:30,"1.58,1.99",짝
2026-08-06T01:07:54+00:00,2026,90,9527,bs,KBO,전반승무패,3,h(전반),KT 2,3 한화,07.31(금) 18:30,"2.15,5.90,1.94",홈패
2026-08-06T01:07:54+00:00,2026,90,9528,bs,KBO,전반핸디캡,2,h H +1.5,KT 3.5,3 한화,07.31(금) 18:30,"1.34,2.56",핸디승
2026-08-06T01:07:54+00:00,2026,90,9529,bs,KBO,전반언더오버,2,h U 5.5,KT,한화,07.31(금) 18:30,"1.63,1.91",언더
2026-08-06T01:07:54+00:00,2026,90,9530,bs,KBO,승패,2,,NC 10,4 KIA,07.31(금) 18:30,"1.97,1.59",홈승
2026-08-06T01:07:54+00:00,2026,90,9531,bs,KBO,승①패,3,승①패,NC 10,4 KIA,07.31(금) 18:30,"2.80,3.55,1.96",홈승
2026-08-06T01:07:54+00:00,2026,90,9532,bs,KBO,핸디캡,2,H +2.5,NC 12.5,4 KIA,07.31(금) 18:30,"1.37,2.46",핸디승
2026-08-06T01:07:54+00:00,2026,90,9533,bs,KBO,언더오버,2,U 10.5,NC,KIA,07.31(금) 18:30,"1.84,1.69",오버
2026-08-06T01:07:54+00:00,2026,90,9534,bs,KBO,홀짝,2,,NC,KIA,07.31(금) 18:30,"1.57,2.00",짝
2026-08-06T01:07:54+00:00,2026,90,9535,bs,KBO,전반승무패,3,h(전반),NC 9,3 KIA,07.31(금) 18:30,"2.15,6.70,1.87",홈승
2026-08-06T01:07:54+00:00,2026,90,9536,bs,KBO,전반핸디캡,2,h H +1.5,NC 10.5,3 KIA,07.31(금) 18:30,"1.39,2.40",핸디승
2026-08-06T01:07:54+00:00,2026,90,9537,bs,KBO,전반언더오버,2,h U 5.5,NC,KIA,07.31(금) 18:30,"1.85,1.68",오버
2026-08-06T01:07:54+00:00,2026,90,9538,bs,KBO,승패,2,,키움 12,7 SSG,07.31(금) 18:30,"1.86,1.67",홈승
2026-08-06T01:07:54+00:00,2026,90,9539,bs,KBO,승①패,3,승①패,키움 12,7 SSG,07.31(금) 18:30,"2.70,3.20,2.14",홈승
2026-08-06T01:07:54+00:00,2026,90,9540,bs,KBO,핸디캡,2,H +2.5,키움 14.5,7 SSG,07.31(금) 18:30,"1.28,2.82",핸디승
2026-08-06T01:07:54+00:00,2026,90,9541,bs,KBO,언더오버,2,U 8.5,키움,SSG,07.31(금) 18:30,"1.82,1.70",오버
2026-08-06T01:07:54+00:00,2026,90,9542,bs,KBO,홀짝,2,,키움,SSG,07.31(금) 18:30,"1.58,1.99",홀
2026-08-06T01:07:54+00:00,2026,90,9543,bs,KBO,전반승무패,3,h(전반),키움 9,5 SSG,07.31(금) 18:30,"2.15,6.10,1.92",홈승
2026-08-06T01:07:54+00:00,2026,90,9544,bs,KBO,전반핸디캡,2,h H +1.5,키움 10.5,5 SSG,07.31(금) 18:30,"1.32,2.64",핸디승
2026-08-06T01:07:54+00:00,2026,90,9545,bs,KBO,전반언더오버,2,h U 4.5,키움,SSG,07.31(금) 18:30,"1.82,1.70",오버
2026-08-06T01:07:54+00:00,2026,90,9546,sc,축ASEA챔,승무패,3,,베트남 0,0 싱가포르,07.31(금) 22:00,"1.10,6.70,11.00",무승부
2026-08-06T01:07:54+00:00,2026,90,9547,sc,축ASEA챔,핸디캡,3,H -1.0,베트남 -1,0 싱가포르,07.31(금) 22:00,"1.40,3.95,5.50",핸디패
2026-08-06T01:07:54+00:00,2026,90,9548,sc,축ASEA챔,핸디캡,3,H -2.0,베트남 -2,0 싱가포르,07.31(금) 22:00,"2.04,3.30,2.80",핸디패
2026-08-06T01:07:54+00:00,2026,90,9549,sc,축ASEA챔,핸디캡,2,H -3.5,베트남 -3.5,0 싱가포르,07.31(금) 22:00,"3.23,1.21",핸디패
2026-08-06T01:07:54+00:00,2026,90,9550,sc,축ASEA챔,언더오버,2,U 3.5,베트남,싱가포르,07.31(금) 22:00,"1.77,1.75",언더
2026-08-06T01:07:54+00:00,2026,90,9551,sc,축ASEA챔,홀짝,2,,베트남,싱가포르,07.31(금) 22:00,"1.76,1.76",짝
2026-08-06T01:07:54+00:00,2026,90,9552,sc,엘리테세,승무패,3,,볼레렝아 0,3 함캄,08.01(토) 02:00,"1.48,3.95,4.55",홈패
2026-08-06T01:07:54+00:00,2026,90,9553,sc,엘리테세,핸디캡,3,H -1.0,볼레렝아 -1,3 함캄,08.01(토) 02:00,"2.50,3.35,2.22",핸디패
2026-08-06T01:07:54+00:00,2026,90,9554,sc,엘리테세,언더오버,2,U 3.5,볼레렝아,함캄,08.01(토) 02:00,"1.59,1.97",언더
2026-08-06T01:07:54+00:00,2026,90,9555,sc,엘리테세,홀짝,2,,볼레렝아,함캄,08.01(토) 02:00,"1.76,1.76",홀
2026-08-06T01:07:54+00:00,2026,90,9556,bs,MLB,승패,2,,시카컵스 0,2 뉴욕양키,08.01(토) 03:20,"1.56,2.02",홈패
2026-08-06T01:07:54+00:00,2026,90,9557,bs,MLB,승①패,3,승①패,시카컵스 0,2 뉴욕양키,08.01(토) 03:20,"2.14,3.35,2.60",홈패
2026-08-06T01:07:54+00:00,2026,90,9558,bs,MLB,핸디캡,2,H -2.5,시카컵스 -2.5,2 뉴욕양키,08.01(토) 03:20,"2.87,1.27",핸디패
2026-08-06T01:07:54+00:00,2026,90,9559,bs,MLB,언더오버,2,U 9.5,시카컵스,뉴욕양키,08.01(토) 03:20,"1.65,1.89",언더
2026-08-06T01:07:54+00:00,2026,90,9560,bs,MLB,홀짝,2,,시카컵스,뉴욕양키,08.01(토) 03:20,"1.56,2.02",짝
2026-08-06T01:07:54+00:00,2026,90,9561,sc,엘리테세,승무패,3,,보되글림 4,0 릴레스트,08.01(토) 04:00,"1.19,5.30,8.30",홈승
2026-08-06T01:07:54+00:00,2026,90,9562,sc,엘리테세,핸디캡,3,H -1.0,보되글림 3,0 릴레스트,08.01(토) 04:00,"1.62,3.80,3.70",핸디승
2026-08-06T01:07:54+00:00,2026,90,9563,sc,엘리테세,핸디캡,3,H -2.0,보되글림 2,0 릴레스트,08.01(토) 04:00,"2.45,3.60,2.16",핸디승
2026-08-06T01:07:54+00:00,2026,90,9564,sc,엘리테세,핸디캡,2,H -3.5,보되글림 0.5,0 릴레스트,08.01(토) 04:00,"3.98,1.13",핸디승
2026-08-06T01:07:54+00:00,2026,90,9565,sc,엘리테세,언더오버,2,U 3.5,보되글림,릴레스트,08.01(토) 04:00,"1.89,1.65",오버
2026-08-06T01:07:54+00:00,2026,90,9566,sc,엘리테세,홀짝,2,,보되글림,릴레스트,08.01(토) 04:00,"1.76,1.76",짝
2026-08-06T01:07:54+00:00,2026,90,9567,bs,MLB,승패,2,,신시레즈 8,7 피츠파이,08.01(토) 07:10,"1.87,1.66",홈승
2026-08-06T01:07:54+00:00,2026,90,9568,bs,MLB,승①패,3,승①패,신시레즈 8,7 피츠파이,08.01(토) 07:10,"2.80,3.20,2.08",①
2026-08-06T01:07:54+00:00,2026,90,9569,bs,MLB,핸디캡,2,H +2.5,신시레즈 10.5,7 피츠파이,08.01(토) 07:10,"1.29,2.77",핸디승
2026-08-06T01:07:54+00:00,2026,90,9570,bs,MLB,언더오버,2,U 7.5,신시레즈,피츠파이,08.01(토) 07:10,"1.78,1.74",오버
2026-08-06T01:07:54+00:00,2026,90,9571,bs,MLB,홀짝,2,,신시레즈,피츠파이,08.01(토) 07:10,"1.55,2.04",홀
2026-08-06T01:07:54+00:00,2026,90,9572,bs,MLB,승패,2,,볼티오리 6,4 필라필리,08.01(토) 08:05,"1.65,1.89",홈승
2026-08-06T01:07:54+00:00,2026,90,9573,bs,MLB,승①패,3,승①패,볼티오리 6,4 필라필리,08.01(토) 08:05,"2.33,3.30,2.40",홈승
2026-08-06T01:07:54+00:00,2026,90,9574,bs,MLB,핸디캡,2,H -2.5,볼티오리 3.5,4 필라필리,08.01(토) 08:05,"3.23,1.21",핸디패
2026-08-06T01:07:54+00:00,2026,90,9575,bs,MLB,언더오버,2,U 8.5,볼티오리,필라필리,08.01(토) 08:05,"1.82,1.70",오버
2026-08-06T01:07:54+00:00,2026,90,9576,bs,MLB,홀짝,2,,볼티오리,필라필리,08.01(토) 08:05,"1.55,2.04",짝
2026-08-06T01:07:54+00:00,2026,90,9577,bs,MLB,승패,2,,토론블루 3,1 세인카디,08.01(토) 08:07,"1.40,2.37",홈승
2026-08-06T01:07:54+00:00,2026,90,9578,bs,MLB,승①패,3,승①패,토론블루 3,1 세인카디,08.01(토) 08:07,"1.89,3.35,3.10",홈승
2026-08-06T01:07:54+00:00,2026,90,9579,bs,MLB,핸디캡,2,H -2.5,토론블루 0.5,1 세인카디,08.01(토) 08:07,"2.53,1.35",핸디패
2026-08-06T01:07:54+00:00,2026,90,9580,bs,MLB,언더오버,2,U 7.5,토론블루,세인카디,08.01(토) 08:07,"1.78,1.74",언더
2026-08-06T01:07:54+00:00,2026,90,9581,bs,MLB,홀짝,2,,토론블루,세인카디,08.01(토) 08:07,"1.55,2.04",짝
2026-08-06T01:07:54+00:00,2026,90,9582,bs,MLB,승패,2,,탬파레이 1,6 시카화이,08.01(토) 08:10,"1.50,2.13",홈패
2026-08-06T01:07:54+00:00,2026,90,9583,bs,MLB,승①패,3,승①패,탬파레이 1,6 시카화이,08.01(토) 08:10,"2.11,3.45,2.60",홈패
2026-08-06T01:07:54+00:00,2026,90,9584,bs,MLB,핸디캡,2,H -2.5,탬파레이 -1.5,6 시카화이,08.01(토) 08:10,"2.92,1.26",핸디패
2026-08-06T01:07:54+00:00,2026,90,9585,bs,MLB,언더오버,2,U 8.5,탬파레이,시카화이,08.01(토) 08:10,"1.67,1.86",언더
2026-08-06T01:07:54+00:00,2026,90,9586,bs,MLB,홀짝,2,,탬파레이,시카화이,08.01(토) 08:10,"1.55,2.04",홀
2026-08-06T01:07:54+00:00,2026,90,9587,bs,MLB,승패,2,,뉴욕메츠 2,5 마이말린,08.01(토) 08:10,"1.64,1.90",홈패
2026-08-06T01:07:54+00:00,2026,90,9588,bs,MLB,승①패,3,승①패,뉴욕메츠 2,5 마이말린,08.01(토) 08:10,"2.33,3.30,2.40",홈패
2026-08-06T01:07:54+00:00,2026,90,9589,bs,MLB,핸디캡,2,H -2.5,뉴욕메츠 -0.5,5 마이말린,08.01(토) 08:10,"3.23,1.21",핸디패
2026-08-06T01:07:54+00:00,2026,90,9590,bs,MLB,언더오버,2,U 8.5,뉴욕메츠,마이말린,08.01(토) 08:10,"1.75,1.77",언더
2026-08-06T01:07:54+00:00,2026,90,9591,bs,MLB,홀짝,2,,뉴욕메츠,마이말린,08.01(토) 08:10,"1.55,2.04",홀
2026-08-06T01:07:54+00:00,2026,90,9592,bs,MLB,승패,2,,클리가디 1,4 애리다이,08.01(토) 08:10,"1.59,1.97",홈패
2026-08-06T01:07:54+00:00,2026,90,9593,bs,MLB,승①패,3,승①패,클리가디 1,4 애리다이,08.01(토) 08:10,"2.20,3.30,2.55",홈패
2026-08-06T01:07:54+00:00,2026,90,9594,bs,MLB,핸디캡,2,H -2.5,클리가디 -1.5,4 애리다이,08.01(토) 08:10,"3.03,1.24",핸디패
2026-08-06T01:07:54+00:00,2026,90,9595,bs,MLB,언더오버,2,U 8.5,클리가디,애리다이,08.01(토) 08:10,"1.81,1.71",언더
2026-08-06T01:07:54+00:00,2026,90,9596,bs,MLB,홀짝,2,,클리가디,애리다이,08.01(토) 08:10,"1.55,2.04",홀
2026-08-06T01:07:54+00:00,2026,90,9597,bs,MLB,승패,2,,애틀브레 6,2 워싱내셔,08.01(토) 08:15,"1.63,1.91",홈승
2026-08-06T01:07:54+00:00,2026,90,9598,bs,MLB,승①패,3,승①패,애틀브레 6,2 워싱내셔,08.01(토) 08:15,"2.28,3.30,2.45",홈승
2026-08-06T01:07:54+00:00,2026,90,9599,bs,MLB,핸디캡,2,H -2.5,애틀브레 3.5,2 워싱내셔,08.01(토) 08:15,"3.16,1.22",핸디승
2026-08-06T01:07:54+00:00,2026,90,9600,bs,MLB,언더오버,2,U 8.5,애틀브레,워싱내셔,08.01(토) 08:15,"1.81,1.71",언더
2026-08-06T01:07:54+00:00,2026,90,9601,bs,MLB,홀짝,2,,애틀브레,워싱내셔,08.01(토) 08:15,"1.55,2.04",짝
2026-08-06T01:07:54+00:00,2026,90,9602,sc,MLS,승무패,3,,뉴욕시티 1,1 토론토FC,08.01(토) 08:30,"1.56,3.50,4.50",무승부
2026-08-06T01:07:54+00:00,2026,90,9603,sc,MLS,핸디캡,3,H -1.0,뉴욕시티 0,1 토론토FC,08.01(토) 08:30,"2.65,3.30,2.13",핸디패
2026-08-06T01:07:54+00:00,2026,90,9604,sc,MLS,언더오버,2,U 2.5,뉴욕시티,토론토FC,08.01(토) 08:30,"2.11,1.51",언더
2026-08-06T01:07:54+00:00,2026,90,9605,sc,MLS,홀짝,2,,뉴욕시티,토론토FC,08.01(토) 08:30,"1.77,1.75",짝
2026-08-06T01:07:54+00:00,2026,90,9606,bs,MLB,승패,2,,휴스애스 11,2 텍사레인,08.01(토) 09:15,"1.62,1.93",홈승
2026-08-06T01:07:54+00:00,2026,90,9607,bs,MLB,승①패,3,승①패,휴스애스 11,2 텍사레인,08.01(토) 09:15,"2.28,3.30,2.45",홈승
2026-08-06T01:07:54+00:00,2026,90,9608,bs,MLB,핸디캡,2,H -2.5,휴스애스 8.5,2 텍사레인,08.01(토) 09:15,"3.09,1.23",핸디승
2026-08-06T01:07:54+00:00,2026,90,9609,bs,MLB,언더오버,2,U 8.5,휴스애스,텍사레인,08.01(토) 09:15,"1.58,1.99",오버
2026-08-06T01:07:54+00:00,2026,90,9610,bs,MLB,홀짝,2,,휴스애스,텍사레인,08.01(토) 09:15,"1.55,2.04",홀
2026-08-06T01:07:54+00:00,2026,90,9611,bs,MLB,승패,2,,콜로로키 3,1 캔자로얄,08.01(토) 09:40,"1.77,1.75",홈승
2026-08-06T01:07:54+00:00,2026,90,9612,bs,MLB,승①패,3,승①패,콜로로키 3,1 캔자로얄,08.01(토) 09:40,"2.50,3.45,2.18",홈승
2026-08-06T01:07:54+00:00,2026,90,9613,bs,MLB,핸디캡,2,H +2.5,콜로로키 5.5,1 캔자로얄,08.01(토) 09:40,"1.27,2.87",핸디승
2026-08-06T01:07:54+00:00,2026,90,9614,bs,MLB,언더오버,2,U 11.5,콜로로키,캔자로얄,08.01(토) 09:40,"1.68,1.85",언더
2026-08-06T01:07:54+00:00,2026,90,9615,bs,MLB,홀짝,2,,콜로로키,캔자로얄,08.01(토) 09:40,"1.56,2.02",짝
2026-08-06T01:07:54+00:00,2026,90,9616,bs,MLB,승패,2,,LA에인절 2,6 밀워브루,08.01(토) 10:38,"2.29,1.43",홈패
2026-08-06T01:07:54+00:00,2026,90,9617,bs,MLB,승①패,3,승①패,LA에인절 2,6 밀워브루,08.01(토) 10:38,"3.55,3.45,1.73",홈패
2026-08-06T01:07:54+00:00,2026,90,9618,bs,MLB,핸디캡,2,H +2.5,LA에인절 4.5,6 밀워브루,08.01(토) 10:38,"1.42,2.31",핸디패
2026-08-06T01:07:54+00:00,2026,90,9619,bs,MLB,언더오버,2,U 8.5,LA에인절,밀워브루,08.01(토) 10:38,"1.87,1.66",언더
2026-08-06T01:07:54+00:00,2026,90,9620,bs,MLB,홀짝,2,,LA에인절,밀워브루,08.01(토) 10:38,"1.56,2.02",짝
2026-08-06T01:07:54+00:00,2026,90,9621,bs,MLB,승패,2,,애슬레틱 1,13 디트타이,08.01(토) 10:40,"2.15,1.49",홈패
2026-08-06T01:07:54+00:00,2026,90,9622,bs,MLB,승①패,3,승①패,애슬레틱 1,13 디트타이,08.01(토) 10:40,"3.25,3.50,1.80",홈패
2026-08-06T01:07:54+00:00,2026,90,9623,bs,MLB,핸디캡,2,H +2.5,애슬레틱 3.5,13 디트타이,08.01(토) 10:40,"1.42,2.31",핸디패
2026-08-06T01:07:54+00:00,2026,90,9624,bs,MLB,언더오버,2,U 10.5,애슬레틱,디트타이,08.01(토) 10:40,"1.80,1.72",오버
2026-08-06T01:07:54+00:00,2026,90,9625,bs,MLB,홀짝,2,,애슬레틱,디트타이,08.01(토) 10:40,"1.56,2.02",짝
2026-08-06T01:07:54+00:00,2026,90,9626,bs,MLB,승패,2,,샌디파드 7,0 샌프자이,08.01(토) 10:45,"1.59,1.97",홈승
2026-08-06T01:07:54+00:00,2026,90,9627,bs,MLB,승①패,3,승①패,샌디파드 7,0 샌프자이,08.01(토) 10:45,"2.30,3.35,2.40",홈승
2026-08-06T01:07:54+00:00,2026,90,9628,bs,MLB,핸디캡,2,H -2.5,샌디파드 4.5,0 샌프자이,08.01(토) 10:45,"2.92,1.26",핸디승
2026-08-06T01:07:54+00:00,2026,90,9629,bs,MLB,언더오버,2,U 8.5,샌디파드,샌프자이,08.01(토) 10:45,"1.93,1.62",언더
2026-08-06T01:07:54+00:00,2026,90,9630,bs,MLB,홀짝,2,,샌디파드,샌프자이,08.01(토) 10:45,"1.55,2.04",홀
2026-08-06T01:07:54+00:00,2026,90,9631,bs,MLB,승패,2,,시애매리 3,5 미네트윈,08.01(토) 11:10,"1.42,2.31",홈패
2026-08-06T01:07:54+00:00,2026,90,9632,bs,MLB,승①패,3,승①패,시애매리 3,5 미네트윈,08.01(토) 11:10,"1.84,3.40,3.20",홈패
2026-08-06T01:07:54+00:00,2026,90,9633,bs,MLB,핸디캡,2,H -2.5,시애매리 0.5,5 미네트윈,08.01(토) 11:10,"2.43,1.38",핸디패
2026-08-06T01:07:54+00:00,2026,90,9634,bs,MLB,언더오버,2,U 7.5,시애매리,미네트윈,08.01(토) 11:10,"1.85,1.68",오버
2026-08-06T01:07:54+00:00,2026,90,9635,bs,MLB,홀짝,2,,시애매리,미네트윈,08.01(토) 11:10,"1.56,2.02",짝
2026-08-06T01:07:54+00:00,2026,90,9636,bs,MLB,전반승무패,3,h(전반),시애매리 3,2 미네트윈,08.01(토) 11:10,"1.63,5.80,2.75",홈승
2026-08-06T01:07:54+00:00,2026,90,9637,bs,MLB,전반핸디캡,2,h H -1.5,시애매리 1.5,2 미네트윈,08.01(토) 11:10,"2.26,1.44",핸디패
2026-08-06T01:07:54+00:00,2026,90,9638,bs,MLB,전반언더오버,2,h U 4.5,시애매리,미네트윈,08.01(토) 11:10,"1.71,1.81",오버
2026-08-06T01:07:54+00:00,2026,90,9639,bs,MLB,승패,2,,LA다저스 4,9 보스레드,08.01(토) 11:10,"1.69,1.84",홈패
2026-08-06T01:07:54+00:00,2026,90,9640,bs,MLB,승①패,3,승①패,LA다저스 4,9 보스레드,08.01(토) 11:10,"2.30,3.35,2.40",홈패
2026-08-06T01:07:54+00:00,2026,90,9641,bs,MLB,핸디캡,2,H -2.5,LA다저스 1.5,9 보스레드,08.01(토) 11:10,"3.30,1.20",핸디패
2026-08-06T01:07:54+00:00,2026,90,9642,bs,MLB,언더오버,2,U 8.5,LA다저스,보스레드,08.01(토) 11:10,"1.76,1.76",오버
2026-08-06T01:07:54+00:00,2026,90,9643,bs,MLB,홀짝,2,,LA다저스,보스레드,08.01(토) 11:10,"1.55,2.04",홀
2026-08-06T01:07:54+00:00,2026,90,9644,bs,NPB,승패,2,,닛폰햄 3,5 지바롯데,08.01(토) 14:00,"1.29,2.77",홈패
2026-08-06T01:07:54+00:00,2026,90,9645,bs,NPB,승①패,3,승①패,닛폰햄 3,5 지바롯데,08.01(토) 14:00,"1.72,3.20,3.90",홈패
2026-08-06T01:07:54+00:00,2026,90,9646,bs,NPB,핸디캡,2,H -2.5,닛폰햄 0.5,5 지바롯데,08.01(토) 14:00,"2.31,1.42",핸디패
2026-08-06T01:07:54+00:00,2026,90,9647,bs,NPB,언더오버,2,U 7.5,닛폰햄,지바롯데,08.01(토) 14:00,"1.84,1.69",오버
2026-08-06T01:07:54+00:00,2026,90,9648,bs,NPB,홀짝,2,,닛폰햄,지바롯데,08.01(토) 14:00,"1.62,1.93",짝
2026-08-06T01:07:54+00:00,2026,90,9649,vl,남배네이,승패,2,,슬로베M 0,3 폴란드M,08.01(토) 16:00,"3.16,1.22",홈패
2026-08-06T01:07:54+00:00,2026,90,9650,vl,남배네이,핸디캡,2,H +1.5,슬로베M 1.5,3 폴란드M,08.01(토) 16:00,"2.09,1.52",핸디패
2026-08-06T01:07:54+00:00,2026,90,9651,vl,남배네이,언더오버,2,U 180.5,슬로베M,폴란드M,08.01(토) 16:00,"1.87,1.66",언더
2026-08-06T01:07:54+00:00,2026,90,9652,vl,남배네이,홀짝,2,,슬로베M,폴란드M,08.01(토) 16:00,"1.76,1.76",홀
2026-08-06T01:07:54+00:00,2026,90,9653,bs,NPB,승패,2,,세이부 4,1 오릭스,08.01(토) 17:00,"1.77,1.75",홈승
2026-08-06T01:07:54+00:00,2026,90,9654,bs,NPB,승①패,3,승①패,세이부 4,1 오릭스,08.01(토) 17:00,"2.85,2.65,2.37",홈승
2026-08-06T01:07:54+00:00,2026,90,9655,bs,NPB,핸디캡,2,H +2.5,세이부 6.5,1 오릭스,08.01(토) 17:00,"1.19,3.38",핸디승
2026-08-06T01:07:54+00:00,2026,90,9656,bs,NPB,언더오버,2,U 6.5,세이부,오릭스,08.01(토) 17:00,"1.86,1.67",언더
2026-08-06T01:07:54+00:00,2026,90,9657,bs,NPB,홀짝,2,,세이부,오릭스,08.01(토) 17:00,"1.61,1.94",홀
2026-08-06T01:07:54+00:00,2026,90,9658,bs,KBO,승패,2,,두산 2,2 LG,08.01(토) 18:00,"1.00,1.00",무승부
2026-08-06T01:07:54+00:00,2026,90,9659,bs,KBO,승①패,3,승①패,두산 2,2 LG,08.01(토) 18:00,"2.50,3.20,2.29",①
2026-08-06T01:07:54+00:00,2026,90,9660,bs,KBO,핸디캡,2,H -2.5,두산 -0.5,2 LG,08.01(토) 18:00,"3.03,1.24",핸디패
2026-08-06T01:07:54+00:00,2026,90,9661,bs,KBO,언더오버,2,U 8.5,두산,LG,08.01(토) 18:00,"1.70,1.82",언더
2026-08-06T01:07:54+00:00,2026,90,9662,bs,KBO,홀짝,2,,두산,LG,08.01(토) 18:00,"1.58,1.99",짝
2026-08-06T01:07:54+00:00,2026,90,9663,bs,KBO,전반승무패,3,h(전반),두산 0,2 LG,08.01(토) 18:00,"1.98,5.30,2.20",홈패
2026-08-06T01:07:54+00:00,2026,90,9664,bs,KBO,전반핸디캡,2,h H -1.5,두산 -1.5,2 LG,08.01(토) 18:00,"2.77,1.29",핸디패
2026-08-06T01:07:54+00:00,2026,90,9665,bs,KBO,전반언더오버,2,h U 4.5,두산,LG,08.01(토) 18:00,"1.75,1.77",언더
2026-08-06T01:07:54+00:00,2026,90,9666,bs,KBO,승패,2,,롯데,삼성,08.01(토) 18:00,"1.00,1.00",취소
2026-08-06T01:07:54+00:00,2026,90,9667,bs,KBO,승①패,3,승①패,롯데,삼성,08.01(토) 18:00,"1.00,1.00,1.00",취소
2026-08-06T01:07:54+00:00,2026,90,9668,bs,KBO,핸디캡,2,H +2.5,롯데,삼성,08.01(토) 18:00,"1.00,1.00",취소
2026-08-06T01:07:54+00:00,2026,90,9669,bs,KBO,언더오버,2,U 10.5,롯데,삼성,08.01(토) 18:00,"1.00,1.00",취소
2026-08-06T01:07:54+00:00,2026,90,9670,bs,KBO,홀짝,2,,롯데,삼성,08.01(토) 18:00,"1.00,1.00",취소
2026-08-06T01:07:54+00:00,2026,90,9671,bs,KBO,전반승무패,3,h(전반),롯데,삼성,08.01(토) 18:00,"1.00,1.00,1.00",취소
2026-08-06T01:07:54+00:00,2026,90,9672,bs,KBO,전반핸디캡,2,h H +1.5,롯데,삼성,08.01(토) 18:00,"1.00,1.00",취소
2026-08-06T01:07:54+00:00,2026,90,9673,bs,KBO,전반언더오버,2,h U 5.5,롯데,삼성,08.01(토) 18:00,"1.00,1.00",취소
2026-08-06T01:07:54+00:00,2026,90,9674,bs,KBO,승패,2,,KT 7,4 한화,08.01(토) 18:00,"1.78,1.74",홈승
2026-08-06T01:07:54+00:00,2026,90,9675,bs,KBO,승①패,3,승①패,KT 7,4 한화,08.01(토) 18:00,"2.55,3.50,2.12",홈승
2026-08-06T01:07:54+00:00,2026,90,9676,bs,KBO,핸디캡,2,H +2.5,KT 9.5,4 한화,08.01(토) 18:00,"1.32,2.64",핸디승
2026-08-06T01:07:54+00:00,2026,90,9677,bs,KBO,언더오버,2,U 10.5,KT,한화,08.01(토) 18:00,"1.75,1.77",오버
2026-08-06T01:07:54+00:00,2026,90,9678,bs,KBO,홀짝,2,,KT,한화,08.01(토) 18:00,"1.57,2.00",홀
2026-08-06T01:07:54+00:00,2026,90,9679,bs,KBO,전반승무패,3,h(전반),KT 7,4 한화,08.01(토) 18:00,"2.10,6.60,1.92",홈승
2026-08-06T01:07:54+00:00,2026,90,9680,bs,KBO,전반핸디캡,2,h H +1.5,KT 8.5,4 한화,08.01(토) 18:00,"1.34,2.56",핸디승
2026-08-06T01:07:54+00:00,2026,90,9681,bs,KBO,전반언더오버,2,h U 5.5,KT,한화,08.01(토) 18:00,"1.75,1.77",오버
2026-08-06T01:07:54+00:00,2026,90,9682,bs,KBO,승패,2,,NC,KIA,08.01(토) 18:00,"1.00,1.00",취소
2026-08-06T01:07:54+00:00,2026,90,9683,bs,KBO,승①패,3,승①패,NC,KIA,08.01(토) 18:00,"1.00,1.00,1.00",취소
2026-08-06T01:07:54+00:00,2026,90,9684,bs,KBO,핸디캡,2,H -2.5,NC,KIA,08.01(토) 18:00,"1.00,1.00",취소
2026-08-06T01:07:54+00:00,2026,90,9685,bs,KBO,언더오버,2,U 9.5,NC,KIA,08.01(토) 18:00,"1.00,1.00",취소
2026-08-06T01:07:54+00:00,2026,90,9686,bs,KBO,홀짝,2,,NC,KIA,08.01(토) 18:00,"1.00,1.00",취소
2026-08-06T01:07:54+00:00,2026,90,9687,bs,KBO,전반승무패,3,h(전반),NC,KIA,08.01(토) 18:00,"1.00,1.00,1.00",취소
2026-08-06T01:07:54+00:00,2026,90,9688,bs,KBO,전반핸디캡,2,h H -1.5,NC,KIA,08.01(토) 18:00,"1.00,1.00",취소
2026-08-06T01:07:54+00:00,2026,90,9689,bs,KBO,전반언더오버,2,h U 5.5,NC,KIA,08.01(토) 18:00,"1.00,1.00",취소
2026-08-06T01:07:54+00:00,2026,90,9690,bs,KBO,승패,2,,키움 2,10 SSG,08.01(토) 18:00,"1.86,1.67",홈패
2026-08-06T01:07:54+00:00,2026,90,9691,bs,KBO,승①패,3,승①패,키움 2,10 SSG,08.01(토) 18:00,"2.70,3.25,2.12",홈패
2026-08-06T01:07:54+00:00,2026,90,9692,bs,KBO,핸디캡,2,H +2.5,키움 4.5,10 SSG,08.01(토) 18:00,"1.29,2.77",핸디패
2026-08-06T01:07:54+00:00,2026,90,9693,bs,KBO,언더오버,2,U 8.5,키움,SSG,08.01(토) 18:00,"2.00,1.57",오버
2026-08-06T01:07:54+00:00,2026,90,9694,bs,KBO,홀짝,2,,키움,SSG,08.01(토) 18:00,"1.58,1.99",짝
2026-08-06T01:07:54+00:00,2026,90,9695,bs,KBO,전반승무패,3,h(전반),키움 2,7 SSG,08.01(토) 18:00,"2.20,5.80,1.91",홈패
2026-08-06T01:07:54+00:00,2026,90,9696,bs,KBO,전반핸디캡,2,h H +1.5,키움 3.5,7 SSG,08.01(토) 18:00,"1.32,2.64",핸디패
2026-08-06T01:07:54+00:00,2026,90,9697,bs,KBO,전반언더오버,2,h U 4.5,키움,SSG,08.01(토) 18:00,"1.96,1.60",오버
2026-08-06T01:07:54+00:00,2026,90,9698,bs,NPB,승패,2,,요미우리 7,8 요코베이,08.01(토) 18:00,"1.64,1.90",홈패
2026-08-06T01:07:54+00:00,2026,90,9699,bs,NPB,승①패,3,승①패,요미우리 7,8 요코베이,08.01(토) 18:00,"2.65,2.58,2.60",①
2026-08-06T01:07:54+00:00,2026,90,9700,bs,NPB,핸디캡,2,H -2.5,요미우리 4.5,8 요코베이,08.01(토) 18:00,"3.75,1.15",핸디패
2026-08-06T01:07:54+00:00,2026,90,9701,bs,NPB,언더오버,2,U 5.5,요미우리,요코베이,08.01(토) 18:00,"1.96,1.60",오버
2026-08-06T01:07:54+00:00,2026,90,9702,bs,NPB,홀짝,2,,요미우리,요코베이,08.01(토) 18:00,"1.61,1.94",홀
2026-08-06T01:07:54+00:00,2026,90,9703,bs,NPB,승패,2,,야쿠르트 3,7 한신,08.01(토) 18:00,"2.13,1.50",홈패
2026-08-06T01:07:54+00:00,2026,90,9704,bs,NPB,승①패,3,승①패,야쿠르트 3,7 한신,08.01(토) 18:00,"3.55,2.85,1.93",홈패
2026-08-06T01:07:54+00:00,2026,90,9705,bs,NPB,핸디캡,2,H +2.5,야쿠르트 5.5,7 한신,08.01(토) 18:00,"1.32,2.64",핸디패
2026-08-06T01:07:54+00:00,2026,90,9706,bs,NPB,언더오버,2,U 7.5,야쿠르트,한신,08.01(토) 18:00,"1.89,1.65",오버
2026-08-06T01:07:54+00:00,2026,90,9707,bs,NPB,홀짝,2,,야쿠르트,한신,08.01(토) 18:00,"1.61,1.94",짝
2026-08-06T01:07:54+00:00,2026,90,9708,bs,NPB,승패,2,,히로카프 1,7 주니치,08.01(토) 18:00,"1.93,1.62",홈패
2026-08-06T01:07:54+00:00,2026,90,9709,bs,NPB,승①패,3,승①패,히로카프 1,7 주니치,08.01(토) 18:00,"3.15,2.75,2.14",홈패
2026-08-06T01:07:54+00:00,2026,90,9710,bs,NPB,핸디캡,2,H +2.5,히로카프 3.5,7 주니치,08.01(토) 18:00,"1.25,2.97",핸디패
2026-08-06T01:07:54+00:00,2026,90,9711,bs,NPB,언더오버,2,U 7.5,히로카프,주니치,08.01(토) 18:00,"1.69,1.84",오버
2026-08-06T01:07:54+00:00,2026,90,9712,bs,NPB,홀짝,2,,히로카프,주니치,08.01(토) 18:00,"1.61,1.94",짝
2026-08-06T01:07:54+00:00,2026,90,9713,bs,NPB,승패,2,,라쿠텐 0,5 소프트뱅,08.01(토) 18:00,"1.96,1.60",홈패
2026-08-06T01:07:54+00:00,2026,90,9714,bs,NPB,승①패,3,승①패,라쿠텐 0,5 소프트뱅,08.01(토) 18:00,"3.20,2.90,2.03",홈패
2026-08-06T01:07:54+00:00,2026,90,9715,bs,NPB,핸디캡,2,H +2.5,라쿠텐 2.5,5 소프트뱅,08.01(토) 18:00,"1.29,2.77",핸디패
2026-08-06T01:07:54+00:00,2026,90,9716,bs,NPB,언더오버,2,U 7.5,라쿠텐,소프트뱅,08.01(토) 18:00,"1.78,1.74",언더
2026-08-06T01:07:54+00:00,2026,90,9717,bs,NPB,홀짝,2,,라쿠텐,소프트뱅,08.01(토) 18:00,"1.61,1.94",홀
2026-08-06T01:07:54+00:00,2026,90,9718,sc,축클럽친,승무패,3,,첼시 1,2 토트넘,08.01(토) 18:45,"2.00,3.50,2.75",홈패
2026-08-06T01:07:54+00:00,2026,90,9719,sc,축클럽친,핸디캡,3,H -1.0,첼시 0,2 토트넘,08.01(토) 18:45,"3.65,3.80,1.63",핸디패
2026-08-06T01:07:54+00:00,2026,90,9720,sc,축클럽친,언더오버,2,U 3.5,첼시,토트넘,08.01(토) 18:45,"1.67,1.86",언더
2026-08-06T01:07:54+00:00,2026,90,9721,sc,축클럽친,홀짝,2,,첼시,토트넘,08.01(토) 18:45,"1.76,1.76",홀
2026-08-06T01:07:54+00:00,2026,90,9722,sc,K리그1,승무패,3,,강원FC 0,3 부천FC,08.01(토) 19:30,"1.47,3.35,5.90",홈패
2026-08-06T01:07:54+00:00,2026,90,9723,sc,K리그1,핸디캡,3,H -1.0,강원FC -1,3 부천FC,08.01(토) 19:30,"2.55,3.00,2.36",핸디패
2026-08-06T01:07:54+00:00,2026,90,9724,sc,K리그1,핸디캡,3,H -2.0,강원FC -2,3 부천FC,08.01(토) 19:30,"5.20,4.20,1.39",핸디패
2026-08-06T01:07:54+00:00,2026,90,9725,sc,K리그1,언더오버,2,U 2.5,강원FC,부천FC,08.01(토) 19:30,"1.62,1.93",오버
2026-08-06T01:07:54+00:00,2026,90,9726,sc,K리그1,홀짝,2,,강원FC,부천FC,08.01(토) 19:30,"1.77,1.75",홀
2026-08-06T01:07:54+00:00,2026,90,9727,sc,K리그1,전반승무패,3,h(전반),강원FC 0,1 부천FC,08.01(토) 19:30,"2.05,1.95,6.70",홈패
2026-08-06T01:07:54+00:00,2026,90,9728,sc,K리그1,전반핸디캡,3,h H -1.0,강원FC -1,1 부천FC,08.01(토) 19:30,"5.40,3.05,1.57",핸디패
2026-08-06T01:07:54+00:00,2026,90,9729,sc,K리그1,전반언더오버,2,h U 1.5,강원FC,부천FC,08.01(토) 19:30,"1.27,2.87",언더
2026-08-06T01:07:54+00:00,2026,90,9730,sc,K리그1,승무패,3,,전북현대 0,0 FC서울,08.01(토) 19:30,"2.42,3.05,2.45",무승부
2026-08-06T01:07:54+00:00,2026,90,9731,sc,K리그1,핸디캡,3,H -1.0,전북현대 -1,0 FC서울,08.01(토) 19:30,"5.50,3.85,1.41",핸디패
2026-08-06T01:07:54+00:00,2026,90,9732,sc,K리그1,핸디캡,3,H -2.0,전북현대 -2,0 FC서울,08.01(토) 19:30,"13.50,7.10,1.07",핸디패
2026-08-06T01:07:54+00:00,2026,90,9733,sc,K리그1,언더오버,2,U 2.5,전북현대,FC서울,08.01(토) 19:30,"1.70,1.82",언더
2026-08-06T01:07:54+00:00,2026,90,9734,sc,K리그1,홀짝,2,,전북현대,FC서울,08.01(토) 19:30,"1.77,1.75",짝
2026-08-06T01:07:54+00:00,2026,90,9735,sc,K리그1,전반승무패,3,h(전반),전북현대 0,0 FC서울,08.01(토) 19:30,"3.10,1.94,3.20",무승부
2026-08-06T01:07:54+00:00,2026,90,9736,sc,K리그1,전반핸디캡,3,h H -1.0,전북현대 -1,0 FC서울,08.01(토) 19:30,"9.80,4.05,1.25",핸디패
2026-08-06T01:07:54+00:00,2026,90,9737,sc,K리그1,전반언더오버,2,h U 1.5,전북현대,FC서울,08.01(토) 19:30,"1.33,2.60",언더
2026-08-06T01:07:54+00:00,2026,90,9738,sc,K리그1,승무패,3,,포항스틸 0,1 김천상무,08.01(토) 19:30,"2.33,2.85,2.70",홈패
2026-08-06T01:07:54+00:00,2026,90,9739,sc,K리그1,핸디캡,3,H -1.0,포항스틸 -1,1 김천상무,08.01(토) 19:30,"5.10,3.50,1.50",핸디패
2026-08-06T01:07:54+00:00,2026,90,9740,sc,K리그1,핸디캡,3,H -2.0,포항스틸 -2,1 김천상무,08.01(토) 19:30,"9.30,5.80,1.15",핸디패
2026-08-06T01:07:54+00:00,2026,90,9741,sc,K리그1,언더오버,2,U 2.5,포항스틸,김천상무,08.01(토) 19:30,"1.60,1.96",언더
2026-08-06T01:07:54+00:00,2026,90,9742,sc,K리그1,홀짝,2,,포항스틸,김천상무,08.01(토) 19:30,"1.77,1.75",홀
2026-08-06T01:07:54+00:00,2026,90,9743,sc,K리그1,전반승무패,3,h(전반),포항스틸 0,0 김천상무,08.01(토) 19:30,"2.85,1.98,3.40",무승부
2026-08-06T01:07:54+00:00,2026,90,9744,sc,K리그1,전반핸디캡,3,h H -1.0,포항스틸 -1,0 김천상무,08.01(토) 19:30,"8.00,3.60,1.34",핸디패
2026-08-06T01:07:54+00:00,2026,90,9745,sc,K리그1,전반언더오버,2,h U 1.5,포항스틸,김천상무,08.01(토) 19:30,"1.29,2.77",언더
2026-08-06T01:07:54+00:00,2026,90,9746,sc,K리그2,승무패,3,,충남아산 2,0 성남FC,08.01(토) 19:30,"2.36,3.00,2.55",홈승
2026-08-06T01:07:54+00:00,2026,90,9747,sc,K리그2,핸디캡,3,H -1.0,충남아산 1,0 성남FC,08.01(토) 19:30,"5.30,3.85,1.43",핸디승
2026-08-06T01:07:54+00:00,2026,90,9748,sc,K리그2,언더오버,2,U 2.5,충남아산,성남FC,08.01(토) 19:30,"1.64,1.90",언더
2026-08-06T01:07:54+00:00,2026,90,9749,sc,K리그2,홀짝,2,,충남아산,성남FC,08.01(토) 19:30,"1.77,1.75",짝
2026-08-06T01:07:54+00:00,2026,90,9750,sc,K리그2,승무패,3,,천안시티 2,2 용인FC,08.01(토) 19:30,"2.36,3.00,2.55",무승부
2026-08-06T01:07:54+00:00,2026,90,9751,sc,K리그2,핸디캡,3,H -1.0,천안시티 1,2 용인FC,08.01(토) 19:30,"4.80,3.85,1.47",핸디패
2026-08-06T01:07:54+00:00,2026,90,9752,sc,K리그2,언더오버,2,U 2.5,천안시티,용인FC,08.01(토) 19:30,"1.80,1.72",오버
2026-08-06T01:07:54+00:00,2026,90,9753,sc,K리그2,홀짝,2,,천안시티,용인FC,08.01(토) 19:30,"1.77,1.75",짝
2026-08-06T01:07:54+00:00,2026,90,9754,sc,K리그2,승무패,3,,충북청주 2,2 수원삼성,08.01(토) 19:30,"4.85,3.50,1.52",무승부
2026-08-06T01:07:54+00:00,2026,90,9755,sc,K리그2,핸디캡,3,H +1.0,충북청주 3,2 수원삼성,08.01(토) 19:30,"2.24,3.15,2.60",핸디승
2026-08-06T01:07:54+00:00,2026,90,9756,sc,K리그2,언더오버,2,U 2.5,충북청주,수원삼성,08.01(토) 19:30,"1.79,1.73",오버
2026-08-06T01:07:54+00:00,2026,90,9757,sc,K리그2,홀짝,2,,충북청주,수원삼성,08.01(토) 19:30,"1.77,1.75",짝
2026-08-06T01:07:54+00:00,2026,90,9758,sc,K리그2,승무패,3,,화성FC 5,1 대구FC,08.01(토) 19:30,"2.95,3.30,1.97",홈승
2026-08-06T01:07:54+00:00,2026,90,9759,sc,K리그2,핸디캡,3,H +1.0,화성FC 6,1 대구FC,08.01(토) 19:30,"1.65,3.60,3.75",핸디승
2026-08-06T01:07:54+00:00,2026,90,9760,sc,K리그2,언더오버,2,U 2.5,화성FC,대구FC,08.01(토) 19:30,"1.93,1.62",오버
2026-08-06T01:07:54+00:00,2026,90,9761,sc,K리그2,홀짝,2,,화성FC,대구FC,08.01(토) 19:30,"1.77,1.75",짝
2026-08-06T01:07:54+00:00,2026,90,9762,sc,축클럽친,승무패,3,,맨체스C 1,1 인테르,08.01(토) 20:30,"1.98,3.55,2.75",무승부
2026-08-06T01:07:54+00:00,2026,90,9763,sc,축클럽친,핸디캡,3,H -1.0,맨체스C 0,1 인테르,08.01(토) 20:30,"3.55,3.80,1.65",핸디패
2026-08-06T01:07:54+00:00,2026,90,9764,sc,축클럽친,언더오버,2,U 3.5,맨체스C,인테르,08.01(토) 20:30,"1.59,1.97",언더
2026-08-06T01:07:54+00:00,2026,90,9765,sc,축클럽친,홀짝,2,,맨체스C,인테르,08.01(토) 20:30,"1.76,1.76",짝
2026-08-06T01:07:54+00:00,2026,90,9766,vl,남배네이,승패,2,,일본M 2,3 미국M,08.01(토) 20:30,"2.22,1.46",홈패
2026-08-06T01:07:54+00:00,2026,90,9767,vl,남배네이,핸디캡,2,H +1.5,일본M 3.5,3 미국M,08.01(토) 20:30,"1.49,2.15",핸디승
2026-08-06T01:07:54+00:00,2026,90,9768,vl,남배네이,언더오버,2,U 185.5,일본M,미국M,08.01(토) 20:30,"1.81,1.71",오버
2026-08-06T01:07:54+00:00,2026,90,9769,vl,남배네이,홀짝,2,,일본M,미국M,08.01(토) 20:30,"1.76,1.76",홀
2026-08-06T01:07:54+00:00,2026,90,9770,sc,축ASEA챔,승무패,3,,태국 2,0 말레이시,08.01(토) 22:00,"1.40,4.00,5.40",홈승
2026-08-06T01:07:54+00:00,2026,90,9771,sc,축ASEA챔,핸디캡,3,H -1.0,태국 1,0 말레이시,08.01(토) 22:00,"2.18,3.35,2.55",핸디승
2026-08-06T01:07:54+00:00,2026,90,9772,sc,축ASEA챔,언더오버,2,U 3.5,태국,말레이시,08.01(토) 22:00,"1.48,2.17",언더
2026-08-06T01:07:54+00:00,2026,90,9773,sc,축ASEA챔,홀짝,2,,태국,말레이시,08.01(토) 22:00,"1.76,1.76",짝
2026-08-06T01:07:54+00:00,2026,90,9774,sc,축클럽친,승무패,3,,맨체스U 2,1 AT마드,08.01(토) 22:00,"2.06,3.25,2.80",홈승
2026-08-06T01:07:54+00:00,2026,90,9775,sc,축클럽친,핸디캡,3,H -1.0,맨체스U 1,1 AT마드,08.01(토) 22:00,"3.95,3.70,1.60",핸디무
2026-08-06T01:07:54+00:00,2026,90,9776,sc,축클럽친,언더오버,2,U 2.5,맨체스U,AT마드,08.01(토) 22:00,"2.04,1.55",오버
2026-08-06T01:07:54+00:00,2026,90,9777,sc,축클럽친,홀짝,2,,맨체스U,AT마드,08.01(토) 22:00,"1.77,1.75",홀
2026-08-06T01:07:54+00:00,2026,90,9778,sc,엘리테세,승무패,3,,프레드릭 1,0 사네피오,08.01(토) 23:00,"2.19,3.25,2.60",홈승
2026-08-06T01:07:54+00:00,2026,90,9779,sc,엘리테세,핸디캡,3,H -1.0,프레드릭 0,0 사네피오,08.01(토) 23:00,"4.40,3.80,1.52",핸디무
2026-08-06T01:07:54+00:00,2026,90,9780,sc,엘리테세,언더오버,2,U 2.5,프레드릭,사네피오,08.01(토) 23:00,"1.94,1.61",언더
2026-08-06T01:07:54+00:00,2026,90,9781,sc,엘리테세,홀짝,2,,프레드릭,사네피오,08.01(토) 23:00,"1.77,1.75",홀
2026-08-06T01:07:54+00:00,2026,90,9782,sc,엘리테세,승무패,3,,IK스타르 0,3 비킹FK,08.02(일) 01:00,"5.00,4.00,1.43",홈패
2026-08-06T01:07:54+00:00,2026,90,9783,sc,엘리테세,핸디캡,3,H +1.0,IK스타르 1,3 비킹FK,08.02(일) 01:00,"2.45,3.45,2.22",핸디패
2026-08-06T01:07:54+00:00,2026,90,9784,sc,엘리테세,핸디캡,3,H +2.0,IK스타르 2,3 비킹FK,08.02(일) 01:00,"1.53,4.20,3.90",핸디패
2026-08-06T01:07:54+00:00,2026,90,9785,sc,엘리테세,핸디캡,2,H +3.5,IK스타르 3.5,3 비킹FK,08.02(일) 01:00,"1.01,6.84",핸디승
2026-08-06T01:07:54+00:00,2026,90,9786,sc,엘리테세,언더오버,2,U 3.5,IK스타르,비킹FK,08.02(일) 01:00,"1.53,2.07",언더
2026-08-06T01:07:54+00:00,2026,90,9787,sc,엘리테세,홀짝,2,,IK스타르,비킹FK,08.02(일) 01:00,"1.76,1.76",홀
2026-08-06T01:07:54+00:00,2026,90,9788,bs,MLB,승패,2,,토론블루 5,1 세인카디,08.02(일) 04:07,"1.50,2.13",홈승
2026-08-06T01:07:54+00:00,2026,90,9789,bs,MLB,승①패,3,승①패,토론블루 5,1 세인카디,08.02(일) 04:07,"2.05,3.35,2.75",홈승
2026-08-06T01:07:54+00:00,2026,90,9790,bs,MLB,핸디캡,2,H -2.5,토론블루 2.5,1 세인카디,08.02(일) 04:07,"2.77,1.29",핸디승
2026-08-06T01:07:54+00:00,2026,90,9791,bs,MLB,언더오버,2,U 8.5,토론블루,세인카디,08.02(일) 04:07,"1.74,1.78",언더
2026-08-06T01:07:54+00:00,2026,90,9792,bs,MLB,홀짝,2,,토론블루,세인카디,08.02(일) 04:07,"1.55,2.04",짝
2026-08-06T01:07:54+00:00,2026,90,9793,bs,MLB,승패,2,,탬파레이 1,0 시카화이,08.02(일) 05:10,"1.44,2.26",홈승
2026-08-06T01:07:54+00:00,2026,90,9794,bs,MLB,승①패,3,승①패,탬파레이 1,0 시카화이,08.02(일) 05:10,"1.95,3.35,2.95",①
2026-08-06T01:07:54+00:00,2026,90,9795,bs,MLB,핸디캡,2,H -2.5,탬파레이 -1.5,0 시카화이,08.02(일) 05:10,"2.60,1.33",핸디패
2026-08-06T01:07:54+00:00,2026,90,9796,bs,MLB,언더오버,2,U 8.5,탬파레이,시카화이,08.02(일) 05:10,"1.66,1.87",언더
2026-08-06T01:07:54+00:00,2026,90,9797,bs,MLB,홀짝,2,,탬파레이,시카화이,08.02(일) 05:10,"1.56,2.02",홀
2026-08-06T01:07:54+00:00,2026,90,9798,bs,MLB,승패,2,,시애매리 4,3 미네트윈,08.02(일) 05:10,"1.42,2.31",홈승
2026-08-06T01:07:54+00:00,2026,90,9799,bs,MLB,승①패,3,승①패,시애매리 4,3 미네트윈,08.02(일) 05:10,"1.91,3.35,3.05",①
2026-08-06T01:07:54+00:00,2026,90,9800,bs,MLB,핸디캡,2,H -2.5,시애매리 1.5,3 미네트윈,08.02(일) 05:10,"2.56,1.34",핸디패
2026-08-06T01:07:54+00:00,2026,90,9801,bs,MLB,언더오버,2,U 7.5,시애매리,미네트윈,08.02(일) 05:10,"1.79,1.73",언더
2026-08-06T01:07:54+00:00,2026,90,9802,bs,MLB,홀짝,2,,시애매리,미네트윈,08.02(일) 05:10,"1.55,2.04",홀
2026-08-06T01:07:54+00:00,2026,90,9803,bs,MLB,승패,2,,뉴욕메츠 2,6 마이말린,08.02(일) 05:10,"1.63,1.91",홈패
2026-08-06T01:07:54+00:00,2026,90,9804,bs,MLB,승①패,3,승①패,뉴욕메츠 2,6 마이말린,08.02(일) 05:10,"2.28,3.30,2.45",홈패
2026-08-06T01:07:54+00:00,2026,90,9805,bs,MLB,핸디캡,2,H -2.5,뉴욕메츠 -0.5,6 마이말린,08.02(일) 05:10,"3.16,1.22",핸디패
2026-08-06T01:07:54+00:00,2026,90,9806,bs,MLB,언더오버,2,U 8.5,뉴욕메츠,마이말린,08.02(일) 05:10,"1.81,1.71",언더
2026-08-06T01:07:54+00:00,2026,90,9807,bs,MLB,홀짝,2,,뉴욕메츠,마이말린,08.02(일) 05:10,"1.55,2.04",짝
2026-08-06T01:07:54+00:00,2026,90,9808,bs,MLB,승패,2,,신시레즈 1,4 피츠파이,08.02(일) 07:40,"1.82,1.70",홈패
2026-08-06T01:07:54+00:00,2026,90,9809,bs,MLB,승①패,3,승①패,신시레즈 1,4 피츠파이,08.02(일) 07:40,"2.65,3.30,2.13",홈패
2026-08-06T01:07:54+00:00,2026,90,9810,bs,MLB,핸디캡,2,H +2.5,신시레즈 3.5,4 피츠파이,08.02(일) 07:40,"1.28,2.82",핸디패
2026-08-06T01:07:54+00:00,2026,90,9811,bs,MLB,언더오버,2,U 8.5,신시레즈,피츠파이,08.02(일) 07:40,"1.74,1.78",언더
2026-08-06T01:07:54+00:00,2026,90,9812,bs,MLB,홀짝,2,,신시레즈,피츠파이,08.02(일) 07:40,"1.55,2.04",홀
2026-08-06T01:07:54+00:00,2026,90,9813,bs,MLB,승패,2,,볼티오리 0,5 필라필리,08.02(일) 08:05,"2.04,1.55",홈패
2026-08-06T01:07:54+00:00,2026,90,9814,bs,MLB,승①패,3,승①패,볼티오리 0,5 필라필리,08.02(일) 08:05,"3.10,3.30,1.91",홈패
2026-08-06T01:07:54+00:00,2026,90,9815,bs,MLB,핸디캡,2,H +2.5,볼티오리 2.5,5 필라필리,08.02(일) 08:05,"1.36,2.49",핸디패
2026-08-06T01:07:54+00:00,2026,90,9816,bs,MLB,언더오버,2,U 8.5,볼티오리,필라필리,08.02(일) 08:05,"1.73,1.79",언더
2026-08-06T01:07:54+00:00,2026,90,9817,bs,MLB,홀짝,2,,볼티오리,필라필리,08.02(일) 08:05,"1.55,2.04",홀
2026-08-06T01:07:54+00:00,2026,90,9818,bs,MLB,승패,2,,휴스애스 5,4 텍사레인,08.02(일) 08:10,"1.96,1.60",홈승
2026-08-06T01:07:54+00:00,2026,90,9819,bs,MLB,승①패,3,승①패,휴스애스 5,4 텍사레인,08.02(일) 08:10,"2.90,3.30,1.99",①
2026-08-06T01:07:54+00:00,2026,90,9820,bs,MLB,핸디캡,2,H +2.5,휴스애스 7.5,4 텍사레인,08.02(일) 08:10,"1.33,2.60",핸디승
2026-08-06T01:07:54+00:00,2026,90,9821,bs,MLB,언더오버,2,U 8.5,휴스애스,텍사레인,08.02(일) 08:10,"1.71,1.81",오버
2026-08-06T01:07:54+00:00,2026,90,9822,bs,MLB,홀짝,2,,휴스애스,텍사레인,08.02(일) 08:10,"1.55,2.04",홀
2026-08-06T01:07:54+00:00,2026,90,9823,bs,MLB,승패,2,,클리가디 8,12 애리다이,08.02(일) 08:15,"1.46,2.22",홈패
2026-08-06T01:07:54+00:00,2026,90,9824,bs,MLB,승①패,3,승①패,클리가디 8,12 애리다이,08.02(일) 08:15,"1.98,3.40,2.85",홈패
2026-08-06T01:07:54+00:00,2026,90,9825,bs,MLB,핸디캡,2,H -2.5,클리가디 5.5,12 애리다이,08.02(일) 08:15,"2.64,1.32",핸디패
2026-08-06T01:07:54+00:00,2026,90,9826,bs,MLB,언더오버,2,U 8.5,클리가디,애리다이,08.02(일) 08:15,"1.75,1.77",오버
2026-08-06T01:07:54+00:00,2026,90,9827,bs,MLB,홀짝,2,,클리가디,애리다이,08.02(일) 08:15,"1.56,2.02",짝
2026-08-06T01:07:54+00:00,2026,90,9828,bs,MLB,승패,2,,시카컵스 5,2 뉴욕양키,08.02(일) 08:15,"1.87,1.66",홈승
2026-08-06T01:07:54+00:00,2026,90,9829,bs,MLB,승①패,3,승①패,시카컵스 5,2 뉴욕양키,08.02(일) 08:15,"2.85,3.00,2.15",홈승
2026-08-06T01:07:54+00:00,2026,90,9830,bs,MLB,핸디캡,2,H +2.5,시카컵스 7.5,2 뉴욕양키,08.02(일) 08:15,"1.24,3.03",핸디승
2026-08-06T01:07:54+00:00,2026,90,9831,bs,MLB,언더오버,2,U 6.5,시카컵스,뉴욕양키,08.02(일) 08:15,"1.66,1.87",오버
2026-08-06T01:07:54+00:00,2026,90,9832,bs,MLB,홀짝,2,,시카컵스,뉴욕양키,08.02(일) 08:15,"1.53,2.07",홀
2026-08-06T01:07:54+00:00,2026,90,9833,bs,MLB,승패,2,,애틀브레 8,3 워싱내셔,08.02(일) 08:15,"1.37,2.46",홈승
2026-08-06T01:07:54+00:00,2026,90,9834,bs,MLB,승①패,3,승①패,애틀브레 8,3 워싱내셔,08.02(일) 08:15,"1.80,3.55,3.20",홈승
2026-08-06T01:07:54+00:00,2026,90,9835,bs,MLB,핸디캡,2,H -2.5,애틀브레 5.5,3 워싱내셔,08.02(일) 08:15,"2.31,1.42",핸디승
2026-08-06T01:07:54+00:00,2026,90,9836,bs,MLB,언더오버,2,U 9.5,애틀브레,워싱내셔,08.02(일) 08:15,"1.72,1.80",오버
2026-08-06T01:07:54+00:00,2026,90,9837,bs,MLB,홀짝,2,,애틀브레,워싱내셔,08.02(일) 08:15,"1.56,2.02",홀
2026-08-06T01:07:54+00:00,2026,90,9838,sc,MLS,승무패,3,,FC신시내 4,2 새너어스,08.02(일) 08:30,"1.77,3.90,3.05",홈승
2026-08-06T01:07:54+00:00,2026,90,9839,sc,MLS,핸디캡,3,H -1.0,FC신시내 3,2 새너어스,08.02(일) 08:30,"2.80,3.90,1.87",핸디승
2026-08-06T01:07:54+00:00,2026,90,9840,sc,MLS,언더오버,2,U 3.5,FC신시내,새너어스,08.02(일) 08:30,"1.93,1.62",오버
2026-08-06T01:07:54+00:00,2026,90,9841,sc,MLS,홀짝,2,,FC신시내,새너어스,08.02(일) 08:30,"1.76,1.76",짝
2026-08-06T01:07:54+00:00,2026,90,9842,sc,MLS,승무패,3,,DC유나이 2,2 내슈빌SC,08.02(일) 08:30,"2.70,3.15,2.17",무승부
2026-08-06T01:07:54+00:00,2026,90,9843,sc,MLS,핸디캡,3,H +1.0,DC유나이 3,2 내슈빌SC,08.02(일) 08:30,"1.54,3.70,4.35",핸디승
2026-08-06T01:07:54+00:00,2026,90,9844,sc,MLS,언더오버,2,U 2.5,DC유나이,내슈빌SC,08.02(일) 08:30,"1.77,1.75",오버
2026-08-06T01:07:54+00:00,2026,90,9845,sc,MLS,홀짝,2,,DC유나이,내슈빌SC,08.02(일) 08:30,"1.77,1.75",짝
2026-08-06T01:07:54+00:00,2026,90,9846,sc,MLS,승무패,3,,인터마이 2,2 콜럼크루,08.02(일) 08:30,"1.49,4.10,4.25",무승부
2026-08-06T01:07:54+00:00,2026,90,9847,sc,MLS,핸디캡,3,H -1.0,인터마이 1,2 콜럼크루,08.02(일) 08:30,"2.19,4.20,2.20",핸디패
2026-08-06T01:07:54+00:00,2026,90,9848,sc,MLS,언더오버,2,U 3.5,인터마이,콜럼크루,08.02(일) 08:30,"1.82,1.70",오버
2026-08-06T01:07:54+00:00,2026,90,9849,sc,MLS,홀짝,2,,인터마이,콜럼크루,08.02(일) 08:30,"1.76,1.76",짝
2026-08-06T01:07:54+00:00,2026,90,9850,sc,MLS,승무패,3,,CF몽레알 2,2 뉴잉레벌,08.02(일) 08:30,"1.95,3.25,3.05",무승부
2026-08-06T01:07:54+00:00,2026,90,9851,sc,MLS,핸디캡,3,H -1.0,CF몽레알 1,2 뉴잉레벌,08.02(일) 08:30,"3.65,3.55,1.68",핸디패
2026-08-06T01:07:54+00:00,2026,90,9852,sc,MLS,언더오버,2,U 2.5,CF몽레알,뉴잉레벌,08.02(일) 08:30,"1.93,1.62",오버
2026-08-06T01:07:54+00:00,2026,90,9853,sc,MLS,홀짝,2,,CF몽레알,뉴잉레벌,08.02(일) 08:30,"1.77,1.75",짝
2026-08-06T01:07:54+00:00,2026,90,9854,sc,MLS,승무패,3,,뉴욕레드 3,2 올랜시티,08.02(일) 08:30,"2.12,3.70,2.45",홈승
2026-08-06T01:07:54+00:00,2026,90,9855,sc,MLS,핸디캡,3,H -1.0,뉴욕레드 2,2 올랜시티,08.02(일) 08:30,"4.00,3.95,1.55",핸디무
2026-08-06T01:07:54+00:00,2026,90,9856,sc,MLS,언더오버,2,U 3.5,뉴욕레드,올랜시티,08.02(일) 08:30,"1.82,1.70",오버
2026-08-06T01:07:54+00:00,2026,90,9857,sc,MLS,홀짝,2,,뉴욕레드,올랜시티,08.02(일) 08:30,"1.76,1.76",홀
2026-08-06T01:07:54+00:00,2026,90,9858,sc,MLS,승무패,3,,필라유니 3,2 애틀유나,08.02(일) 08:30,"1.50,3.85,4.50",홈승
2026-08-06T01:07:54+00:00,2026,90,9859,sc,MLS,핸디캡,3,H -1.0,필라유니 2,2 애틀유나,08.02(일) 08:30,"2.45,3.35,2.26",핸디무
2026-08-06T01:07:54+00:00,2026,90,9860,sc,MLS,언더오버,2,U 2.5,필라유니,애틀유나,08.02(일) 08:30,"2.11,1.51",오버
2026-08-06T01:07:54+00:00,2026,90,9861,sc,MLS,홀짝,2,,필라유니,애틀유나,08.02(일) 08:30,"1.76,1.76",홀
2026-08-06T01:07:54+00:00,2026,90,9862,sc,MLS,승무패,3,,밴쿠화이 1,1 LAFC,08.02(일) 08:30,"1.77,3.75,3.15",무승부
2026-08-06T01:07:54+00:00,2026,90,9863,sc,MLS,핸디캡,3,H -1.0,밴쿠화이 0,1 LAFC,08.02(일) 08:30,"2.85,4.20,1.78",핸디패
2026-08-06T01:07:54+00:00,2026,90,9864,sc,MLS,핸디캡,3,H -2.0,밴쿠화이 -1,1 LAFC,08.02(일) 08:30,"6.00,5.10,1.27",핸디패
2026-08-06T01:07:54+00:00,2026,90,9865,sc,MLS,언더오버,2,U 3.5,밴쿠화이,LAFC,08.02(일) 08:30,"1.54,2.05",언더
2026-08-06T01:07:54+00:00,2026,90,9866,sc,MLS,홀짝,2,,밴쿠화이,LAFC,08.02(일) 08:30,"1.76,1.76",짝
2026-08-06T01:07:54+00:00,2026,90,9867,bs,MLB,승패,2,,콜로로키 12,6 캔자로얄,08.02(일) 09:10,"1.72,1.80",홈승
2026-08-06T01:07:54+00:00,2026,90,9868,bs,MLB,승①패,3,승①패,콜로로키 12,6 캔자로얄,08.02(일) 09:10,"2.40,3.50,2.24",홈승
2026-08-06T01:07:54+00:00,2026,90,9869,bs,MLB,핸디캡,2,H -2.5,콜로로키 9.5,6 캔자로얄,08.02(일) 09:10,"3.03,1.24",핸디승
2026-08-06T01:07:54+00:00,2026,90,9870,bs,MLB,언더오버,2,U 11.5,콜로로키,캔자로얄,08.02(일) 09:10,"1.80,1.72",오버
2026-08-06T01:07:54+00:00,2026,90,9871,bs,MLB,홀짝,2,,콜로로키,캔자로얄,08.02(일) 09:10,"1.56,2.02",짝
2026-08-06T01:07:54+00:00,2026,90,9872,sc,MLS,승무패,3,,시카파이 2,1 샬럿FC,08.02(일) 09:30,"1.42,4.50,4.50",홈승
2026-08-06T01:07:54+00:00,2026,90,9873,sc,MLS,핸디캡,3,H -1.0,시카파이 1,1 샬럿FC,08.02(일) 09:30,"2.22,3.55,2.40",핸디무
2026-08-06T01:07:54+00:00,2026,90,9874,sc,MLS,언더오버,2,U 3.5,시카파이,샬럿FC,08.02(일) 09:30,"1.63,1.91",언더
2026-08-06T01:07:54+00:00,2026,90,9875,sc,MLS,홀짝,2,,시카파이,샬럿FC,08.02(일) 09:30,"1.76,1.76",홀
2026-08-06T01:07:54+00:00,2026,90,9876,sc,MLS,승무패,3,,스포캔자 0,2 휴스다이,08.02(일) 09:30,"2.85,3.35,2.00",홈패
2026-08-06T01:07:54+00:00,2026,90,9877,sc,MLS,핸디캡,3,H +1.0,스포캔자 1,2 휴스다이,08.02(일) 09:30,"1.63,3.70,3.75",핸디패
2026-08-06T01:07:54+00:00,2026,90,9878,sc,MLS,언더오버,2,U 2.5,스포캔자,휴스다이,08.02(일) 09:30,"2.11,1.51",언더
2026-08-06T01:07:54+00:00,2026,90,9879,sc,MLS,홀짝,2,,스포캔자,휴스다이,08.02(일) 09:30,"1.76,1.76",짝
2026-08-06T01:07:54+00:00,2026,90,9880,sc,MLS,승무패,3,,미네유나 1,1 샌디에FC,08.02(일) 09:30,"1.87,3.55,3.00",무승부
2026-08-06T01:07:54+00:00,2026,90,9881,sc,MLS,핸디캡,3,H -1.0,미네유나 0,1 샌디에FC,08.02(일) 09:30,"3.30,3.70,1.74",핸디패
2026-08-06T01:07:54+00:00,2026,90,9882,sc,MLS,언더오버,2,U 3.5,미네유나,샌디에FC,08.02(일) 09:30,"1.51,2.11",언더
2026-08-06T01:07:54+00:00,2026,90,9883,sc,MLS,홀짝,2,,미네유나,샌디에FC,08.02(일) 09:30,"1.76,1.76",짝
2026-08-06T01:07:54+00:00,2026,90,9884,sc,MLS,승무패,3,,세인시티 1,1 레알솔트,08.02(일) 09:30,"1.95,3.50,2.85",무승부
2026-08-06T01:07:54+00:00,2026,90,9885,sc,MLS,핸디캡,3,H -1.0,세인시티 0,1 레알솔트,08.02(일) 09:30,"3.50,3.80,1.67",핸디패
2026-08-06T01:07:54+00:00,2026,90,9886,sc,MLS,언더오버,2,U 3.5,세인시티,레알솔트,08.02(일) 09:30,"1.50,2.13",언더
2026-08-06T01:07:54+00:00,2026,90,9887,sc,MLS,홀짝,2,,세인시티,레알솔트,08.02(일) 09:30,"1.76,1.76",짝
2026-08-06T01:07:54+00:00,2026,90,9888,bs,MLB,승패,2,,샌디파드 6,5 샌프자이,08.02(일) 09:40,"1.57,2.00",홈승
2026-08-06T01:07:54+00:00,2026,90,9889,bs,MLB,승①패,3,승①패,샌디파드 6,5 샌프자이,08.02(일) 09:40,"2.18,3.35,2.55",①
2026-08-06T01:07:54+00:00,2026,90,9890,bs,MLB,핸디캡,2,H -2.5,샌디파드 3.5,5 샌프자이,08.02(일) 09:40,"2.97,1.25",핸디패
2026-08-06T01:07:54+00:00,2026,90,9891,bs,MLB,언더오버,2,U 8.5,샌디파드,샌프자이,08.02(일) 09:40,"1.84,1.69",오버
2026-08-06T01:07:54+00:00,2026,90,9892,bs,MLB,홀짝,2,,샌디파드,샌프자이,08.02(일) 09:40,"1.55,2.04",홀
2026-08-06T01:07:54+00:00,2026,90,9893,bs,MLB,승패,2,,LA다저스 2,3 보스레드,08.02(일) 10:10,"1.43,2.29",홈패
2026-08-06T01:07:54+00:00,2026,90,9894,bs,MLB,승①패,3,승①패,LA다저스 2,3 보스레드,08.02(일) 10:10,"1.94,3.45,2.90",①
2026-08-06T01:07:54+00:00,2026,90,9895,bs,MLB,핸디캡,2,H -2.5,LA다저스 -0.5,3 보스레드,08.02(일) 10:10,"2.68,1.31",핸디패
2026-08-06T01:07:54+00:00,2026,90,9896,bs,MLB,언더오버,2,U 8.5,LA다저스,보스레드,08.02(일) 10:10,"1.58,1.99",언더
2026-08-06T01:07:54+00:00,2026,90,9897,bs,MLB,홀짝,2,,LA다저스,보스레드,08.02(일) 10:10,"1.56,2.02",홀
2026-08-06T01:07:54+00:00,2026,90,9898,sc,MLS,승무패,3,,콜로래피 1,0 오스틴FC,08.02(일) 10:30,"1.64,3.55,3.90",홈승
2026-08-06T01:07:54+00:00,2026,90,9899,sc,MLS,핸디캡,3,H -1.0,콜로래피 0,0 오스틴FC,08.02(일) 10:30,"2.80,3.45,1.99",핸디무
2026-08-06T01:07:54+00:00,2026,90,9900,sc,MLS,언더오버,2,U 2.5,콜로래피,오스틴FC,08.02(일) 10:30,"2.09,1.52",언더
2026-08-06T01:07:54+00:00,2026,90,9901,sc,MLS,홀짝,2,,콜로래피,오스틴FC,08.02(일) 10:30,"1.76,1.76",홀
2026-08-06T01:07:54+00:00,2026,90,9902,bs,MLB,승패,2,,LA에인절 1,3 밀워브루,08.02(일) 10:38,"1.89,1.65",홈패
2026-08-06T01:07:54+00:00,2026,90,9903,bs,MLB,승①패,3,승①패,LA에인절 1,3 밀워브루,08.02(일) 10:38,"2.70,3.40,2.06",홈패
2026-08-06T01:07:54+00:00,2026,90,9904,bs,MLB,핸디캡,2,H +2.5,LA에인절 3.5,3 밀워브루,08.02(일) 10:38,"1.32,2.64",핸디승
2026-08-06T01:07:54+00:00,2026,90,9905,bs,MLB,언더오버,2,U 8.5,LA에인절,밀워브루,08.02(일) 10:38,"1.81,1.71",언더
2026-08-06T01:07:54+00:00,2026,90,9906,bs,MLB,홀짝,2,,LA에인절,밀워브루,08.02(일) 10:38,"1.55,2.04",짝
2026-08-06T01:07:54+00:00,2026,90,9907,bs,MLB,승패,2,,애슬레틱 6,8 디트타이,08.02(일) 10:40,"2.13,1.50",홈패
2026-08-06T01:07:54+00:00,2026,90,9908,bs,MLB,승①패,3,승①패,애슬레틱 6,8 디트타이,08.02(일) 10:40,"3.05,3.75,1.80",홈패
2026-08-06T01:07:54+00:00,2026,90,9909,bs,MLB,핸디캡,2,H +2.5,애슬레틱 8.5,8 디트타이,08.02(일) 10:40,"1.47,2.19",핸디승
2026-08-06T01:07:54+00:00,2026,90,9910,bs,MLB,언더오버,2,U 10.5,애슬레틱,디트타이,08.02(일) 10:40,"1.81,1.71",오버
2026-08-06T01:07:54+00:00,2026,90,9911,bs,MLB,홀짝,2,,애슬레틱,디트타이,08.02(일) 10:40,"1.56,2.02",짝
2026-08-06T01:07:54+00:00,2026,90,9912,bs,MLB,전반승무패,3,h(전반),애슬레틱 2,4 디트타이,08.02(일) 10:40,"2.35,6.60,1.75",홈패
2026-08-06T01:07:54+00:00,2026,90,9913,bs,MLB,전반핸디캡,2,h H +1.5,애슬레틱 3.5,4 디트타이,08.02(일) 10:40,"1.39,2.40",핸디패
2026-08-06T01:07:54+00:00,2026,90,9914,bs,MLB,전반언더오버,2,h U 5.5,애슬레틱,디트타이,08.02(일) 10:40,"1.81,1.71",오버
2026-08-06T01:07:54+00:00,2026,90,9915,sc,MLS,승무패,3,,LA갤럭시 0,0 FC댈러스,08.02(일) 11:30,"2.06,3.50,2.65",무승부
2026-08-06T01:07:54+00:00,2026,90,9916,sc,MLS,핸디캡,3,H -1.0,LA갤럭시 -1,0 FC댈러스,08.02(일) 11:30,"3.75,3.90,1.60",핸디패
2026-08-06T01:07:54+00:00,2026,90,9917,sc,MLS,언더오버,2,U 3.5,LA갤럭시,FC댈러스,08.02(일) 11:30,"1.52,2.09",언더
2026-08-06T01:07:54+00:00,2026,90,9918,sc,MLS,홀짝,2,,LA갤럭시,FC댈러스,08.02(일) 11:30,"1.76,1.76",짝
2026-08-06T01:07:54+00:00,2026,90,9919,sc,MLS,승무패,3,,포틀팀버 2,1 시애사운,08.02(일) 11:45,"1.87,3.55,3.00",홈승
2026-08-06T01:07:54+00:00,2026,90,9920,sc,MLS,핸디캡,3,H -1.0,포틀팀버 1,1 시애사운,08.02(일) 11:45,"3.20,3.75,1.75",핸디무
2026-08-06T01:07:54+00:00,2026,90,9921,sc,MLS,언더오버,2,U 3.5,포틀팀버,시애사운,08.02(일) 11:45,"1.61,1.94",언더
2026-08-06T01:07:54+00:00,2026,90,9922,sc,MLS,홀짝,2,,포틀팀버,시애사운,08.02(일) 11:45,"1.76,1.76",홀
2026-08-06T01:07:54+00:00,2026,90,9923,bs,NPB,승패,2,,닛폰햄 3,0 지바롯데,08.02(일) 13:00,"1.50,2.13",홈승
2026-08-06T01:07:54+00:00,2026,90,9924,bs,NPB,승①패,3,승①패,닛폰햄 3,0 지바롯데,08.02(일) 13:00,"2.21,2.80,2.95",홈승
2026-08-06T01:07:54+00:00,2026,90,9925,bs,NPB,핸디캡,2,H -2.5,닛폰햄 0.5,0 지바롯데,08.02(일) 13:00,"2.97,1.25",핸디승
2026-08-06T01:07:54+00:00,2026,90,9926,bs,NPB,언더오버,2,U 7.5,닛폰햄,지바롯데,08.02(일) 13:00,"1.78,1.74",언더
2026-08-06T01:07:54+00:00,2026,90,9927,bs,NPB,홀짝,2,,닛폰햄,지바롯데,08.02(일) 13:00,"1.61,1.94",홀
2026-08-06T01:07:54+00:00,2026,90,9928,bs,KBO,승패,2,,키움 5,3 SSG,08.02(일) 14:00,"2.40,1.39",홈승
2026-08-06T01:07:54+00:00,2026,90,9929,bs,KBO,승①패,3,승①패,키움 5,3 SSG,08.02(일) 14:00,"3.65,3.40,1.72",홈승
2026-08-06T01:07:54+00:00,2026,90,9930,bs,KBO,핸디캡,2,H +2.5,키움 7.5,3 SSG,08.02(일) 14:00,"1.48,2.17",핸디승
2026-08-06T01:07:54+00:00,2026,90,9931,bs,KBO,언더오버,2,U 8.5,키움,SSG,08.02(일) 14:00,"1.74,1.78",언더
2026-08-06T01:07:54+00:00,2026,90,9932,bs,KBO,홀짝,2,,키움,SSG,08.02(일) 14:00,"1.59,1.97",짝
2026-08-06T01:07:54+00:00,2026,90,9933,bs,KBO,전반승무패,3,h(전반),키움 3,2 SSG,08.02(일) 14:00,"2.75,6.10,1.61",홈승
2026-08-06T01:07:54+00:00,2026,90,9934,bs,KBO,전반핸디캡,2,h H +1.5,키움 4.5,2 SSG,08.02(일) 14:00,"1.49,2.15",핸디승
2026-08-06T01:07:54+00:00,2026,90,9935,bs,KBO,전반언더오버,2,h U 4.5,키움,SSG,08.02(일) 14:00,"1.71,1.81",오버
2026-08-06T01:07:54+00:00,2026,90,9936,bs,NPB,승패,2,,요미우리 1,2 요코베이,08.02(일) 14:00,"1.67,1.86",홈패
2026-08-06T01:07:54+00:00,2026,90,9937,bs,NPB,승①패,3,승①패,요미우리 1,2 요코베이,08.02(일) 14:00,"2.65,2.65,2.54",①
2026-08-06T01:07:54+00:00,2026,90,9938,bs,NPB,핸디캡,2,H -2.5,요미우리 -1.5,2 요코베이,08.02(일) 14:00,"3.65,1.16",핸디패
2026-08-06T01:07:54+00:00,2026,90,9939,bs,NPB,언더오버,2,U 6.5,요미우리,요코베이,08.02(일) 14:00,"1.71,1.81",언더
2026-08-06T01:07:54+00:00,2026,90,9940,bs,NPB,홀짝,2,,요미우리,요코베이,08.02(일) 14:00,"1.61,1.94",홀
2026-08-06T01:07:54+00:00,2026,90,9941,bs,NPB,승패,2,,라쿠텐 6,10 소프트뱅,08.02(일) 16:00,"2.31,1.42",홈패
2026-08-06T01:07:54+00:00,2026,90,9942,bs,NPB,승①패,3,승①패,라쿠텐 6,10 소프트뱅,08.02(일) 16:00,"3.95,3.20,1.71",홈패
2026-08-06T01:07:54+00:00,2026,90,9943,bs,NPB,핸디캡,2,H +2.5,라쿠텐 8.5,10 소프트뱅,08.02(일) 16:00,"1.42,2.31",핸디패
2026-08-06T01:07:54+00:00,2026,90,9944,bs,NPB,언더오버,2,U 7.5,라쿠텐,소프트뱅,08.02(일) 16:00,"1.72,1.80",오버
2026-08-06T01:07:54+00:00,2026,90,9945,bs,NPB,홀짝,2,,라쿠텐,소프트뱅,08.02(일) 16:00,"1.61,1.94",짝
2026-08-06T01:07:54+00:00,2026,90,9946,vl,남배네이,승패,2,,일본M 1,3 슬로베M,08.02(일) 16:40,"1.27,2.87",홈패
2026-08-06T01:07:54+00:00,2026,90,9947,vl,남배네이,핸디캡,2,H -1.5,일본M -0.5,3 슬로베M,08.02(일) 16:40,"1.70,1.82",핸디패
2026-08-06T01:07:54+00:00,2026,90,9948,vl,남배네이,언더오버,2,U 183.5,일본M,슬로베M,08.02(일) 16:40,"1.81,1.71",오버
2026-08-06T01:07:54+00:00,2026,90,9949,vl,남배네이,홀짝,2,,일본M,슬로베M,08.02(일) 16:40,"1.76,1.76",짝
2026-08-06T01:07:54+00:00,2026,90,9950,bs,NPB,승패,2,,세이부 5,1 오릭스,08.02(일) 17:00,"1.49,2.15",홈승
2026-08-06T01:07:54+00:00,2026,90,9951,bs,NPB,승①패,3,승①패,세이부 5,1 오릭스,08.02(일) 17:00,"2.25,2.65,3.05",홈승
2026-08-06T01:07:54+00:00,2026,90,9952,bs,NPB,핸디캡,2,H -2.5,세이부 2.5,1 오릭스,08.02(일) 17:00,"2.97,1.25",핸디승
2026-08-06T01:07:54+00:00,2026,90,9953,bs,NPB,언더오버,2,U 6.5,세이부,오릭스,08.02(일) 17:00,"1.78,1.74",언더
2026-08-06T01:07:54+00:00,2026,90,9954,bs,NPB,홀짝,2,,세이부,오릭스,08.02(일) 17:00,"1.61,1.94",짝
2026-08-06T01:07:54+00:00,2026,90,9955,bs,KBO,승패,2,,두산 8,3 LG,08.02(일) 18:00,"1.77,1.75",홈승
2026-08-06T01:07:54+00:00,2026,90,9956,bs,KBO,승①패,3,승①패,두산 8,3 LG,08.02(일) 18:00,"2.60,3.10,2.26",홈승
2026-08-06T01:07:54+00:00,2026,90,9957,bs,KBO,핸디캡,2,H +2.5,두산 10.5,3 LG,08.02(일) 18:00,"1.24,3.03",핸디승
2026-08-06T01:07:54+00:00,2026,90,9958,bs,KBO,언더오버,2,U 7.5,두산,LG,08.02(일) 18:00,"1.87,1.66",오버
2026-08-06T01:07:54+00:00,2026,90,9959,bs,KBO,홀짝,2,,두산,LG,08.02(일) 18:00,"1.59,1.97",홀
2026-08-06T01:07:54+00:00,2026,90,9960,bs,KBO,전반승무패,3,h(전반),두산 6,3 LG,08.02(일) 18:00,"2.15,5.00,2.06",홈승
2026-08-06T01:07:54+00:00,2026,90,9961,bs,KBO,전반핸디캡,2,h H +1.5,두산 7.5,3 LG,08.02(일) 18:00,"1.27,2.87",핸디승
2026-08-06T01:07:54+00:00,2026,90,9962,bs,KBO,전반언더오버,2,h U 4.5,두산,LG,08.02(일) 18:00,"1.64,1.90",오버
2026-08-06T01:07:54+00:00,2026,90,9971,bs,KBO,승패,2,,KT 12,1 한화,08.02(일) 18:00,"1.69,1.84",홈승
2026-08-06T01:07:54+00:00,2026,90,9972,bs,KBO,승①패,3,승①패,KT 12,1 한화,08.02(일) 18:00,"2.35,3.40,2.33",홈승
2026-08-06T01:07:54+00:00,2026,90,9973,bs,KBO,핸디캡,2,H -2.5,KT 9.5,1 한화,08.02(일) 18:00,"3.03,1.24",핸디승
2026-08-06T01:07:54+00:00,2026,90,9974,bs,KBO,언더오버,2,U 9.5,KT,한화,08.02(일) 18:00,"1.73,1.79",오버
2026-08-06T01:07:54+00:00,2026,90,9975,bs,KBO,홀짝,2,,KT,한화,08.02(일) 18:00,"1.58,1.99",홀
2026-08-06T01:07:54+00:00,2026,90,9976,bs,KBO,전반승무패,3,h(전반),KT 1,0 한화,08.02(일) 18:00,"2.00,5.80,2.10",홈승
2026-08-06T01:07:54+00:00,2026,90,9977,bs,KBO,전반핸디캡,2,h H -1.5,KT -0.5,0 한화,08.02(일) 18:00,"2.72,1.30",핸디패
2026-08-06T01:07:54+00:00,2026,90,9978,bs,KBO,전반언더오버,2,h U 5.5,KT,한화,08.02(일) 18:00,"1.65,1.89",언더
2026-08-06T01:07:54+00:00,2026,90,9979,bs,KBO,승패,2,,NC,KIA,08.02(일) 18:00,"1.00,1.00",취소
2026-08-06T01:07:54+00:00,2026,90,9980,bs,KBO,승①패,3,승①패,NC,KIA,08.02(일) 18:00,"1.00,1.00,1.00",취소
2026-08-06T01:07:54+00:00,2026,90,9981,bs,KBO,핸디캡,2,H -2.5,NC,KIA,08.02(일) 18:00,"1.00,1.00",취소
2026-08-06T01:07:54+00:00,2026,90,9982,bs,KBO,언더오버,2,U 9.5,NC,KIA,08.02(일) 18:00,"1.00,1.00",취소
2026-08-06T01:07:54+00:00,2026,90,9983,bs,KBO,홀짝,2,,NC,KIA,08.02(일) 18:00,"1.00,1.00",취소
2026-08-06T01:07:54+00:00,2026,90,9984,bs,KBO,전반승무패,3,h(전반),NC,KIA,08.02(일) 18:00,"1.00,1.00,1.00",취소
2026-08-06T01:07:54+00:00,2026,90,9985,bs,KBO,전반핸디캡,2,h H -1.5,NC,KIA,08.02(일) 18:00,"1.00,1.00",취소
2026-08-06T01:07:54+00:00,2026,90,9986,bs,KBO,전반언더오버,2,h U 5.5,NC,KIA,08.02(일) 18:00,"1.00,1.00",취소
2026-08-06T01:07:54+00:00,2026,90,9987,bs,NPB,승패,2,,야쿠르트 3,4 한신,08.02(일) 18:00,"2.24,1.45",홈패
2026-08-06T01:07:54+00:00,2026,90,9988,bs,NPB,승①패,3,승①패,야쿠르트 3,4 한신,08.02(일) 18:00,"3.80,2.90,1.85",①
2026-08-06T01:07:54+00:00,2026,90,9989,bs,NPB,핸디캡,2,H +2.5,야쿠르트 5.5,4 한신,08.02(일) 18:00,"1.37,2.46",핸디승
2026-08-06T01:07:54+00:00,2026,90,9990,bs,NPB,언더오버,2,U 8.5,야쿠르트,한신,08.02(일) 18:00,"1.76,1.76",언더
2026-08-06T01:07:54+00:00,2026,90,9991,bs,NPB,홀짝,2,,야쿠르트,한신,08.02(일) 18:00,"1.61,1.94",홀
2026-08-06T01:07:54+00:00,2026,90,9992,bs,NPB,승패,2,,히로카프 4,3 주니치,08.02(일) 18:00,"1.73,1.79",홈승
2026-08-06T01:07:54+00:00,2026,90,9993,bs,NPB,승①패,3,승①패,히로카프 4,3 주니치,08.02(일) 18:00,"2.70,2.75,2.41",①
2026-08-06T01:07:54+00:00,2026,90,9994,bs,NPB,핸디캡,2,H -2.5,히로카프 1.5,3 주니치,08.02(일) 18:00,"3.75,1.15",핸디패
2026-08-06T01:07:54+00:00,2026,90,9995,bs,NPB,언더오버,2,U 7.5,히로카프,주니치,08.02(일) 18:00,"1.70,1.82",언더
2026-08-06T01:07:54+00:00,2026,90,9996,bs,NPB,홀짝,2,,히로카프,주니치,08.02(일) 18:00,"1.61,1.94",홀
2026-08-06T01:07:54+00:00,2026,90,9963,bs,KBO,승패,2,,롯데 10,7 삼성,08.02(일) 18:30,"2.09,1.52",홈승
2026-08-06T01:07:54+00:00,2026,90,9964,bs,KBO,승①패,3,승①패,롯데 10,7 삼성,08.02(일) 18:30,"3.10,3.70,1.80",홈승
2026-08-06T01:07:54+00:00,2026,90,9965,bs,KBO,핸디캡,2,H +2.5,롯데 12.5,7 삼성,08.02(일) 18:30,"1.48,2.17",핸디승
2026-08-06T01:07:54+00:00,2026,90,9966,bs,KBO,언더오버,2,U 10.5,롯데,삼성,08.02(일) 18:30,"1.73,1.79",오버
2026-08-06T01:07:54+00:00,2026,90,9967,bs,KBO,홀짝,2,,롯데,삼성,08.02(일) 18:30,"1.58,1.99",홀
2026-08-06T01:07:54+00:00,2026,90,9968,bs,KBO,전반승무패,3,h(전반),롯데 7,0 삼성,08.02(일) 18:30,"2.35,6.30,1.77",홈승
2026-08-06T01:07:54+00:00,2026,90,9969,bs,KBO,전반핸디캡,2,h H +1.5,롯데 8.5,0 삼성,08.02(일) 18:30,"1.48,2.17",핸디승
2026-08-06T01:07:54+00:00,2026,90,9970,bs,KBO,전반언더오버,2,h U 5.5,롯데,삼성,08.02(일) 18:30,"1.86,1.67",오버
2026-08-06T01:07:54+00:00,2026,90,9997,sc,K리그1,승무패,3,,울산HDFC 3,1 FC안양,08.02(일) 19:30,"1.91,3.20,3.20",홈승
2026-08-06T01:07:54+00:00,2026,90,9998,sc,K리그1,핸디캡,3,H -1.0,울산HDFC 2,1 FC안양,08.02(일) 19:30,"3.80,3.25,1.73",핸디승
2026-08-06T01:07:54+00:00,2026,90,9999,sc,K리그1,핸디캡,3,H -2.0,울산HDFC 1,1 FC안양,08.02(일) 19:30,"7.30,5.20,1.22",핸디무
2026-08-06T01:07:54+00:00,2026,90,0001,sc,K리그1,언더오버,2,U 2.5,울산HDFC,FC안양,08.02(일) 19:30,"1.96,1.60",오버
2026-08-06T01:07:54+00:00,2026,90,0002,sc,K리그1,홀짝,2,,울산HDFC,FC안양,08.02(일) 19:30,"1.77,1.75",짝
2026-08-06T01:07:54+00:00,2026,90,0003,sc,K리그1,전반승무패,3,h(전반),울산HDFC 0,0 FC안양,08.02(일) 19:30,"2.35,2.17,3.80",무승부
2026-08-06T01:07:54+00:00,2026,90,0004,sc,K리그1,전반핸디캡,3,h H -1.0,울산HDFC -1,0 FC안양,08.02(일) 19:30,"6.40,3.45,1.42",핸디패
2026-08-06T01:07:54+00:00,2026,90,0005,sc,K리그1,전반언더오버,2,h U 1.5,울산HDFC,FC안양,08.02(일) 19:30,"1.38,2.43",언더
2026-08-06T01:07:54+00:00,2026,90,0006,sc,K리그1,승무패,3,,대전하나 2,0 광주FC,08.02(일) 19:30,"1.45,3.60,5.50",홈승
2026-08-06T01:07:54+00:00,2026,90,0007,sc,K리그1,핸디캡,3,H -1.0,대전하나 1,0 광주FC,08.02(일) 19:30,"2.45,3.10,2.39",핸디승
2026-08-06T01:07:54+00:00,2026,90,0008,sc,K리그1,핸디캡,3,H -2.0,대전하나 0,0 광주FC,08.02(일) 19:30,"4.65,3.95,1.47",핸디무
2026-08-06T01:07:54+00:00,2026,90,0009,sc,K리그1,언더오버,2,U 2.5,대전하나,광주FC,08.02(일) 19:30,"1.89,1.65",언더
2026-08-06T01:07:54+00:00,2026,90,0010,sc,K리그1,홀짝,2,,대전하나,광주FC,08.02(일) 19:30,"1.77,1.75",짝
2026-08-06T01:07:54+00:00,2026,90,0011,sc,K리그1,전반승무패,3,h(전반),대전하나 0,0 광주FC,08.02(일) 19:30,"1.95,2.20,5.50",무승부
2026-08-06T01:07:54+00:00,2026,90,0012,sc,K리그1,전반핸디캡,3,h H -1.0,대전하나 -1,0 광주FC,08.02(일) 19:30,"4.55,3.05,1.66",핸디패
2026-08-06T01:07:54+00:00,2026,90,0013,sc,K리그1,전반언더오버,2,h U 1.5,대전하나,광주FC,08.02(일) 19:30,"1.39,2.40",언더
2026-08-06T01:07:54+00:00,2026,90,0014,sc,K리그1,승무패,3,,제주SKFC 3,3 인천유나,08.02(일) 19:30,"2.75,2.85,2.30",무승부
2026-08-06T01:07:54+00:00,2026,90,0015,sc,K리그1,핸디캡,3,H +1.0,제주SKFC 4,3 인천유나,08.02(일) 19:30,"1.48,3.60,5.10",핸디승
2026-08-06T01:07:54+00:00,2026,90,0016,sc,K리그1,핸디캡,3,H +2.0,제주SKFC 5,3 인천유나,08.02(일) 19:30,"1.07,7.00,14.00",핸디승
2026-08-06T01:07:54+00:00,2026,90,0017,sc,K리그1,언더오버,2,U 2.5,제주SKFC,인천유나,08.02(일) 19:30,"1.47,2.19",오버
2026-08-06T01:07:54+00:00,2026,90,0018,sc,K리그1,홀짝,2,,제주SKFC,인천유나,08.02(일) 19:30,"1.78,1.74",짝
2026-08-06T01:07:54+00:00,2026,90,0019,sc,K리그1,전반승무패,3,h(전반),제주SKFC 2,2 인천유나,08.02(일) 19:30,"3.60,1.80,3.15",무승부
2026-08-06T01:07:54+00:00,2026,90,0020,sc,K리그1,전반핸디캡,3,h H +1.0,제주SKFC 3,2 인천유나,08.02(일) 19:30,"1.24,4.05,10.50",핸디승
2026-08-06T01:07:54+00:00,2026,90,0021,sc,K리그1,전반언더오버,2,h U 1.5,제주SKFC,인천유나,08.02(일) 19:30,"1.23,3.09",오버
2026-08-06T01:07:54+00:00,2026,90,0022,sc,K리그2,승무패,3,,부산아이 1,2 서울이랜,08.02(일) 19:30,"2.50,3.15,2.31",홈패
2026-08-06T01:07:54+00:00,2026,90,0023,sc,K리그2,핸디캡,3,H +1.0,부산아이 2,2 서울이랜,08.02(일) 19:30,"1.50,3.80,4.55",핸디무
2026-08-06T01:07:54+00:00,2026,90,0024,sc,K리그2,언더오버,2,U 2.5,부산아이,서울이랜,08.02(일) 19:30,"2.09,1.52",오버
2026-08-06T01:07:54+00:00,2026,90,0025,sc,K리그2,홀짝,2,,부산아이,서울이랜,08.02(일) 19:30,"1.76,1.76",홀
2026-08-06T01:07:54+00:00,2026,90,0026,sc,K리그2,승무패,3,,김포FC 1,1 경남FC,08.02(일) 19:30,"1.95,2.85,3.50",무승부
2026-08-06T01:07:54+00:00,2026,90,0027,sc,K리그2,핸디캡,3,H -1.0,김포FC 0,1 경남FC,08.02(일) 19:30,"3.85,3.25,1.72",핸디패
2026-08-06T01:07:54+00:00,2026,90,0028,sc,K리그2,언더오버,2,U 2.5,김포FC,경남FC,08.02(일) 19:30,"1.57,2.00",언더
2026-08-06T01:07:54+00:00,2026,90,0029,sc,K리그2,홀짝,2,,김포FC,경남FC,08.02(일) 19:30,"1.77,1.75",짝
2026-08-06T01:07:54+00:00,2026,90,0030,sc,K리그2,승무패,3,,전남드래 1,2 파주프런,08.02(일) 19:30,"2.07,3.10,2.90",홈패
2026-08-06T01:07:54+00:00,2026,90,0031,sc,K리그2,핸디캡,3,H -1.0,전남드래 0,2 파주프런,08.02(일) 19:30,"4.15,3.45,1.62",핸디패
2026-08-06T01:07:54+00:00,2026,90,0032,sc,K리그2,언더오버,2,U 2.5,전남드래,파주프런,08.02(일) 19:30,"1.81,1.71",오버
2026-08-06T01:07:54+00:00,2026,90,0033,sc,K리그2,홀짝,2,,전남드래,파주프런,08.02(일) 19:30,"1.77,1.75",홀
2026-08-06T01:07:54+00:00,2026,90,0034,sc,K리그2,승무패,3,,안산그리 2,2 김해FC,08.02(일) 19:30,"2.39,3.10,2.45",무승부
2026-08-06T01:07:54+00:00,2026,90,0035,sc,K리그2,핸디캡,3,H -1.0,안산그리 1,2 김해FC,08.02(일) 19:30,"5.10,3.85,1.44",핸디패
2026-08-06T01:07:54+00:00,2026,90,0036,sc,K리그2,언더오버,2,U 2.5,안산그리,김해FC,08.02(일) 19:30,"1.77,1.75",오버
2026-08-06T01:07:54+00:00,2026,90,0037,sc,K리그2,홀짝,2,,안산그리,김해FC,08.02(일) 19:30,"1.77,1.75",짝
2026-08-06T01:07:54+00:00,2026,90,0038,vl,남배네이,승패,2,,미국M 2,3 폴란드M,08.02(일) 20:30,"2.68,1.31",홈패
2026-08-06T01:07:54+00:00,2026,90,0039,vl,남배네이,핸디캡,2,H +1.5,미국M 3.5,3 폴란드M,08.02(일) 20:30,"1.76,1.76",핸디승
2026-08-06T01:07:54+00:00,2026,90,0040,vl,남배네이,언더오버,2,U 183.5,미국M,폴란드M,08.02(일) 20:30,"1.81,1.71",오버
2026-08-06T01:07:54+00:00,2026,90,0041,vl,남배네이,홀짝,2,,미국M,폴란드M,08.02(일) 20:30,"1.76,1.76",홀
2026-08-06T01:07:54+00:00,2026,90,0042,sc,엘리테세,승무패,3,,KFUM카메 2,1 크리스티,08.03(월) 00:00,"1.60,3.55,4.10",홈승
2026-08-06T01:07:54+00:00,2026,90,0043,sc,엘리테세,핸디캡,3,H -1.0,KFUM카메 1,1 크리스티,08.03(월) 00:00,"2.70,3.40,2.06",핸디무
2026-08-06T01:07:54+00:00,2026,90,0044,sc,엘리테세,언더오버,2,U 2.5,KFUM카메,크리스티,08.03(월) 00:00,"2.02,1.56",오버
2026-08-06T01:07:54+00:00,2026,90,0045,sc,엘리테세,홀짝,2,,KFUM카메,크리스티,08.03(월) 00:00,"1.76,1.76",홀
2026-08-06T01:07:54+00:00,2026,90,0046,sc,엘리테세,승무패,3,,몰데FK 3,3 사릅스보,08.03(월) 00:00,"1.52,3.95,4.20",무승부
2026-08-06T01:07:54+00:00,2026,90,0047,sc,엘리테세,핸디캡,3,H -1.0,몰데FK 2,3 사릅스보,08.03(월) 00:00,"2.40,3.60,2.20",핸디패
2026-08-06T01:07:54+00:00,2026,90,0048,sc,엘리테세,언더오버,2,U 3.5,몰데FK,사릅스보,08.03(월) 00:00,"1.64,1.90",오버
2026-08-06T01:07:54+00:00,2026,90,0049,sc,엘리테세,홀짝,2,,몰데FK,사릅스보,08.03(월) 00:00,"1.76,1.76",짝
2026-08-06T01:07:54+00:00,2026,90,0050,sc,엘리테세,승무패,3,,올레순FK 2,6 트롬쇠IL,08.03(월) 00:00,"3.45,3.35,1.78",홈패
2026-08-06T01:07:54+00:00,2026,90,0051,sc,엘리테세,핸디캡,3,H +1.0,올레순FK 3,6 트롬쇠IL,08.03(월) 00:00,"1.83,3.45,3.20",핸디패
2026-08-06T01:07:54+00:00,2026,90,0052,sc,엘리테세,언더오버,2,U 2.5,올레순FK,트롬쇠IL,08.03(월) 00:00,"1.96,1.60",오버
2026-08-06T01:07:54+00:00,2026,90,0053,sc,엘리테세,홀짝,2,,올레순FK,트롬쇠IL,08.03(월) 00:00,"1.77,1.75",짝
2026-08-06T01:07:54+00:00,2026,90,0054,sc,네슈퍼컵,승무패,3,,PSV 0,4 알크마르,08.03(월) 01:00,"1.44,4.15,4.65",홈패
2026-08-06T01:07:54+00:00,2026,90,0055,sc,네슈퍼컵,핸디캡,3,H -1.0,PSV -1,4 알크마르,08.03(월) 01:00,"2.20,3.60,2.40",핸디패
2026-08-06T01:07:54+00:00,2026,90,0056,sc,네슈퍼컵,언더오버,2,U 3.5,PSV,알크마르,08.03(월) 01:00,"1.73,1.79",오버
2026-08-06T01:07:54+00:00,2026,90,0057,sc,네슈퍼컵,홀짝,2,,PSV,알크마르,08.03(월) 01:00,"1.76,1.76",짝
2026-08-06T01:07:54+00:00,2026,90,0058,sc,엘리테세,승무패,3,,SK브란 3,2 로센보르,08.03(월) 02:15,"1.89,3.55,2.95",홈승
2026-08-06T01:07:54+00:00,2026,90,0059,sc,엘리테세,핸디캡,3,H -1.0,SK브란 2,2 로센보르,08.03(월) 02:15,"3.35,3.65,1.73",핸디무
2026-08-06T01:07:54+00:00,2026,90,0060,sc,엘리테세,언더오버,2,U 3.5,SK브란,로센보르,08.03(월) 02:15,"1.57,2.00",오버
2026-08-06T01:07:54+00:00,2026,90,0061,sc,엘리테세,홀짝,2,,SK브란,로센보르,08.03(월) 02:15,"1.76,1.76",홀
2026-08-06T01:07:54+00:00,2026,90,0062,bs,MLB,승패,2,,볼티오리 0,8 필라필리,08.03(월) 02:35,"2.00,1.57",홈패
2026-08-06T01:07:54+00:00,2026,90,0063,bs,MLB,승①패,3,승①패,볼티오리 0,8 필라필리,08.03(월) 02:35,"3.05,3.25,1.95",홈패
2026-08-06T01:07:54+00:00,2026,90,0064,bs,MLB,핸디캡,2,H +2.5,볼티오리 2.5,8 필라필리,08.03(월) 02:35,"1.33,2.60",핸디패
2026-08-06T01:07:54+00:00,2026,90,0065,bs,MLB,언더오버,2,U 7.5,볼티오리,필라필리,08.03(월) 02:35,"1.77,1.75",오버
2026-08-06T01:07:54+00:00,2026,90,0066,bs,MLB,홀짝,2,,볼티오리,필라필리,08.03(월) 02:35,"1.55,2.04",짝
2026-08-06T01:07:54+00:00,2026,90,0067,bs,MLB,승패,2,,애틀브레 4,2 워싱내셔,08.03(월) 02:35,"1.64,1.90",홈승
2026-08-06T01:07:54+00:00,2026,90,0068,bs,MLB,승①패,3,승①패,애틀브레 4,2 워싱내셔,08.03(월) 02:35,"2.33,3.30,2.40",홈승
2026-08-06T01:07:54+00:00,2026,90,0069,bs,MLB,핸디캡,2,H -2.5,애틀브레 1.5,2 워싱내셔,08.03(월) 02:35,"3.16,1.22",핸디패
2026-08-06T01:07:54+00:00,2026,90,0070,bs,MLB,언더오버,2,U 8.5,애틀브레,워싱내셔,08.03(월) 02:35,"1.80,1.72",언더
2026-08-06T01:07:54+00:00,2026,90,0071,bs,MLB,홀짝,2,,애틀브레,워싱내셔,08.03(월) 02:35,"1.55,2.04",짝
2026-08-06T01:07:54+00:00,2026,90,0072,bs,MLB,승패,2,,토론블루 1,5 세인카디,08.03(월) 02:37,"1.71,1.81",홈패
2026-08-06T01:07:54+00:00,2026,90,0073,bs,MLB,승①패,3,승①패,토론블루 1,5 세인카디,08.03(월) 02:37,"2.40,3.35,2.30",홈패
2026-08-06T01:07:54+00:00,2026,90,0074,bs,MLB,핸디캡,2,H -2.5,토론블루 -1.5,5 세인카디,08.03(월) 02:37,"3.38,1.19",핸디패
2026-08-06T01:07:54+00:00,2026,90,0075,bs,MLB,언더오버,2,U 9.5,토론블루,세인카디,08.03(월) 02:37,"1.61,1.94",언더
2026-08-06T01:07:54+00:00,2026,90,0076,bs,MLB,홀짝,2,,토론블루,세인카디,08.03(월) 02:37,"1.55,2.04",짝
2026-08-06T01:07:54+00:00,2026,90,0077,bs,MLB,승패,2,,탬파레이 1,9 시카화이,08.03(월) 02:40,"1.52,2.09",홈패
2026-08-06T01:07:54+00:00,2026,90,0078,bs,MLB,승①패,3,승①패,탬파레이 1,9 시카화이,08.03(월) 02:40,"2.10,3.30,2.70",홈패
2026-08-06T01:07:54+00:00,2026,90,0079,bs,MLB,핸디캡,2,H -2.5,탬파레이 -1.5,9 시카화이,08.03(월) 02:40,"2.87,1.27",핸디패
2026-08-06T01:07:54+00:00,2026,90,0080,bs,MLB,언더오버,2,U 7.5,탬파레이,시카화이,08.03(월) 02:40,"1.78,1.74",오버
2026-08-06T01:07:54+00:00,2026,90,0081,bs,MLB,홀짝,2,,탬파레이,시카화이,08.03(월) 02:40,"1.55,2.04",짝
2026-08-06T01:07:54+00:00,2026,90,0082,bs,MLB,승패,2,,뉴욕메츠 0,2 마이말린,08.03(월) 02:40,"1.90,1.64",홈패
2026-08-06T01:07:54+00:00,2026,90,0083,bs,MLB,승①패,3,승①패,뉴욕메츠 0,2 마이말린,08.03(월) 02:40,"2.75,3.40,2.03",홈패
2026-08-06T01:07:54+00:00,2026,90,0084,bs,MLB,핸디캡,2,H +2.5,뉴욕메츠 2.5,2 마이말린,08.03(월) 02:40,"1.28,2.82",핸디승
2026-08-06T01:07:54+00:00,2026,90,0085,bs,MLB,언더오버,2,U 8.5,뉴욕메츠,마이말린,08.03(월) 02:40,"1.81,1.71",언더
2026-08-06T01:07:54+00:00,2026,90,0086,bs,MLB,홀짝,2,,뉴욕메츠,마이말린,08.03(월) 02:40,"1.55,2.04",짝
2026-08-06T01:07:54+00:00,2026,90,0087,bs,MLB,승패,2,,클리가디 5,0 애리다이,08.03(월) 02:40,"1.54,2.05",홈승
2026-08-06T01:07:54+00:00,2026,90,0088,bs,MLB,승①패,3,승①패,클리가디 5,0 애리다이,08.03(월) 02:40,"2.15,3.25,2.65",홈승
2026-08-06T01:07:54+00:00,2026,90,0089,bs,MLB,핸디캡,2,H -2.5,클리가디 2.5,0 애리다이,08.03(월) 02:40,"2.92,1.26",핸디승
2026-08-06T01:07:54+00:00,2026,90,0090,bs,MLB,언더오버,2,U 7.5,클리가디,애리다이,08.03(월) 02:40,"1.87,1.66",언더
2026-08-06T01:07:54+00:00,2026,90,0091,bs,MLB,홀짝,2,,클리가디,애리다이,08.03(월) 02:40,"1.55,2.04",홀
2026-08-06T01:07:54+00:00,2026,90,0092,bs,MLB,승패,2,,신시레즈 10,2 피츠파이,08.03(월) 02:40,"1.50,2.13",홈승
2026-08-06T01:07:54+00:00,2026,90,0093,bs,MLB,승①패,3,승①패,신시레즈 10,2 피츠파이,08.03(월) 02:40,"2.05,3.35,2.75",홈승
2026-08-06T01:07:54+00:00,2026,90,0094,bs,MLB,핸디캡,2,H -2.5,신시레즈 7.5,2 피츠파이,08.03(월) 02:40,"2.77,1.29",핸디승
2026-08-06T01:07:54+00:00,2026,90,0095,bs,MLB,언더오버,2,U 8.5,신시레즈,피츠파이,08.03(월) 02:40,"1.66,1.87",오버
2026-08-06T01:07:54+00:00,2026,90,0096,bs,MLB,홀짝,2,,신시레즈,피츠파이,08.03(월) 02:40,"1.55,2.04",짝
2026-08-06T01:07:54+00:00,2026,90,0097,bs,MLB,승패,2,,휴스애스 7,3 텍사레인,08.03(월) 03:10,"1.63,1.91",홈승
2026-08-06T01:07:54+00:00,2026,90,0098,bs,MLB,승①패,3,승①패,휴스애스 7,3 텍사레인,08.03(월) 03:10,"2.28,3.30,2.45",홈승
2026-08-06T01:07:54+00:00,2026,90,0099,bs,MLB,핸디캡,2,H -2.5,휴스애스 4.5,3 텍사레인,08.03(월) 03:10,"3.16,1.22",핸디승
2026-08-06T01:07:54+00:00,2026,90,0100,bs,MLB,언더오버,2,U 8.5,휴스애스,텍사레인,08.03(월) 03:10,"1.81,1.71",오버
2026-08-06T01:07:54+00:00,2026,90,0101,bs,MLB,홀짝,2,,휴스애스,텍사레인,08.03(월) 03:10,"1.55,2.04",짝
2026-08-06T01:07:54+00:00,2026,90,0102,bs,MLB,승패,2,,시카컵스 1,2 뉴욕양키,08.03(월) 03:20,"1.93,1.62",홈패
2026-08-06T01:07:54+00:00,2026,90,0103,bs,MLB,승①패,3,승①패,시카컵스 1,2 뉴욕양키,08.03(월) 03:20,"2.95,3.05,2.07",①
2026-08-06T01:07:54+00:00,2026,90,0104,bs,MLB,핸디캡,2,H +2.5,시카컵스 3.5,2 뉴욕양키,08.03(월) 03:20,"1.29,2.77",핸디승
2026-08-06T01:07:54+00:00,2026,90,0105,bs,MLB,언더오버,2,U 6.5,시카컵스,뉴욕양키,08.03(월) 03:20,"1.78,1.74",언더
2026-08-06T01:07:54+00:00,2026,90,0106,bs,MLB,홀짝,2,,시카컵스,뉴욕양키,08.03(월) 03:20,"1.54,2.05",홀
2026-08-06T01:07:54+00:00,2026,90,0107,bs,MLB,승패,2,,콜로로키 8,1 캔자로얄,08.03(월) 04:10,"1.77,1.75",홈승
2026-08-06T01:07:54+00:00,2026,90,0108,bs,MLB,승①패,3,승①패,콜로로키 8,1 캔자로얄,08.03(월) 04:10,"2.50,3.50,2.16",홈승
2026-08-06T01:07:54+00:00,2026,90,0109,bs,MLB,핸디캡,2,H +2.5,콜로로키 10.5,1 캔자로얄,08.03(월) 04:10,"1.28,2.82",핸디승
2026-08-06T01:07:54+00:00,2026,90,0110,bs,MLB,언더오버,2,U 12.5,콜로로키,캔자로얄,08.03(월) 04:10,"1.68,1.85",언더
2026-08-06T01:07:54+00:00,2026,90,0111,bs,MLB,홀짝,2,,콜로로키,캔자로얄,08.03(월) 04:10,"1.56,2.02",홀
2026-08-06T01:07:54+00:00,2026,90,0112,bs,MLB,승패,2,,LA에인절 3,0 밀워브루,08.03(월) 04:15,"2.82,1.28",홈승
2026-08-06T01:07:54+00:00,2026,90,0113,bs,MLB,승①패,3,승①패,LA에인절 3,0 밀워브루,08.03(월) 04:15,"4.75,3.50,1.53",홈승
2026-08-06T01:07:54+00:00,2026,90,0114,bs,MLB,핸디캡,2,H +2.5,LA에인절 5.5,0 밀워브루,08.03(월) 04:15,"1.61,1.94",핸디승
2026-08-06T01:07:54+00:00,2026,90,0115,bs,MLB,언더오버,2,U 7.5,LA에인절,밀워브루,08.03(월) 04:15,"1.70,1.82",언더
2026-08-06T01:07:54+00:00,2026,90,0116,bs,MLB,홀짝,2,,LA에인절,밀워브루,08.03(월) 04:15,"1.57,2.00",홀
2026-08-06T01:07:54+00:00,2026,90,0117,sc,축클럽친,승무패,3,,리버풀 2,4 리즈U,08.03(월) 05:00,"1.58,3.80,3.95",홈패
2026-08-06T01:07:54+00:00,2026,90,0118,sc,축클럽친,핸디캡,3,H -1.0,리버풀 1,4 리즈U,08.03(월) 05:00,"2.65,3.55,2.04",핸디패
2026-08-06T01:07:54+00:00,2026,90,0119,sc,축클럽친,언더오버,2,U 3.5,리버풀,리즈U,08.03(월) 05:00,"1.56,2.02",오버
2026-08-06T01:07:54+00:00,2026,90,0120,sc,축클럽친,홀짝,2,,리버풀,리즈U,08.03(월) 05:00,"1.76,1.76",짝
2026-08-06T01:07:54+00:00,2026,90,0121,bs,MLB,승패,2,,애슬레틱 0,11 디트타이,08.03(월) 05:05,"1.81,1.71",홈패
2026-08-06T01:07:54+00:00,2026,90,0122,bs,MLB,승①패,3,승①패,애슬레틱 0,11 디트타이,08.03(월) 05:05,"2.60,3.45,2.11",홈패
2026-08-06T01:07:54+00:00,2026,90,0123,bs,MLB,핸디캡,2,H +2.5,애슬레틱 2.5,11 디트타이,08.03(월) 05:05,"1.29,2.77",핸디패
2026-08-06T01:07:54+00:00,2026,90,0124,bs,MLB,언더오버,2,U 11.5,애슬레틱,디트타이,08.03(월) 05:05,"1.60,1.96",언더
2026-08-06T01:07:54+00:00,2026,90,0125,bs,MLB,홀짝,2,,애슬레틱,디트타이,08.03(월) 05:05,"1.56,2.02",홀
2026-08-06T01:07:54+00:00,2026,90,0126,bs,MLB,승패,2,,시애매리 7,6 미네트윈,08.03(월) 05:10,"1.55,2.04",홈승
2026-08-06T01:07:54+00:00,2026,90,0127,bs,MLB,승①패,3,승①패,시애매리 7,6 미네트윈,08.03(월) 05:10,"2.18,3.20,2.65",①
2026-08-06T01:07:54+00:00,2026,90,0128,bs,MLB,핸디캡,2,H -2.5,시애매리 4.5,6 미네트윈,08.03(월) 05:10,"3.03,1.24",핸디패
2026-08-06T01:07:54+00:00,2026,90,0129,bs,MLB,언더오버,2,U 6.5,시애매리,미네트윈,08.03(월) 05:10,"1.96,1.60",오버
2026-08-06T01:07:54+00:00,2026,90,0130,bs,MLB,홀짝,2,,시애매리,미네트윈,08.03(월) 05:10,"1.54,2.05",홀
2026-08-06T01:07:54+00:00,2026,90,0131,bs,MLB,승패,2,,샌디파드 5,4 샌프자이,08.03(월) 05:10,"1.51,2.11",홈승
2026-08-06T01:07:54+00:00,2026,90,0132,bs,MLB,승①패,3,승①패,샌디파드 5,4 샌프자이,08.03(월) 05:10,"2.07,3.30,2.75",①
2026-08-06T01:07:54+00:00,2026,90,0133,bs,MLB,핸디캡,2,H -2.5,샌디파드 2.5,4 샌프자이,08.03(월) 05:10,"2.82,1.28",핸디패
2026-08-06T01:07:54+00:00,2026,90,0134,bs,MLB,언더오버,2,U 7.5,샌디파드,샌프자이,08.03(월) 05:10,"1.87,1.66",오버
2026-08-06T01:07:54+00:00,2026,90,0135,bs,MLB,홀짝,2,,샌디파드,샌프자이,08.03(월) 05:10,"1.55,2.04",홀
2026-08-06T01:07:54+00:00,2026,90,0136,bs,MLB,승패,2,,LA다저스 4,8 보스레드,08.03(월) 08:20,"1.46,2.22",홈패
2026-08-06T01:07:54+00:00,2026,90,0137,bs,MLB,승①패,3,승①패,LA다저스 4,8 보스레드,08.03(월) 08:20,"1.98,3.40,2.85",홈패
2026-08-06T01:07:54+00:00,2026,90,0138,bs,MLB,핸디캡,2,H -2.5,LA다저스 1.5,8 보스레드,08.03(월) 08:20,"2.60,1.33",핸디패
2026-08-06T01:07:54+00:00,2026,90,0139,bs,MLB,언더오버,2,U 8.5,LA다저스,보스레드,08.03(월) 08:20,"1.89,1.65",오버
2026-08-06T01:07:54+00:00,2026,90,0140,bs,MLB,홀짝,2,,LA다저스,보스레드,08.03(월) 08:20,"1.56,2.02",짝
2026-08-06T01:07:54+00:00,2026,90,0141,bs,MLB,전반승무패,3,h(전반),LA다저스 3,5 보스레드,08.03(월) 08:20,"1.65,6.30,2.60",홈패
2026-08-06T01:07:54+00:00,2026,90,0142,bs,MLB,전반핸디캡,2,h H -1.5,LA다저스 1.5,5 보스레드,08.03(월) 08:20,"2.29,1.43",핸디패
2026-08-06T01:07:54+00:00,2026,90,0143,bs,MLB,전반언더오버,2,h U 4.5,LA다저스,보스레드,08.03(월) 08:20,"1.91,1.63",오버
2026-08-06T01:07:54+00:00,2026,90,0149,sc,축ASEA챔,승무패,3,,인도네시 0,3 베트남,08.03(월) 22:30,"2.20,3.15,2.65",홈패
2026-08-06T01:07:54+00:00,2026,90,0150,sc,축ASEA챔,핸디캡,3,H -1.0,인도네시 -1,3 베트남,08.03(월) 22:30,"4.45,3.75,1.52",핸디패
2026-08-06T01:07:54+00:00,2026,90,0151,sc,축ASEA챔,언더오버,2,U 2.5,인도네시,베트남,08.03(월) 22:30,"1.84,1.69",오버
2026-08-06T01:07:54+00:00,2026,90,0152,sc,축ASEA챔,홀짝,2,,인도네시,베트남,08.03(월) 22:30,"1.77,1.75",홀
2026-08-06T01:23:08+00:00,2026,89,9152,bs,MLB,승패,2,,뉴욕메츠,애틀브레,07.29(수) 08:10,"1.00,1.00",취소
2026-08-06T01:23:08+00:00,2026,89,9153,bs,MLB,승①패,3,승①패,뉴욕메츠,애틀브레,07.29(수) 08:10,"1.00,1.00,1.00",취소
2026-08-06T01:23:08+00:00,2026,89,9154,bs,MLB,핸디캡,2,H +2.5,뉴욕메츠,애틀브레,07.29(수) 08:10,"1.00,1.00",취소
2026-08-06T01:23:08+00:00,2026,89,9155,bs,MLB,언더오버,2,U 7.5,뉴욕메츠,애틀브레,07.29(수) 08:10,"1.00,1.00",취소
2026-08-06T01:23:08+00:00,2026,89,9156,bs,MLB,홀짝,2,,뉴욕메츠,애틀브레,07.29(수) 08:10,"1.00,1.00",취소
2026-08-06T01:23:08+00:00,2026,89,9162,bs,MLB,승패,2,,미네트윈 3,2 캔자로얄,07.29(수) 08:40,"1.49,2.15",홈승
2026-08-06T01:23:08+00:00,2026,89,9163,bs,MLB,승①패,3,승①패,미네트윈 3,2 캔자로얄,07.29(수) 08:40,"1.95,3.50,2.85",①
2026-08-06T01:23:08+00:00,2026,89,9164,bs,MLB,핸디캡,2,H -2.5,미네트윈 0.5,2 캔자로얄,07.29(수) 08:40,"2.68,1.31",핸디패
2026-08-06T01:23:08+00:00,2026,89,9165,bs,MLB,언더오버,2,U 9.5,미네트윈,캔자로얄,07.29(수) 08:40,"1.67,1.86",언더
2026-08-06T01:23:08+00:00,2026,89,9166,bs,MLB,홀짝,2,,미네트윈,캔자로얄,07.29(수) 08:40,"1.56,2.02",홀
2026-08-06T01:23:08+00:00,2026,89,9167,bs,MLB,승패,2,,시카화이 2,3 뉴욕양키,07.29(수) 08:40,"2.02,1.56",홈패
2026-08-06T01:23:08+00:00,2026,89,9168,bs,MLB,승①패,3,승①패,시카화이 2,3 뉴욕양키,07.29(수) 08:40,"3.05,3.30,1.93",①
2026-08-06T01:23:08+00:00,2026,89,9169,bs,MLB,핸디캡,2,H +2.5,시카화이 4.5,3 뉴욕양키,07.29(수) 08:40,"1.35,2.53",핸디승
2026-08-06T01:23:08+00:00,2026,89,9170,bs,MLB,언더오버,2,U 8.5,시카화이,뉴욕양키,07.29(수) 08:40,"1.66,1.87",언더
2026-08-06T01:23:08+00:00,2026,89,9171,bs,MLB,홀짝,2,,시카화이,뉴욕양키,07.29(수) 08:40,"1.55,2.04",홀
2026-08-06T01:23:08+00:00,2026,89,9172,bs,MLB,승패,2,,세인카디 2,10 시카컵스,07.29(수) 08:45,"1.78,1.74",홈패
2026-08-06T01:23:08+00:00,2026,89,9173,bs,MLB,승①패,3,승①패,세인카디 2,10 시카컵스,07.29(수) 08:45,"2.60,3.30,2.17",홈패
2026-08-06T01:23:08+00:00,2026,89,9174,bs,MLB,핸디캡,2,H +2.5,세인카디 4.5,10 시카컵스,07.29(수) 08:45,"1.26,2.92",핸디패
2026-08-06T01:23:08+00:00,2026,89,9175,bs,MLB,언더오버,2,U 8.5,세인카디,시카컵스,07.29(수) 08:45,"1.81,1.71",오버
2026-08-06T01:23:08+00:00,2026,89,9176,bs,MLB,홀짝,2,,세인카디,시카컵스,07.29(수) 08:45,"1.55,2.04",짝
2026-08-06T01:23:08+00:00,2026,89,9177,bs,MLB,승패,2,,LA에인절 2,3 휴스애스,07.29(수) 10:38,"1.82,1.70",홈패
2026-08-06T01:23:08+00:00,2026,89,9178,bs,MLB,승①패,3,승①패,LA에인절 2,3 휴스애스,07.29(수) 10:38,"2.60,3.30,2.16",①
2026-08-06T01:23:08+00:00,2026,89,9179,bs,MLB,핸디캡,2,H +2.5,LA에인절 4.5,3 휴스애스,07.29(수) 10:38,"1.25,2.97",핸디승
2026-08-06T01:23:08+00:00,2026,89,9180,bs,MLB,언더오버,2,U 8.5,LA에인절,휴스애스,07.29(수) 10:38,"1.66,1.87",언더
2026-08-06T01:23:08+00:00,2026,89,9181,bs,MLB,홀짝,2,,LA에인절,휴스애스,07.29(수) 10:38,"1.55,2.04",홀
2026-08-06T01:23:08+00:00,2026,89,9182,bs,MLB,승패,2,,샌디파드 8,7 콜로로키,07.29(수) 10:40,"1.38,2.43",홈승
2026-08-06T01:23:08+00:00,2026,89,9183,bs,MLB,승①패,3,승①패,샌디파드 8,7 콜로로키,07.29(수) 10:40,"1.73,3.60,3.40",①
2026-08-06T01:23:08+00:00,2026,89,9184,bs,MLB,핸디캡,2,H -2.5,샌디파드 5.5,7 콜로로키,07.29(수) 10:40,"2.31,1.42",핸디패
2026-08-06T01:23:08+00:00,2026,89,9185,bs,MLB,언더오버,2,U 8.5,샌디파드,콜로로키,07.29(수) 10:40,"1.73,1.79",오버
2026-08-06T01:23:08+00:00,2026,89,9186,bs,MLB,홀짝,2,,샌디파드,콜로로키,07.29(수) 10:40,"1.56,2.02",홀
2026-08-06T01:23:08+00:00,2026,89,9187,bs,MLB,승패,2,,애슬레틱 4,3 보스레드,07.29(수) 10:40,"2.24,1.45",홈승
2026-08-06T01:23:08+00:00,2026,89,9188,bs,MLB,승①패,3,승①패,애슬레틱 4,3 보스레드,07.29(수) 10:40,"3.40,3.55,1.74",①
2026-08-06T01:23:08+00:00,2026,89,9189,bs,MLB,핸디캡,2,H +2.5,애슬레틱 6.5,3 보스레드,07.29(수) 10:40,"1.41,2.34",핸디승
2026-08-06T01:23:08+00:00,2026,89,9190,bs,MLB,언더오버,2,U 9.5,애슬레틱,보스레드,07.29(수) 10:40,"1.84,1.69",언더
2026-08-06T01:23:08+00:00,2026,89,9191,bs,MLB,홀짝,2,,애슬레틱,보스레드,07.29(수) 10:40,"1.56,2.02",홀
2026-08-06T01:23:08+00:00,2026,89,9192,bs,MLB,승패,2,,샌프자이 2,8 밀워브루,07.29(수) 10:45,"2.11,1.51",홈패
2026-08-06T01:23:08+00:00,2026,89,9193,bs,MLB,승①패,3,승①패,샌프자이 2,8 밀워브루,07.29(수) 10:45,"3.25,3.25,1.87",홈패
2026-08-06T01:23:08+00:00,2026,89,9194,bs,MLB,핸디캡,2,H +2.5,샌프자이 4.5,8 밀워브루,07.29(수) 10:45,"1.38,2.43",핸디패
2026-08-06T01:23:08+00:00,2026,89,9195,bs,MLB,언더오버,2,U 7.5,샌프자이,밀워브루,07.29(수) 10:45,"1.73,1.79",오버
2026-08-06T01:23:08+00:00,2026,89,9196,bs,MLB,홀짝,2,,샌프자이,밀워브루,07.29(수) 10:45,"1.55,2.04",짝
2026-08-06T01:23:08+00:00,2026,89,9197,bs,MLB,승패,2,,LA다저스 6,7 시애매리,07.29(수) 11:10,"1.39,2.40",홈패
2026-08-06T01:23:08+00:00,2026,89,9198,bs,MLB,승①패,3,승①패,LA다저스 6,7 시애매리,07.29(수) 11:10,"1.75,3.75,3.20",①
2026-08-06T01:23:08+00:00,2026,89,9199,bs,MLB,핸디캡,2,H -2.5,LA다저스 3.5,7 시애매리,07.29(수) 11:10,"2.26,1.44",핸디패
2026-08-06T01:23:08+00:00,2026,89,9200,bs,MLB,언더오버,2,U 9.5,LA다저스,시애매리,07.29(수) 11:10,"1.66,1.87",오버
2026-08-06T01:23:08+00:00,2026,89,9201,bs,MLB,홀짝,2,,LA다저스,시애매리,07.29(수) 11:10,"1.56,2.02",홀
2026-08-06T01:23:08+00:00,2026,89,9202,bs,MLB,전반승무패,3,h(전반),LA다저스 5,4 시애매리,07.29(수) 11:10,"1.66,6.50,2.55",홈승
2026-08-06T01:23:08+00:00,2026,89,9203,bs,MLB,전반핸디캡,2,h H -1.5,LA다저스 3.5,4 시애매리,07.29(수) 11:10,"2.29,1.43",핸디패
2026-08-06T01:23:08+00:00,2026,89,9204,bs,MLB,전반언더오버,2,h U 5.5,LA다저스,시애매리,07.29(수) 11:10,"1.61,1.94",오버
2026-08-06T01:23:08+00:00,2026,89,9205,vl,남배네이,승패,2,,슬로베M 3,0 튀르키M,07.29(수) 16:00,"1.28,2.82",홈승
2026-08-06T01:23:08+00:00,2026,89,9206,vl,남배네이,핸디캡,2,H -1.5,슬로베M 1.5,0 튀르키M,07.29(수) 16:00,"1.62,1.93",핸디승
2026-08-06T01:23:08+00:00,2026,89,9207,vl,남배네이,언더오버,2,U 182.5,슬로베M,튀르키M,07.29(수) 16:00,"1.81,1.71",오버
2026-08-06T01:23:08+00:00,2026,89,9208,vl,남배네이,홀짝,2,,슬로베M,튀르키M,07.29(수) 16:00,"1.76,1.76",짝
2026-08-06T01:23:08+00:00,2026,89,9209,bs,KBO,승패,2,,LG 11,18 키움,07.29(수) 18:30,"1.29,2.77",홈패
2026-08-06T01:23:08+00:00,2026,89,9210,bs,KBO,승①패,3,승①패,LG 11,18 키움,07.29(수) 18:30,"1.57,3.80,4.00",홈패
2026-08-06T01:23:08+00:00,2026,89,9211,bs,KBO,핸디캡,2,H -2.5,LG 8.5,18 키움,07.29(수) 18:30,"1.86,1.67",핸디패
2026-08-06T01:23:08+00:00,2026,89,9212,bs,KBO,언더오버,2,U 9.5,LG,키움,07.29(수) 18:30,"1.71,1.81",오버
2026-08-06T01:23:08+00:00,2026,89,9213,bs,KBO,홀짝,2,,LG,키움,07.29(수) 18:30,"1.59,1.97",홀
2026-08-06T01:23:08+00:00,2026,89,9214,bs,KBO,전반승무패,3,h(전반),LG 8,14 키움,07.29(수) 18:30,"1.51,6.50,3.00",홈패
2026-08-06T01:23:08+00:00,2026,89,9215,bs,KBO,전반핸디캡,2,h H -1.5,LG 6.5,14 키움,07.29(수) 18:30,"1.81,1.71",핸디패
2026-08-06T01:23:08+00:00,2026,89,9216,bs,KBO,전반언더오버,2,h U 5.5,LG,키움,07.29(수) 18:30,"1.69,1.84",오버
2026-08-06T01:23:08+00:00,2026,89,9217,bs,KBO,승패,2,,삼성 4,9 KIA,07.29(수) 18:30,"1.49,2.15",홈패
2026-08-06T01:23:08+00:00,2026,89,9218,bs,KBO,승①패,3,승①패,삼성 4,9 KIA,07.29(수) 18:30,"1.98,3.75,2.65",홈패
2026-08-06T01:23:08+00:00,2026,89,9219,bs,KBO,핸디캡,2,H -2.5,삼성 1.5,9 KIA,07.29(수) 18:30,"2.37,1.40",핸디패
2026-08-06T01:23:08+00:00,2026,89,9220,bs,KBO,언더오버,2,U 12.5,삼성,KIA,07.29(수) 18:30,"1.80,1.72",오버
2026-08-06T01:23:08+00:00,2026,89,9221,bs,KBO,홀짝,2,,삼성,KIA,07.29(수) 18:30,"1.57,2.00",홀
2026-08-06T01:23:08+00:00,2026,89,9222,bs,KBO,전반승무패,3,h(전반),삼성 1,6 KIA,07.29(수) 18:30,"1.78,7.50,2.20",홈패
2026-08-06T01:23:08+00:00,2026,89,9223,bs,KBO,전반핸디캡,2,h H -1.5,삼성 -0.5,6 KIA,07.29(수) 18:30,"2.29,1.43",핸디패
2026-08-06T01:23:08+00:00,2026,89,9224,bs,KBO,전반언더오버,2,h U 7.5,삼성,KIA,07.29(수) 18:30,"1.61,1.94",언더
2026-08-06T01:23:08+00:00,2026,89,9225,bs,KBO,승패,2,,SSG 6,2 두산,07.29(수) 18:30,"2.00,1.57",홈승
2026-08-06T01:23:08+00:00,2026,89,9226,bs,KBO,승①패,3,승①패,SSG 6,2 두산,07.29(수) 18:30,"2.90,3.55,1.91",홈승
2026-08-06T01:23:08+00:00,2026,89,9227,bs,KBO,핸디캡,2,H +2.5,SSG 8.5,2 두산,07.29(수) 18:30,"1.37,2.46",핸디승
2026-08-06T01:23:08+00:00,2026,89,9228,bs,KBO,언더오버,2,U 11.5,SSG,두산,07.29(수) 18:30,"1.70,1.82",언더
2026-08-06T01:23:08+00:00,2026,89,9229,bs,KBO,홀짝,2,,SSG,두산,07.29(수) 18:30,"1.57,2.00",짝
2026-08-06T01:23:08+00:00,2026,89,9230,bs,KBO,전반승무패,3,h(전반),SSG 4,1 두산,07.29(수) 18:30,"2.15,6.60,1.88",홈승
2026-08-06T01:23:08+00:00,2026,89,9231,bs,KBO,전반핸디캡,2,h H +1.5,SSG 5.5,1 두산,07.29(수) 18:30,"1.40,2.37",핸디승
2026-08-06T01:23:08+00:00,2026,89,9232,bs,KBO,전반언더오버,2,h U 6.5,SSG,두산,07.29(수) 18:30,"1.65,1.89",언더
2026-08-06T01:23:08+00:00,2026,89,9233,bs,KBO,승패,2,,NC 3,10 KT,07.29(수) 18:30,"1.79,1.73",홈패
2026-08-06T01:23:08+00:00,2026,89,9234,bs,KBO,승①패,3,승①패,NC 3,10 KT,07.29(수) 18:30,"2.50,3.45,2.18",홈패
2026-08-06T01:23:08+00:00,2026,89,9235,bs,KBO,핸디캡,2,H +2.5,NC 5.5,10 KT,07.29(수) 18:30,"1.28,2.82",핸디패
2026-08-06T01:23:08+00:00,2026,89,9236,bs,KBO,언더오버,2,U 10.5,NC,KT,07.29(수) 18:30,"1.74,1.78",오버
2026-08-06T01:23:08+00:00,2026,89,9237,bs,KBO,홀짝,2,,NC,KT,07.29(수) 18:30,"1.57,2.00",홀
2026-08-06T01:23:08+00:00,2026,89,9238,bs,KBO,전반승무패,3,h(전반),NC 1,5 KT,07.29(수) 18:30,"2.05,6.30,1.99",홈패
2026-08-06T01:23:08+00:00,2026,89,9239,bs,KBO,전반핸디캡,2,h H +1.5,NC 2.5,5 KT,07.29(수) 18:30,"1.33,2.60",핸디패
2026-08-06T01:23:08+00:00,2026,89,9240,bs,KBO,전반언더오버,2,h U 5.5,NC,KT,07.29(수) 18:30,"1.74,1.78",오버
2026-08-06T01:23:08+00:00,2026,89,9241,bs,KBO,승패,2,,한화 5,3 롯데,07.29(수) 18:30,"1.66,1.87",홈승
2026-08-06T01:23:08+00:00,2026,89,9242,bs,KBO,승①패,3,승①패,한화 5,3 롯데,07.29(수) 18:30,"2.22,3.45,2.45",홈승
2026-08-06T01:23:08+00:00,2026,89,9243,bs,KBO,핸디캡,2,H -2.5,한화 2.5,3 롯데,07.29(수) 18:30,"2.87,1.27",핸디패
2026-08-06T01:23:08+00:00,2026,89,9244,bs,KBO,언더오버,2,U 9.5,한화,롯데,07.29(수) 18:30,"1.78,1.74",언더
2026-08-06T01:23:08+00:00,2026,89,9245,bs,KBO,홀짝,2,,한화,롯데,07.29(수) 18:30,"1.58,1.99",짝
2026-08-06T01:23:08+00:00,2026,89,9246,bs,KBO,전반승무패,3,h(전반),한화 2,2 롯데,07.29(수) 18:30,"1.95,6.20,2.10",무승부
2026-08-06T01:23:08+00:00,2026,89,9247,bs,KBO,전반핸디캡,2,h H -1.5,한화 0.5,2 롯데,07.29(수) 18:30,"2.68,1.31",핸디패
2026-08-06T01:23:08+00:00,2026,89,9248,bs,KBO,전반언더오버,2,h U 5.5,한화,롯데,07.29(수) 18:30,"1.59,1.97",언더
2026-08-06T01:23:08+00:00,2026,89,9249,sc,한국FA컵,승무패,3,,광주FC 1,0 천안시티,07.29(수) 19:00,"1.70,3.40,3.75",홈승
2026-08-06T01:23:08+00:00,2026,89,9250,sc,한국FA컵,핸디캡,3,H -1.0,광주FC 0,0 천안시티,07.29(수) 19:00,"3.20,3.30,1.87",핸디무
2026-08-06T01:23:08+00:00,2026,89,9251,sc,한국FA컵,언더오버,2,U 2.5,광주FC,천안시티,07.29(수) 19:00,"1.86,1.67",언더
2026-08-06T01:23:08+00:00,2026,89,9252,sc,한국FA컵,홀짝,2,,광주FC,천안시티,07.29(수) 19:00,"1.77,1.75",홀
2026-08-06T01:23:08+00:00,2026,89,9253,sc,한국FA컵,승무패,3,,인천유나 0,1 김포FC,07.29(수) 19:00,"1.41,3.85,5.50",홈패
2026-08-06T01:23:08+00:00,2026,89,9254,sc,한국FA컵,핸디캡,3,H -1.0,인천유나 -1,1 김포FC,07.29(수) 19:00,"2.24,3.30,2.50",핸디패
2026-08-06T01:23:08+00:00,2026,89,9255,sc,한국FA컵,언더오버,2,U 2.5,인천유나,김포FC,07.29(수) 19:00,"2.02,1.56",언더
2026-08-06T01:23:08+00:00,2026,89,9256,sc,한국FA컵,홀짝,2,,인천유나,김포FC,07.29(수) 19:00,"1.76,1.76",홀
2026-08-06T01:23:08+00:00,2026,89,9257,sc,한국FA컵,승무패,3,,김천상무 2,1 수원FC,07.29(수) 19:00,"1.99,3.30,2.90",홈승
2026-08-06T01:23:08+00:00,2026,89,9258,sc,한국FA컵,핸디캡,3,H -1.0,김천상무 1,1 수원FC,07.29(수) 19:00,"3.80,3.55,1.65",핸디무
2026-08-06T01:23:08+00:00,2026,89,9259,sc,한국FA컵,언더오버,2,U 2.5,김천상무,수원FC,07.29(수) 19:00,"2.02,1.56",오버
2026-08-06T01:23:08+00:00,2026,89,9260,sc,한국FA컵,홀짝,2,,김천상무,수원FC,07.29(수) 19:00,"1.76,1.76",홀
2026-08-06T01:23:08+00:00,2026,89,9265,sc,한국FA컵,승무패,3,,부산아이 2,0 FC서울,07.29(수) 19:00,"4.25,3.70,1.55",홈승
2026-08-06T01:23:08+00:00,2026,89,9266,sc,한국FA컵,핸디캡,3,H +1.0,부산아이 3,0 FC서울,07.29(수) 19:00,"2.15,3.25,2.65",핸디승
2026-08-06T01:23:08+00:00,2026,89,9267,sc,한국FA컵,언더오버,2,U 2.5,부산아이,FC서울,07.29(수) 19:00,"1.93,1.62",언더
2026-08-06T01:23:08+00:00,2026,89,9268,sc,한국FA컵,홀짝,2,,부산아이,FC서울,07.29(수) 19:00,"1.77,1.75",짝
2026-08-06T01:23:08+00:00,2026,89,9269,sc,한국FA컵,승무패,3,,부천FC 3,0 파주프런,07.29(수) 19:00,"1.71,3.55,3.55",홈승
2026-08-06T01:23:08+00:00,2026,89,9270,sc,한국FA컵,핸디캡,3,H -1.0,부천FC 2,0 파주프런,07.29(수) 19:00,"3.85,3.10,1.76",핸디승
2026-08-06T01:23:08+00:00,2026,89,9271,sc,한국FA컵,언더오버,2,U 2.5,부천FC,파주프런,07.29(수) 19:00,"1.73,1.79",오버
2026-08-06T01:23:08+00:00,2026,89,9272,sc,한국FA컵,홀짝,2,,부천FC,파주프런,07.29(수) 19:00,"1.77,1.75",홀
2026-08-06T01:23:08+00:00,2026,89,9273,sc,한국FA컵,승무패,3,,충북청주 1,3 FC안양,07.29(수) 19:30,"3.25,3.35,1.84",홈패
2026-08-06T01:23:08+00:00,2026,89,9274,sc,한국FA컵,핸디캡,3,H +1.0,충북청주 2,3 FC안양,07.29(수) 19:30,"1.60,3.25,4.60",핸디패
2026-08-06T01:23:08+00:00,2026,89,9275,sc,한국FA컵,언더오버,2,U 2.5,충북청주,FC안양,07.29(수) 19:30,"1.73,1.79",오버
2026-08-06T01:23:08+00:00,2026,89,9276,sc,한국FA컵,홀짝,2,,충북청주,FC안양,07.29(수) 19:30,"1.77,1.75",짝
2026-08-06T01:23:08+00:00,2026,89,9277,sc,한국FA컵,승무패,3,,제주SKFC 2,2 화성FC,07.29(수) 19:30,"1.62,3.40,4.20",무승부
2026-08-06T01:23:08+00:00,2026,89,9278,sc,한국FA컵,핸디캡,3,H -1.0,제주SKFC 1,2 화성FC,07.29(수) 19:30,"2.85,3.20,2.06",핸디패
2026-08-06T01:23:08+00:00,2026,89,9279,sc,한국FA컵,언더오버,2,U 2.5,제주SKFC,화성FC,07.29(수) 19:30,"1.85,1.68",오버
2026-08-06T01:23:08+00:00,2026,89,9280,sc,한국FA컵,홀짝,2,,제주SKFC,화성FC,07.29(수) 19:30,"1.77,1.75",짝
2026-08-06T01:23:08+00:00,2026,89,9261,sc,한국FA컵,승무패,3,,김해FC 0,1 성남FC,07.29(수) 20:00,"2.65,3.05,2.25",홈패
2026-08-06T01:23:08+00:00,2026,89,9262,sc,한국FA컵,핸디캡,3,H +1.0,김해FC 1,1 성남FC,07.29(수) 20:00,"1.50,3.20,5.90",핸디무
2026-08-06T01:23:08+00:00,2026,89,9263,sc,한국FA컵,언더오버,2,U 2.5,김해FC,성남FC,07.29(수) 20:00,"1.67,1.86",언더
2026-08-06T01:23:08+00:00,2026,89,9264,sc,한국FA컵,홀짝,2,,김해FC,성남FC,07.29(수) 20:00,"1.77,1.75",홀
2026-08-06T01:23:08+00:00,2026,89,9281,vl,남배네이,승패,2,,일본M 3,1 중국M,07.29(수) 20:30,"1.00,1.00",홈승
2026-08-06T01:23:08+00:00,2026,89,9282,vl,남배네이,핸디캡,2,H -2.5,일본M 0.5,1 중국M,07.29(수) 20:30,"1.49,2.15",핸디패
2026-08-06T01:23:08+00:00,2026,89,9283,vl,남배네이,언더오버,2,U 140.5,일본M,중국M,07.29(수) 20:30,"1.76,1.76",오버
2026-08-06T01:23:08+00:00,2026,89,9284,vl,남배네이,홀짝,2,,일본M,중국M,07.29(수) 20:30,"1.76,1.76",홀
2026-08-06T01:23:08+00:00,2026,89,9285,bs,MLB,승패,2,,마이말린 8,6 필라필리,07.30(목) 01:10,"2.34,1.41",홈승
2026-08-06T01:23:08+00:00,2026,89,9286,bs,MLB,승①패,3,승①패,마이말린 8,6 필라필리,07.30(목) 01:10,"3.60,3.45,1.72",홈승
2026-08-06T01:23:08+00:00,2026,89,9287,bs,MLB,핸디캡,2,H +2.5,마이말린 10.5,6 필라필리,07.30(목) 01:10,"1.42,2.31",핸디승
2026-08-06T01:23:08+00:00,2026,89,9288,bs,MLB,언더오버,2,U 7.5,마이말린,필라필리,07.30(목) 01:10,"1.78,1.74",오버
2026-08-06T01:23:08+00:00,2026,89,9289,bs,MLB,홀짝,2,,마이말린,필라필리,07.30(목) 01:10,"1.55,2.04",짝
2026-08-06T01:23:08+00:00,2026,89,9290,bs,MLB,승패,2,,피츠파이 0,3 애리다이,07.30(목) 01:35,"1.62,1.93",홈패
2026-08-06T01:23:08+00:00,2026,89,9291,bs,MLB,승①패,3,승①패,피츠파이 0,3 애리다이,07.30(목) 01:35,"2.28,3.30,2.45",홈패
2026-08-06T01:23:08+00:00,2026,89,9292,bs,MLB,핸디캡,2,H -2.5,피츠파이 -2.5,3 애리다이,07.30(목) 01:35,"3.09,1.23",핸디패
2026-08-06T01:23:08+00:00,2026,89,9293,bs,MLB,언더오버,2,U 8.5,피츠파이,애리다이,07.30(목) 01:35,"1.78,1.74",언더
2026-08-06T01:23:08+00:00,2026,89,9294,bs,MLB,홀짝,2,,피츠파이,애리다이,07.30(목) 01:35,"1.55,2.04",홀
2026-08-06T01:23:08+00:00,2026,89,9295,bs,MLB,승패,2,,워싱내셔 2,5 토론블루,07.30(목) 02:05,"1.89,1.65",홈패
2026-08-06T01:23:08+00:00,2026,89,9296,bs,MLB,승①패,3,승①패,워싱내셔 2,5 토론블루,07.30(목) 02:05,"2.75,3.40,2.03",홈패
2026-08-06T01:23:08+00:00,2026,89,9297,bs,MLB,핸디캡,2,H +2.5,워싱내셔 4.5,5 토론블루,07.30(목) 02:05,"1.31,2.68",핸디패
2026-08-06T01:23:08+00:00,2026,89,9298,bs,MLB,언더오버,2,U 9.5,워싱내셔,토론블루,07.30(목) 02:05,"1.73,1.79",언더
2026-08-06T01:23:08+00:00,2026,89,9299,bs,MLB,홀짝,2,,워싱내셔,토론블루,07.30(목) 02:05,"1.56,2.02",홀
2026-08-06T01:23:08+00:00,2026,89,9300,bs,MLB,승패,2,,뉴욕메츠 3,2 애틀브레,07.30(목) 02:10,"1.79,1.73",홈승
2026-08-06T01:23:08+00:00,2026,89,9301,bs,MLB,승①패,3,승①패,뉴욕메츠 3,2 애틀브레,07.30(목) 02:10,"2.60,3.30,2.17",①
2026-08-06T01:23:08+00:00,2026,89,9302,bs,MLB,핸디캡,2,H +2.5,뉴욕메츠 5.5,2 애틀브레,07.30(목) 02:10,"1.27,2.87",핸디승
2026-08-06T01:23:08+00:00,2026,89,9303,bs,MLB,언더오버,2,U 8.5,뉴욕메츠,애틀브레,07.30(목) 02:10,"1.78,1.74",언더
2026-08-06T01:23:08+00:00,2026,89,9304,bs,MLB,홀짝,2,,뉴욕메츠,애틀브레,07.30(목) 02:10,"1.55,2.04",홀
2026-08-06T01:23:08+00:00,2026,89,9305,bs,MLB,승패,2,,디트타이 9,10 볼티오리,07.30(목) 02:10,"1.43,2.29",홈패
2026-08-06T01:23:08+00:00,2026,89,9306,bs,MLB,승①패,3,승①패,디트타이 9,10 볼티오리,07.30(목) 02:10,"1.87,3.50,3.05",①
2026-08-06T01:23:08+00:00,2026,89,9307,bs,MLB,핸디캡,2,H -2.5,디트타이 6.5,10 볼티오리,07.30(목) 02:10,"2.60,1.33",핸디패
2026-08-06T01:23:08+00:00,2026,89,9308,bs,MLB,언더오버,2,U 7.5,디트타이,볼티오리,07.30(목) 02:10,"1.84,1.69",오버
2026-08-06T01:23:08+00:00,2026,89,9309,bs,MLB,홀짝,2,,디트타이,볼티오리,07.30(목) 02:10,"1.55,2.04",홀
2026-08-06T01:23:08+00:00,2026,89,9310,sc,UCL,승무패,3,,구르니크 1,1 페네르SK,07.30(목) 03:00,"4.95,3.95,1.44",무승부
2026-08-06T01:23:08+00:00,2026,89,9311,sc,UCL,핸디캡,3,H +1.0,구르니크 2,1 페네르SK,07.30(목) 03:00,"2.45,3.20,2.33",핸디승
2026-08-06T01:23:08+00:00,2026,89,9312,sc,UCL,핸디캡,3,H +2.0,구르니크 3,1 페네르SK,07.30(목) 03:00,"1.48,4.10,4.35",핸디승
2026-08-06T01:23:08+00:00,2026,89,9313,sc,UCL,언더오버,2,U 2.5,구르니크,페네르SK,07.30(목) 03:00,"1.90,1.64",언더
2026-08-06T01:23:08+00:00,2026,89,9314,sc,UCL,홀짝,2,,구르니크,페네르SK,07.30(목) 03:00,"1.77,1.75",짝
2026-08-06T01:23:08+00:00,2026,89,9315,sc,UCL,전반승무패,3,h(전반),구르니크 1,1 페네르SK,07.30(목) 03:00,"5.10,2.30,1.93",무승부
2026-08-06T01:23:08+00:00,2026,89,9316,sc,UCL,전반핸디캡,3,h H +1.0,구르니크 2,1 페네르SK,07.30(목) 03:00,"1.64,3.10,4.60",핸디승
2026-08-06T01:23:08+00:00,2026,89,9317,sc,UCL,전반언더오버,2,h U 1.5,구르니크,페네르SK,07.30(목) 03:00,"1.41,2.34",오버
2026-08-06T01:23:08+00:00,2026,89,9318,bs,MLB,승패,2,,샌프자이 16,3 밀워브루,07.30(목) 04:45,"1.84,1.69",홈승
2026-08-06T01:23:08+00:00,2026,89,9319,bs,MLB,승①패,3,승①패,샌프자이 16,3 밀워브루,07.30(목) 04:45,"2.70,3.20,2.14",홈승
2026-08-06T01:23:08+00:00,2026,89,9320,bs,MLB,핸디캡,2,H +2.5,샌프자이 18.5,3 밀워브루,07.30(목) 04:45,"1.27,2.87",핸디승
2026-08-06T01:23:08+00:00,2026,89,9321,bs,MLB,언더오버,2,U 7.5,샌프자이,밀워브루,07.30(목) 04:45,"1.78,1.74",오버
2026-08-06T01:23:08+00:00,2026,89,9322,bs,MLB,홀짝,2,,샌프자이,밀워브루,07.30(목) 04:45,"1.55,2.04",홀
2026-08-06T01:23:08+00:00,2026,89,9323,bs,MLB,승패,2,,샌디파드 3,1 콜로로키,07.30(목) 05:10,"1.54,2.05",홈승
2026-08-06T01:23:08+00:00,2026,89,9324,bs,MLB,승①패,3,승①패,샌디파드 3,1 콜로로키,07.30(목) 05:10,"2.13,3.30,2.65",홈승
2026-08-06T01:23:08+00:00,2026,89,9325,bs,MLB,핸디캡,2,H -2.5,샌디파드 0.5,1 콜로로키,07.30(목) 05:10,"2.92,1.26",핸디패
2026-08-06T01:23:08+00:00,2026,89,9326,bs,MLB,언더오버,2,U 8.5,샌디파드,콜로로키,07.30(목) 05:10,"1.66,1.87",언더
2026-08-06T01:23:08+00:00,2026,89,9327,bs,MLB,홀짝,2,,샌디파드,콜로로키,07.30(목) 05:10,"1.55,2.04",짝
2026-08-06T01:23:08+00:00,2026,89,9328,bs,MLB,승패,2,,탬파레이 3,0 텍사레인,07.30(목) 07:40,"1.54,2.05",홈승
2026-08-06T01:23:08+00:00,2026,89,9329,bs,MLB,승①패,3,승①패,탬파레이 3,0 텍사레인,07.30(목) 07:40,"2.15,3.25,2.65",홈승
2026-08-06T01:23:08+00:00,2026,89,9330,bs,MLB,핸디캡,2,H -2.5,탬파레이 0.5,0 텍사레인,07.30(목) 07:40,"2.92,1.26",핸디승
2026-08-06T01:23:08+00:00,2026,89,9331,bs,MLB,언더오버,2,U 7.5,탬파레이,텍사레인,07.30(목) 07:40,"1.79,1.73",언더
2026-08-06T01:23:08+00:00,2026,89,9332,bs,MLB,홀짝,2,,탬파레이,텍사레인,07.30(목) 07:40,"1.55,2.04",홀
2026-08-06T01:23:08+00:00,2026,89,9333,bs,MLB,승패,2,,신시레즈 1,6 클리가디,07.30(목) 08:10,"1.97,1.59",홈패
2026-08-06T01:23:08+00:00,2026,89,9334,bs,MLB,승①패,3,승①패,신시레즈 1,6 클리가디,07.30(목) 08:10,"2.95,3.35,1.95",홈패
2026-08-06T01:23:08+00:00,2026,89,9335,bs,MLB,핸디캡,2,H +2.5,신시레즈 3.5,6 클리가디,07.30(목) 08:10,"1.34,2.56",핸디패
2026-08-06T01:23:08+00:00,2026,89,9336,bs,MLB,언더오버,2,U 8.5,신시레즈,클리가디,07.30(목) 08:10,"1.94,1.61",언더
2026-08-06T01:23:08+00:00,2026,89,9337,bs,MLB,홀짝,2,,신시레즈,클리가디,07.30(목) 08:10,"1.56,2.02",홀
2026-08-06T01:23:08+00:00,2026,89,9338,bs,MLB,승패,2,,미네트윈 0,4 캔자로얄,07.30(목) 08:40,"1.43,2.29",홈패
2026-08-06T01:23:08+00:00,2026,89,9339,bs,MLB,승①패,3,승①패,미네트윈 0,4 캔자로얄,07.30(목) 08:40,"1.92,3.40,3.00",홈패
2026-08-06T01:23:08+00:00,2026,89,9340,bs,MLB,핸디캡,2,H -2.5,미네트윈 -2.5,4 캔자로얄,07.30(목) 08:40,"2.53,1.35",핸디패
2026-08-06T01:23:08+00:00,2026,89,9341,bs,MLB,언더오버,2,U 8.5,미네트윈,캔자로얄,07.30(목) 08:40,"1.77,1.75",언더
2026-08-06T01:23:08+00:00,2026,89,9342,bs,MLB,홀짝,2,,미네트윈,캔자로얄,07.30(목) 08:40,"1.56,2.02",짝
2026-08-06T01:23:08+00:00,2026,89,9343,bs,MLB,승패,2,,시카화이 6,5 뉴욕양키,07.30(목) 08:40,"2.13,1.50",홈승
2026-08-06T01:23:08+00:00,2026,89,9344,bs,MLB,승①패,3,승①패,시카화이 6,5 뉴욕양키,07.30(목) 08:40,"3.30,3.30,1.84",①
2026-08-06T01:23:08+00:00,2026,89,9345,bs,MLB,핸디캡,2,H +2.5,시카화이 8.5,5 뉴욕양키,07.30(목) 08:40,"1.38,2.43",핸디승
2026-08-06T01:23:08+00:00,2026,89,9346,bs,MLB,언더오버,2,U 7.5,시카화이,뉴욕양키,07.30(목) 08:40,"1.78,1.74",오버
2026-08-06T01:23:08+00:00,2026,89,9347,bs,MLB,홀짝,2,,시카화이,뉴욕양키,07.30(목) 08:40,"1.55,2.04",홀
2026-08-06T01:23:08+00:00,2026,89,9348,bs,MLB,승패,2,,세인카디 3,2 시카컵스,07.30(목) 08:45,"1.80,1.72",홈승
2026-08-06T01:23:08+00:00,2026,89,9349,bs,MLB,승①패,3,승①패,세인카디 3,2 시카컵스,07.30(목) 08:45,"2.65,3.25,2.15",①
2026-08-06T01:23:08+00:00,2026,89,9350,bs,MLB,핸디캡,2,H +2.5,세인카디 5.5,2 시카컵스,07.30(목) 08:45,"1.27,2.87",핸디승
2026-08-06T01:23:08+00:00,2026,89,9351,bs,MLB,언더오버,2,U 8.5,세인카디,시카컵스,07.30(목) 08:45,"1.67,1.86",언더
2026-08-06T01:23:08+00:00,2026,89,9352,bs,MLB,홀짝,2,,세인카디,시카컵스,07.30(목) 08:45,"1.55,2.04",홀
2026-08-06T01:23:08+00:00,2026,89,9353,bs,MLB,승패,2,,LA에인절 4,7 휴스애스,07.30(목) 10:38,"1.89,1.65",홈패
2026-08-06T01:23:08+00:00,2026,89,9354,bs,MLB,승①패,3,승①패,LA에인절 4,7 휴스애스,07.30(목) 10:38,"2.65,3.35,2.11",홈패
2026-08-06T01:23:08+00:00,2026,89,9355,bs,MLB,핸디캡,2,H +2.5,LA에인절 6.5,7 휴스애스,07.30(목) 10:38,"1.29,2.77",핸디패
2026-08-06T01:23:08+00:00,2026,89,9356,bs,MLB,언더오버,2,U 9.5,LA에인절,휴스애스,07.30(목) 10:38,"1.78,1.74",오버
2026-08-06T01:23:08+00:00,2026,89,9357,bs,MLB,홀짝,2,,LA에인절,휴스애스,07.30(목) 10:38,"1.56,2.02",홀
2026-08-06T01:23:08+00:00,2026,89,9358,bs,MLB,승패,2,,애슬레틱 2,4 보스레드,07.30(목) 10:40,"2.13,1.50",홈패
2026-08-06T01:23:08+00:00,2026,89,9359,bs,MLB,승①패,3,승①패,애슬레틱 2,4 보스레드,07.30(목) 10:40,"3.25,3.50,1.80",홈패
2026-08-06T01:23:08+00:00,2026,89,9360,bs,MLB,핸디캡,2,H +2.5,애슬레틱 4.5,4 보스레드,07.30(목) 10:40,"1.42,2.31",핸디승
2026-08-06T01:23:08+00:00,2026,89,9361,bs,MLB,언더오버,2,U 10.5,애슬레틱,보스레드,07.30(목) 10:40,"1.75,1.77",언더
2026-08-06T01:23:08+00:00,2026,89,9362,bs,MLB,홀짝,2,,애슬레틱,보스레드,07.30(목) 10:40,"1.56,2.02",짝
2026-08-06T01:23:08+00:00,2026,89,9363,bs,MLB,승패,2,,LA다저스 4,2 시애매리,07.30(목) 11:10,"1.44,2.26",홈승
2026-08-06T01:23:08+00:00,2026,89,9364,bs,MLB,승①패,3,승①패,LA다저스 4,2 시애매리,07.30(목) 11:10,"1.91,3.50,2.95",홈승
2026-08-06T01:23:08+00:00,2026,89,9365,bs,MLB,핸디캡,2,H -2.5,LA다저스 1.5,2 시애매리,07.30(목) 11:10,"2.40,1.39",핸디패
2026-08-06T01:23:08+00:00,2026,89,9366,bs,MLB,언더오버,2,U 9.5,LA다저스,시애매리,07.30(목) 11:10,"1.76,1.76",언더
2026-08-06T01:23:08+00:00,2026,89,9367,bs,MLB,홀짝,2,,LA다저스,시애매리,07.30(목) 11:10,"1.56,2.02",짝
2026-08-06T01:23:08+00:00,2026,89,9368,bs,MLB,전반승무패,3,h(전반),LA다저스 3,0 시애매리,07.30(목) 11:10,"1.91,5.80,2.20",홈승
2026-08-06T01:23:08+00:00,2026,89,9369,bs,MLB,전반핸디캡,2,h H -1.5,LA다저스 1.5,0 시애매리,07.30(목) 11:10,"2.37,1.40",핸디승
2026-08-06T01:23:08+00:00,2026,89,9370,bs,MLB,전반언더오버,2,h U 5.5,LA다저스,시애매리,07.30(목) 11:10,"1.63,1.91",언더
2026-08-06T01:23:08+00:00,2026,89,9371,vl,남배네이,승패,2,,이탈리M 0,3 미국M,07.30(목) 16:00,"1.52,2.09",홈패
2026-08-06T01:23:08+00:00,2026,89,9372,vl,남배네이,핸디캡,2,H -1.5,이탈리M -1.5,3 미국M,07.30(목) 16:00,"2.11,1.51",핸디패
2026-08-06T01:23:08+00:00,2026,89,9373,vl,남배네이,언더오버,2,U 185.5,이탈리M,미국M,07.30(목) 16:00,"1.87,1.66",언더
2026-08-06T01:23:08+00:00,2026,89,9374,vl,남배네이,홀짝,2,,이탈리M,미국M,07.30(목) 16:00,"1.76,1.76",홀
2026-08-06T01:23:08+00:00,2026,89,9375,bs,KBO,승패,2,,LG 5,3 키움,07.30(목) 18:30,"1.50,2.13",홈승
2026-08-06T01:23:08+00:00,2026,89,9376,bs,KBO,승①패,3,승①패,LG 5,3 키움,07.30(목) 18:30,"1.97,3.45,2.85",홈승
2026-08-06T01:23:08+00:00,2026,89,9377,bs,KBO,핸디캡,2,H -2.5,LG 2.5,3 키움,07.30(목) 18:30,"2.46,1.37",핸디패
2026-08-06T01:23:08+00:00,2026,89,9378,bs,KBO,언더오버,2,U 9.5,LG,키움,07.30(목) 18:30,"1.63,1.91",언더
2026-08-06T01:23:08+00:00,2026,89,9379,bs,KBO,홀짝,2,,LG,키움,07.30(목) 18:30,"1.58,1.99",짝
2026-08-06T01:23:08+00:00,2026,89,9380,bs,KBO,전반승무패,3,h(전반),LG 1,3 키움,07.30(목) 18:30,"1.82,6.10,2.30",홈패
2026-08-06T01:23:08+00:00,2026,89,9381,bs,KBO,전반핸디캡,2,h H -1.5,LG -0.5,3 키움,07.30(목) 18:30,"2.34,1.41",핸디패
2026-08-06T01:23:08+00:00,2026,89,9382,bs,KBO,전반언더오버,2,h U 5.5,LG,키움,07.30(목) 18:30,"1.54,2.05",언더
2026-08-06T01:23:08+00:00,2026,89,9383,bs,KBO,승패,2,,삼성 3,12 KIA,07.30(목) 18:30,"1.53,2.07",홈패
2026-08-06T01:23:08+00:00,2026,89,9384,bs,KBO,승①패,3,승①패,삼성 3,12 KIA,07.30(목) 18:30,"2.02,3.80,2.55",홈패
2026-08-06T01:23:08+00:00,2026,89,9385,bs,KBO,핸디캡,2,H -2.5,삼성 0.5,12 KIA,07.30(목) 18:30,"2.64,1.32",핸디패
2026-08-06T01:23:08+00:00,2026,89,9386,bs,KBO,언더오버,2,U 10.5,삼성,KIA,07.30(목) 18:30,"1.77,1.75",오버
2026-08-06T01:23:08+00:00,2026,89,9387,bs,KBO,홀짝,2,,삼성,KIA,07.30(목) 18:30,"1.57,2.00",홀
2026-08-06T01:23:08+00:00,2026,89,9388,bs,KBO,전반승무패,3,h(전반),삼성 2,6 KIA,07.30(목) 18:30,"1.80,5.90,2.35",홈패
2026-08-06T01:23:08+00:00,2026,89,9389,bs,KBO,전반핸디캡,2,h H -1.5,삼성 0.5,6 KIA,07.30(목) 18:30,"2.34,1.41",핸디패
2026-08-06T01:23:08+00:00,2026,89,9390,bs,KBO,전반언더오버,2,h U 6.5,삼성,KIA,07.30(목) 18:30,"1.57,2.00",오버
2026-08-06T01:23:08+00:00,2026,89,9391,bs,KBO,승패,2,,SSG 3,5 두산,07.30(목) 18:30,"1.91,1.63",홈패
2026-08-06T01:23:08+00:00,2026,89,9392,bs,KBO,승①패,3,승①패,SSG 3,5 두산,07.30(목) 18:30,"2.65,3.55,2.04",홈패
2026-08-06T01:23:08+00:00,2026,89,9393,bs,KBO,핸디캡,2,H +2.5,SSG 5.5,5 두산,07.30(목) 18:30,"1.31,2.68",핸디승
2026-08-06T01:23:08+00:00,2026,89,9394,bs,KBO,언더오버,2,U 9.5,SSG,두산,07.30(목) 18:30,"1.82,1.70",언더
2026-08-06T01:23:08+00:00,2026,89,9395,bs,KBO,홀짝,2,,SSG,두산,07.30(목) 18:30,"1.58,1.99",짝
2026-08-06T01:23:08+00:00,2026,89,9396,bs,KBO,전반승무패,3,h(전반),SSG 3,2 두산,07.30(목) 18:30,"2.15,6.10,1.92",홈승
2026-08-06T01:23:08+00:00,2026,89,9397,bs,KBO,전반핸디캡,2,h H +1.5,SSG 4.5,2 두산,07.30(목) 18:30,"1.35,2.53",핸디승
2026-08-06T01:23:08+00:00,2026,89,9398,bs,KBO,전반언더오버,2,h U 5.5,SSG,두산,07.30(목) 18:30,"1.78,1.74",언더
2026-08-06T01:23:08+00:00,2026,89,9399,bs,KBO,승패,2,,NC 2,10 KT,07.30(목) 18:30,"1.71,1.81",홈패
2026-08-06T01:23:08+00:00,2026,89,9400,bs,KBO,승①패,3,승①패,NC 2,10 KT,07.30(목) 18:30,"2.35,3.50,2.28",홈패
2026-08-06T01:23:08+00:00,2026,89,9401,bs,KBO,핸디캡,2,H -2.5,NC -0.5,10 KT,07.30(목) 18:30,"2.72,1.30",핸디패
2026-08-06T01:23:08+00:00,2026,89,9402,bs,KBO,언더오버,2,U 9.5,NC,KT,07.30(목) 18:30,"1.65,1.89",오버
2026-08-06T01:23:08+00:00,2026,89,9403,bs,KBO,홀짝,2,,NC,KT,07.30(목) 18:30,"1.58,1.99",짝
2026-08-06T01:23:08+00:00,2026,89,9404,bs,KBO,전반승무패,3,h(전반),NC 1,6 KT,07.30(목) 18:30,"1.96,6.10,2.10",홈패
2026-08-06T01:23:08+00:00,2026,89,9405,bs,KBO,전반핸디캡,2,h H -1.5,NC -0.5,6 KT,07.30(목) 18:30,"2.53,1.35",핸디패
2026-08-06T01:23:08+00:00,2026,89,9406,bs,KBO,전반언더오버,2,h U 5.5,NC,KT,07.30(목) 18:30,"1.69,1.84",오버
2026-08-06T01:23:08+00:00,2026,89,9407,bs,KBO,승패,2,,한화 3,2 롯데,07.30(목) 18:30,"1.70,1.82",홈승
2026-08-06T01:23:08+00:00,2026,89,9408,bs,KBO,승①패,3,승①패,한화 3,2 롯데,07.30(목) 18:30,"2.22,3.55,2.40",①
2026-08-06T01:23:08+00:00,2026,89,9409,bs,KBO,핸디캡,2,H -2.5,한화 0.5,2 롯데,07.30(목) 18:30,"3.03,1.24",핸디패
2026-08-06T01:23:08+00:00,2026,89,9410,bs,KBO,언더오버,2,U 9.5,한화,롯데,07.30(목) 18:30,"1.87,1.66",언더
2026-08-06T01:23:08+00:00,2026,89,9411,bs,KBO,홀짝,2,,한화,롯데,07.30(목) 18:30,"1.58,1.99",홀
2026-08-06T01:23:08+00:00,2026,89,9412,bs,KBO,전반승무패,3,h(전반),한화 1,2 롯데,07.30(목) 18:30,"1.96,6.10,2.10",홈패
2026-08-06T01:23:08+00:00,2026,89,9413,bs,KBO,전반핸디캡,2,h H -1.5,한화 -0.5,2 롯데,07.30(목) 18:30,"2.60,1.33",핸디패
2026-08-06T01:23:08+00:00,2026,89,9414,bs,KBO,전반언더오버,2,h U 5.5,한화,롯데,07.30(목) 18:30,"1.75,1.77",언더
2026-08-06T01:23:08+00:00,2026,89,9415,vl,남배네이,승패,2,,폴란드M 3,1 우크라M,07.30(목) 20:30,"1.09,4.57",홈승
2026-08-06T01:23:08+00:00,2026,89,9416,vl,남배네이,핸디캡,2,H -2.5,폴란드M 0.5,1 우크라M,07.30(목) 20:30,"2.17,1.48",핸디패
2026-08-06T01:23:08+00:00,2026,89,9417,vl,남배네이,언더오버,2,U 177.5,폴란드M,우크라M,07.30(목) 20:30,"1.87,1.66",오버
2026-08-06T01:23:08+00:00,2026,89,9418,vl,남배네이,홀짝,2,,폴란드M,우크라M,07.30(목) 20:30,"1.76,1.76",홀
2026-08-06T01:23:08+00:00,2026,89,9419,bs,MLB,승패,2,,탬파레이 3,2 텍사레인,07.31(금) 01:10,"1.53,2.07",홈승
2026-08-06T01:23:08+00:00,2026,89,9420,bs,MLB,승①패,3,승①패,탬파레이 3,2 텍사레인,07.31(금) 01:10,"2.06,3.40,2.70",①
2026-08-06T01:23:08+00:00,2026,89,9421,bs,MLB,핸디캡,2,H -2.5,탬파레이 0.5,2 텍사레인,07.31(금) 01:10,"2.82,1.28",핸디패
2026-08-06T01:23:08+00:00,2026,89,9422,bs,MLB,언더오버,2,U 7.5,탬파레이,텍사레인,07.31(금) 01:10,"1.71,1.81",언더
2026-08-06T01:23:08+00:00,2026,89,9423,bs,MLB,홀짝,2,,탬파레이,텍사레인,07.31(금) 01:10,"1.55,2.04",홀
2026-08-06T01:23:08+00:00,2026,89,9424,bs,MLB,승패,2,,미네트윈 4,3 캔자로얄,07.31(금) 02:40,"1.55,2.04",홈승
2026-08-06T01:23:08+00:00,2026,89,9425,bs,MLB,승①패,3,승①패,미네트윈 4,3 캔자로얄,07.31(금) 02:40,"2.12,3.40,2.60",①
2026-08-06T01:23:08+00:00,2026,89,9426,bs,MLB,핸디캡,2,H -2.5,미네트윈 1.5,3 캔자로얄,07.31(금) 02:40,"2.87,1.27",핸디패
2026-08-06T01:23:08+00:00,2026,89,9427,bs,MLB,언더오버,2,U 9.5,미네트윈,캔자로얄,07.31(금) 02:40,"1.72,1.80",언더
2026-08-06T01:23:08+00:00,2026,89,9428,bs,MLB,홀짝,2,,미네트윈,캔자로얄,07.31(금) 02:40,"1.56,2.02",홀
2026-08-06T01:23:08+00:00,2026,89,9429,bs,MLB,승패,2,,시카화이 2,1 뉴욕양키,07.31(금) 03:10,"1.73,1.79",홈승
2026-08-06T01:23:08+00:00,2026,89,9430,bs,MLB,승①패,3,승①패,시카화이 2,1 뉴욕양키,07.31(금) 03:10,"2.50,3.25,2.26",①
2026-08-06T01:23:08+00:00,2026,89,9431,bs,MLB,핸디캡,2,H -2.5,시카화이 -0.5,1 뉴욕양키,07.31(금) 03:10,"3.46,1.18",핸디패
2026-08-06T01:23:08+00:00,2026,89,9432,bs,MLB,언더오버,2,U 7.5,시카화이,뉴욕양키,07.31(금) 03:10,"1.87,1.66",언더
2026-08-06T01:23:08+00:00,2026,89,9433,bs,MLB,홀짝,2,,시카화이,뉴욕양키,07.31(금) 03:10,"1.55,2.04",홀
2026-08-06T01:23:08+00:00,2026,89,9434,bs,MLB,승패,2,,세인카디 2,4 시카컵스,07.31(금) 03:15,"1.66,1.87",홈패
2026-08-06T01:23:08+00:00,2026,89,9435,bs,MLB,승①패,3,승①패,세인카디 2,4 시카컵스,07.31(금) 03:15,"2.35,3.25,2.40",홈패
2026-08-06T01:23:08+00:00,2026,89,9436,bs,MLB,핸디캡,2,H -2.5,세인카디 -0.5,4 시카컵스,07.31(금) 03:15,"3.23,1.21",핸디패
2026-08-06T01:23:08+00:00,2026,89,9437,bs,MLB,언더오버,2,U 8.5,세인카디,시카컵스,07.31(금) 03:15,"1.74,1.78",언더
2026-08-06T01:23:08+00:00,2026,89,9438,bs,MLB,홀짝,2,,세인카디,시카컵스,07.31(금) 03:15,"1.55,2.04",짝
2026-08-06T01:23:08+00:00,2026,89,9439,bs,MLB,승패,2,,뉴욕메츠 4,2 마이말린,07.31(금) 08:10,"1.59,1.97",홈승
2026-08-06T01:23:08+00:00,2026,89,9440,bs,MLB,승①패,3,승①패,뉴욕메츠 4,2 마이말린,07.31(금) 08:10,"2.27,3.15,2.55",홈승
2026-08-06T01:23:08+00:00,2026,89,9441,bs,MLB,핸디캡,2,H -2.5,뉴욕메츠 1.5,2 마이말린,07.31(금) 08:10,"3.16,1.22",핸디패
2026-08-06T01:23:08+00:00,2026,89,9442,bs,MLB,언더오버,2,U 7.5,뉴욕메츠,마이말린,07.31(금) 08:10,"1.60,1.96",언더
2026-08-06T01:23:08+00:00,2026,89,9443,bs,MLB,홀짝,2,,뉴욕메츠,마이말린,07.31(금) 08:10,"1.54,2.05",짝
2026-08-06T01:23:08+00:00,2026,89,9444,bs,MLB,승패,2,,신시레즈 3,2 피츠파이,07.31(금) 08:10,"1.80,1.72",홈승
2026-08-06T01:23:08+00:00,2026,89,9445,bs,MLB,승①패,3,승①패,신시레즈 3,2 피츠파이,07.31(금) 08:10,"2.60,3.35,2.14",①
2026-08-06T01:23:08+00:00,2026,89,9446,bs,MLB,핸디캡,2,H +2.5,신시레즈 5.5,2 피츠파이,07.31(금) 08:10,"1.28,2.82",핸디승
2026-08-06T01:23:08+00:00,2026,89,9447,bs,MLB,언더오버,2,U 9.5,신시레즈,피츠파이,07.31(금) 08:10,"1.72,1.80",언더
2026-08-06T01:23:08+00:00,2026,89,9448,bs,MLB,홀짝,2,,신시레즈,피츠파이,07.31(금) 08:10,"1.56,2.02",홀
2026-08-06T01:23:08+00:00,2026,89,9449,bs,MLB,승패,2,,애틀브레 5,4 워싱내셔,07.31(금) 08:15,"1.52,2.09",홈승
2026-08-06T01:23:08+00:00,2026,89,9450,bs,MLB,승①패,3,승①패,애틀브레 5,4 워싱내셔,07.31(금) 08:15,"2.06,3.40,2.70",①
2026-08-06T01:23:08+00:00,2026,89,9451,bs,MLB,핸디캡,2,H -2.5,애틀브레 2.5,4 워싱내셔,07.31(금) 08:15,"2.77,1.29",핸디패
2026-08-06T01:23:08+00:00,2026,89,9452,bs,MLB,언더오버,2,U 9.5,애틀브레,워싱내셔,07.31(금) 08:15,"1.72,1.80",언더
2026-08-06T01:23:08+00:00,2026,89,9453,bs,MLB,홀짝,2,,애틀브레,워싱내셔,07.31(금) 08:15,"1.56,2.02",홀
2026-08-06T01:23:08+00:00,2026,89,9454,sc,축클럽친,승무패,3,,리즈U 1,0 선덜랜드,07.31(금) 08:30,"2.15,3.25,2.65",홈승
2026-08-06T01:23:08+00:00,2026,89,9455,sc,축클럽친,핸디캡,3,H -1.0,리즈U 0,0 선덜랜드,07.31(금) 08:30,"4.30,3.75,1.54",핸디무
2026-08-06T01:23:08+00:00,2026,89,9456,sc,축클럽친,언더오버,2,U 2.5,리즈U,선덜랜드,07.31(금) 08:30,"1.96,1.60",언더
2026-08-06T01:23:08+00:00,2026,89,9457,sc,축클럽친,홀짝,2,,리즈U,선덜랜드,07.31(금) 08:30,"1.77,1.75",홀
2026-08-06T01:23:08+00:00,2026,89,9458,bs,MLB,승패,2,,샌디파드 1,4 샌프자이,07.31(금) 10:40,"1.61,1.94",홈패
2026-08-06T01:23:08+00:00,2026,89,9459,bs,MLB,승①패,3,승①패,샌디파드 1,4 샌프자이,07.31(금) 10:40,"2.24,3.30,2.50",홈패
2026-08-06T01:23:08+00:00,2026,89,9460,bs,MLB,핸디캡,2,H -2.5,샌디파드 -1.5,4 샌프자이,07.31(금) 10:40,"3.09,1.23",핸디패
2026-08-06T01:23:08+00:00,2026,89,9461,bs,MLB,언더오버,2,U 8.5,샌디파드,샌프자이,07.31(금) 10:40,"1.74,1.78",언더
2026-08-06T01:23:08+00:00,2026,89,9462,bs,MLB,홀짝,2,,샌디파드,샌프자이,07.31(금) 10:40,"1.55,2.04",홀
2026-08-06T01:23:08+00:00,2026,89,9463,bs,MLB,승패,2,,애슬레틱 4,5 보스레드,07.31(금) 10:40,"2.19,1.47",홈패
2026-08-06T01:23:08+00:00,2026,89,9464,bs,MLB,승①패,3,승①패,애슬레틱 4,5 보스레드,07.31(금) 10:40,"3.40,3.65,1.72",①
2026-08-06T01:23:08+00:00,2026,89,9465,bs,MLB,핸디캡,2,H +2.5,애슬레틱 6.5,5 보스레드,07.31(금) 10:40,"1.45,2.24",핸디승
2026-08-06T01:23:08+00:00,2026,89,9466,bs,MLB,언더오버,2,U 10.5,애슬레틱,보스레드,07.31(금) 10:40,"1.73,1.79",언더
2026-08-06T01:23:08+00:00,2026,89,9467,bs,MLB,홀짝,2,,애슬레틱,보스레드,07.31(금) 10:40,"1.56,2.02",홀
2026-08-06T01:23:08+00:00,2026,89,9468,bs,MLB,승패,2,,LA다저스 6,2 시애매리,07.31(금) 11:10,"1.51,2.11",홈승
2026-08-06T01:23:08+00:00,2026,89,9469,bs,MLB,승①패,3,승①패,LA다저스 6,2 시애매리,07.31(금) 11:10,"1.99,3.45,2.80",홈승
2026-08-06T01:23:08+00:00,2026,89,9470,bs,MLB,핸디캡,2,H -2.5,LA다저스 3.5,2 시애매리,07.31(금) 11:10,"2.77,1.29",핸디승
2026-08-06T01:23:08+00:00,2026,89,9471,bs,MLB,언더오버,2,U 8.5,LA다저스,시애매리,07.31(금) 11:10,"1.74,1.78",언더
2026-08-06T01:23:08+00:00,2026,89,9472,bs,MLB,홀짝,2,,LA다저스,시애매리,07.31(금) 11:10,"1.55,2.04",짝
2026-08-06T01:23:08+00:00,2026,89,9473,bs,MLB,전반승무패,3,h(전반),LA다저스 5,0 시애매리,07.31(금) 11:10,"1.74,6.00,2.45",홈승
2026-08-06T01:23:08+00:00,2026,89,9474,bs,MLB,전반핸디캡,2,h H -1.5,LA다저스 3.5,0 시애매리,07.31(금) 11:10,"2.46,1.37",핸디승
2026-08-06T01:23:08+00:00,2026,89,9475,bs,MLB,전반언더오버,2,h U 4.5,LA다저스,시애매리,07.31(금) 11:10,"1.85,1.68",오버
2026-08-06T01:23:08+00:00,2026,89,9496,bs,NPB,승패,2,,라쿠텐 0,0 소프트뱅,07.31(금) 18:00,"1.00,1.00",취소
2026-08-06T01:23:08+00:00,2026,89,9497,bs,NPB,승①패,2,승①패,라쿠텐 0,0 소프트뱅,07.31(금) 18:00,"1.00,1.00",취소
2026-08-06T01:23:08+00:00,2026,89,9498,bs,NPB,핸디캡,2,H 0.0,라쿠텐 0,0 소프트뱅,07.31(금) 18:00,"1.00,1.00",취소
2026-08-06T01:23:08+00:00,2026,89,9499,bs,NPB,언더오버,2,U 0.0,라쿠텐,소프트뱅,07.31(금) 18:00,"1.00,1.00",취소
2026-08-06T01:23:08+00:00,2026,89,9500,bs,NPB,홀짝,2,,라쿠텐,소프트뱅,07.31(금) 18:00,"1.00,1.00",취소
2026-08-06T01:23:08+00:00,2026,89,9546,sc,축ASEA챔,승무패,3,,베트남 0,0 싱가포르,07.31(금) 22:00,"1.10,6.00,13.50",무승부
2026-08-06T01:23:08+00:00,2026,89,9547,sc,축ASEA챔,핸디캡,3,H -1.0,베트남 -1,0 싱가포르,07.31(금) 22:00,"1.40,3.95,5.50",핸디패
2026-08-06T01:23:08+00:00,2026,89,9548,sc,축ASEA챔,핸디캡,3,H -2.0,베트남 -2,0 싱가포르,07.31(금) 22:00,"2.07,3.45,2.65",핸디패
2026-08-06T01:23:08+00:00,2026,89,9549,sc,축ASEA챔,핸디캡,2,H -3.5,베트남 -3.5,0 싱가포르,07.31(금) 22:00,"3.23,1.21",핸디패
2026-08-06T01:23:08+00:00,2026,89,9550,sc,축ASEA챔,언더오버,2,U 3.5,베트남,싱가포르,07.31(금) 22:00,"1.62,1.93",언더
2026-08-06T01:23:08+00:00,2026,89,9551,sc,축ASEA챔,홀짝,2,,베트남,싱가포르,07.31(금) 22:00,"1.76,1.76",짝
2026-08-06T01:23:08+00:00,2026,90,9444,bs,MLB,승패,2,,신시레즈 3,2 피츠파이,07.31(금) 08:10,"1.80,1.72",홈승
2026-08-06T01:23:08+00:00,2026,90,9445,bs,MLB,승①패,3,승①패,신시레즈 3,2 피츠파이,07.31(금) 08:10,"2.60,3.35,2.14",①
2026-08-06T01:23:08+00:00,2026,90,9446,bs,MLB,핸디캡,2,H +2.5,신시레즈 5.5,2 피츠파이,07.31(금) 08:10,"1.28,2.82",핸디승
2026-08-06T01:23:08+00:00,2026,90,9447,bs,MLB,언더오버,2,U 9.5,신시레즈,피츠파이,07.31(금) 08:10,"1.72,1.80",언더
2026-08-06T01:23:08+00:00,2026,90,9448,bs,MLB,홀짝,2,,신시레즈,피츠파이,07.31(금) 08:10,"1.56,2.02",홀
2026-08-06T01:23:08+00:00,2026,90,9449,bs,MLB,승패,2,,애틀브레 5,4 워싱내셔,07.31(금) 08:15,"1.52,2.09",홈승
2026-08-06T01:23:08+00:00,2026,90,9450,bs,MLB,승①패,3,승①패,애틀브레 5,4 워싱내셔,07.31(금) 08:15,"2.06,3.40,2.70",①
2026-08-06T01:23:08+00:00,2026,90,9451,bs,MLB,핸디캡,2,H -2.5,애틀브레 2.5,4 워싱내셔,07.31(금) 08:15,"2.77,1.29",핸디패
2026-08-06T01:23:08+00:00,2026,90,9452,bs,MLB,언더오버,2,U 9.5,애틀브레,워싱내셔,07.31(금) 08:15,"1.72,1.80",언더
2026-08-06T01:23:08+00:00,2026,90,9453,bs,MLB,홀짝,2,,애틀브레,워싱내셔,07.31(금) 08:15,"1.56,2.02",홀
2026-08-06T01:23:08+00:00,2026,90,9454,sc,축클럽친,승무패,3,,리즈U 1,0 선덜랜드,07.31(금) 08:30,"2.15,3.25,2.65",홈승
2026-08-06T01:23:08+00:00,2026,90,9455,sc,축클럽친,핸디캡,3,H -1.0,리즈U 0,0 선덜랜드,07.31(금) 08:30,"4.30,3.75,1.54",핸디무
2026-08-06T01:23:08+00:00,2026,90,9456,sc,축클럽친,언더오버,2,U 2.5,리즈U,선덜랜드,07.31(금) 08:30,"1.96,1.60",언더
2026-08-06T01:23:08+00:00,2026,90,9457,sc,축클럽친,홀짝,2,,리즈U,선덜랜드,07.31(금) 08:30,"1.77,1.75",홀
2026-08-06T01:23:08+00:00,2026,90,9458,bs,MLB,승패,2,,샌디파드 1,4 샌프자이,07.31(금) 10:40,"1.55,2.04",홈패
2026-08-06T01:23:08+00:00,2026,90,9459,bs,MLB,승①패,3,승①패,샌디파드 1,4 샌프자이,07.31(금) 10:40,"2.24,3.30,2.50",홈패
2026-08-06T01:23:08+00:00,2026,90,9460,bs,MLB,핸디캡,2,H -2.5,샌디파드 -1.5,4 샌프자이,07.31(금) 10:40,"3.09,1.23",핸디패
2026-08-06T01:23:08+00:00,2026,90,9461,bs,MLB,언더오버,2,U 8.5,샌디파드,샌프자이,07.31(금) 10:40,"1.74,1.78",언더
2026-08-06T01:23:08+00:00,2026,90,9462,bs,MLB,홀짝,2,,샌디파드,샌프자이,07.31(금) 10:40,"1.55,2.04",홀
2026-08-06T01:23:08+00:00,2026,90,9463,bs,MLB,승패,2,,애슬레틱 4,5 보스레드,07.31(금) 10:40,"2.29,1.43",홈패
2026-08-06T01:23:08+00:00,2026,90,9464,bs,MLB,승①패,3,승①패,애슬레틱 4,5 보스레드,07.31(금) 10:40,"3.45,3.85,1.67",①
2026-08-06T01:23:08+00:00,2026,90,9465,bs,MLB,핸디캡,2,H +2.5,애슬레틱 6.5,5 보스레드,07.31(금) 10:40,"1.49,2.15",핸디승
2026-08-06T01:23:08+00:00,2026,90,9466,bs,MLB,언더오버,2,U 10.5,애슬레틱,보스레드,07.31(금) 10:40,"1.73,1.79",언더
2026-08-06T01:23:08+00:00,2026,90,9467,bs,MLB,홀짝,2,,애슬레틱,보스레드,07.31(금) 10:40,"1.56,2.02",홀
2026-08-06T01:23:08+00:00,2026,90,9468,bs,MLB,승패,2,,LA다저스 6,2 시애매리,07.31(금) 11:10,"1.47,2.19",홈승
2026-08-06T01:23:08+00:00,2026,90,9469,bs,MLB,승①패,3,승①패,LA다저스 6,2 시애매리,07.31(금) 11:10,"1.99,3.45,2.80",홈승
2026-08-06T01:23:08+00:00,2026,90,9470,bs,MLB,핸디캡,2,H -2.5,LA다저스 3.5,2 시애매리,07.31(금) 11:10,"2.60,1.33",핸디승
2026-08-06T01:23:08+00:00,2026,90,9471,bs,MLB,언더오버,2,U 8.5,LA다저스,시애매리,07.31(금) 11:10,"1.79,1.73",언더
2026-08-06T01:23:08+00:00,2026,90,9472,bs,MLB,홀짝,2,,LA다저스,시애매리,07.31(금) 11:10,"1.55,2.04",짝
2026-08-06T01:23:08+00:00,2026,90,9473,bs,MLB,전반승무패,3,h(전반),LA다저스 5,0 시애매리,07.31(금) 11:10,"1.74,5.50,2.55",홈승
2026-08-06T01:23:08+00:00,2026,90,9474,bs,MLB,전반핸디캡,2,h H -1.5,LA다저스 3.5,0 시애매리,07.31(금) 11:10,"2.46,1.37",핸디승
2026-08-06T01:23:08+00:00,2026,90,9475,bs,MLB,전반언더오버,2,h U 4.5,LA다저스,시애매리,07.31(금) 11:10,"1.85,1.68",오버
2026-08-06T01:23:08+00:00,2026,90,9476,bs,NPB,승패,2,,요미우리 6,0 요코베이,07.31(금) 18:00,"1.77,1.75",홈승
2026-08-06T01:23:08+00:00,2026,90,9477,bs,NPB,승①패,3,승①패,요미우리 6,0 요코베이,07.31(금) 18:00,"2.95,2.50,2.44",홈승
2026-08-06T01:23:08+00:00,2026,90,9478,bs,NPB,핸디캡,2,H +2.5,요미우리 8.5,0 요코베이,07.31(금) 18:00,"1.18,3.46",핸디승
2026-08-06T01:23:08+00:00,2026,90,9479,bs,NPB,언더오버,2,U 5.5,요미우리,요코베이,07.31(금) 18:00,"1.94,1.61",오버
2026-08-06T01:23:08+00:00,2026,90,9480,bs,NPB,홀짝,2,,요미우리,요코베이,07.31(금) 18:00,"1.61,1.94",짝
2026-08-06T01:23:08+00:00,2026,90,9481,bs,NPB,승패,2,,야쿠르트 3,4 한신,07.31(금) 18:00,"2.49,1.36",홈패
2026-08-06T01:23:08+00:00,2026,90,9482,bs,NPB,승①패,3,승①패,야쿠르트 3,4 한신,07.31(금) 18:00,"4.45,3.00,1.69",①
2026-08-06T01:23:08+00:00,2026,90,9483,bs,NPB,핸디캡,2,H +2.5,야쿠르트 5.5,4 한신,07.31(금) 18:00,"1.49,2.15",핸디승
2026-08-06T01:23:08+00:00,2026,90,9484,bs,NPB,언더오버,2,U 8.5,야쿠르트,한신,07.31(금) 18:00,"1.66,1.87",언더
2026-08-06T01:23:08+00:00,2026,90,9485,bs,NPB,홀짝,2,,야쿠르트,한신,07.31(금) 18:00,"1.62,1.93",홀
2026-08-06T01:23:08+00:00,2026,90,9486,bs,NPB,승패,2,,히로카프 3,1 주니치,07.31(금) 18:00,"1.86,1.67",홈승
2026-08-06T01:23:08+00:00,2026,90,9487,bs,NPB,승①패,3,승①패,히로카프 3,1 주니치,07.31(금) 18:00,"3.05,2.65,2.25",홈승
2026-08-06T01:23:08+00:00,2026,90,9488,bs,NPB,핸디캡,2,H +2.5,히로카프 5.5,1 주니치,07.31(금) 18:00,"1.22,3.16",핸디승
2026-08-06T01:23:08+00:00,2026,90,9489,bs,NPB,언더오버,2,U 6.5,히로카프,주니치,07.31(금) 18:00,"1.85,1.68",언더
2026-08-06T01:23:08+00:00,2026,90,9490,bs,NPB,홀짝,2,,히로카프,주니치,07.31(금) 18:00,"1.61,1.94",짝
2026-08-06T01:23:08+00:00,2026,90,9491,bs,NPB,승패,2,,닛폰햄 6,1 지바롯데,07.31(금) 18:00,"1.39,2.40",홈승
2026-08-06T01:23:08+00:00,2026,90,9492,bs,NPB,승①패,3,승①패,닛폰햄 6,1 지바롯데,07.31(금) 18:00,"1.93,3.00,3.35",홈승
2026-08-06T01:23:08+00:00,2026,90,9493,bs,NPB,핸디캡,2,H -2.5,닛폰햄 3.5,1 지바롯데,07.31(금) 18:00,"2.34,1.41",핸디승
2026-08-06T01:23:08+00:00,2026,90,9494,bs,NPB,언더오버,2,U 7.5,닛폰햄,지바롯데,07.31(금) 18:00,"1.84,1.69",언더
2026-08-06T01:23:08+00:00,2026,90,9495,bs,NPB,홀짝,2,,닛폰햄,지바롯데,07.31(금) 18:00,"1.61,1.94",홀
2026-08-06T01:23:08+00:00,2026,90,9496,bs,NPB,승패,2,,라쿠텐 0,0 소프트뱅,07.31(금) 18:00,"1.00,1.00",취소
2026-08-06T01:23:08+00:00,2026,90,9497,bs,NPB,승①패,3,승①패,라쿠텐 0,0 소프트뱅,07.31(금) 18:00,"1.00,1.00,1.00",취소
2026-08-06T01:23:08+00:00,2026,90,9498,bs,NPB,핸디캡,2,H +2.5,라쿠텐 2.5,0 소프트뱅,07.31(금) 18:00,"1.00,1.00",취소
2026-08-06T01:23:08+00:00,2026,90,9499,bs,NPB,언더오버,2,U 7.5,라쿠텐,소프트뱅,07.31(금) 18:00,"1.00,1.00",취소
2026-08-06T01:23:08+00:00,2026,90,9500,bs,NPB,홀짝,2,,라쿠텐,소프트뱅,07.31(금) 18:00,"1.00,1.00",취소
2026-08-06T01:23:08+00:00,2026,90,9501,bs,NPB,승패,2,,세이부 4,5 오릭스,07.31(금) 18:00,"1.43,2.29",홈패
2026-08-06T01:23:08+00:00,2026,90,9502,bs,NPB,승①패,3,승①패,세이부 4,5 오릭스,07.31(금) 18:00,"2.09,2.75,3.25",①
2026-08-06T01:23:08+00:00,2026,90,9503,bs,NPB,핸디캡,2,H -2.5,세이부 1.5,5 오릭스,07.31(금) 18:00,"2.77,1.29",핸디패
2026-08-06T01:23:08+00:00,2026,90,9504,bs,NPB,언더오버,2,U 6.5,세이부,오릭스,07.31(금) 18:00,"1.87,1.66",오버
2026-08-06T01:23:08+00:00,2026,90,9505,bs,NPB,홀짝,2,,세이부,오릭스,07.31(금) 18:00,"1.61,1.94",홀
2026-08-06T01:23:08+00:00,2026,90,9506,bs,KBO,승패,2,,두산 4,2 LG,07.31(금) 18:30,"1.77,1.75",홈승
2026-08-06T01:23:08+00:00,2026,90,9507,bs,KBO,승①패,3,승①패,두산 4,2 LG,07.31(금) 18:30,"2.55,3.20,2.25",홈승
2026-08-06T01:23:08+00:00,2026,90,9508,bs,KBO,핸디캡,2,H +2.5,두산 6.5,2 LG,07.31(금) 18:30,"1.25,2.97",핸디승
2026-08-06T01:23:08+00:00,2026,90,9509,bs,KBO,언더오버,2,U 8.5,두산,LG,07.31(금) 18:30,"1.84,1.69",언더
2026-08-06T01:23:08+00:00,2026,90,9510,bs,KBO,홀짝,2,,두산,LG,07.31(금) 18:30,"1.58,1.99",짝
2026-08-06T01:23:08+00:00,2026,90,9511,bs,KBO,전반승무패,3,h(전반),두산 3,1 LG,07.31(금) 18:30,"2.10,5.40,2.05",홈승
2026-08-06T01:23:08+00:00,2026,90,9512,bs,KBO,전반핸디캡,2,h H +1.5,두산 4.5,1 LG,07.31(금) 18:30,"1.30,2.72",핸디승
2026-08-06T01:23:08+00:00,2026,90,9513,bs,KBO,전반언더오버,2,h U 4.5,두산,LG,07.31(금) 18:30,"1.76,1.76",언더
2026-08-06T01:23:08+00:00,2026,90,9514,bs,KBO,승패,2,,롯데 7,9 삼성,07.31(금) 18:30,"2.43,1.38",홈패
2026-08-06T01:23:08+00:00,2026,90,9515,bs,KBO,승①패,3,승①패,롯데 7,9 삼성,07.31(금) 18:30,"3.75,3.90,1.60",홈패
2026-08-06T01:23:08+00:00,2026,90,9516,bs,KBO,핸디캡,2,H +2.5,롯데 9.5,9 삼성,07.31(금) 18:30,"1.58,1.99",핸디승
2026-08-06T01:23:08+00:00,2026,90,9517,bs,KBO,언더오버,2,U 9.5,롯데,삼성,07.31(금) 18:30,"1.86,1.67",오버
2026-08-06T01:23:08+00:00,2026,90,9518,bs,KBO,홀짝,2,,롯데,삼성,07.31(금) 18:30,"1.59,1.97",짝
2026-08-06T01:23:08+00:00,2026,90,9519,bs,KBO,전반승무패,3,h(전반),롯데 3,1 삼성,07.31(금) 18:30,"2.70,6.20,1.62",홈승
2026-08-06T01:23:08+00:00,2026,90,9520,bs,KBO,전반핸디캡,2,h H +1.5,롯데 4.5,1 삼성,07.31(금) 18:30,"1.55,2.04",핸디승
2026-08-06T01:23:08+00:00,2026,90,9521,bs,KBO,전반언더오버,2,h U 5.5,롯데,삼성,07.31(금) 18:30,"1.77,1.75",언더
2026-08-06T01:23:08+00:00,2026,90,9522,bs,KBO,승패,2,,KT 5,3 한화,07.31(금) 18:30,"1.77,1.75",홈승
2026-08-06T01:23:08+00:00,2026,90,9523,bs,KBO,승①패,3,승①패,KT 5,3 한화,07.31(금) 18:30,"2.45,3.55,2.17",홈승
2026-08-06T01:23:08+00:00,2026,90,9524,bs,KBO,핸디캡,2,H +2.5,KT 7.5,3 한화,07.31(금) 18:30,"1.29,2.77",핸디승
2026-08-06T01:23:08+00:00,2026,90,9525,bs,KBO,언더오버,2,U 9.5,KT,한화,07.31(금) 18:30,"1.70,1.82",언더
2026-08-06T01:23:08+00:00,2026,90,9526,bs,KBO,홀짝,2,,KT,한화,07.31(금) 18:30,"1.58,1.99",짝
2026-08-06T01:23:08+00:00,2026,90,9527,bs,KBO,전반승무패,3,h(전반),KT 2,3 한화,07.31(금) 18:30,"2.15,5.90,1.94",홈패
2026-08-06T01:23:08+00:00,2026,90,9528,bs,KBO,전반핸디캡,2,h H +1.5,KT 3.5,3 한화,07.31(금) 18:30,"1.34,2.56",핸디승
2026-08-06T01:23:08+00:00,2026,90,9529,bs,KBO,전반언더오버,2,h U 5.5,KT,한화,07.31(금) 18:30,"1.63,1.91",언더
2026-08-06T01:23:08+00:00,2026,90,9530,bs,KBO,승패,2,,NC 10,4 KIA,07.31(금) 18:30,"1.97,1.59",홈승
2026-08-06T01:23:08+00:00,2026,90,9531,bs,KBO,승①패,3,승①패,NC 10,4 KIA,07.31(금) 18:30,"2.80,3.55,1.96",홈승
2026-08-06T01:23:08+00:00,2026,90,9532,bs,KBO,핸디캡,2,H +2.5,NC 12.5,4 KIA,07.31(금) 18:30,"1.37,2.46",핸디승
2026-08-06T01:23:08+00:00,2026,90,9533,bs,KBO,언더오버,2,U 10.5,NC,KIA,07.31(금) 18:30,"1.84,1.69",오버
2026-08-06T01:23:08+00:00,2026,90,9534,bs,KBO,홀짝,2,,NC,KIA,07.31(금) 18:30,"1.57,2.00",짝
2026-08-06T01:23:08+00:00,2026,90,9535,bs,KBO,전반승무패,3,h(전반),NC 9,3 KIA,07.31(금) 18:30,"2.15,6.70,1.87",홈승
2026-08-06T01:23:08+00:00,2026,90,9536,bs,KBO,전반핸디캡,2,h H +1.5,NC 10.5,3 KIA,07.31(금) 18:30,"1.39,2.40",핸디승
2026-08-06T01:23:08+00:00,2026,90,9537,bs,KBO,전반언더오버,2,h U 5.5,NC,KIA,07.31(금) 18:30,"1.85,1.68",오버
2026-08-06T01:23:08+00:00,2026,90,9538,bs,KBO,승패,2,,키움 12,7 SSG,07.31(금) 18:30,"1.86,1.67",홈승
2026-08-06T01:23:08+00:00,2026,90,9539,bs,KBO,승①패,3,승①패,키움 12,7 SSG,07.31(금) 18:30,"2.70,3.20,2.14",홈승
2026-08-06T01:23:08+00:00,2026,90,9540,bs,KBO,핸디캡,2,H +2.5,키움 14.5,7 SSG,07.31(금) 18:30,"1.28,2.82",핸디승
2026-08-06T01:23:08+00:00,2026,90,9541,bs,KBO,언더오버,2,U 8.5,키움,SSG,07.31(금) 18:30,"1.82,1.70",오버
2026-08-06T01:23:08+00:00,2026,90,9542,bs,KBO,홀짝,2,,키움,SSG,07.31(금) 18:30,"1.58,1.99",홀
2026-08-06T01:23:08+00:00,2026,90,9543,bs,KBO,전반승무패,3,h(전반),키움 9,5 SSG,07.31(금) 18:30,"2.15,6.10,1.92",홈승
2026-08-06T01:23:08+00:00,2026,90,9544,bs,KBO,전반핸디캡,2,h H +1.5,키움 10.5,5 SSG,07.31(금) 18:30,"1.32,2.64",핸디승
2026-08-06T01:23:08+00:00,2026,90,9545,bs,KBO,전반언더오버,2,h U 4.5,키움,SSG,07.31(금) 18:30,"1.82,1.70",오버
2026-08-06T01:23:08+00:00,2026,90,9546,sc,축ASEA챔,승무패,3,,베트남 0,0 싱가포르,07.31(금) 22:00,"1.10,6.70,11.00",무승부
2026-08-06T01:23:08+00:00,2026,90,9547,sc,축ASEA챔,핸디캡,3,H -1.0,베트남 -1,0 싱가포르,07.31(금) 22:00,"1.40,3.95,5.50",핸디패
2026-08-06T01:23:08+00:00,2026,90,9548,sc,축ASEA챔,핸디캡,3,H -2.0,베트남 -2,0 싱가포르,07.31(금) 22:00,"2.04,3.30,2.80",핸디패
2026-08-06T01:23:08+00:00,2026,90,9549,sc,축ASEA챔,핸디캡,2,H -3.5,베트남 -3.5,0 싱가포르,07.31(금) 22:00,"3.23,1.21",핸디패
2026-08-06T01:23:08+00:00,2026,90,9550,sc,축ASEA챔,언더오버,2,U 3.5,베트남,싱가포르,07.31(금) 22:00,"1.77,1.75",언더
2026-08-06T01:23:08+00:00,2026,90,9551,sc,축ASEA챔,홀짝,2,,베트남,싱가포르,07.31(금) 22:00,"1.76,1.76",짝
2026-08-06T01:23:08+00:00,2026,90,9552,sc,엘리테세,승무패,3,,볼레렝아 0,3 함캄,08.01(토) 02:00,"1.48,3.95,4.55",홈패
2026-08-06T01:23:08+00:00,2026,90,9553,sc,엘리테세,핸디캡,3,H -1.0,볼레렝아 -1,3 함캄,08.01(토) 02:00,"2.50,3.35,2.22",핸디패
2026-08-06T01:23:08+00:00,2026,90,9554,sc,엘리테세,언더오버,2,U 3.5,볼레렝아,함캄,08.01(토) 02:00,"1.59,1.97",언더
2026-08-06T01:23:08+00:00,2026,90,9555,sc,엘리테세,홀짝,2,,볼레렝아,함캄,08.01(토) 02:00,"1.76,1.76",홀
2026-08-06T01:23:08+00:00,2026,90,9556,bs,MLB,승패,2,,시카컵스 0,2 뉴욕양키,08.01(토) 03:20,"1.56,2.02",홈패
2026-08-06T01:23:08+00:00,2026,90,9557,bs,MLB,승①패,3,승①패,시카컵스 0,2 뉴욕양키,08.01(토) 03:20,"2.14,3.35,2.60",홈패
2026-08-06T01:23:08+00:00,2026,90,9558,bs,MLB,핸디캡,2,H -2.5,시카컵스 -2.5,2 뉴욕양키,08.01(토) 03:20,"2.87,1.27",핸디패
2026-08-06T01:23:08+00:00,2026,90,9559,bs,MLB,언더오버,2,U 9.5,시카컵스,뉴욕양키,08.01(토) 03:20,"1.65,1.89",언더
2026-08-06T01:23:08+00:00,2026,90,9560,bs,MLB,홀짝,2,,시카컵스,뉴욕양키,08.01(토) 03:20,"1.56,2.02",짝
2026-08-06T01:23:08+00:00,2026,90,9561,sc,엘리테세,승무패,3,,보되글림 4,0 릴레스트,08.01(토) 04:00,"1.19,5.30,8.30",홈승
2026-08-06T01:23:08+00:00,2026,90,9562,sc,엘리테세,핸디캡,3,H -1.0,보되글림 3,0 릴레스트,08.01(토) 04:00,"1.62,3.80,3.70",핸디승
2026-08-06T01:23:08+00:00,2026,90,9563,sc,엘리테세,핸디캡,3,H -2.0,보되글림 2,0 릴레스트,08.01(토) 04:00,"2.45,3.60,2.16",핸디승
2026-08-06T01:23:08+00:00,2026,90,9564,sc,엘리테세,핸디캡,2,H -3.5,보되글림 0.5,0 릴레스트,08.01(토) 04:00,"3.98,1.13",핸디승
2026-08-06T01:23:08+00:00,2026,90,9565,sc,엘리테세,언더오버,2,U 3.5,보되글림,릴레스트,08.01(토) 04:00,"1.89,1.65",오버
2026-08-06T01:23:08+00:00,2026,90,9566,sc,엘리테세,홀짝,2,,보되글림,릴레스트,08.01(토) 04:00,"1.76,1.76",짝
2026-08-06T01:23:08+00:00,2026,90,9567,bs,MLB,승패,2,,신시레즈 8,7 피츠파이,08.01(토) 07:10,"1.87,1.66",홈승
2026-08-06T01:23:08+00:00,2026,90,9568,bs,MLB,승①패,3,승①패,신시레즈 8,7 피츠파이,08.01(토) 07:10,"2.80,3.20,2.08",①
2026-08-06T01:23:08+00:00,2026,90,9569,bs,MLB,핸디캡,2,H +2.5,신시레즈 10.5,7 피츠파이,08.01(토) 07:10,"1.29,2.77",핸디승
2026-08-06T01:23:08+00:00,2026,90,9570,bs,MLB,언더오버,2,U 7.5,신시레즈,피츠파이,08.01(토) 07:10,"1.78,1.74",오버
2026-08-06T01:23:08+00:00,2026,90,9571,bs,MLB,홀짝,2,,신시레즈,피츠파이,08.01(토) 07:10,"1.55,2.04",홀
2026-08-06T01:23:08+00:00,2026,90,9572,bs,MLB,승패,2,,볼티오리 6,4 필라필리,08.01(토) 08:05,"1.65,1.89",홈승
2026-08-06T01:23:08+00:00,2026,90,9573,bs,MLB,승①패,3,승①패,볼티오리 6,4 필라필리,08.01(토) 08:05,"2.33,3.30,2.40",홈승
2026-08-06T01:23:08+00:00,2026,90,9574,bs,MLB,핸디캡,2,H -2.5,볼티오리 3.5,4 필라필리,08.01(토) 08:05,"3.23,1.21",핸디패
2026-08-06T01:23:08+00:00,2026,90,9575,bs,MLB,언더오버,2,U 8.5,볼티오리,필라필리,08.01(토) 08:05,"1.82,1.70",오버
2026-08-06T01:23:08+00:00,2026,90,9576,bs,MLB,홀짝,2,,볼티오리,필라필리,08.01(토) 08:05,"1.55,2.04",짝
2026-08-06T01:23:08+00:00,2026,90,9577,bs,MLB,승패,2,,토론블루 3,1 세인카디,08.01(토) 08:07,"1.40,2.37",홈승
2026-08-06T01:23:08+00:00,2026,90,9578,bs,MLB,승①패,3,승①패,토론블루 3,1 세인카디,08.01(토) 08:07,"1.89,3.35,3.10",홈승
2026-08-06T01:23:08+00:00,2026,90,9579,bs,MLB,핸디캡,2,H -2.5,토론블루 0.5,1 세인카디,08.01(토) 08:07,"2.53,1.35",핸디패
2026-08-06T01:23:08+00:00,2026,90,9580,bs,MLB,언더오버,2,U 7.5,토론블루,세인카디,08.01(토) 08:07,"1.78,1.74",언더
2026-08-06T01:23:08+00:00,2026,90,9581,bs,MLB,홀짝,2,,토론블루,세인카디,08.01(토) 08:07,"1.55,2.04",짝
2026-08-06T01:23:08+00:00,2026,90,9582,bs,MLB,승패,2,,탬파레이 1,6 시카화이,08.01(토) 08:10,"1.50,2.13",홈패
2026-08-06T01:23:08+00:00,2026,90,9583,bs,MLB,승①패,3,승①패,탬파레이 1,6 시카화이,08.01(토) 08:10,"2.11,3.45,2.60",홈패
2026-08-06T01:23:08+00:00,2026,90,9584,bs,MLB,핸디캡,2,H -2.5,탬파레이 -1.5,6 시카화이,08.01(토) 08:10,"2.92,1.26",핸디패
2026-08-06T01:23:08+00:00,2026,90,9585,bs,MLB,언더오버,2,U 8.5,탬파레이,시카화이,08.01(토) 08:10,"1.67,1.86",언더
2026-08-06T01:23:08+00:00,2026,90,9586,bs,MLB,홀짝,2,,탬파레이,시카화이,08.01(토) 08:10,"1.55,2.04",홀
2026-08-06T01:23:08+00:00,2026,90,9587,bs,MLB,승패,2,,뉴욕메츠 2,5 마이말린,08.01(토) 08:10,"1.64,1.90",홈패
2026-08-06T01:23:08+00:00,2026,90,9588,bs,MLB,승①패,3,승①패,뉴욕메츠 2,5 마이말린,08.01(토) 08:10,"2.33,3.30,2.40",홈패
2026-08-06T01:23:08+00:00,2026,90,9589,bs,MLB,핸디캡,2,H -2.5,뉴욕메츠 -0.5,5 마이말린,08.01(토) 08:10,"3.23,1.21",핸디패
2026-08-06T01:23:08+00:00,2026,90,9590,bs,MLB,언더오버,2,U 8.5,뉴욕메츠,마이말린,08.01(토) 08:10,"1.75,1.77",언더
2026-08-06T01:23:08+00:00,2026,90,9591,bs,MLB,홀짝,2,,뉴욕메츠,마이말린,08.01(토) 08:10,"1.55,2.04",홀
2026-08-06T01:23:08+00:00,2026,90,9592,bs,MLB,승패,2,,클리가디 1,4 애리다이,08.01(토) 08:10,"1.59,1.97",홈패
2026-08-06T01:23:08+00:00,2026,90,9593,bs,MLB,승①패,3,승①패,클리가디 1,4 애리다이,08.01(토) 08:10,"2.20,3.30,2.55",홈패
2026-08-06T01:23:08+00:00,2026,90,9594,bs,MLB,핸디캡,2,H -2.5,클리가디 -1.5,4 애리다이,08.01(토) 08:10,"3.03,1.24",핸디패
2026-08-06T01:23:08+00:00,2026,90,9595,bs,MLB,언더오버,2,U 8.5,클리가디,애리다이,08.01(토) 08:10,"1.81,1.71",언더
2026-08-06T01:23:08+00:00,2026,90,9596,bs,MLB,홀짝,2,,클리가디,애리다이,08.01(토) 08:10,"1.55,2.04",홀
2026-08-06T01:23:08+00:00,2026,90,9597,bs,MLB,승패,2,,애틀브레 6,2 워싱내셔,08.01(토) 08:15,"1.63,1.91",홈승
2026-08-06T01:23:08+00:00,2026,90,9598,bs,MLB,승①패,3,승①패,애틀브레 6,2 워싱내셔,08.01(토) 08:15,"2.28,3.30,2.45",홈승
2026-08-06T01:23:08+00:00,2026,90,9599,bs,MLB,핸디캡,2,H -2.5,애틀브레 3.5,2 워싱내셔,08.01(토) 08:15,"3.16,1.22",핸디승
2026-08-06T01:23:08+00:00,2026,90,9600,bs,MLB,언더오버,2,U 8.5,애틀브레,워싱내셔,08.01(토) 08:15,"1.81,1.71",언더
2026-08-06T01:23:08+00:00,2026,90,9601,bs,MLB,홀짝,2,,애틀브레,워싱내셔,08.01(토) 08:15,"1.55,2.04",짝
2026-08-06T01:23:08+00:00,2026,90,9602,sc,MLS,승무패,3,,뉴욕시티 1,1 토론토FC,08.01(토) 08:30,"1.56,3.50,4.50",무승부
2026-08-06T01:23:08+00:00,2026,90,9603,sc,MLS,핸디캡,3,H -1.0,뉴욕시티 0,1 토론토FC,08.01(토) 08:30,"2.65,3.30,2.13",핸디패
2026-08-06T01:23:08+00:00,2026,90,9604,sc,MLS,언더오버,2,U 2.5,뉴욕시티,토론토FC,08.01(토) 08:30,"2.11,1.51",언더
2026-08-06T01:23:08+00:00,2026,90,9605,sc,MLS,홀짝,2,,뉴욕시티,토론토FC,08.01(토) 08:30,"1.77,1.75",짝
2026-08-06T01:23:08+00:00,2026,90,9606,bs,MLB,승패,2,,휴스애스 11,2 텍사레인,08.01(토) 09:15,"1.62,1.93",홈승
2026-08-06T01:23:08+00:00,2026,90,9607,bs,MLB,승①패,3,승①패,휴스애스 11,2 텍사레인,08.01(토) 09:15,"2.28,3.30,2.45",홈승
2026-08-06T01:23:08+00:00,2026,90,9608,bs,MLB,핸디캡,2,H -2.5,휴스애스 8.5,2 텍사레인,08.01(토) 09:15,"3.09,1.23",핸디승
2026-08-06T01:23:08+00:00,2026,90,9609,bs,MLB,언더오버,2,U 8.5,휴스애스,텍사레인,08.01(토) 09:15,"1.58,1.99",오버
2026-08-06T01:23:08+00:00,2026,90,9610,bs,MLB,홀짝,2,,휴스애스,텍사레인,08.01(토) 09:15,"1.55,2.04",홀
2026-08-06T01:23:08+00:00,2026,90,9611,bs,MLB,승패,2,,콜로로키 3,1 캔자로얄,08.01(토) 09:40,"1.77,1.75",홈승
2026-08-06T01:23:08+00:00,2026,90,9612,bs,MLB,승①패,3,승①패,콜로로키 3,1 캔자로얄,08.01(토) 09:40,"2.50,3.45,2.18",홈승
2026-08-06T01:23:08+00:00,2026,90,9613,bs,MLB,핸디캡,2,H +2.5,콜로로키 5.5,1 캔자로얄,08.01(토) 09:40,"1.27,2.87",핸디승
2026-08-06T01:23:08+00:00,2026,90,9614,bs,MLB,언더오버,2,U 11.5,콜로로키,캔자로얄,08.01(토) 09:40,"1.68,1.85",언더
2026-08-06T01:23:08+00:00,2026,90,9615,bs,MLB,홀짝,2,,콜로로키,캔자로얄,08.01(토) 09:40,"1.56,2.02",짝
2026-08-06T01:23:08+00:00,2026,90,9616,bs,MLB,승패,2,,LA에인절 2,6 밀워브루,08.01(토) 10:38,"2.29,1.43",홈패
2026-08-06T01:23:08+00:00,2026,90,9617,bs,MLB,승①패,3,승①패,LA에인절 2,6 밀워브루,08.01(토) 10:38,"3.55,3.45,1.73",홈패
2026-08-06T01:23:08+00:00,2026,90,9618,bs,MLB,핸디캡,2,H +2.5,LA에인절 4.5,6 밀워브루,08.01(토) 10:38,"1.42,2.31",핸디패
2026-08-06T01:23:08+00:00,2026,90,9619,bs,MLB,언더오버,2,U 8.5,LA에인절,밀워브루,08.01(토) 10:38,"1.87,1.66",언더
2026-08-06T01:23:08+00:00,2026,90,9620,bs,MLB,홀짝,2,,LA에인절,밀워브루,08.01(토) 10:38,"1.56,2.02",짝
2026-08-06T01:23:08+00:00,2026,90,9621,bs,MLB,승패,2,,애슬레틱 1,13 디트타이,08.01(토) 10:40,"2.15,1.49",홈패
2026-08-06T01:23:08+00:00,2026,90,9622,bs,MLB,승①패,3,승①패,애슬레틱 1,13 디트타이,08.01(토) 10:40,"3.25,3.50,1.80",홈패
2026-08-06T01:23:08+00:00,2026,90,9623,bs,MLB,핸디캡,2,H +2.5,애슬레틱 3.5,13 디트타이,08.01(토) 10:40,"1.42,2.31",핸디패
2026-08-06T01:23:08+00:00,2026,90,9624,bs,MLB,언더오버,2,U 10.5,애슬레틱,디트타이,08.01(토) 10:40,"1.80,1.72",오버
2026-08-06T01:23:08+00:00,2026,90,9625,bs,MLB,홀짝,2,,애슬레틱,디트타이,08.01(토) 10:40,"1.56,2.02",짝
2026-08-06T01:23:08+00:00,2026,90,9626,bs,MLB,승패,2,,샌디파드 7,0 샌프자이,08.01(토) 10:45,"1.59,1.97",홈승
2026-08-06T01:23:08+00:00,2026,90,9627,bs,MLB,승①패,3,승①패,샌디파드 7,0 샌프자이,08.01(토) 10:45,"2.30,3.35,2.40",홈승
2026-08-06T01:23:08+00:00,2026,90,9628,bs,MLB,핸디캡,2,H -2.5,샌디파드 4.5,0 샌프자이,08.01(토) 10:45,"2.92,1.26",핸디승
2026-08-06T01:23:08+00:00,2026,90,9629,bs,MLB,언더오버,2,U 8.5,샌디파드,샌프자이,08.01(토) 10:45,"1.93,1.62",언더
2026-08-06T01:23:08+00:00,2026,90,9630,bs,MLB,홀짝,2,,샌디파드,샌프자이,08.01(토) 10:45,"1.55,2.04",홀
2026-08-06T01:23:08+00:00,2026,90,9631,bs,MLB,승패,2,,시애매리 3,5 미네트윈,08.01(토) 11:10,"1.42,2.31",홈패
2026-08-06T01:23:08+00:00,2026,90,9632,bs,MLB,승①패,3,승①패,시애매리 3,5 미네트윈,08.01(토) 11:10,"1.84,3.40,3.20",홈패
2026-08-06T01:23:08+00:00,2026,90,9633,bs,MLB,핸디캡,2,H -2.5,시애매리 0.5,5 미네트윈,08.01(토) 11:10,"2.43,1.38",핸디패
2026-08-06T01:23:08+00:00,2026,90,9634,bs,MLB,언더오버,2,U 7.5,시애매리,미네트윈,08.01(토) 11:10,"1.85,1.68",오버
2026-08-06T01:23:08+00:00,2026,90,9635,bs,MLB,홀짝,2,,시애매리,미네트윈,08.01(토) 11:10,"1.56,2.02",짝
2026-08-06T01:23:08+00:00,2026,90,9636,bs,MLB,전반승무패,3,h(전반),시애매리 3,2 미네트윈,08.01(토) 11:10,"1.63,5.80,2.75",홈승
2026-08-06T01:23:08+00:00,2026,90,9637,bs,MLB,전반핸디캡,2,h H -1.5,시애매리 1.5,2 미네트윈,08.01(토) 11:10,"2.26,1.44",핸디패
2026-08-06T01:23:08+00:00,2026,90,9638,bs,MLB,전반언더오버,2,h U 4.5,시애매리,미네트윈,08.01(토) 11:10,"1.71,1.81",오버
2026-08-06T01:23:08+00:00,2026,90,9639,bs,MLB,승패,2,,LA다저스 4,9 보스레드,08.01(토) 11:10,"1.69,1.84",홈패
2026-08-06T01:23:08+00:00,2026,90,9640,bs,MLB,승①패,3,승①패,LA다저스 4,9 보스레드,08.01(토) 11:10,"2.30,3.35,2.40",홈패
2026-08-06T01:23:08+00:00,2026,90,9641,bs,MLB,핸디캡,2,H -2.5,LA다저스 1.5,9 보스레드,08.01(토) 11:10,"3.30,1.20",핸디패
2026-08-06T01:23:08+00:00,2026,90,9642,bs,MLB,언더오버,2,U 8.5,LA다저스,보스레드,08.01(토) 11:10,"1.76,1.76",오버
2026-08-06T01:23:08+00:00,2026,90,9643,bs,MLB,홀짝,2,,LA다저스,보스레드,08.01(토) 11:10,"1.55,2.04",홀
2026-08-06T01:23:08+00:00,2026,90,9644,bs,NPB,승패,2,,닛폰햄 3,5 지바롯데,08.01(토) 14:00,"1.29,2.77",홈패
2026-08-06T01:23:08+00:00,2026,90,9645,bs,NPB,승①패,3,승①패,닛폰햄 3,5 지바롯데,08.01(토) 14:00,"1.72,3.20,3.90",홈패
2026-08-06T01:23:08+00:00,2026,90,9646,bs,NPB,핸디캡,2,H -2.5,닛폰햄 0.5,5 지바롯데,08.01(토) 14:00,"2.31,1.42",핸디패
2026-08-06T01:23:08+00:00,2026,90,9647,bs,NPB,언더오버,2,U 7.5,닛폰햄,지바롯데,08.01(토) 14:00,"1.84,1.69",오버
2026-08-06T01:23:08+00:00,2026,90,9648,bs,NPB,홀짝,2,,닛폰햄,지바롯데,08.01(토) 14:00,"1.62,1.93",짝
2026-08-06T01:23:08+00:00,2026,90,9649,vl,남배네이,승패,2,,슬로베M 0,3 폴란드M,08.01(토) 16:00,"3.16,1.22",홈패
2026-08-06T01:23:08+00:00,2026,90,9650,vl,남배네이,핸디캡,2,H +1.5,슬로베M 1.5,3 폴란드M,08.01(토) 16:00,"2.09,1.52",핸디패
2026-08-06T01:23:08+00:00,2026,90,9651,vl,남배네이,언더오버,2,U 180.5,슬로베M,폴란드M,08.01(토) 16:00,"1.87,1.66",언더
2026-08-06T01:23:08+00:00,2026,90,9652,vl,남배네이,홀짝,2,,슬로베M,폴란드M,08.01(토) 16:00,"1.76,1.76",홀
2026-08-06T01:23:08+00:00,2026,90,9653,bs,NPB,승패,2,,세이부 4,1 오릭스,08.01(토) 17:00,"1.77,1.75",홈승
2026-08-06T01:23:08+00:00,2026,90,9654,bs,NPB,승①패,3,승①패,세이부 4,1 오릭스,08.01(토) 17:00,"2.85,2.65,2.37",홈승
2026-08-06T01:23:08+00:00,2026,90,9655,bs,NPB,핸디캡,2,H +2.5,세이부 6.5,1 오릭스,08.01(토) 17:00,"1.19,3.38",핸디승
2026-08-06T01:23:08+00:00,2026,90,9656,bs,NPB,언더오버,2,U 6.5,세이부,오릭스,08.01(토) 17:00,"1.86,1.67",언더
2026-08-06T01:23:08+00:00,2026,90,9657,bs,NPB,홀짝,2,,세이부,오릭스,08.01(토) 17:00,"1.61,1.94",홀
2026-08-06T01:23:08+00:00,2026,90,9658,bs,KBO,승패,2,,두산 2,2 LG,08.01(토) 18:00,"1.00,1.00",무승부
2026-08-06T01:23:08+00:00,2026,90,9659,bs,KBO,승①패,3,승①패,두산 2,2 LG,08.01(토) 18:00,"2.50,3.20,2.29",①
2026-08-06T01:23:08+00:00,2026,90,9660,bs,KBO,핸디캡,2,H -2.5,두산 -0.5,2 LG,08.01(토) 18:00,"3.03,1.24",핸디패
2026-08-06T01:23:08+00:00,2026,90,9661,bs,KBO,언더오버,2,U 8.5,두산,LG,08.01(토) 18:00,"1.70,1.82",언더
2026-08-06T01:23:08+00:00,2026,90,9662,bs,KBO,홀짝,2,,두산,LG,08.01(토) 18:00,"1.58,1.99",짝
2026-08-06T01:23:08+00:00,2026,90,9663,bs,KBO,전반승무패,3,h(전반),두산 0,2 LG,08.01(토) 18:00,"1.98,5.30,2.20",홈패
2026-08-06T01:23:08+00:00,2026,90,9664,bs,KBO,전반핸디캡,2,h H -1.5,두산 -1.5,2 LG,08.01(토) 18:00,"2.77,1.29",핸디패
2026-08-06T01:23:08+00:00,2026,90,9665,bs,KBO,전반언더오버,2,h U 4.5,두산,LG,08.01(토) 18:00,"1.75,1.77",언더
2026-08-06T01:23:08+00:00,2026,90,9666,bs,KBO,승패,2,,롯데,삼성,08.01(토) 18:00,"1.00,1.00",취소
2026-08-06T01:23:08+00:00,2026,90,9667,bs,KBO,승①패,3,승①패,롯데,삼성,08.01(토) 18:00,"1.00,1.00,1.00",취소
2026-08-06T01:23:08+00:00,2026,90,9668,bs,KBO,핸디캡,2,H +2.5,롯데,삼성,08.01(토) 18:00,"1.00,1.00",취소
2026-08-06T01:23:08+00:00,2026,90,9669,bs,KBO,언더오버,2,U 10.5,롯데,삼성,08.01(토) 18:00,"1.00,1.00",취소
2026-08-06T01:23:08+00:00,2026,90,9670,bs,KBO,홀짝,2,,롯데,삼성,08.01(토) 18:00,"1.00,1.00",취소
2026-08-06T01:23:08+00:00,2026,90,9671,bs,KBO,전반승무패,3,h(전반),롯데,삼성,08.01(토) 18:00,"1.00,1.00,1.00",취소
2026-08-06T01:23:08+00:00,2026,90,9672,bs,KBO,전반핸디캡,2,h H +1.5,롯데,삼성,08.01(토) 18:00,"1.00,1.00",취소
2026-08-06T01:23:08+00:00,2026,90,9673,bs,KBO,전반언더오버,2,h U 5.5,롯데,삼성,08.01(토) 18:00,"1.00,1.00",취소
2026-08-06T01:23:08+00:00,2026,90,9674,bs,KBO,승패,2,,KT 7,4 한화,08.01(토) 18:00,"1.78,1.74",홈승
2026-08-06T01:23:08+00:00,2026,90,9675,bs,KBO,승①패,3,승①패,KT 7,4 한화,08.01(토) 18:00,"2.55,3.50,2.12",홈승
2026-08-06T01:23:08+00:00,2026,90,9676,bs,KBO,핸디캡,2,H +2.5,KT 9.5,4 한화,08.01(토) 18:00,"1.32,2.64",핸디승
2026-08-06T01:23:08+00:00,2026,90,9677,bs,KBO,언더오버,2,U 10.5,KT,한화,08.01(토) 18:00,"1.75,1.77",오버
2026-08-06T01:23:08+00:00,2026,90,9678,bs,KBO,홀짝,2,,KT,한화,08.01(토) 18:00,"1.57,2.00",홀
2026-08-06T01:23:08+00:00,2026,90,9679,bs,KBO,전반승무패,3,h(전반),KT 7,4 한화,08.01(토) 18:00,"2.10,6.60,1.92",홈승
2026-08-06T01:23:08+00:00,2026,90,9680,bs,KBO,전반핸디캡,2,h H +1.5,KT 8.5,4 한화,08.01(토) 18:00,"1.34,2.56",핸디승
2026-08-06T01:23:08+00:00,2026,90,9681,bs,KBO,전반언더오버,2,h U 5.5,KT,한화,08.01(토) 18:00,"1.75,1.77",오버
2026-08-06T01:23:08+00:00,2026,90,9682,bs,KBO,승패,2,,NC,KIA,08.01(토) 18:00,"1.00,1.00",취소
2026-08-06T01:23:08+00:00,2026,90,9683,bs,KBO,승①패,3,승①패,NC,KIA,08.01(토) 18:00,"1.00,1.00,1.00",취소
2026-08-06T01:23:08+00:00,2026,90,9684,bs,KBO,핸디캡,2,H -2.5,NC,KIA,08.01(토) 18:00,"1.00,1.00",취소
2026-08-06T01:23:08+00:00,2026,90,9685,bs,KBO,언더오버,2,U 9.5,NC,KIA,08.01(토) 18:00,"1.00,1.00",취소
2026-08-06T01:23:08+00:00,2026,90,9686,bs,KBO,홀짝,2,,NC,KIA,08.01(토) 18:00,"1.00,1.00",취소
2026-08-06T01:23:08+00:00,2026,90,9687,bs,KBO,전반승무패,3,h(전반),NC,KIA,08.01(토) 18:00,"1.00,1.00,1.00",취소
2026-08-06T01:23:08+00:00,2026,90,9688,bs,KBO,전반핸디캡,2,h H -1.5,NC,KIA,08.01(토) 18:00,"1.00,1.00",취소
2026-08-06T01:23:08+00:00,2026,90,9689,bs,KBO,전반언더오버,2,h U 5.5,NC,KIA,08.01(토) 18:00,"1.00,1.00",취소
2026-08-06T01:23:08+00:00,2026,90,9690,bs,KBO,승패,2,,키움 2,10 SSG,08.01(토) 18:00,"1.86,1.67",홈패
2026-08-06T01:23:08+00:00,2026,90,9691,bs,KBO,승①패,3,승①패,키움 2,10 SSG,08.01(토) 18:00,"2.70,3.25,2.12",홈패
2026-08-06T01:23:08+00:00,2026,90,9692,bs,KBO,핸디캡,2,H +2.5,키움 4.5,10 SSG,08.01(토) 18:00,"1.29,2.77",핸디패
2026-08-06T01:23:08+00:00,2026,90,9693,bs,KBO,언더오버,2,U 8.5,키움,SSG,08.01(토) 18:00,"2.00,1.57",오버
2026-08-06T01:23:08+00:00,2026,90,9694,bs,KBO,홀짝,2,,키움,SSG,08.01(토) 18:00,"1.58,1.99",짝
2026-08-06T01:23:08+00:00,2026,90,9695,bs,KBO,전반승무패,3,h(전반),키움 2,7 SSG,08.01(토) 18:00,"2.20,5.80,1.91",홈패
2026-08-06T01:23:08+00:00,2026,90,9696,bs,KBO,전반핸디캡,2,h H +1.5,키움 3.5,7 SSG,08.01(토) 18:00,"1.32,2.64",핸디패
2026-08-06T01:23:08+00:00,2026,90,9697,bs,KBO,전반언더오버,2,h U 4.5,키움,SSG,08.01(토) 18:00,"1.96,1.60",오버
2026-08-06T01:23:08+00:00,2026,90,9698,bs,NPB,승패,2,,요미우리 7,8 요코베이,08.01(토) 18:00,"1.64,1.90",홈패
2026-08-06T01:23:08+00:00,2026,90,9699,bs,NPB,승①패,3,승①패,요미우리 7,8 요코베이,08.01(토) 18:00,"2.65,2.58,2.60",①
2026-08-06T01:23:08+00:00,2026,90,9700,bs,NPB,핸디캡,2,H -2.5,요미우리 4.5,8 요코베이,08.01(토) 18:00,"3.75,1.15",핸디패
2026-08-06T01:23:08+00:00,2026,90,9701,bs,NPB,언더오버,2,U 5.5,요미우리,요코베이,08.01(토) 18:00,"1.96,1.60",오버
2026-08-06T01:23:08+00:00,2026,90,9702,bs,NPB,홀짝,2,,요미우리,요코베이,08.01(토) 18:00,"1.61,1.94",홀
2026-08-06T01:23:08+00:00,2026,90,9703,bs,NPB,승패,2,,야쿠르트 3,7 한신,08.01(토) 18:00,"2.13,1.50",홈패
2026-08-06T01:23:08+00:00,2026,90,9704,bs,NPB,승①패,3,승①패,야쿠르트 3,7 한신,08.01(토) 18:00,"3.55,2.85,1.93",홈패
2026-08-06T01:23:08+00:00,2026,90,9705,bs,NPB,핸디캡,2,H +2.5,야쿠르트 5.5,7 한신,08.01(토) 18:00,"1.32,2.64",핸디패
2026-08-06T01:23:08+00:00,2026,90,9706,bs,NPB,언더오버,2,U 7.5,야쿠르트,한신,08.01(토) 18:00,"1.89,1.65",오버
2026-08-06T01:23:08+00:00,2026,90,9707,bs,NPB,홀짝,2,,야쿠르트,한신,08.01(토) 18:00,"1.61,1.94",짝
2026-08-06T01:23:08+00:00,2026,90,9708,bs,NPB,승패,2,,히로카프 1,7 주니치,08.01(토) 18:00,"1.93,1.62",홈패
2026-08-06T01:23:08+00:00,2026,90,9709,bs,NPB,승①패,3,승①패,히로카프 1,7 주니치,08.01(토) 18:00,"3.15,2.75,2.14",홈패
2026-08-06T01:23:08+00:00,2026,90,9710,bs,NPB,핸디캡,2,H +2.5,히로카프 3.5,7 주니치,08.01(토) 18:00,"1.25,2.97",핸디패
2026-08-06T01:23:08+00:00,2026,90,9711,bs,NPB,언더오버,2,U 7.5,히로카프,주니치,08.01(토) 18:00,"1.69,1.84",오버
2026-08-06T01:23:08+00:00,2026,90,9712,bs,NPB,홀짝,2,,히로카프,주니치,08.01(토) 18:00,"1.61,1.94",짝
2026-08-06T01:23:08+00:00,2026,90,9713,bs,NPB,승패,2,,라쿠텐 0,5 소프트뱅,08.01(토) 18:00,"1.96,1.60",홈패
2026-08-06T01:23:08+00:00,2026,90,9714,bs,NPB,승①패,3,승①패,라쿠텐 0,5 소프트뱅,08.01(토) 18:00,"3.20,2.90,2.03",홈패
2026-08-06T01:23:08+00:00,2026,90,9715,bs,NPB,핸디캡,2,H +2.5,라쿠텐 2.5,5 소프트뱅,08.01(토) 18:00,"1.29,2.77",핸디패
2026-08-06T01:23:08+00:00,2026,90,9716,bs,NPB,언더오버,2,U 7.5,라쿠텐,소프트뱅,08.01(토) 18:00,"1.78,1.74",언더
2026-08-06T01:23:08+00:00,2026,90,9717,bs,NPB,홀짝,2,,라쿠텐,소프트뱅,08.01(토) 18:00,"1.61,1.94",홀
2026-08-06T01:23:08+00:00,2026,90,9718,sc,축클럽친,승무패,3,,첼시 1,2 토트넘,08.01(토) 18:45,"2.00,3.50,2.75",홈패
2026-08-06T01:23:08+00:00,2026,90,9719,sc,축클럽친,핸디캡,3,H -1.0,첼시 0,2 토트넘,08.01(토) 18:45,"3.65,3.80,1.63",핸디패
2026-08-06T01:23:08+00:00,2026,90,9720,sc,축클럽친,언더오버,2,U 3.5,첼시,토트넘,08.01(토) 18:45,"1.67,1.86",언더
2026-08-06T01:23:08+00:00,2026,90,9721,sc,축클럽친,홀짝,2,,첼시,토트넘,08.01(토) 18:45,"1.76,1.76",홀
2026-08-06T01:23:08+00:00,2026,90,9722,sc,K리그1,승무패,3,,강원FC 0,3 부천FC,08.01(토) 19:30,"1.47,3.35,5.90",홈패
2026-08-06T01:23:08+00:00,2026,90,9723,sc,K리그1,핸디캡,3,H -1.0,강원FC -1,3 부천FC,08.01(토) 19:30,"2.55,3.00,2.36",핸디패
2026-08-06T01:23:08+00:00,2026,90,9724,sc,K리그1,핸디캡,3,H -2.0,강원FC -2,3 부천FC,08.01(토) 19:30,"5.20,4.20,1.39",핸디패
2026-08-06T01:23:08+00:00,2026,90,9725,sc,K리그1,언더오버,2,U 2.5,강원FC,부천FC,08.01(토) 19:30,"1.62,1.93",오버
2026-08-06T01:23:08+00:00,2026,90,9726,sc,K리그1,홀짝,2,,강원FC,부천FC,08.01(토) 19:30,"1.77,1.75",홀
2026-08-06T01:23:08+00:00,2026,90,9727,sc,K리그1,전반승무패,3,h(전반),강원FC 0,1 부천FC,08.01(토) 19:30,"2.05,1.95,6.70",홈패
2026-08-06T01:23:08+00:00,2026,90,9728,sc,K리그1,전반핸디캡,3,h H -1.0,강원FC -1,1 부천FC,08.01(토) 19:30,"5.40,3.05,1.57",핸디패
2026-08-06T01:23:08+00:00,2026,90,9729,sc,K리그1,전반언더오버,2,h U 1.5,강원FC,부천FC,08.01(토) 19:30,"1.27,2.87",언더
2026-08-06T01:23:08+00:00,2026,90,9730,sc,K리그1,승무패,3,,전북현대 0,0 FC서울,08.01(토) 19:30,"2.42,3.05,2.45",무승부
2026-08-06T01:23:08+00:00,2026,90,9731,sc,K리그1,핸디캡,3,H -1.0,전북현대 -1,0 FC서울,08.01(토) 19:30,"5.50,3.85,1.41",핸디패
2026-08-06T01:23:08+00:00,2026,90,9732,sc,K리그1,핸디캡,3,H -2.0,전북현대 -2,0 FC서울,08.01(토) 19:30,"13.50,7.10,1.07",핸디패
2026-08-06T01:23:08+00:00,2026,90,9733,sc,K리그1,언더오버,2,U 2.5,전북현대,FC서울,08.01(토) 19:30,"1.70,1.82",언더
2026-08-06T01:23:08+00:00,2026,90,9734,sc,K리그1,홀짝,2,,전북현대,FC서울,08.01(토) 19:30,"1.77,1.75",짝
2026-08-06T01:23:08+00:00,2026,90,9735,sc,K리그1,전반승무패,3,h(전반),전북현대 0,0 FC서울,08.01(토) 19:30,"3.10,1.94,3.20",무승부
2026-08-06T01:23:08+00:00,2026,90,9736,sc,K리그1,전반핸디캡,3,h H -1.0,전북현대 -1,0 FC서울,08.01(토) 19:30,"9.80,4.05,1.25",핸디패
2026-08-06T01:23:08+00:00,2026,90,9737,sc,K리그1,전반언더오버,2,h U 1.5,전북현대,FC서울,08.01(토) 19:30,"1.33,2.60",언더
2026-08-06T01:23:08+00:00,2026,90,9738,sc,K리그1,승무패,3,,포항스틸 0,1 김천상무,08.01(토) 19:30,"2.33,2.85,2.70",홈패
2026-08-06T01:23:08+00:00,2026,90,9739,sc,K리그1,핸디캡,3,H -1.0,포항스틸 -1,1 김천상무,08.01(토) 19:30,"5.10,3.50,1.50",핸디패
2026-08-06T01:23:08+00:00,2026,90,9740,sc,K리그1,핸디캡,3,H -2.0,포항스틸 -2,1 김천상무,08.01(토) 19:30,"9.30,5.80,1.15",핸디패
2026-08-06T01:23:08+00:00,2026,90,9741,sc,K리그1,언더오버,2,U 2.5,포항스틸,김천상무,08.01(토) 19:30,"1.60,1.96",언더
2026-08-06T01:23:08+00:00,2026,90,9742,sc,K리그1,홀짝,2,,포항스틸,김천상무,08.01(토) 19:30,"1.77,1.75",홀
2026-08-06T01:23:08+00:00,2026,90,9743,sc,K리그1,전반승무패,3,h(전반),포항스틸 0,0 김천상무,08.01(토) 19:30,"2.85,1.98,3.40",무승부
2026-08-06T01:23:08+00:00,2026,90,9744,sc,K리그1,전반핸디캡,3,h H -1.0,포항스틸 -1,0 김천상무,08.01(토) 19:30,"8.00,3.60,1.34",핸디패
2026-08-06T01:23:08+00:00,2026,90,9745,sc,K리그1,전반언더오버,2,h U 1.5,포항스틸,김천상무,08.01(토) 19:30,"1.29,2.77",언더
2026-08-06T01:23:08+00:00,2026,90,9746,sc,K리그2,승무패,3,,충남아산 2,0 성남FC,08.01(토) 19:30,"2.36,3.00,2.55",홈승
2026-08-06T01:23:08+00:00,2026,90,9747,sc,K리그2,핸디캡,3,H -1.0,충남아산 1,0 성남FC,08.01(토) 19:30,"5.30,3.85,1.43",핸디승
2026-08-06T01:23:08+00:00,2026,90,9748,sc,K리그2,언더오버,2,U 2.5,충남아산,성남FC,08.01(토) 19:30,"1.64,1.90",언더
2026-08-06T01:23:08+00:00,2026,90,9749,sc,K리그2,홀짝,2,,충남아산,성남FC,08.01(토) 19:30,"1.77,1.75",짝
2026-08-06T01:23:08+00:00,2026,90,9750,sc,K리그2,승무패,3,,천안시티 2,2 용인FC,08.01(토) 19:30,"2.36,3.00,2.55",무승부
2026-08-06T01:23:08+00:00,2026,90,9751,sc,K리그2,핸디캡,3,H -1.0,천안시티 1,2 용인FC,08.01(토) 19:30,"4.80,3.85,1.47",핸디패
2026-08-06T01:23:08+00:00,2026,90,9752,sc,K리그2,언더오버,2,U 2.5,천안시티,용인FC,08.01(토) 19:30,"1.80,1.72",오버
2026-08-06T01:23:08+00:00,2026,90,9753,sc,K리그2,홀짝,2,,천안시티,용인FC,08.01(토) 19:30,"1.77,1.75",짝
2026-08-06T01:23:08+00:00,2026,90,9754,sc,K리그2,승무패,3,,충북청주 2,2 수원삼성,08.01(토) 19:30,"4.85,3.50,1.52",무승부
2026-08-06T01:23:08+00:00,2026,90,9755,sc,K리그2,핸디캡,3,H +1.0,충북청주 3,2 수원삼성,08.01(토) 19:30,"2.24,3.15,2.60",핸디승
2026-08-06T01:23:08+00:00,2026,90,9756,sc,K리그2,언더오버,2,U 2.5,충북청주,수원삼성,08.01(토) 19:30,"1.79,1.73",오버
2026-08-06T01:23:08+00:00,2026,90,9757,sc,K리그2,홀짝,2,,충북청주,수원삼성,08.01(토) 19:30,"1.77,1.75",짝
2026-08-06T01:23:08+00:00,2026,90,9758,sc,K리그2,승무패,3,,화성FC 5,1 대구FC,08.01(토) 19:30,"2.95,3.30,1.97",홈승
2026-08-06T01:23:08+00:00,2026,90,9759,sc,K리그2,핸디캡,3,H +1.0,화성FC 6,1 대구FC,08.01(토) 19:30,"1.65,3.60,3.75",핸디승
2026-08-06T01:23:08+00:00,2026,90,9760,sc,K리그2,언더오버,2,U 2.5,화성FC,대구FC,08.01(토) 19:30,"1.93,1.62",오버
2026-08-06T01:23:08+00:00,2026,90,9761,sc,K리그2,홀짝,2,,화성FC,대구FC,08.01(토) 19:30,"1.77,1.75",짝
2026-08-06T01:23:08+00:00,2026,90,9762,sc,축클럽친,승무패,3,,맨체스C 1,1 인테르,08.01(토) 20:30,"1.98,3.55,2.75",무승부
2026-08-06T01:23:08+00:00,2026,90,9763,sc,축클럽친,핸디캡,3,H -1.0,맨체스C 0,1 인테르,08.01(토) 20:30,"3.55,3.80,1.65",핸디패
2026-08-06T01:23:08+00:00,2026,90,9764,sc,축클럽친,언더오버,2,U 3.5,맨체스C,인테르,08.01(토) 20:30,"1.59,1.97",언더
2026-08-06T01:23:08+00:00,2026,90,9765,sc,축클럽친,홀짝,2,,맨체스C,인테르,08.01(토) 20:30,"1.76,1.76",짝
2026-08-06T01:23:08+00:00,2026,90,9766,vl,남배네이,승패,2,,일본M 2,3 미국M,08.01(토) 20:30,"2.22,1.46",홈패
2026-08-06T01:23:08+00:00,2026,90,9767,vl,남배네이,핸디캡,2,H +1.5,일본M 3.5,3 미국M,08.01(토) 20:30,"1.49,2.15",핸디승
2026-08-06T01:23:08+00:00,2026,90,9768,vl,남배네이,언더오버,2,U 185.5,일본M,미국M,08.01(토) 20:30,"1.81,1.71",오버
2026-08-06T01:23:08+00:00,2026,90,9769,vl,남배네이,홀짝,2,,일본M,미국M,08.01(토) 20:30,"1.76,1.76",홀
2026-08-06T01:23:08+00:00,2026,90,9770,sc,축ASEA챔,승무패,3,,태국 2,0 말레이시,08.01(토) 22:00,"1.40,4.00,5.40",홈승
2026-08-06T01:23:08+00:00,2026,90,9771,sc,축ASEA챔,핸디캡,3,H -1.0,태국 1,0 말레이시,08.01(토) 22:00,"2.18,3.35,2.55",핸디승
2026-08-06T01:23:08+00:00,2026,90,9772,sc,축ASEA챔,언더오버,2,U 3.5,태국,말레이시,08.01(토) 22:00,"1.48,2.17",언더
2026-08-06T01:23:08+00:00,2026,90,9773,sc,축ASEA챔,홀짝,2,,태국,말레이시,08.01(토) 22:00,"1.76,1.76",짝
2026-08-06T01:23:08+00:00,2026,90,9774,sc,축클럽친,승무패,3,,맨체스U 2,1 AT마드,08.01(토) 22:00,"2.06,3.25,2.80",홈승
2026-08-06T01:23:08+00:00,2026,90,9775,sc,축클럽친,핸디캡,3,H -1.0,맨체스U 1,1 AT마드,08.01(토) 22:00,"3.95,3.70,1.60",핸디무
2026-08-06T01:23:08+00:00,2026,90,9776,sc,축클럽친,언더오버,2,U 2.5,맨체스U,AT마드,08.01(토) 22:00,"2.04,1.55",오버
2026-08-06T01:23:08+00:00,2026,90,9777,sc,축클럽친,홀짝,2,,맨체스U,AT마드,08.01(토) 22:00,"1.77,1.75",홀
2026-08-06T01:23:08+00:00,2026,90,9778,sc,엘리테세,승무패,3,,프레드릭 1,0 사네피오,08.01(토) 23:00,"2.19,3.25,2.60",홈승
2026-08-06T01:23:08+00:00,2026,90,9779,sc,엘리테세,핸디캡,3,H -1.0,프레드릭 0,0 사네피오,08.01(토) 23:00,"4.40,3.80,1.52",핸디무
2026-08-06T01:23:08+00:00,2026,90,9780,sc,엘리테세,언더오버,2,U 2.5,프레드릭,사네피오,08.01(토) 23:00,"1.94,1.61",언더
2026-08-06T01:23:08+00:00,2026,90,9781,sc,엘리테세,홀짝,2,,프레드릭,사네피오,08.01(토) 23:00,"1.77,1.75",홀
2026-08-06T01:23:08+00:00,2026,90,9782,sc,엘리테세,승무패,3,,IK스타르 0,3 비킹FK,08.02(일) 01:00,"5.00,4.00,1.43",홈패
2026-08-06T01:23:08+00:00,2026,90,9783,sc,엘리테세,핸디캡,3,H +1.0,IK스타르 1,3 비킹FK,08.02(일) 01:00,"2.45,3.45,2.22",핸디패
2026-08-06T01:23:08+00:00,2026,90,9784,sc,엘리테세,핸디캡,3,H +2.0,IK스타르 2,3 비킹FK,08.02(일) 01:00,"1.53,4.20,3.90",핸디패
2026-08-06T01:23:08+00:00,2026,90,9785,sc,엘리테세,핸디캡,2,H +3.5,IK스타르 3.5,3 비킹FK,08.02(일) 01:00,"1.01,6.84",핸디승
2026-08-06T01:23:08+00:00,2026,90,9786,sc,엘리테세,언더오버,2,U 3.5,IK스타르,비킹FK,08.02(일) 01:00,"1.53,2.07",언더
2026-08-06T01:23:08+00:00,2026,90,9787,sc,엘리테세,홀짝,2,,IK스타르,비킹FK,08.02(일) 01:00,"1.76,1.76",홀
2026-08-06T01:23:08+00:00,2026,90,9788,bs,MLB,승패,2,,토론블루 5,1 세인카디,08.02(일) 04:07,"1.50,2.13",홈승
2026-08-06T01:23:08+00:00,2026,90,9789,bs,MLB,승①패,3,승①패,토론블루 5,1 세인카디,08.02(일) 04:07,"2.05,3.35,2.75",홈승
2026-08-06T01:23:08+00:00,2026,90,9790,bs,MLB,핸디캡,2,H -2.5,토론블루 2.5,1 세인카디,08.02(일) 04:07,"2.77,1.29",핸디승
2026-08-06T01:23:08+00:00,2026,90,9791,bs,MLB,언더오버,2,U 8.5,토론블루,세인카디,08.02(일) 04:07,"1.74,1.78",언더
2026-08-06T01:23:08+00:00,2026,90,9792,bs,MLB,홀짝,2,,토론블루,세인카디,08.02(일) 04:07,"1.55,2.04",짝
2026-08-06T01:23:08+00:00,2026,90,9793,bs,MLB,승패,2,,탬파레이 1,0 시카화이,08.02(일) 05:10,"1.44,2.26",홈승
2026-08-06T01:23:08+00:00,2026,90,9794,bs,MLB,승①패,3,승①패,탬파레이 1,0 시카화이,08.02(일) 05:10,"1.95,3.35,2.95",①
2026-08-06T01:23:08+00:00,2026,90,9795,bs,MLB,핸디캡,2,H -2.5,탬파레이 -1.5,0 시카화이,08.02(일) 05:10,"2.60,1.33",핸디패
2026-08-06T01:23:08+00:00,2026,90,9796,bs,MLB,언더오버,2,U 8.5,탬파레이,시카화이,08.02(일) 05:10,"1.66,1.87",언더
2026-08-06T01:23:08+00:00,2026,90,9797,bs,MLB,홀짝,2,,탬파레이,시카화이,08.02(일) 05:10,"1.56,2.02",홀
2026-08-06T01:23:08+00:00,2026,90,9798,bs,MLB,승패,2,,시애매리 4,3 미네트윈,08.02(일) 05:10,"1.42,2.31",홈승
2026-08-06T01:23:08+00:00,2026,90,9799,bs,MLB,승①패,3,승①패,시애매리 4,3 미네트윈,08.02(일) 05:10,"1.91,3.35,3.05",①
2026-08-06T01:23:08+00:00,2026,90,9800,bs,MLB,핸디캡,2,H -2.5,시애매리 1.5,3 미네트윈,08.02(일) 05:10,"2.56,1.34",핸디패
2026-08-06T01:23:08+00:00,2026,90,9801,bs,MLB,언더오버,2,U 7.5,시애매리,미네트윈,08.02(일) 05:10,"1.79,1.73",언더
2026-08-06T01:23:08+00:00,2026,90,9802,bs,MLB,홀짝,2,,시애매리,미네트윈,08.02(일) 05:10,"1.55,2.04",홀
2026-08-06T01:23:08+00:00,2026,90,9803,bs,MLB,승패,2,,뉴욕메츠 2,6 마이말린,08.02(일) 05:10,"1.63,1.91",홈패
2026-08-06T01:23:08+00:00,2026,90,9804,bs,MLB,승①패,3,승①패,뉴욕메츠 2,6 마이말린,08.02(일) 05:10,"2.28,3.30,2.45",홈패
2026-08-06T01:23:08+00:00,2026,90,9805,bs,MLB,핸디캡,2,H -2.5,뉴욕메츠 -0.5,6 마이말린,08.02(일) 05:10,"3.16,1.22",핸디패
2026-08-06T01:23:08+00:00,2026,90,9806,bs,MLB,언더오버,2,U 8.5,뉴욕메츠,마이말린,08.02(일) 05:10,"1.81,1.71",언더
2026-08-06T01:23:08+00:00,2026,90,9807,bs,MLB,홀짝,2,,뉴욕메츠,마이말린,08.02(일) 05:10,"1.55,2.04",짝
2026-08-06T01:23:08+00:00,2026,90,9808,bs,MLB,승패,2,,신시레즈 1,4 피츠파이,08.02(일) 07:40,"1.82,1.70",홈패
2026-08-06T01:23:08+00:00,2026,90,9809,bs,MLB,승①패,3,승①패,신시레즈 1,4 피츠파이,08.02(일) 07:40,"2.65,3.30,2.13",홈패
2026-08-06T01:23:08+00:00,2026,90,9810,bs,MLB,핸디캡,2,H +2.5,신시레즈 3.5,4 피츠파이,08.02(일) 07:40,"1.28,2.82",핸디패
2026-08-06T01:23:08+00:00,2026,90,9811,bs,MLB,언더오버,2,U 8.5,신시레즈,피츠파이,08.02(일) 07:40,"1.74,1.78",언더
2026-08-06T01:23:08+00:00,2026,90,9812,bs,MLB,홀짝,2,,신시레즈,피츠파이,08.02(일) 07:40,"1.55,2.04",홀
2026-08-06T01:23:08+00:00,2026,90,9813,bs,MLB,승패,2,,볼티오리 0,5 필라필리,08.02(일) 08:05,"2.04,1.55",홈패
2026-08-06T01:23:08+00:00,2026,90,9814,bs,MLB,승①패,3,승①패,볼티오리 0,5 필라필리,08.02(일) 08:05,"3.10,3.30,1.91",홈패
2026-08-06T01:23:08+00:00,2026,90,9815,bs,MLB,핸디캡,2,H +2.5,볼티오리 2.5,5 필라필리,08.02(일) 08:05,"1.36,2.49",핸디패
2026-08-06T01:23:08+00:00,2026,90,9816,bs,MLB,언더오버,2,U 8.5,볼티오리,필라필리,08.02(일) 08:05,"1.73,1.79",언더
2026-08-06T01:23:08+00:00,2026,90,9817,bs,MLB,홀짝,2,,볼티오리,필라필리,08.02(일) 08:05,"1.55,2.04",홀
2026-08-06T01:23:08+00:00,2026,90,9818,bs,MLB,승패,2,,휴스애스 5,4 텍사레인,08.02(일) 08:10,"1.96,1.60",홈승
2026-08-06T01:23:08+00:00,2026,90,9819,bs,MLB,승①패,3,승①패,휴스애스 5,4 텍사레인,08.02(일) 08:10,"2.90,3.30,1.99",①
2026-08-06T01:23:08+00:00,2026,90,9820,bs,MLB,핸디캡,2,H +2.5,휴스애스 7.5,4 텍사레인,08.02(일) 08:10,"1.33,2.60",핸디승
2026-08-06T01:23:08+00:00,2026,90,9821,bs,MLB,언더오버,2,U 8.5,휴스애스,텍사레인,08.02(일) 08:10,"1.71,1.81",오버
2026-08-06T01:23:08+00:00,2026,90,9822,bs,MLB,홀짝,2,,휴스애스,텍사레인,08.02(일) 08:10,"1.55,2.04",홀
2026-08-06T01:23:08+00:00,2026,90,9823,bs,MLB,승패,2,,클리가디 8,12 애리다이,08.02(일) 08:15,"1.46,2.22",홈패
2026-08-06T01:23:08+00:00,2026,90,9824,bs,MLB,승①패,3,승①패,클리가디 8,12 애리다이,08.02(일) 08:15,"1.98,3.40,2.85",홈패
2026-08-06T01:23:08+00:00,2026,90,9825,bs,MLB,핸디캡,2,H -2.5,클리가디 5.5,12 애리다이,08.02(일) 08:15,"2.64,1.32",핸디패
2026-08-06T01:23:08+00:00,2026,90,9826,bs,MLB,언더오버,2,U 8.5,클리가디,애리다이,08.02(일) 08:15,"1.75,1.77",오버
2026-08-06T01:23:08+00:00,2026,90,9827,bs,MLB,홀짝,2,,클리가디,애리다이,08.02(일) 08:15,"1.56,2.02",짝
2026-08-06T01:23:08+00:00,2026,90,9828,bs,MLB,승패,2,,시카컵스 5,2 뉴욕양키,08.02(일) 08:15,"1.87,1.66",홈승
2026-08-06T01:23:08+00:00,2026,90,9829,bs,MLB,승①패,3,승①패,시카컵스 5,2 뉴욕양키,08.02(일) 08:15,"2.85,3.00,2.15",홈승
2026-08-06T01:23:08+00:00,2026,90,9830,bs,MLB,핸디캡,2,H +2.5,시카컵스 7.5,2 뉴욕양키,08.02(일) 08:15,"1.24,3.03",핸디승
2026-08-06T01:23:08+00:00,2026,90,9831,bs,MLB,언더오버,2,U 6.5,시카컵스,뉴욕양키,08.02(일) 08:15,"1.66,1.87",오버
2026-08-06T01:23:08+00:00,2026,90,9832,bs,MLB,홀짝,2,,시카컵스,뉴욕양키,08.02(일) 08:15,"1.53,2.07",홀
2026-08-06T01:23:08+00:00,2026,90,9833,bs,MLB,승패,2,,애틀브레 8,3 워싱내셔,08.02(일) 08:15,"1.37,2.46",홈승
2026-08-06T01:23:08+00:00,2026,90,9834,bs,MLB,승①패,3,승①패,애틀브레 8,3 워싱내셔,08.02(일) 08:15,"1.80,3.55,3.20",홈승
2026-08-06T01:23:08+00:00,2026,90,9835,bs,MLB,핸디캡,2,H -2.5,애틀브레 5.5,3 워싱내셔,08.02(일) 08:15,"2.31,1.42",핸디승
2026-08-06T01:23:08+00:00,2026,90,9836,bs,MLB,언더오버,2,U 9.5,애틀브레,워싱내셔,08.02(일) 08:15,"1.72,1.80",오버
2026-08-06T01:23:08+00:00,2026,90,9837,bs,MLB,홀짝,2,,애틀브레,워싱내셔,08.02(일) 08:15,"1.56,2.02",홀
2026-08-06T01:23:08+00:00,2026,90,9838,sc,MLS,승무패,3,,FC신시내 4,2 새너어스,08.02(일) 08:30,"1.77,3.90,3.05",홈승
2026-08-06T01:23:08+00:00,2026,90,9839,sc,MLS,핸디캡,3,H -1.0,FC신시내 3,2 새너어스,08.02(일) 08:30,"2.80,3.90,1.87",핸디승
2026-08-06T01:23:08+00:00,2026,90,9840,sc,MLS,언더오버,2,U 3.5,FC신시내,새너어스,08.02(일) 08:30,"1.93,1.62",오버
2026-08-06T01:23:08+00:00,2026,90,9841,sc,MLS,홀짝,2,,FC신시내,새너어스,08.02(일) 08:30,"1.76,1.76",짝
2026-08-06T01:23:08+00:00,2026,90,9842,sc,MLS,승무패,3,,DC유나이 2,2 내슈빌SC,08.02(일) 08:30,"2.70,3.15,2.17",무승부
2026-08-06T01:23:08+00:00,2026,90,9843,sc,MLS,핸디캡,3,H +1.0,DC유나이 3,2 내슈빌SC,08.02(일) 08:30,"1.54,3.70,4.35",핸디승
2026-08-06T01:23:08+00:00,2026,90,9844,sc,MLS,언더오버,2,U 2.5,DC유나이,내슈빌SC,08.02(일) 08:30,"1.77,1.75",오버
2026-08-06T01:23:08+00:00,2026,90,9845,sc,MLS,홀짝,2,,DC유나이,내슈빌SC,08.02(일) 08:30,"1.77,1.75",짝
2026-08-06T01:23:08+00:00,2026,90,9846,sc,MLS,승무패,3,,인터마이 2,2 콜럼크루,08.02(일) 08:30,"1.49,4.10,4.25",무승부
2026-08-06T01:23:08+00:00,2026,90,9847,sc,MLS,핸디캡,3,H -1.0,인터마이 1,2 콜럼크루,08.02(일) 08:30,"2.19,4.20,2.20",핸디패
2026-08-06T01:23:08+00:00,2026,90,9848,sc,MLS,언더오버,2,U 3.5,인터마이,콜럼크루,08.02(일) 08:30,"1.82,1.70",오버
2026-08-06T01:23:08+00:00,2026,90,9849,sc,MLS,홀짝,2,,인터마이,콜럼크루,08.02(일) 08:30,"1.76,1.76",짝
2026-08-06T01:23:08+00:00,2026,90,9850,sc,MLS,승무패,3,,CF몽레알 2,2 뉴잉레벌,08.02(일) 08:30,"1.95,3.25,3.05",무승부
2026-08-06T01:23:08+00:00,2026,90,9851,sc,MLS,핸디캡,3,H -1.0,CF몽레알 1,2 뉴잉레벌,08.02(일) 08:30,"3.65,3.55,1.68",핸디패
2026-08-06T01:23:08+00:00,2026,90,9852,sc,MLS,언더오버,2,U 2.5,CF몽레알,뉴잉레벌,08.02(일) 08:30,"1.93,1.62",오버
2026-08-06T01:23:08+00:00,2026,90,9853,sc,MLS,홀짝,2,,CF몽레알,뉴잉레벌,08.02(일) 08:30,"1.77,1.75",짝
2026-08-06T01:23:08+00:00,2026,90,9854,sc,MLS,승무패,3,,뉴욕레드 3,2 올랜시티,08.02(일) 08:30,"2.12,3.70,2.45",홈승
2026-08-06T01:23:08+00:00,2026,90,9855,sc,MLS,핸디캡,3,H -1.0,뉴욕레드 2,2 올랜시티,08.02(일) 08:30,"4.00,3.95,1.55",핸디무
2026-08-06T01:23:08+00:00,2026,90,9856,sc,MLS,언더오버,2,U 3.5,뉴욕레드,올랜시티,08.02(일) 08:30,"1.82,1.70",오버
2026-08-06T01:23:08+00:00,2026,90,9857,sc,MLS,홀짝,2,,뉴욕레드,올랜시티,08.02(일) 08:30,"1.76,1.76",홀
2026-08-06T01:23:08+00:00,2026,90,9858,sc,MLS,승무패,3,,필라유니 3,2 애틀유나,08.02(일) 08:30,"1.50,3.85,4.50",홈승
2026-08-06T01:23:08+00:00,2026,90,9859,sc,MLS,핸디캡,3,H -1.0,필라유니 2,2 애틀유나,08.02(일) 08:30,"2.45,3.35,2.26",핸디무
2026-08-06T01:23:08+00:00,2026,90,9860,sc,MLS,언더오버,2,U 2.5,필라유니,애틀유나,08.02(일) 08:30,"2.11,1.51",오버
2026-08-06T01:23:08+00:00,2026,90,9861,sc,MLS,홀짝,2,,필라유니,애틀유나,08.02(일) 08:30,"1.76,1.76",홀
2026-08-06T01:23:08+00:00,2026,90,9862,sc,MLS,승무패,3,,밴쿠화이 1,1 LAFC,08.02(일) 08:30,"1.77,3.75,3.15",무승부
2026-08-06T01:23:08+00:00,2026,90,9863,sc,MLS,핸디캡,3,H -1.0,밴쿠화이 0,1 LAFC,08.02(일) 08:30,"2.85,4.20,1.78",핸디패
2026-08-06T01:23:08+00:00,2026,90,9864,sc,MLS,핸디캡,3,H -2.0,밴쿠화이 -1,1 LAFC,08.02(일) 08:30,"6.00,5.10,1.27",핸디패
2026-08-06T01:23:08+00:00,2026,90,9865,sc,MLS,언더오버,2,U 3.5,밴쿠화이,LAFC,08.02(일) 08:30,"1.54,2.05",언더
2026-08-06T01:23:08+00:00,2026,90,9866,sc,MLS,홀짝,2,,밴쿠화이,LAFC,08.02(일) 08:30,"1.76,1.76",짝
2026-08-06T01:23:08+00:00,2026,90,9867,bs,MLB,승패,2,,콜로로키 12,6 캔자로얄,08.02(일) 09:10,"1.72,1.80",홈승
2026-08-06T01:23:08+00:00,2026,90,9868,bs,MLB,승①패,3,승①패,콜로로키 12,6 캔자로얄,08.02(일) 09:10,"2.40,3.50,2.24",홈승
2026-08-06T01:23:08+00:00,2026,90,9869,bs,MLB,핸디캡,2,H -2.5,콜로로키 9.5,6 캔자로얄,08.02(일) 09:10,"3.03,1.24",핸디승
2026-08-06T01:23:08+00:00,2026,90,9870,bs,MLB,언더오버,2,U 11.5,콜로로키,캔자로얄,08.02(일) 09:10,"1.80,1.72",오버
2026-08-06T01:23:08+00:00,2026,90,9871,bs,MLB,홀짝,2,,콜로로키,캔자로얄,08.02(일) 09:10,"1.56,2.02",짝
2026-08-06T01:23:08+00:00,2026,90,9872,sc,MLS,승무패,3,,시카파이 2,1 샬럿FC,08.02(일) 09:30,"1.42,4.50,4.50",홈승
2026-08-06T01:23:08+00:00,2026,90,9873,sc,MLS,핸디캡,3,H -1.0,시카파이 1,1 샬럿FC,08.02(일) 09:30,"2.22,3.55,2.40",핸디무
2026-08-06T01:23:08+00:00,2026,90,9874,sc,MLS,언더오버,2,U 3.5,시카파이,샬럿FC,08.02(일) 09:30,"1.63,1.91",언더
2026-08-06T01:23:08+00:00,2026,90,9875,sc,MLS,홀짝,2,,시카파이,샬럿FC,08.02(일) 09:30,"1.76,1.76",홀
2026-08-06T01:23:08+00:00,2026,90,9876,sc,MLS,승무패,3,,스포캔자 0,2 휴스다이,08.02(일) 09:30,"2.85,3.35,2.00",홈패
2026-08-06T01:23:08+00:00,2026,90,9877,sc,MLS,핸디캡,3,H +1.0,스포캔자 1,2 휴스다이,08.02(일) 09:30,"1.63,3.70,3.75",핸디패
2026-08-06T01:23:08+00:00,2026,90,9878,sc,MLS,언더오버,2,U 2.5,스포캔자,휴스다이,08.02(일) 09:30,"2.11,1.51",언더
2026-08-06T01:23:08+00:00,2026,90,9879,sc,MLS,홀짝,2,,스포캔자,휴스다이,08.02(일) 09:30,"1.76,1.76",짝
2026-08-06T01:23:08+00:00,2026,90,9880,sc,MLS,승무패,3,,미네유나 1,1 샌디에FC,08.02(일) 09:30,"1.87,3.55,3.00",무승부
2026-08-06T01:23:08+00:00,2026,90,9881,sc,MLS,핸디캡,3,H -1.0,미네유나 0,1 샌디에FC,08.02(일) 09:30,"3.30,3.70,1.74",핸디패
2026-08-06T01:23:08+00:00,2026,90,9882,sc,MLS,언더오버,2,U 3.5,미네유나,샌디에FC,08.02(일) 09:30,"1.51,2.11",언더
2026-08-06T01:23:08+00:00,2026,90,9883,sc,MLS,홀짝,2,,미네유나,샌디에FC,08.02(일) 09:30,"1.76,1.76",짝
2026-08-06T01:23:08+00:00,2026,90,9884,sc,MLS,승무패,3,,세인시티 1,1 레알솔트,08.02(일) 09:30,"1.95,3.50,2.85",무승부
2026-08-06T01:23:08+00:00,2026,90,9885,sc,MLS,핸디캡,3,H -1.0,세인시티 0,1 레알솔트,08.02(일) 09:30,"3.50,3.80,1.67",핸디패
2026-08-06T01:23:08+00:00,2026,90,9886,sc,MLS,언더오버,2,U 3.5,세인시티,레알솔트,08.02(일) 09:30,"1.50,2.13",언더
2026-08-06T01:23:08+00:00,2026,90,9887,sc,MLS,홀짝,2,,세인시티,레알솔트,08.02(일) 09:30,"1.76,1.76",짝
2026-08-06T01:23:08+00:00,2026,90,9888,bs,MLB,승패,2,,샌디파드 6,5 샌프자이,08.02(일) 09:40,"1.57,2.00",홈승
2026-08-06T01:23:08+00:00,2026,90,9889,bs,MLB,승①패,3,승①패,샌디파드 6,5 샌프자이,08.02(일) 09:40,"2.18,3.35,2.55",①
2026-08-06T01:23:08+00:00,2026,90,9890,bs,MLB,핸디캡,2,H -2.5,샌디파드 3.5,5 샌프자이,08.02(일) 09:40,"2.97,1.25",핸디패
2026-08-06T01:23:08+00:00,2026,90,9891,bs,MLB,언더오버,2,U 8.5,샌디파드,샌프자이,08.02(일) 09:40,"1.84,1.69",오버
2026-08-06T01:23:08+00:00,2026,90,9892,bs,MLB,홀짝,2,,샌디파드,샌프자이,08.02(일) 09:40,"1.55,2.04",홀
2026-08-06T01:23:08+00:00,2026,90,9893,bs,MLB,승패,2,,LA다저스 2,3 보스레드,08.02(일) 10:10,"1.43,2.29",홈패
2026-08-06T01:23:08+00:00,2026,90,9894,bs,MLB,승①패,3,승①패,LA다저스 2,3 보스레드,08.02(일) 10:10,"1.94,3.45,2.90",①
2026-08-06T01:23:08+00:00,2026,90,9895,bs,MLB,핸디캡,2,H -2.5,LA다저스 -0.5,3 보스레드,08.02(일) 10:10,"2.68,1.31",핸디패
2026-08-06T01:23:08+00:00,2026,90,9896,bs,MLB,언더오버,2,U 8.5,LA다저스,보스레드,08.02(일) 10:10,"1.58,1.99",언더
2026-08-06T01:23:08+00:00,2026,90,9897,bs,MLB,홀짝,2,,LA다저스,보스레드,08.02(일) 10:10,"1.56,2.02",홀
2026-08-06T01:23:08+00:00,2026,90,9898,sc,MLS,승무패,3,,콜로래피 1,0 오스틴FC,08.02(일) 10:30,"1.64,3.55,3.90",홈승
2026-08-06T01:23:08+00:00,2026,90,9899,sc,MLS,핸디캡,3,H -1.0,콜로래피 0,0 오스틴FC,08.02(일) 10:30,"2.80,3.45,1.99",핸디무
2026-08-06T01:23:08+00:00,2026,90,9900,sc,MLS,언더오버,2,U 2.5,콜로래피,오스틴FC,08.02(일) 10:30,"2.09,1.52",언더
2026-08-06T01:23:08+00:00,2026,90,9901,sc,MLS,홀짝,2,,콜로래피,오스틴FC,08.02(일) 10:30,"1.76,1.76",홀
2026-08-06T01:23:08+00:00,2026,90,9902,bs,MLB,승패,2,,LA에인절 1,3 밀워브루,08.02(일) 10:38,"1.89,1.65",홈패
2026-08-06T01:23:08+00:00,2026,90,9903,bs,MLB,승①패,3,승①패,LA에인절 1,3 밀워브루,08.02(일) 10:38,"2.70,3.40,2.06",홈패
2026-08-06T01:23:08+00:00,2026,90,9904,bs,MLB,핸디캡,2,H +2.5,LA에인절 3.5,3 밀워브루,08.02(일) 10:38,"1.32,2.64",핸디승
2026-08-06T01:23:08+00:00,2026,90,9905,bs,MLB,언더오버,2,U 8.5,LA에인절,밀워브루,08.02(일) 10:38,"1.81,1.71",언더
2026-08-06T01:23:08+00:00,2026,90,9906,bs,MLB,홀짝,2,,LA에인절,밀워브루,08.02(일) 10:38,"1.55,2.04",짝
2026-08-06T01:23:08+00:00,2026,90,9907,bs,MLB,승패,2,,애슬레틱 6,8 디트타이,08.02(일) 10:40,"2.13,1.50",홈패
2026-08-06T01:23:08+00:00,2026,90,9908,bs,MLB,승①패,3,승①패,애슬레틱 6,8 디트타이,08.02(일) 10:40,"3.05,3.75,1.80",홈패
2026-08-06T01:23:08+00:00,2026,90,9909,bs,MLB,핸디캡,2,H +2.5,애슬레틱 8.5,8 디트타이,08.02(일) 10:40,"1.47,2.19",핸디승
2026-08-06T01:23:08+00:00,2026,90,9910,bs,MLB,언더오버,2,U 10.5,애슬레틱,디트타이,08.02(일) 10:40,"1.81,1.71",오버
2026-08-06T01:23:08+00:00,2026,90,9911,bs,MLB,홀짝,2,,애슬레틱,디트타이,08.02(일) 10:40,"1.56,2.02",짝
2026-08-06T01:23:08+00:00,2026,90,9912,bs,MLB,전반승무패,3,h(전반),애슬레틱 2,4 디트타이,08.02(일) 10:40,"2.35,6.60,1.75",홈패
2026-08-06T01:23:08+00:00,2026,90,9913,bs,MLB,전반핸디캡,2,h H +1.5,애슬레틱 3.5,4 디트타이,08.02(일) 10:40,"1.39,2.40",핸디패
2026-08-06T01:23:08+00:00,2026,90,9914,bs,MLB,전반언더오버,2,h U 5.5,애슬레틱,디트타이,08.02(일) 10:40,"1.81,1.71",오버
2026-08-06T01:23:08+00:00,2026,90,9915,sc,MLS,승무패,3,,LA갤럭시 0,0 FC댈러스,08.02(일) 11:30,"2.06,3.50,2.65",무승부
2026-08-06T01:23:08+00:00,2026,90,9916,sc,MLS,핸디캡,3,H -1.0,LA갤럭시 -1,0 FC댈러스,08.02(일) 11:30,"3.75,3.90,1.60",핸디패
2026-08-06T01:23:08+00:00,2026,90,9917,sc,MLS,언더오버,2,U 3.5,LA갤럭시,FC댈러스,08.02(일) 11:30,"1.52,2.09",언더
2026-08-06T01:23:08+00:00,2026,90,9918,sc,MLS,홀짝,2,,LA갤럭시,FC댈러스,08.02(일) 11:30,"1.76,1.76",짝
2026-08-06T01:23:08+00:00,2026,90,9919,sc,MLS,승무패,3,,포틀팀버 2,1 시애사운,08.02(일) 11:45,"1.87,3.55,3.00",홈승
2026-08-06T01:23:08+00:00,2026,90,9920,sc,MLS,핸디캡,3,H -1.0,포틀팀버 1,1 시애사운,08.02(일) 11:45,"3.20,3.75,1.75",핸디무
2026-08-06T01:23:08+00:00,2026,90,9921,sc,MLS,언더오버,2,U 3.5,포틀팀버,시애사운,08.02(일) 11:45,"1.61,1.94",언더
2026-08-06T01:23:08+00:00,2026,90,9922,sc,MLS,홀짝,2,,포틀팀버,시애사운,08.02(일) 11:45,"1.76,1.76",홀
2026-08-06T01:23:08+00:00,2026,90,9923,bs,NPB,승패,2,,닛폰햄 3,0 지바롯데,08.02(일) 13:00,"1.50,2.13",홈승
2026-08-06T01:23:08+00:00,2026,90,9924,bs,NPB,승①패,3,승①패,닛폰햄 3,0 지바롯데,08.02(일) 13:00,"2.21,2.80,2.95",홈승
2026-08-06T01:23:08+00:00,2026,90,9925,bs,NPB,핸디캡,2,H -2.5,닛폰햄 0.5,0 지바롯데,08.02(일) 13:00,"2.97,1.25",핸디승
2026-08-06T01:23:08+00:00,2026,90,9926,bs,NPB,언더오버,2,U 7.5,닛폰햄,지바롯데,08.02(일) 13:00,"1.78,1.74",언더
2026-08-06T01:23:08+00:00,2026,90,9927,bs,NPB,홀짝,2,,닛폰햄,지바롯데,08.02(일) 13:00,"1.61,1.94",홀
2026-08-06T01:23:08+00:00,2026,90,9928,bs,KBO,승패,2,,키움 5,3 SSG,08.02(일) 14:00,"2.40,1.39",홈승
2026-08-06T01:23:08+00:00,2026,90,9929,bs,KBO,승①패,3,승①패,키움 5,3 SSG,08.02(일) 14:00,"3.65,3.40,1.72",홈승
2026-08-06T01:23:08+00:00,2026,90,9930,bs,KBO,핸디캡,2,H +2.5,키움 7.5,3 SSG,08.02(일) 14:00,"1.48,2.17",핸디승
2026-08-06T01:23:08+00:00,2026,90,9931,bs,KBO,언더오버,2,U 8.5,키움,SSG,08.02(일) 14:00,"1.74,1.78",언더
2026-08-06T01:23:08+00:00,2026,90,9932,bs,KBO,홀짝,2,,키움,SSG,08.02(일) 14:00,"1.59,1.97",짝
2026-08-06T01:23:08+00:00,2026,90,9933,bs,KBO,전반승무패,3,h(전반),키움 3,2 SSG,08.02(일) 14:00,"2.75,6.10,1.61",홈승
2026-08-06T01:23:08+00:00,2026,90,9934,bs,KBO,전반핸디캡,2,h H +1.5,키움 4.5,2 SSG,08.02(일) 14:00,"1.49,2.15",핸디승
2026-08-06T01:23:08+00:00,2026,90,9935,bs,KBO,전반언더오버,2,h U 4.5,키움,SSG,08.02(일) 14:00,"1.71,1.81",오버
2026-08-06T01:23:08+00:00,2026,90,9936,bs,NPB,승패,2,,요미우리 1,2 요코베이,08.02(일) 14:00,"1.67,1.86",홈패
2026-08-06T01:23:08+00:00,2026,90,9937,bs,NPB,승①패,3,승①패,요미우리 1,2 요코베이,08.02(일) 14:00,"2.65,2.65,2.54",①
2026-08-06T01:23:08+00:00,2026,90,9938,bs,NPB,핸디캡,2,H -2.5,요미우리 -1.5,2 요코베이,08.02(일) 14:00,"3.65,1.16",핸디패
2026-08-06T01:23:08+00:00,2026,90,9939,bs,NPB,언더오버,2,U 6.5,요미우리,요코베이,08.02(일) 14:00,"1.71,1.81",언더
2026-08-06T01:23:08+00:00,2026,90,9940,bs,NPB,홀짝,2,,요미우리,요코베이,08.02(일) 14:00,"1.61,1.94",홀
2026-08-06T01:23:08+00:00,2026,90,9941,bs,NPB,승패,2,,라쿠텐 6,10 소프트뱅,08.02(일) 16:00,"2.31,1.42",홈패
2026-08-06T01:23:08+00:00,2026,90,9942,bs,NPB,승①패,3,승①패,라쿠텐 6,10 소프트뱅,08.02(일) 16:00,"3.95,3.20,1.71",홈패
2026-08-06T01:23:08+00:00,2026,90,9943,bs,NPB,핸디캡,2,H +2.5,라쿠텐 8.5,10 소프트뱅,08.02(일) 16:00,"1.42,2.31",핸디패
2026-08-06T01:23:08+00:00,2026,90,9944,bs,NPB,언더오버,2,U 7.5,라쿠텐,소프트뱅,08.02(일) 16:00,"1.72,1.80",오버
2026-08-06T01:23:08+00:00,2026,90,9945,bs,NPB,홀짝,2,,라쿠텐,소프트뱅,08.02(일) 16:00,"1.61,1.94",짝
2026-08-06T01:23:08+00:00,2026,90,9946,vl,남배네이,승패,2,,일본M 1,3 슬로베M,08.02(일) 16:40,"1.27,2.87",홈패
2026-08-06T01:23:08+00:00,2026,90,9947,vl,남배네이,핸디캡,2,H -1.5,일본M -0.5,3 슬로베M,08.02(일) 16:40,"1.70,1.82",핸디패
2026-08-06T01:23:08+00:00,2026,90,9948,vl,남배네이,언더오버,2,U 183.5,일본M,슬로베M,08.02(일) 16:40,"1.81,1.71",오버
2026-08-06T01:23:08+00:00,2026,90,9949,vl,남배네이,홀짝,2,,일본M,슬로베M,08.02(일) 16:40,"1.76,1.76",짝
2026-08-06T01:23:08+00:00,2026,90,9950,bs,NPB,승패,2,,세이부 5,1 오릭스,08.02(일) 17:00,"1.49,2.15",홈승
2026-08-06T01:23:08+00:00,2026,90,9951,bs,NPB,승①패,3,승①패,세이부 5,1 오릭스,08.02(일) 17:00,"2.25,2.65,3.05",홈승
2026-08-06T01:23:08+00:00,2026,90,9952,bs,NPB,핸디캡,2,H -2.5,세이부 2.5,1 오릭스,08.02(일) 17:00,"2.97,1.25",핸디승
2026-08-06T01:23:08+00:00,2026,90,9953,bs,NPB,언더오버,2,U 6.5,세이부,오릭스,08.02(일) 17:00,"1.78,1.74",언더
2026-08-06T01:23:08+00:00,2026,90,9954,bs,NPB,홀짝,2,,세이부,오릭스,08.02(일) 17:00,"1.61,1.94",짝
2026-08-06T01:23:08+00:00,2026,90,9955,bs,KBO,승패,2,,두산 8,3 LG,08.02(일) 18:00,"1.77,1.75",홈승
2026-08-06T01:23:08+00:00,2026,90,9956,bs,KBO,승①패,3,승①패,두산 8,3 LG,08.02(일) 18:00,"2.60,3.10,2.26",홈승
2026-08-06T01:23:08+00:00,2026,90,9957,bs,KBO,핸디캡,2,H +2.5,두산 10.5,3 LG,08.02(일) 18:00,"1.24,3.03",핸디승
2026-08-06T01:23:08+00:00,2026,90,9958,bs,KBO,언더오버,2,U 7.5,두산,LG,08.02(일) 18:00,"1.87,1.66",오버
2026-08-06T01:23:08+00:00,2026,90,9959,bs,KBO,홀짝,2,,두산,LG,08.02(일) 18:00,"1.59,1.97",홀
2026-08-06T01:23:08+00:00,2026,90,9960,bs,KBO,전반승무패,3,h(전반),두산 6,3 LG,08.02(일) 18:00,"2.15,5.00,2.06",홈승
2026-08-06T01:23:08+00:00,2026,90,9961,bs,KBO,전반핸디캡,2,h H +1.5,두산 7.5,3 LG,08.02(일) 18:00,"1.27,2.87",핸디승
2026-08-06T01:23:08+00:00,2026,90,9962,bs,KBO,전반언더오버,2,h U 4.5,두산,LG,08.02(일) 18:00,"1.64,1.90",오버
2026-08-06T01:23:08+00:00,2026,90,9971,bs,KBO,승패,2,,KT 12,1 한화,08.02(일) 18:00,"1.69,1.84",홈승
2026-08-06T01:23:08+00:00,2026,90,9972,bs,KBO,승①패,3,승①패,KT 12,1 한화,08.02(일) 18:00,"2.35,3.40,2.33",홈승
2026-08-06T01:23:08+00:00,2026,90,9973,bs,KBO,핸디캡,2,H -2.5,KT 9.5,1 한화,08.02(일) 18:00,"3.03,1.24",핸디승
2026-08-06T01:23:08+00:00,2026,90,9974,bs,KBO,언더오버,2,U 9.5,KT,한화,08.02(일) 18:00,"1.73,1.79",오버
2026-08-06T01:23:08+00:00,2026,90,9975,bs,KBO,홀짝,2,,KT,한화,08.02(일) 18:00,"1.58,1.99",홀
2026-08-06T01:23:08+00:00,2026,90,9976,bs,KBO,전반승무패,3,h(전반),KT 1,0 한화,08.02(일) 18:00,"2.00,5.80,2.10",홈승
2026-08-06T01:23:08+00:00,2026,90,9977,bs,KBO,전반핸디캡,2,h H -1.5,KT -0.5,0 한화,08.02(일) 18:00,"2.72,1.30",핸디패
2026-08-06T01:23:08+00:00,2026,90,9978,bs,KBO,전반언더오버,2,h U 5.5,KT,한화,08.02(일) 18:00,"1.65,1.89",언더
2026-08-06T01:23:08+00:00,2026,90,9979,bs,KBO,승패,2,,NC,KIA,08.02(일) 18:00,"1.00,1.00",취소
2026-08-06T01:23:08+00:00,2026,90,9980,bs,KBO,승①패,3,승①패,NC,KIA,08.02(일) 18:00,"1.00,1.00,1.00",취소
2026-08-06T01:23:08+00:00,2026,90,9981,bs,KBO,핸디캡,2,H -2.5,NC,KIA,08.02(일) 18:00,"1.00,1.00",취소
2026-08-06T01:23:08+00:00,2026,90,9982,bs,KBO,언더오버,2,U 9.5,NC,KIA,08.02(일) 18:00,"1.00,1.00",취소
2026-08-06T01:23:08+00:00,2026,90,9983,bs,KBO,홀짝,2,,NC,KIA,08.02(일) 18:00,"1.00,1.00",취소
2026-08-06T01:23:08+00:00,2026,90,9984,bs,KBO,전반승무패,3,h(전반),NC,KIA,08.02(일) 18:00,"1.00,1.00,1.00",취소
2026-08-06T01:23:08+00:00,2026,90,9985,bs,KBO,전반핸디캡,2,h H -1.5,NC,KIA,08.02(일) 18:00,"1.00,1.00",취소
2026-08-06T01:23:08+00:00,2026,90,9986,bs,KBO,전반언더오버,2,h U 5.5,NC,KIA,08.02(일) 18:00,"1.00,1.00",취소
2026-08-06T01:23:08+00:00,2026,90,9987,bs,NPB,승패,2,,야쿠르트 3,4 한신,08.02(일) 18:00,"2.24,1.45",홈패
2026-08-06T01:23:08+00:00,2026,90,9988,bs,NPB,승①패,3,승①패,야쿠르트 3,4 한신,08.02(일) 18:00,"3.80,2.90,1.85",①
2026-08-06T01:23:08+00:00,2026,90,9989,bs,NPB,핸디캡,2,H +2.5,야쿠르트 5.5,4 한신,08.02(일) 18:00,"1.37,2.46",핸디승
2026-08-06T01:23:08+00:00,2026,90,9990,bs,NPB,언더오버,2,U 8.5,야쿠르트,한신,08.02(일) 18:00,"1.76,1.76",언더
2026-08-06T01:23:08+00:00,2026,90,9991,bs,NPB,홀짝,2,,야쿠르트,한신,08.02(일) 18:00,"1.61,1.94",홀
2026-08-06T01:23:08+00:00,2026,90,9992,bs,NPB,승패,2,,히로카프 4,3 주니치,08.02(일) 18:00,"1.73,1.79",홈승
2026-08-06T01:23:08+00:00,2026,90,9993,bs,NPB,승①패,3,승①패,히로카프 4,3 주니치,08.02(일) 18:00,"2.70,2.75,2.41",①
2026-08-06T01:23:08+00:00,2026,90,9994,bs,NPB,핸디캡,2,H -2.5,히로카프 1.5,3 주니치,08.02(일) 18:00,"3.75,1.15",핸디패
2026-08-06T01:23:08+00:00,2026,90,9995,bs,NPB,언더오버,2,U 7.5,히로카프,주니치,08.02(일) 18:00,"1.70,1.82",언더
2026-08-06T01:23:08+00:00,2026,90,9996,bs,NPB,홀짝,2,,히로카프,주니치,08.02(일) 18:00,"1.61,1.94",홀
2026-08-06T01:23:08+00:00,2026,90,9963,bs,KBO,승패,2,,롯데 10,7 삼성,08.02(일) 18:30,"2.09,1.52",홈승
2026-08-06T01:23:08+00:00,2026,90,9964,bs,KBO,승①패,3,승①패,롯데 10,7 삼성,08.02(일) 18:30,"3.10,3.70,1.80",홈승
2026-08-06T01:23:08+00:00,2026,90,9965,bs,KBO,핸디캡,2,H +2.5,롯데 12.5,7 삼성,08.02(일) 18:30,"1.48,2.17",핸디승
2026-08-06T01:23:08+00:00,2026,90,9966,bs,KBO,언더오버,2,U 10.5,롯데,삼성,08.02(일) 18:30,"1.73,1.79",오버
2026-08-06T01:23:08+00:00,2026,90,9967,bs,KBO,홀짝,2,,롯데,삼성,08.02(일) 18:30,"1.58,1.99",홀
2026-08-06T01:23:08+00:00,2026,90,9968,bs,KBO,전반승무패,3,h(전반),롯데 7,0 삼성,08.02(일) 18:30,"2.35,6.30,1.77",홈승
2026-08-06T01:23:08+00:00,2026,90,9969,bs,KBO,전반핸디캡,2,h H +1.5,롯데 8.5,0 삼성,08.02(일) 18:30,"1.48,2.17",핸디승
2026-08-06T01:23:08+00:00,2026,90,9970,bs,KBO,전반언더오버,2,h U 5.5,롯데,삼성,08.02(일) 18:30,"1.86,1.67",오버
2026-08-06T01:23:08+00:00,2026,90,9997,sc,K리그1,승무패,3,,울산HDFC 3,1 FC안양,08.02(일) 19:30,"1.91,3.20,3.20",홈승
2026-08-06T01:23:08+00:00,2026,90,9998,sc,K리그1,핸디캡,3,H -1.0,울산HDFC 2,1 FC안양,08.02(일) 19:30,"3.80,3.25,1.73",핸디승
2026-08-06T01:23:08+00:00,2026,90,9999,sc,K리그1,핸디캡,3,H -2.0,울산HDFC 1,1 FC안양,08.02(일) 19:30,"7.30,5.20,1.22",핸디무
2026-08-06T01:23:08+00:00,2026,90,0001,sc,K리그1,언더오버,2,U 2.5,울산HDFC,FC안양,08.02(일) 19:30,"1.96,1.60",오버
2026-08-06T01:23:08+00:00,2026,90,0002,sc,K리그1,홀짝,2,,울산HDFC,FC안양,08.02(일) 19:30,"1.77,1.75",짝
2026-08-06T01:23:08+00:00,2026,90,0003,sc,K리그1,전반승무패,3,h(전반),울산HDFC 0,0 FC안양,08.02(일) 19:30,"2.35,2.17,3.80",무승부
2026-08-06T01:23:08+00:00,2026,90,0004,sc,K리그1,전반핸디캡,3,h H -1.0,울산HDFC -1,0 FC안양,08.02(일) 19:30,"6.40,3.45,1.42",핸디패
2026-08-06T01:23:08+00:00,2026,90,0005,sc,K리그1,전반언더오버,2,h U 1.5,울산HDFC,FC안양,08.02(일) 19:30,"1.38,2.43",언더
2026-08-06T01:23:08+00:00,2026,90,0006,sc,K리그1,승무패,3,,대전하나 2,0 광주FC,08.02(일) 19:30,"1.45,3.60,5.50",홈승
2026-08-06T01:23:08+00:00,2026,90,0007,sc,K리그1,핸디캡,3,H -1.0,대전하나 1,0 광주FC,08.02(일) 19:30,"2.45,3.10,2.39",핸디승
2026-08-06T01:23:08+00:00,2026,90,0008,sc,K리그1,핸디캡,3,H -2.0,대전하나 0,0 광주FC,08.02(일) 19:30,"4.65,3.95,1.47",핸디무
2026-08-06T01:23:08+00:00,2026,90,0009,sc,K리그1,언더오버,2,U 2.5,대전하나,광주FC,08.02(일) 19:30,"1.89,1.65",언더
2026-08-06T01:23:08+00:00,2026,90,0010,sc,K리그1,홀짝,2,,대전하나,광주FC,08.02(일) 19:30,"1.77,1.75",짝
2026-08-06T01:23:08+00:00,2026,90,0011,sc,K리그1,전반승무패,3,h(전반),대전하나 0,0 광주FC,08.02(일) 19:30,"1.95,2.20,5.50",무승부
2026-08-06T01:23:08+00:00,2026,90,0012,sc,K리그1,전반핸디캡,3,h H -1.0,대전하나 -1,0 광주FC,08.02(일) 19:30,"4.55,3.05,1.66",핸디패
2026-08-06T01:23:08+00:00,2026,90,0013,sc,K리그1,전반언더오버,2,h U 1.5,대전하나,광주FC,08.02(일) 19:30,"1.39,2.40",언더
2026-08-06T01:23:08+00:00,2026,90,0014,sc,K리그1,승무패,3,,제주SKFC 3,3 인천유나,08.02(일) 19:30,"2.75,2.85,2.30",무승부
2026-08-06T01:23:08+00:00,2026,90,0015,sc,K리그1,핸디캡,3,H +1.0,제주SKFC 4,3 인천유나,08.02(일) 19:30,"1.48,3.60,5.10",핸디승
2026-08-06T01:23:08+00:00,2026,90,0016,sc,K리그1,핸디캡,3,H +2.0,제주SKFC 5,3 인천유나,08.02(일) 19:30,"1.07,7.00,14.00",핸디승
2026-08-06T01:23:08+00:00,2026,90,0017,sc,K리그1,언더오버,2,U 2.5,제주SKFC,인천유나,08.02(일) 19:30,"1.47,2.19",오버
2026-08-06T01:23:08+00:00,2026,90,0018,sc,K리그1,홀짝,2,,제주SKFC,인천유나,08.02(일) 19:30,"1.78,1.74",짝
2026-08-06T01:23:08+00:00,2026,90,0019,sc,K리그1,전반승무패,3,h(전반),제주SKFC 2,2 인천유나,08.02(일) 19:30,"3.60,1.80,3.15",무승부
2026-08-06T01:23:08+00:00,2026,90,0020,sc,K리그1,전반핸디캡,3,h H +1.0,제주SKFC 3,2 인천유나,08.02(일) 19:30,"1.24,4.05,10.50",핸디승
2026-08-06T01:23:08+00:00,2026,90,0021,sc,K리그1,전반언더오버,2,h U 1.5,제주SKFC,인천유나,08.02(일) 19:30,"1.23,3.09",오버
2026-08-06T01:23:08+00:00,2026,90,0022,sc,K리그2,승무패,3,,부산아이 1,2 서울이랜,08.02(일) 19:30,"2.50,3.15,2.31",홈패
2026-08-06T01:23:08+00:00,2026,90,0023,sc,K리그2,핸디캡,3,H +1.0,부산아이 2,2 서울이랜,08.02(일) 19:30,"1.50,3.80,4.55",핸디무
2026-08-06T01:23:08+00:00,2026,90,0024,sc,K리그2,언더오버,2,U 2.5,부산아이,서울이랜,08.02(일) 19:30,"2.09,1.52",오버
2026-08-06T01:23:08+00:00,2026,90,0025,sc,K리그2,홀짝,2,,부산아이,서울이랜,08.02(일) 19:30,"1.76,1.76",홀
2026-08-06T01:23:08+00:00,2026,90,0026,sc,K리그2,승무패,3,,김포FC 1,1 경남FC,08.02(일) 19:30,"1.95,2.85,3.50",무승부
2026-08-06T01:23:08+00:00,2026,90,0027,sc,K리그2,핸디캡,3,H -1.0,김포FC 0,1 경남FC,08.02(일) 19:30,"3.85,3.25,1.72",핸디패
2026-08-06T01:23:08+00:00,2026,90,0028,sc,K리그2,언더오버,2,U 2.5,김포FC,경남FC,08.02(일) 19:30,"1.57,2.00",언더
2026-08-06T01:23:08+00:00,2026,90,0029,sc,K리그2,홀짝,2,,김포FC,경남FC,08.02(일) 19:30,"1.77,1.75",짝
2026-08-06T01:23:08+00:00,2026,90,0030,sc,K리그2,승무패,3,,전남드래 1,2 파주프런,08.02(일) 19:30,"2.07,3.10,2.90",홈패
2026-08-06T01:23:08+00:00,2026,90,0031,sc,K리그2,핸디캡,3,H -1.0,전남드래 0,2 파주프런,08.02(일) 19:30,"4.15,3.45,1.62",핸디패
2026-08-06T01:23:08+00:00,2026,90,0032,sc,K리그2,언더오버,2,U 2.5,전남드래,파주프런,08.02(일) 19:30,"1.81,1.71",오버
2026-08-06T01:23:08+00:00,2026,90,0033,sc,K리그2,홀짝,2,,전남드래,파주프런,08.02(일) 19:30,"1.77,1.75",홀
2026-08-06T01:23:08+00:00,2026,90,0034,sc,K리그2,승무패,3,,안산그리 2,2 김해FC,08.02(일) 19:30,"2.39,3.10,2.45",무승부
2026-08-06T01:23:08+00:00,2026,90,0035,sc,K리그2,핸디캡,3,H -1.0,안산그리 1,2 김해FC,08.02(일) 19:30,"5.10,3.85,1.44",핸디패
2026-08-06T01:23:08+00:00,2026,90,0036,sc,K리그2,언더오버,2,U 2.5,안산그리,김해FC,08.02(일) 19:30,"1.77,1.75",오버
2026-08-06T01:23:08+00:00,2026,90,0037,sc,K리그2,홀짝,2,,안산그리,김해FC,08.02(일) 19:30,"1.77,1.75",짝
2026-08-06T01:23:08+00:00,2026,90,0038,vl,남배네이,승패,2,,미국M 2,3 폴란드M,08.02(일) 20:30,"2.68,1.31",홈패
2026-08-06T01:23:08+00:00,2026,90,0039,vl,남배네이,핸디캡,2,H +1.5,미국M 3.5,3 폴란드M,08.02(일) 20:30,"1.76,1.76",핸디승
2026-08-06T01:23:08+00:00,2026,90,0040,vl,남배네이,언더오버,2,U 183.5,미국M,폴란드M,08.02(일) 20:30,"1.81,1.71",오버
2026-08-06T01:23:08+00:00,2026,90,0041,vl,남배네이,홀짝,2,,미국M,폴란드M,08.02(일) 20:30,"1.76,1.76",홀
2026-08-06T01:23:08+00:00,2026,90,0042,sc,엘리테세,승무패,3,,KFUM카메 2,1 크리스티,08.03(월) 00:00,"1.60,3.55,4.10",홈승
2026-08-06T01:23:08+00:00,2026,90,0043,sc,엘리테세,핸디캡,3,H -1.0,KFUM카메 1,1 크리스티,08.03(월) 00:00,"2.70,3.40,2.06",핸디무
2026-08-06T01:23:08+00:00,2026,90,0044,sc,엘리테세,언더오버,2,U 2.5,KFUM카메,크리스티,08.03(월) 00:00,"2.02,1.56",오버
2026-08-06T01:23:08+00:00,2026,90,0045,sc,엘리테세,홀짝,2,,KFUM카메,크리스티,08.03(월) 00:00,"1.76,1.76",홀
2026-08-06T01:23:08+00:00,2026,90,0046,sc,엘리테세,승무패,3,,몰데FK 3,3 사릅스보,08.03(월) 00:00,"1.52,3.95,4.20",무승부
2026-08-06T01:23:08+00:00,2026,90,0047,sc,엘리테세,핸디캡,3,H -1.0,몰데FK 2,3 사릅스보,08.03(월) 00:00,"2.40,3.60,2.20",핸디패
2026-08-06T01:23:08+00:00,2026,90,0048,sc,엘리테세,언더오버,2,U 3.5,몰데FK,사릅스보,08.03(월) 00:00,"1.64,1.90",오버
2026-08-06T01:23:08+00:00,2026,90,0049,sc,엘리테세,홀짝,2,,몰데FK,사릅스보,08.03(월) 00:00,"1.76,1.76",짝
2026-08-06T01:23:08+00:00,2026,90,0050,sc,엘리테세,승무패,3,,올레순FK 2,6 트롬쇠IL,08.03(월) 00:00,"3.45,3.35,1.78",홈패
2026-08-06T01:23:08+00:00,2026,90,0051,sc,엘리테세,핸디캡,3,H +1.0,올레순FK 3,6 트롬쇠IL,08.03(월) 00:00,"1.83,3.45,3.20",핸디패
2026-08-06T01:23:08+00:00,2026,90,0052,sc,엘리테세,언더오버,2,U 2.5,올레순FK,트롬쇠IL,08.03(월) 00:00,"1.96,1.60",오버
2026-08-06T01:23:08+00:00,2026,90,0053,sc,엘리테세,홀짝,2,,올레순FK,트롬쇠IL,08.03(월) 00:00,"1.77,1.75",짝
2026-08-06T01:23:08+00:00,2026,90,0054,sc,네슈퍼컵,승무패,3,,PSV 0,4 알크마르,08.03(월) 01:00,"1.44,4.15,4.65",홈패
2026-08-06T01:23:08+00:00,2026,90,0055,sc,네슈퍼컵,핸디캡,3,H -1.0,PSV -1,4 알크마르,08.03(월) 01:00,"2.20,3.60,2.40",핸디패
2026-08-06T01:23:08+00:00,2026,90,0056,sc,네슈퍼컵,언더오버,2,U 3.5,PSV,알크마르,08.03(월) 01:00,"1.73,1.79",오버
2026-08-06T01:23:08+00:00,2026,90,0057,sc,네슈퍼컵,홀짝,2,,PSV,알크마르,08.03(월) 01:00,"1.76,1.76",짝
2026-08-06T01:23:08+00:00,2026,90,0058,sc,엘리테세,승무패,3,,SK브란 3,2 로센보르,08.03(월) 02:15,"1.89,3.55,2.95",홈승
2026-08-06T01:23:08+00:00,2026,90,0059,sc,엘리테세,핸디캡,3,H -1.0,SK브란 2,2 로센보르,08.03(월) 02:15,"3.35,3.65,1.73",핸디무
2026-08-06T01:23:08+00:00,2026,90,0060,sc,엘리테세,언더오버,2,U 3.5,SK브란,로센보르,08.03(월) 02:15,"1.57,2.00",오버
2026-08-06T01:23:08+00:00,2026,90,0061,sc,엘리테세,홀짝,2,,SK브란,로센보르,08.03(월) 02:15,"1.76,1.76",홀
2026-08-06T01:23:08+00:00,2026,90,0062,bs,MLB,승패,2,,볼티오리 0,8 필라필리,08.03(월) 02:35,"2.00,1.57",홈패
2026-08-06T01:23:08+00:00,2026,90,0063,bs,MLB,승①패,3,승①패,볼티오리 0,8 필라필리,08.03(월) 02:35,"3.05,3.25,1.95",홈패
2026-08-06T01:23:08+00:00,2026,90,0064,bs,MLB,핸디캡,2,H +2.5,볼티오리 2.5,8 필라필리,08.03(월) 02:35,"1.33,2.60",핸디패
2026-08-06T01:23:08+00:00,2026,90,0065,bs,MLB,언더오버,2,U 7.5,볼티오리,필라필리,08.03(월) 02:35,"1.77,1.75",오버
2026-08-06T01:23:08+00:00,2026,90,0066,bs,MLB,홀짝,2,,볼티오리,필라필리,08.03(월) 02:35,"1.55,2.04",짝
2026-08-06T01:23:08+00:00,2026,90,0067,bs,MLB,승패,2,,애틀브레 4,2 워싱내셔,08.03(월) 02:35,"1.64,1.90",홈승
2026-08-06T01:23:08+00:00,2026,90,0068,bs,MLB,승①패,3,승①패,애틀브레 4,2 워싱내셔,08.03(월) 02:35,"2.33,3.30,2.40",홈승
2026-08-06T01:23:08+00:00,2026,90,0069,bs,MLB,핸디캡,2,H -2.5,애틀브레 1.5,2 워싱내셔,08.03(월) 02:35,"3.16,1.22",핸디패
2026-08-06T01:23:08+00:00,2026,90,0070,bs,MLB,언더오버,2,U 8.5,애틀브레,워싱내셔,08.03(월) 02:35,"1.80,1.72",언더
2026-08-06T01:23:08+00:00,2026,90,0071,bs,MLB,홀짝,2,,애틀브레,워싱내셔,08.03(월) 02:35,"1.55,2.04",짝
2026-08-06T01:23:08+00:00,2026,90,0072,bs,MLB,승패,2,,토론블루 1,5 세인카디,08.03(월) 02:37,"1.71,1.81",홈패
2026-08-06T01:23:08+00:00,2026,90,0073,bs,MLB,승①패,3,승①패,토론블루 1,5 세인카디,08.03(월) 02:37,"2.40,3.35,2.30",홈패
2026-08-06T01:23:08+00:00,2026,90,0074,bs,MLB,핸디캡,2,H -2.5,토론블루 -1.5,5 세인카디,08.03(월) 02:37,"3.38,1.19",핸디패
2026-08-06T01:23:08+00:00,2026,90,0075,bs,MLB,언더오버,2,U 9.5,토론블루,세인카디,08.03(월) 02:37,"1.61,1.94",언더
2026-08-06T01:23:08+00:00,2026,90,0076,bs,MLB,홀짝,2,,토론블루,세인카디,08.03(월) 02:37,"1.55,2.04",짝
2026-08-06T01:23:08+00:00,2026,90,0077,bs,MLB,승패,2,,탬파레이 1,9 시카화이,08.03(월) 02:40,"1.52,2.09",홈패
2026-08-06T01:23:08+00:00,2026,90,0078,bs,MLB,승①패,3,승①패,탬파레이 1,9 시카화이,08.03(월) 02:40,"2.10,3.30,2.70",홈패
2026-08-06T01:23:08+00:00,2026,90,0079,bs,MLB,핸디캡,2,H -2.5,탬파레이 -1.5,9 시카화이,08.03(월) 02:40,"2.87,1.27",핸디패
2026-08-06T01:23:08+00:00,2026,90,0080,bs,MLB,언더오버,2,U 7.5,탬파레이,시카화이,08.03(월) 02:40,"1.78,1.74",오버
2026-08-06T01:23:08+00:00,2026,90,0081,bs,MLB,홀짝,2,,탬파레이,시카화이,08.03(월) 02:40,"1.55,2.04",짝
2026-08-06T01:23:08+00:00,2026,90,0082,bs,MLB,승패,2,,뉴욕메츠 0,2 마이말린,08.03(월) 02:40,"1.90,1.64",홈패
2026-08-06T01:23:08+00:00,2026,90,0083,bs,MLB,승①패,3,승①패,뉴욕메츠 0,2 마이말린,08.03(월) 02:40,"2.75,3.40,2.03",홈패
2026-08-06T01:23:08+00:00,2026,90,0084,bs,MLB,핸디캡,2,H +2.5,뉴욕메츠 2.5,2 마이말린,08.03(월) 02:40,"1.28,2.82",핸디승
2026-08-06T01:23:08+00:00,2026,90,0085,bs,MLB,언더오버,2,U 8.5,뉴욕메츠,마이말린,08.03(월) 02:40,"1.81,1.71",언더
2026-08-06T01:23:08+00:00,2026,90,0086,bs,MLB,홀짝,2,,뉴욕메츠,마이말린,08.03(월) 02:40,"1.55,2.04",짝
2026-08-06T01:23:08+00:00,2026,90,0087,bs,MLB,승패,2,,클리가디 5,0 애리다이,08.03(월) 02:40,"1.54,2.05",홈승
2026-08-06T01:23:08+00:00,2026,90,0088,bs,MLB,승①패,3,승①패,클리가디 5,0 애리다이,08.03(월) 02:40,"2.15,3.25,2.65",홈승
2026-08-06T01:23:08+00:00,2026,90,0089,bs,MLB,핸디캡,2,H -2.5,클리가디 2.5,0 애리다이,08.03(월) 02:40,"2.92,1.26",핸디승
2026-08-06T01:23:08+00:00,2026,90,0090,bs,MLB,언더오버,2,U 7.5,클리가디,애리다이,08.03(월) 02:40,"1.87,1.66",언더
2026-08-06T01:23:08+00:00,2026,90,0091,bs,MLB,홀짝,2,,클리가디,애리다이,08.03(월) 02:40,"1.55,2.04",홀
2026-08-06T01:23:08+00:00,2026,90,0092,bs,MLB,승패,2,,신시레즈 10,2 피츠파이,08.03(월) 02:40,"1.50,2.13",홈승
2026-08-06T01:23:08+00:00,2026,90,0093,bs,MLB,승①패,3,승①패,신시레즈 10,2 피츠파이,08.03(월) 02:40,"2.05,3.35,2.75",홈승
2026-08-06T01:23:08+00:00,2026,90,0094,bs,MLB,핸디캡,2,H -2.5,신시레즈 7.5,2 피츠파이,08.03(월) 02:40,"2.77,1.29",핸디승
2026-08-06T01:23:08+00:00,2026,90,0095,bs,MLB,언더오버,2,U 8.5,신시레즈,피츠파이,08.03(월) 02:40,"1.66,1.87",오버
2026-08-06T01:23:08+00:00,2026,90,0096,bs,MLB,홀짝,2,,신시레즈,피츠파이,08.03(월) 02:40,"1.55,2.04",짝
2026-08-06T01:23:08+00:00,2026,90,0097,bs,MLB,승패,2,,휴스애스 7,3 텍사레인,08.03(월) 03:10,"1.63,1.91",홈승
2026-08-06T01:23:08+00:00,2026,90,0098,bs,MLB,승①패,3,승①패,휴스애스 7,3 텍사레인,08.03(월) 03:10,"2.28,3.30,2.45",홈승
2026-08-06T01:23:08+00:00,2026,90,0099,bs,MLB,핸디캡,2,H -2.5,휴스애스 4.5,3 텍사레인,08.03(월) 03:10,"3.16,1.22",핸디승
2026-08-06T01:23:08+00:00,2026,90,0100,bs,MLB,언더오버,2,U 8.5,휴스애스,텍사레인,08.03(월) 03:10,"1.81,1.71",오버
2026-08-06T01:23:08+00:00,2026,90,0101,bs,MLB,홀짝,2,,휴스애스,텍사레인,08.03(월) 03:10,"1.55,2.04",짝
2026-08-06T01:23:08+00:00,2026,90,0102,bs,MLB,승패,2,,시카컵스 1,2 뉴욕양키,08.03(월) 03:20,"1.93,1.62",홈패
2026-08-06T01:23:08+00:00,2026,90,0103,bs,MLB,승①패,3,승①패,시카컵스 1,2 뉴욕양키,08.03(월) 03:20,"2.95,3.05,2.07",①
2026-08-06T01:23:08+00:00,2026,90,0104,bs,MLB,핸디캡,2,H +2.5,시카컵스 3.5,2 뉴욕양키,08.03(월) 03:20,"1.29,2.77",핸디승
2026-08-06T01:23:08+00:00,2026,90,0105,bs,MLB,언더오버,2,U 6.5,시카컵스,뉴욕양키,08.03(월) 03:20,"1.78,1.74",언더
2026-08-06T01:23:08+00:00,2026,90,0106,bs,MLB,홀짝,2,,시카컵스,뉴욕양키,08.03(월) 03:20,"1.54,2.05",홀
2026-08-06T01:23:08+00:00,2026,90,0107,bs,MLB,승패,2,,콜로로키 8,1 캔자로얄,08.03(월) 04:10,"1.77,1.75",홈승
2026-08-06T01:23:08+00:00,2026,90,0108,bs,MLB,승①패,3,승①패,콜로로키 8,1 캔자로얄,08.03(월) 04:10,"2.50,3.50,2.16",홈승
2026-08-06T01:23:08+00:00,2026,90,0109,bs,MLB,핸디캡,2,H +2.5,콜로로키 10.5,1 캔자로얄,08.03(월) 04:10,"1.28,2.82",핸디승
2026-08-06T01:23:08+00:00,2026,90,0110,bs,MLB,언더오버,2,U 12.5,콜로로키,캔자로얄,08.03(월) 04:10,"1.68,1.85",언더
2026-08-06T01:23:08+00:00,2026,90,0111,bs,MLB,홀짝,2,,콜로로키,캔자로얄,08.03(월) 04:10,"1.56,2.02",홀
2026-08-06T01:23:08+00:00,2026,90,0112,bs,MLB,승패,2,,LA에인절 3,0 밀워브루,08.03(월) 04:15,"2.82,1.28",홈승
2026-08-06T01:23:08+00:00,2026,90,0113,bs,MLB,승①패,3,승①패,LA에인절 3,0 밀워브루,08.03(월) 04:15,"4.75,3.50,1.53",홈승
2026-08-06T01:23:08+00:00,2026,90,0114,bs,MLB,핸디캡,2,H +2.5,LA에인절 5.5,0 밀워브루,08.03(월) 04:15,"1.61,1.94",핸디승
2026-08-06T01:23:08+00:00,2026,90,0115,bs,MLB,언더오버,2,U 7.5,LA에인절,밀워브루,08.03(월) 04:15,"1.70,1.82",언더
2026-08-06T01:23:08+00:00,2026,90,0116,bs,MLB,홀짝,2,,LA에인절,밀워브루,08.03(월) 04:15,"1.57,2.00",홀
2026-08-06T01:23:08+00:00,2026,90,0117,sc,축클럽친,승무패,3,,리버풀 2,4 리즈U,08.03(월) 05:00,"1.58,3.80,3.95",홈패
2026-08-06T01:23:08+00:00,2026,90,0118,sc,축클럽친,핸디캡,3,H -1.0,리버풀 1,4 리즈U,08.03(월) 05:00,"2.65,3.55,2.04",핸디패
2026-08-06T01:23:08+00:00,2026,90,0119,sc,축클럽친,언더오버,2,U 3.5,리버풀,리즈U,08.03(월) 05:00,"1.56,2.02",오버
2026-08-06T01:23:08+00:00,2026,90,0120,sc,축클럽친,홀짝,2,,리버풀,리즈U,08.03(월) 05:00,"1.76,1.76",짝
2026-08-06T01:23:08+00:00,2026,90,0121,bs,MLB,승패,2,,애슬레틱 0,11 디트타이,08.03(월) 05:05,"1.81,1.71",홈패
2026-08-06T01:23:08+00:00,2026,90,0122,bs,MLB,승①패,3,승①패,애슬레틱 0,11 디트타이,08.03(월) 05:05,"2.60,3.45,2.11",홈패
2026-08-06T01:23:08+00:00,2026,90,0123,bs,MLB,핸디캡,2,H +2.5,애슬레틱 2.5,11 디트타이,08.03(월) 05:05,"1.29,2.77",핸디패
2026-08-06T01:23:08+00:00,2026,90,0124,bs,MLB,언더오버,2,U 11.5,애슬레틱,디트타이,08.03(월) 05:05,"1.60,1.96",언더
2026-08-06T01:23:08+00:00,2026,90,0125,bs,MLB,홀짝,2,,애슬레틱,디트타이,08.03(월) 05:05,"1.56,2.02",홀
2026-08-06T01:23:08+00:00,2026,90,0126,bs,MLB,승패,2,,시애매리 7,6 미네트윈,08.03(월) 05:10,"1.55,2.04",홈승
2026-08-06T01:23:08+00:00,2026,90,0127,bs,MLB,승①패,3,승①패,시애매리 7,6 미네트윈,08.03(월) 05:10,"2.18,3.20,2.65",①
2026-08-06T01:23:08+00:00,2026,90,0128,bs,MLB,핸디캡,2,H -2.5,시애매리 4.5,6 미네트윈,08.03(월) 05:10,"3.03,1.24",핸디패
2026-08-06T01:23:08+00:00,2026,90,0129,bs,MLB,언더오버,2,U 6.5,시애매리,미네트윈,08.03(월) 05:10,"1.96,1.60",오버
2026-08-06T01:23:08+00:00,2026,90,0130,bs,MLB,홀짝,2,,시애매리,미네트윈,08.03(월) 05:10,"1.54,2.05",홀
2026-08-06T01:23:08+00:00,2026,90,0131,bs,MLB,승패,2,,샌디파드 5,4 샌프자이,08.03(월) 05:10,"1.51,2.11",홈승
2026-08-06T01:23:08+00:00,2026,90,0132,bs,MLB,승①패,3,승①패,샌디파드 5,4 샌프자이,08.03(월) 05:10,"2.07,3.30,2.75",①
2026-08-06T01:23:08+00:00,2026,90,0133,bs,MLB,핸디캡,2,H -2.5,샌디파드 2.5,4 샌프자이,08.03(월) 05:10,"2.82,1.28",핸디패
2026-08-06T01:23:08+00:00,2026,90,0134,bs,MLB,언더오버,2,U 7.5,샌디파드,샌프자이,08.03(월) 05:10,"1.87,1.66",오버
2026-08-06T01:23:08+00:00,2026,90,0135,bs,MLB,홀짝,2,,샌디파드,샌프자이,08.03(월) 05:10,"1.55,2.04",홀
2026-08-06T01:23:08+00:00,2026,90,0136,bs,MLB,승패,2,,LA다저스 4,8 보스레드,08.03(월) 08:20,"1.46,2.22",홈패
2026-08-06T01:23:08+00:00,2026,90,0137,bs,MLB,승①패,3,승①패,LA다저스 4,8 보스레드,08.03(월) 08:20,"1.98,3.40,2.85",홈패
2026-08-06T01:23:08+00:00,2026,90,0138,bs,MLB,핸디캡,2,H -2.5,LA다저스 1.5,8 보스레드,08.03(월) 08:20,"2.60,1.33",핸디패
2026-08-06T01:23:08+00:00,2026,90,0139,bs,MLB,언더오버,2,U 8.5,LA다저스,보스레드,08.03(월) 08:20,"1.89,1.65",오버
2026-08-06T01:23:08+00:00,2026,90,0140,bs,MLB,홀짝,2,,LA다저스,보스레드,08.03(월) 08:20,"1.56,2.02",짝
2026-08-06T01:23:08+00:00,2026,90,0141,bs,MLB,전반승무패,3,h(전반),LA다저스 3,5 보스레드,08.03(월) 08:20,"1.65,6.30,2.60",홈패
2026-08-06T01:23:08+00:00,2026,90,0142,bs,MLB,전반핸디캡,2,h H -1.5,LA다저스 1.5,5 보스레드,08.03(월) 08:20,"2.29,1.43",핸디패
2026-08-06T01:23:08+00:00,2026,90,0143,bs,MLB,전반언더오버,2,h U 4.5,LA다저스,보스레드,08.03(월) 08:20,"1.91,1.63",오버
2026-08-06T01:23:08+00:00,2026,90,0149,sc,축ASEA챔,승무패,3,,인도네시 0,3 베트남,08.03(월) 22:30,"2.20,3.15,2.65",홈패
2026-08-06T01:23:08+00:00,2026,90,0150,sc,축ASEA챔,핸디캡,3,H -1.0,인도네시 -1,3 베트남,08.03(월) 22:30,"4.45,3.75,1.52",핸디패
2026-08-06T01:23:08+00:00,2026,90,0151,sc,축ASEA챔,언더오버,2,U 2.5,인도네시,베트남,08.03(월) 22:30,"1.84,1.69",오버
2026-08-06T01:23:08+00:00,2026,90,0152,sc,축ASEA챔,홀짝,2,,인도네시,베트남,08.03(월) 22:30,"1.77,1.75",홀
2026-08-06T01:38:21+00:00,2026,89,9152,bs,MLB,승패,2,,뉴욕메츠,애틀브레,07.29(수) 08:10,"1.00,1.00",취소
2026-08-06T01:38:21+00:00,2026,89,9153,bs,MLB,승①패,3,승①패,뉴욕메츠,애틀브레,07.29(수) 08:10,"1.00,1.00,1.00",취소
2026-08-06T01:38:21+00:00,2026,89,9154,bs,MLB,핸디캡,2,H +2.5,뉴욕메츠,애틀브레,07.29(수) 08:10,"1.00,1.00",취소
2026-08-06T01:38:21+00:00,2026,89,9155,bs,MLB,언더오버,2,U 7.5,뉴욕메츠,애틀브레,07.29(수) 08:10,"1.00,1.00",취소
2026-08-06T01:38:21+00:00,2026,89,9156,bs,MLB,홀짝,2,,뉴욕메츠,애틀브레,07.29(수) 08:10,"1.00,1.00",취소
2026-08-06T01:38:21+00:00,2026,89,9162,bs,MLB,승패,2,,미네트윈 3,2 캔자로얄,07.29(수) 08:40,"1.49,2.15",홈승
2026-08-06T01:38:21+00:00,2026,89,9163,bs,MLB,승①패,3,승①패,미네트윈 3,2 캔자로얄,07.29(수) 08:40,"1.95,3.50,2.85",①
2026-08-06T01:38:21+00:00,2026,89,9164,bs,MLB,핸디캡,2,H -2.5,미네트윈 0.5,2 캔자로얄,07.29(수) 08:40,"2.68,1.31",핸디패
2026-08-06T01:38:21+00:00,2026,89,9165,bs,MLB,언더오버,2,U 9.5,미네트윈,캔자로얄,07.29(수) 08:40,"1.67,1.86",언더
2026-08-06T01:38:21+00:00,2026,89,9166,bs,MLB,홀짝,2,,미네트윈,캔자로얄,07.29(수) 08:40,"1.56,2.02",홀
2026-08-06T01:38:21+00:00,2026,89,9167,bs,MLB,승패,2,,시카화이 2,3 뉴욕양키,07.29(수) 08:40,"2.02,1.56",홈패
2026-08-06T01:38:21+00:00,2026,89,9168,bs,MLB,승①패,3,승①패,시카화이 2,3 뉴욕양키,07.29(수) 08:40,"3.05,3.30,1.93",①
2026-08-06T01:38:21+00:00,2026,89,9169,bs,MLB,핸디캡,2,H +2.5,시카화이 4.5,3 뉴욕양키,07.29(수) 08:40,"1.35,2.53",핸디승
2026-08-06T01:38:21+00:00,2026,89,9170,bs,MLB,언더오버,2,U 8.5,시카화이,뉴욕양키,07.29(수) 08:40,"1.66,1.87",언더
2026-08-06T01:38:21+00:00,2026,89,9171,bs,MLB,홀짝,2,,시카화이,뉴욕양키,07.29(수) 08:40,"1.55,2.04",홀
2026-08-06T01:38:21+00:00,2026,89,9172,bs,MLB,승패,2,,세인카디 2,10 시카컵스,07.29(수) 08:45,"1.78,1.74",홈패
2026-08-06T01:38:21+00:00,2026,89,9173,bs,MLB,승①패,3,승①패,세인카디 2,10 시카컵스,07.29(수) 08:45,"2.60,3.30,2.17",홈패
2026-08-06T01:38:21+00:00,2026,89,9174,bs,MLB,핸디캡,2,H +2.5,세인카디 4.5,10 시카컵스,07.29(수) 08:45,"1.26,2.92",핸디패
2026-08-06T01:38:21+00:00,2026,89,9175,bs,MLB,언더오버,2,U 8.5,세인카디,시카컵스,07.29(수) 08:45,"1.81,1.71",오버
2026-08-06T01:38:21+00:00,2026,89,9176,bs,MLB,홀짝,2,,세인카디,시카컵스,07.29(수) 08:45,"1.55,2.04",짝
2026-08-06T01:38:21+00:00,2026,89,9177,bs,MLB,승패,2,,LA에인절 2,3 휴스애스,07.29(수) 10:38,"1.82,1.70",홈패
2026-08-06T01:38:21+00:00,2026,89,9178,bs,MLB,승①패,3,승①패,LA에인절 2,3 휴스애스,07.29(수) 10:38,"2.60,3.30,2.16",①
2026-08-06T01:38:21+00:00,2026,89,9179,bs,MLB,핸디캡,2,H +2.5,LA에인절 4.5,3 휴스애스,07.29(수) 10:38,"1.25,2.97",핸디승
2026-08-06T01:38:21+00:00,2026,89,9180,bs,MLB,언더오버,2,U 8.5,LA에인절,휴스애스,07.29(수) 10:38,"1.66,1.87",언더
2026-08-06T01:38:21+00:00,2026,89,9181,bs,MLB,홀짝,2,,LA에인절,휴스애스,07.29(수) 10:38,"1.55,2.04",홀
2026-08-06T01:38:21+00:00,2026,89,9182,bs,MLB,승패,2,,샌디파드 8,7 콜로로키,07.29(수) 10:40,"1.38,2.43",홈승
2026-08-06T01:38:21+00:00,2026,89,9183,bs,MLB,승①패,3,승①패,샌디파드 8,7 콜로로키,07.29(수) 10:40,"1.73,3.60,3.40",①
2026-08-06T01:38:21+00:00,2026,89,9184,bs,MLB,핸디캡,2,H -2.5,샌디파드 5.5,7 콜로로키,07.29(수) 10:40,"2.31,1.42",핸디패
2026-08-06T01:38:21+00:00,2026,89,9185,bs,MLB,언더오버,2,U 8.5,샌디파드,콜로로키,07.29(수) 10:40,"1.73,1.79",오버
2026-08-06T01:38:21+00:00,2026,89,9186,bs,MLB,홀짝,2,,샌디파드,콜로로키,07.29(수) 10:40,"1.56,2.02",홀
2026-08-06T01:38:21+00:00,2026,89,9187,bs,MLB,승패,2,,애슬레틱 4,3 보스레드,07.29(수) 10:40,"2.24,1.45",홈승
2026-08-06T01:38:21+00:00,2026,89,9188,bs,MLB,승①패,3,승①패,애슬레틱 4,3 보스레드,07.29(수) 10:40,"3.40,3.55,1.74",①
2026-08-06T01:38:21+00:00,2026,89,9189,bs,MLB,핸디캡,2,H +2.5,애슬레틱 6.5,3 보스레드,07.29(수) 10:40,"1.41,2.34",핸디승
2026-08-06T01:38:21+00:00,2026,89,9190,bs,MLB,언더오버,2,U 9.5,애슬레틱,보스레드,07.29(수) 10:40,"1.84,1.69",언더
2026-08-06T01:38:21+00:00,2026,89,9191,bs,MLB,홀짝,2,,애슬레틱,보스레드,07.29(수) 10:40,"1.56,2.02",홀
2026-08-06T01:38:21+00:00,2026,89,9192,bs,MLB,승패,2,,샌프자이 2,8 밀워브루,07.29(수) 10:45,"2.11,1.51",홈패
2026-08-06T01:38:21+00:00,2026,89,9193,bs,MLB,승①패,3,승①패,샌프자이 2,8 밀워브루,07.29(수) 10:45,"3.25,3.25,1.87",홈패
2026-08-06T01:38:21+00:00,2026,89,9194,bs,MLB,핸디캡,2,H +2.5,샌프자이 4.5,8 밀워브루,07.29(수) 10:45,"1.38,2.43",핸디패
2026-08-06T01:38:21+00:00,2026,89,9195,bs,MLB,언더오버,2,U 7.5,샌프자이,밀워브루,07.29(수) 10:45,"1.73,1.79",오버
2026-08-06T01:38:21+00:00,2026,89,9196,bs,MLB,홀짝,2,,샌프자이,밀워브루,07.29(수) 10:45,"1.55,2.04",짝
2026-08-06T01:38:21+00:00,2026,89,9197,bs,MLB,승패,2,,LA다저스 6,7 시애매리,07.29(수) 11:10,"1.39,2.40",홈패
2026-08-06T01:38:21+00:00,2026,89,9198,bs,MLB,승①패,3,승①패,LA다저스 6,7 시애매리,07.29(수) 11:10,"1.75,3.75,3.20",①
2026-08-06T01:38:21+00:00,2026,89,9199,bs,MLB,핸디캡,2,H -2.5,LA다저스 3.5,7 시애매리,07.29(수) 11:10,"2.26,1.44",핸디패
2026-08-06T01:38:21+00:00,2026,89,9200,bs,MLB,언더오버,2,U 9.5,LA다저스,시애매리,07.29(수) 11:10,"1.66,1.87",오버
2026-08-06T01:38:21+00:00,2026,89,9201,bs,MLB,홀짝,2,,LA다저스,시애매리,07.29(수) 11:10,"1.56,2.02",홀
2026-08-06T01:38:21+00:00,2026,89,9202,bs,MLB,전반승무패,3,h(전반),LA다저스 5,4 시애매리,07.29(수) 11:10,"1.66,6.50,2.55",홈승
2026-08-06T01:38:21+00:00,2026,89,9203,bs,MLB,전반핸디캡,2,h H -1.5,LA다저스 3.5,4 시애매리,07.29(수) 11:10,"2.29,1.43",핸디패
2026-08-06T01:38:21+00:00,2026,89,9204,bs,MLB,전반언더오버,2,h U 5.5,LA다저스,시애매리,07.29(수) 11:10,"1.61,1.94",오버
2026-08-06T01:38:21+00:00,2026,89,9205,vl,남배네이,승패,2,,슬로베M 3,0 튀르키M,07.29(수) 16:00,"1.28,2.82",홈승
2026-08-06T01:38:21+00:00,2026,89,9206,vl,남배네이,핸디캡,2,H -1.5,슬로베M 1.5,0 튀르키M,07.29(수) 16:00,"1.62,1.93",핸디승
2026-08-06T01:38:21+00:00,2026,89,9207,vl,남배네이,언더오버,2,U 182.5,슬로베M,튀르키M,07.29(수) 16:00,"1.81,1.71",오버
2026-08-06T01:38:21+00:00,2026,89,9208,vl,남배네이,홀짝,2,,슬로베M,튀르키M,07.29(수) 16:00,"1.76,1.76",짝
2026-08-06T01:38:21+00:00,2026,89,9209,bs,KBO,승패,2,,LG 11,18 키움,07.29(수) 18:30,"1.29,2.77",홈패
2026-08-06T01:38:21+00:00,2026,89,9210,bs,KBO,승①패,3,승①패,LG 11,18 키움,07.29(수) 18:30,"1.57,3.80,4.00",홈패
2026-08-06T01:38:21+00:00,2026,89,9211,bs,KBO,핸디캡,2,H -2.5,LG 8.5,18 키움,07.29(수) 18:30,"1.86,1.67",핸디패
2026-08-06T01:38:21+00:00,2026,89,9212,bs,KBO,언더오버,2,U 9.5,LG,키움,07.29(수) 18:30,"1.71,1.81",오버
2026-08-06T01:38:21+00:00,2026,89,9213,bs,KBO,홀짝,2,,LG,키움,07.29(수) 18:30,"1.59,1.97",홀
2026-08-06T01:38:21+00:00,2026,89,9214,bs,KBO,전반승무패,3,h(전반),LG 8,14 키움,07.29(수) 18:30,"1.51,6.50,3.00",홈패
2026-08-06T01:38:21+00:00,2026,89,9215,bs,KBO,전반핸디캡,2,h H -1.5,LG 6.5,14 키움,07.29(수) 18:30,"1.81,1.71",핸디패
2026-08-06T01:38:21+00:00,2026,89,9216,bs,KBO,전반언더오버,2,h U 5.5,LG,키움,07.29(수) 18:30,"1.69,1.84",오버
2026-08-06T01:38:21+00:00,2026,89,9217,bs,KBO,승패,2,,삼성 4,9 KIA,07.29(수) 18:30,"1.49,2.15",홈패
2026-08-06T01:38:21+00:00,2026,89,9218,bs,KBO,승①패,3,승①패,삼성 4,9 KIA,07.29(수) 18:30,"1.98,3.75,2.65",홈패
2026-08-06T01:38:21+00:00,2026,89,9219,bs,KBO,핸디캡,2,H -2.5,삼성 1.5,9 KIA,07.29(수) 18:30,"2.37,1.40",핸디패
2026-08-06T01:38:21+00:00,2026,89,9220,bs,KBO,언더오버,2,U 12.5,삼성,KIA,07.29(수) 18:30,"1.80,1.72",오버
2026-08-06T01:38:21+00:00,2026,89,9221,bs,KBO,홀짝,2,,삼성,KIA,07.29(수) 18:30,"1.57,2.00",홀
2026-08-06T01:38:21+00:00,2026,89,9222,bs,KBO,전반승무패,3,h(전반),삼성 1,6 KIA,07.29(수) 18:30,"1.78,7.50,2.20",홈패
2026-08-06T01:38:21+00:00,2026,89,9223,bs,KBO,전반핸디캡,2,h H -1.5,삼성 -0.5,6 KIA,07.29(수) 18:30,"2.29,1.43",핸디패
2026-08-06T01:38:21+00:00,2026,89,9224,bs,KBO,전반언더오버,2,h U 7.5,삼성,KIA,07.29(수) 18:30,"1.61,1.94",언더
2026-08-06T01:38:21+00:00,2026,89,9225,bs,KBO,승패,2,,SSG 6,2 두산,07.29(수) 18:30,"2.00,1.57",홈승
2026-08-06T01:38:21+00:00,2026,89,9226,bs,KBO,승①패,3,승①패,SSG 6,2 두산,07.29(수) 18:30,"2.90,3.55,1.91",홈승
2026-08-06T01:38:21+00:00,2026,89,9227,bs,KBO,핸디캡,2,H +2.5,SSG 8.5,2 두산,07.29(수) 18:30,"1.37,2.46",핸디승
2026-08-06T01:38:21+00:00,2026,89,9228,bs,KBO,언더오버,2,U 11.5,SSG,두산,07.29(수) 18:30,"1.70,1.82",언더
2026-08-06T01:38:21+00:00,2026,89,9229,bs,KBO,홀짝,2,,SSG,두산,07.29(수) 18:30,"1.57,2.00",짝
2026-08-06T01:38:21+00:00,2026,89,9230,bs,KBO,전반승무패,3,h(전반),SSG 4,1 두산,07.29(수) 18:30,"2.15,6.60,1.88",홈승
2026-08-06T01:38:21+00:00,2026,89,9231,bs,KBO,전반핸디캡,2,h H +1.5,SSG 5.5,1 두산,07.29(수) 18:30,"1.40,2.37",핸디승
2026-08-06T01:38:21+00:00,2026,89,9232,bs,KBO,전반언더오버,2,h U 6.5,SSG,두산,07.29(수) 18:30,"1.65,1.89",언더
2026-08-06T01:38:21+00:00,2026,89,9233,bs,KBO,승패,2,,NC 3,10 KT,07.29(수) 18:30,"1.79,1.73",홈패
2026-08-06T01:38:21+00:00,2026,89,9234,bs,KBO,승①패,3,승①패,NC 3,10 KT,07.29(수) 18:30,"2.50,3.45,2.18",홈패
2026-08-06T01:38:21+00:00,2026,89,9235,bs,KBO,핸디캡,2,H +2.5,NC 5.5,10 KT,07.29(수) 18:30,"1.28,2.82",핸디패
2026-08-06T01:38:21+00:00,2026,89,9236,bs,KBO,언더오버,2,U 10.5,NC,KT,07.29(수) 18:30,"1.74,1.78",오버
2026-08-06T01:38:21+00:00,2026,89,9237,bs,KBO,홀짝,2,,NC,KT,07.29(수) 18:30,"1.57,2.00",홀
2026-08-06T01:38:21+00:00,2026,89,9238,bs,KBO,전반승무패,3,h(전반),NC 1,5 KT,07.29(수) 18:30,"2.05,6.30,1.99",홈패
2026-08-06T01:38:21+00:00,2026,89,9239,bs,KBO,전반핸디캡,2,h H +1.5,NC 2.5,5 KT,07.29(수) 18:30,"1.33,2.60",핸디패
2026-08-06T01:38:21+00:00,2026,89,9240,bs,KBO,전반언더오버,2,h U 5.5,NC,KT,07.29(수) 18:30,"1.74,1.78",오버
2026-08-06T01:38:21+00:00,2026,89,9241,bs,KBO,승패,2,,한화 5,3 롯데,07.29(수) 18:30,"1.66,1.87",홈승
2026-08-06T01:38:21+00:00,2026,89,9242,bs,KBO,승①패,3,승①패,한화 5,3 롯데,07.29(수) 18:30,"2.22,3.45,2.45",홈승
2026-08-06T01:38:21+00:00,2026,89,9243,bs,KBO,핸디캡,2,H -2.5,한화 2.5,3 롯데,07.29(수) 18:30,"2.87,1.27",핸디패
2026-08-06T01:38:21+00:00,2026,89,9244,bs,KBO,언더오버,2,U 9.5,한화,롯데,07.29(수) 18:30,"1.78,1.74",언더
2026-08-06T01:38:21+00:00,2026,89,9245,bs,KBO,홀짝,2,,한화,롯데,07.29(수) 18:30,"1.58,1.99",짝
2026-08-06T01:38:21+00:00,2026,89,9246,bs,KBO,전반승무패,3,h(전반),한화 2,2 롯데,07.29(수) 18:30,"1.95,6.20,2.10",무승부
2026-08-06T01:38:21+00:00,2026,89,9247,bs,KBO,전반핸디캡,2,h H -1.5,한화 0.5,2 롯데,07.29(수) 18:30,"2.68,1.31",핸디패
2026-08-06T01:38:21+00:00,2026,89,9248,bs,KBO,전반언더오버,2,h U 5.5,한화,롯데,07.29(수) 18:30,"1.59,1.97",언더
2026-08-06T01:38:21+00:00,2026,89,9249,sc,한국FA컵,승무패,3,,광주FC 1,0 천안시티,07.29(수) 19:00,"1.70,3.40,3.75",홈승
2026-08-06T01:38:21+00:00,2026,89,9250,sc,한국FA컵,핸디캡,3,H -1.0,광주FC 0,0 천안시티,07.29(수) 19:00,"3.20,3.30,1.87",핸디무
2026-08-06T01:38:21+00:00,2026,89,9251,sc,한국FA컵,언더오버,2,U 2.5,광주FC,천안시티,07.29(수) 19:00,"1.86,1.67",언더
2026-08-06T01:38:21+00:00,2026,89,9252,sc,한국FA컵,홀짝,2,,광주FC,천안시티,07.29(수) 19:00,"1.77,1.75",홀
2026-08-06T01:38:21+00:00,2026,89,9253,sc,한국FA컵,승무패,3,,인천유나 0,1 김포FC,07.29(수) 19:00,"1.41,3.85,5.50",홈패
2026-08-06T01:38:21+00:00,2026,89,9254,sc,한국FA컵,핸디캡,3,H -1.0,인천유나 -1,1 김포FC,07.29(수) 19:00,"2.24,3.30,2.50",핸디패
2026-08-06T01:38:21+00:00,2026,89,9255,sc,한국FA컵,언더오버,2,U 2.5,인천유나,김포FC,07.29(수) 19:00,"2.02,1.56",언더
2026-08-06T01:38:21+00:00,2026,89,9256,sc,한국FA컵,홀짝,2,,인천유나,김포FC,07.29(수) 19:00,"1.76,1.76",홀
2026-08-06T01:38:21+00:00,2026,89,9257,sc,한국FA컵,승무패,3,,김천상무 2,1 수원FC,07.29(수) 19:00,"1.99,3.30,2.90",홈승
2026-08-06T01:38:21+00:00,2026,89,9258,sc,한국FA컵,핸디캡,3,H -1.0,김천상무 1,1 수원FC,07.29(수) 19:00,"3.80,3.55,1.65",핸디무
2026-08-06T01:38:21+00:00,2026,89,9259,sc,한국FA컵,언더오버,2,U 2.5,김천상무,수원FC,07.29(수) 19:00,"2.02,1.56",오버
2026-08-06T01:38:21+00:00,2026,89,9260,sc,한국FA컵,홀짝,2,,김천상무,수원FC,07.29(수) 19:00,"1.76,1.76",홀
2026-08-06T01:38:21+00:00,2026,89,9265,sc,한국FA컵,승무패,3,,부산아이 2,0 FC서울,07.29(수) 19:00,"4.25,3.70,1.55",홈승
2026-08-06T01:38:21+00:00,2026,89,9266,sc,한국FA컵,핸디캡,3,H +1.0,부산아이 3,0 FC서울,07.29(수) 19:00,"2.15,3.25,2.65",핸디승
2026-08-06T01:38:21+00:00,2026,89,9267,sc,한국FA컵,언더오버,2,U 2.5,부산아이,FC서울,07.29(수) 19:00,"1.93,1.62",언더
2026-08-06T01:38:21+00:00,2026,89,9268,sc,한국FA컵,홀짝,2,,부산아이,FC서울,07.29(수) 19:00,"1.77,1.75",짝
2026-08-06T01:38:21+00:00,2026,89,9269,sc,한국FA컵,승무패,3,,부천FC 3,0 파주프런,07.29(수) 19:00,"1.71,3.55,3.55",홈승
2026-08-06T01:38:21+00:00,2026,89,9270,sc,한국FA컵,핸디캡,3,H -1.0,부천FC 2,0 파주프런,07.29(수) 19:00,"3.85,3.10,1.76",핸디승
2026-08-06T01:38:21+00:00,2026,89,9271,sc,한국FA컵,언더오버,2,U 2.5,부천FC,파주프런,07.29(수) 19:00,"1.73,1.79",오버
2026-08-06T01:38:21+00:00,2026,89,9272,sc,한국FA컵,홀짝,2,,부천FC,파주프런,07.29(수) 19:00,"1.77,1.75",홀
2026-08-06T01:38:21+00:00,2026,89,9273,sc,한국FA컵,승무패,3,,충북청주 1,3 FC안양,07.29(수) 19:30,"3.25,3.35,1.84",홈패
2026-08-06T01:38:21+00:00,2026,89,9274,sc,한국FA컵,핸디캡,3,H +1.0,충북청주 2,3 FC안양,07.29(수) 19:30,"1.60,3.25,4.60",핸디패
2026-08-06T01:38:21+00:00,2026,89,9275,sc,한국FA컵,언더오버,2,U 2.5,충북청주,FC안양,07.29(수) 19:30,"1.73,1.79",오버
2026-08-06T01:38:21+00:00,2026,89,9276,sc,한국FA컵,홀짝,2,,충북청주,FC안양,07.29(수) 19:30,"1.77,1.75",짝
2026-08-06T01:38:21+00:00,2026,89,9277,sc,한국FA컵,승무패,3,,제주SKFC 2,2 화성FC,07.29(수) 19:30,"1.62,3.40,4.20",무승부
2026-08-06T01:38:21+00:00,2026,89,9278,sc,한국FA컵,핸디캡,3,H -1.0,제주SKFC 1,2 화성FC,07.29(수) 19:30,"2.85,3.20,2.06",핸디패
2026-08-06T01:38:21+00:00,2026,89,9279,sc,한국FA컵,언더오버,2,U 2.5,제주SKFC,화성FC,07.29(수) 19:30,"1.85,1.68",오버
2026-08-06T01:38:21+00:00,2026,89,9280,sc,한국FA컵,홀짝,2,,제주SKFC,화성FC,07.29(수) 19:30,"1.77,1.75",짝
2026-08-06T01:38:21+00:00,2026,89,9261,sc,한국FA컵,승무패,3,,김해FC 0,1 성남FC,07.29(수) 20:00,"2.65,3.05,2.25",홈패
2026-08-06T01:38:21+00:00,2026,89,9262,sc,한국FA컵,핸디캡,3,H +1.0,김해FC 1,1 성남FC,07.29(수) 20:00,"1.50,3.20,5.90",핸디무
2026-08-06T01:38:21+00:00,2026,89,9263,sc,한국FA컵,언더오버,2,U 2.5,김해FC,성남FC,07.29(수) 20:00,"1.67,1.86",언더
2026-08-06T01:38:21+00:00,2026,89,9264,sc,한국FA컵,홀짝,2,,김해FC,성남FC,07.29(수) 20:00,"1.77,1.75",홀
2026-08-06T01:38:21+00:00,2026,89,9281,vl,남배네이,승패,2,,일본M 3,1 중국M,07.29(수) 20:30,"1.00,1.00",홈승
2026-08-06T01:38:21+00:00,2026,89,9282,vl,남배네이,핸디캡,2,H -2.5,일본M 0.5,1 중국M,07.29(수) 20:30,"1.49,2.15",핸디패
2026-08-06T01:38:21+00:00,2026,89,9283,vl,남배네이,언더오버,2,U 140.5,일본M,중국M,07.29(수) 20:30,"1.76,1.76",오버
2026-08-06T01:38:21+00:00,2026,89,9284,vl,남배네이,홀짝,2,,일본M,중국M,07.29(수) 20:30,"1.76,1.76",홀
2026-08-06T01:38:21+00:00,2026,89,9285,bs,MLB,승패,2,,마이말린 8,6 필라필리,07.30(목) 01:10,"2.34,1.41",홈승
2026-08-06T01:38:21+00:00,2026,89,9286,bs,MLB,승①패,3,승①패,마이말린 8,6 필라필리,07.30(목) 01:10,"3.60,3.45,1.72",홈승
2026-08-06T01:38:21+00:00,2026,89,9287,bs,MLB,핸디캡,2,H +2.5,마이말린 10.5,6 필라필리,07.30(목) 01:10,"1.42,2.31",핸디승
2026-08-06T01:38:21+00:00,2026,89,9288,bs,MLB,언더오버,2,U 7.5,마이말린,필라필리,07.30(목) 01:10,"1.78,1.74",오버
2026-08-06T01:38:21+00:00,2026,89,9289,bs,MLB,홀짝,2,,마이말린,필라필리,07.30(목) 01:10,"1.55,2.04",짝
2026-08-06T01:38:21+00:00,2026,89,9290,bs,MLB,승패,2,,피츠파이 0,3 애리다이,07.30(목) 01:35,"1.62,1.93",홈패
2026-08-06T01:38:21+00:00,2026,89,9291,bs,MLB,승①패,3,승①패,피츠파이 0,3 애리다이,07.30(목) 01:35,"2.28,3.30,2.45",홈패
2026-08-06T01:38:21+00:00,2026,89,9292,bs,MLB,핸디캡,2,H -2.5,피츠파이 -2.5,3 애리다이,07.30(목) 01:35,"3.09,1.23",핸디패
2026-08-06T01:38:21+00:00,2026,89,9293,bs,MLB,언더오버,2,U 8.5,피츠파이,애리다이,07.30(목) 01:35,"1.78,1.74",언더
2026-08-06T01:38:21+00:00,2026,89,9294,bs,MLB,홀짝,2,,피츠파이,애리다이,07.30(목) 01:35,"1.55,2.04",홀
2026-08-06T01:38:21+00:00,2026,89,9295,bs,MLB,승패,2,,워싱내셔 2,5 토론블루,07.30(목) 02:05,"1.89,1.65",홈패
2026-08-06T01:38:21+00:00,2026,89,9296,bs,MLB,승①패,3,승①패,워싱내셔 2,5 토론블루,07.30(목) 02:05,"2.75,3.40,2.03",홈패
2026-08-06T01:38:21+00:00,2026,89,9297,bs,MLB,핸디캡,2,H +2.5,워싱내셔 4.5,5 토론블루,07.30(목) 02:05,"1.31,2.68",핸디패
2026-08-06T01:38:21+00:00,2026,89,9298,bs,MLB,언더오버,2,U 9.5,워싱내셔,토론블루,07.30(목) 02:05,"1.73,1.79",언더
2026-08-06T01:38:21+00:00,2026,89,9299,bs,MLB,홀짝,2,,워싱내셔,토론블루,07.30(목) 02:05,"1.56,2.02",홀
2026-08-06T01:38:21+00:00,2026,89,9300,bs,MLB,승패,2,,뉴욕메츠 3,2 애틀브레,07.30(목) 02:10,"1.79,1.73",홈승
2026-08-06T01:38:21+00:00,2026,89,9301,bs,MLB,승①패,3,승①패,뉴욕메츠 3,2 애틀브레,07.30(목) 02:10,"2.60,3.30,2.17",①
2026-08-06T01:38:21+00:00,2026,89,9302,bs,MLB,핸디캡,2,H +2.5,뉴욕메츠 5.5,2 애틀브레,07.30(목) 02:10,"1.27,2.87",핸디승
2026-08-06T01:38:21+00:00,2026,89,9303,bs,MLB,언더오버,2,U 8.5,뉴욕메츠,애틀브레,07.30(목) 02:10,"1.78,1.74",언더
2026-08-06T01:38:21+00:00,2026,89,9304,bs,MLB,홀짝,2,,뉴욕메츠,애틀브레,07.30(목) 02:10,"1.55,2.04",홀
2026-08-06T01:38:21+00:00,2026,89,9305,bs,MLB,승패,2,,디트타이 9,10 볼티오리,07.30(목) 02:10,"1.43,2.29",홈패
2026-08-06T01:38:21+00:00,2026,89,9306,bs,MLB,승①패,3,승①패,디트타이 9,10 볼티오리,07.30(목) 02:10,"1.87,3.50,3.05",①
2026-08-06T01:38:21+00:00,2026,89,9307,bs,MLB,핸디캡,2,H -2.5,디트타이 6.5,10 볼티오리,07.30(목) 02:10,"2.60,1.33",핸디패
2026-08-06T01:38:21+00:00,2026,89,9308,bs,MLB,언더오버,2,U 7.5,디트타이,볼티오리,07.30(목) 02:10,"1.84,1.69",오버
2026-08-06T01:38:21+00:00,2026,89,9309,bs,MLB,홀짝,2,,디트타이,볼티오리,07.30(목) 02:10,"1.55,2.04",홀
2026-08-06T01:38:21+00:00,2026,89,9310,sc,UCL,승무패,3,,구르니크 1,1 페네르SK,07.30(목) 03:00,"4.95,3.95,1.44",무승부
2026-08-06T01:38:21+00:00,2026,89,9311,sc,UCL,핸디캡,3,H +1.0,구르니크 2,1 페네르SK,07.30(목) 03:00,"2.45,3.20,2.33",핸디승
2026-08-06T01:38:21+00:00,2026,89,9312,sc,UCL,핸디캡,3,H +2.0,구르니크 3,1 페네르SK,07.30(목) 03:00,"1.48,4.10,4.35",핸디승
2026-08-06T01:38:21+00:00,2026,89,9313,sc,UCL,언더오버,2,U 2.5,구르니크,페네르SK,07.30(목) 03:00,"1.90,1.64",언더
2026-08-06T01:38:21+00:00,2026,89,9314,sc,UCL,홀짝,2,,구르니크,페네르SK,07.30(목) 03:00,"1.77,1.75",짝
2026-08-06T01:38:21+00:00,2026,89,9315,sc,UCL,전반승무패,3,h(전반),구르니크 1,1 페네르SK,07.30(목) 03:00,"5.10,2.30,1.93",무승부
2026-08-06T01:38:21+00:00,2026,89,9316,sc,UCL,전반핸디캡,3,h H +1.0,구르니크 2,1 페네르SK,07.30(목) 03:00,"1.64,3.10,4.60",핸디승
2026-08-06T01:38:21+00:00,2026,89,9317,sc,UCL,전반언더오버,2,h U 1.5,구르니크,페네르SK,07.30(목) 03:00,"1.41,2.34",오버
2026-08-06T01:38:21+00:00,2026,89,9318,bs,MLB,승패,2,,샌프자이 16,3 밀워브루,07.30(목) 04:45,"1.84,1.69",홈승
2026-08-06T01:38:21+00:00,2026,89,9319,bs,MLB,승①패,3,승①패,샌프자이 16,3 밀워브루,07.30(목) 04:45,"2.70,3.20,2.14",홈승
2026-08-06T01:38:21+00:00,2026,89,9320,bs,MLB,핸디캡,2,H +2.5,샌프자이 18.5,3 밀워브루,07.30(목) 04:45,"1.27,2.87",핸디승
2026-08-06T01:38:21+00:00,2026,89,9321,bs,MLB,언더오버,2,U 7.5,샌프자이,밀워브루,07.30(목) 04:45,"1.78,1.74",오버
2026-08-06T01:38:21+00:00,2026,89,9322,bs,MLB,홀짝,2,,샌프자이,밀워브루,07.30(목) 04:45,"1.55,2.04",홀
2026-08-06T01:38:21+00:00,2026,89,9323,bs,MLB,승패,2,,샌디파드 3,1 콜로로키,07.30(목) 05:10,"1.54,2.05",홈승
2026-08-06T01:38:21+00:00,2026,89,9324,bs,MLB,승①패,3,승①패,샌디파드 3,1 콜로로키,07.30(목) 05:10,"2.13,3.30,2.65",홈승
2026-08-06T01:38:21+00:00,2026,89,9325,bs,MLB,핸디캡,2,H -2.5,샌디파드 0.5,1 콜로로키,07.30(목) 05:10,"2.92,1.26",핸디패
2026-08-06T01:38:21+00:00,2026,89,9326,bs,MLB,언더오버,2,U 8.5,샌디파드,콜로로키,07.30(목) 05:10,"1.66,1.87",언더
2026-08-06T01:38:21+00:00,2026,89,9327,bs,MLB,홀짝,2,,샌디파드,콜로로키,07.30(목) 05:10,"1.55,2.04",짝
2026-08-06T01:38:21+00:00,2026,89,9328,bs,MLB,승패,2,,탬파레이 3,0 텍사레인,07.30(목) 07:40,"1.54,2.05",홈승
2026-08-06T01:38:21+00:00,2026,89,9329,bs,MLB,승①패,3,승①패,탬파레이 3,0 텍사레인,07.30(목) 07:40,"2.15,3.25,2.65",홈승
2026-08-06T01:38:21+00:00,2026,89,9330,bs,MLB,핸디캡,2,H -2.5,탬파레이 0.5,0 텍사레인,07.30(목) 07:40,"2.92,1.26",핸디승
2026-08-06T01:38:21+00:00,2026,89,9331,bs,MLB,언더오버,2,U 7.5,탬파레이,텍사레인,07.30(목) 07:40,"1.79,1.73",언더
2026-08-06T01:38:21+00:00,2026,89,9332,bs,MLB,홀짝,2,,탬파레이,텍사레인,07.30(목) 07:40,"1.55,2.04",홀
2026-08-06T01:38:21+00:00,2026,89,9333,bs,MLB,승패,2,,신시레즈 1,6 클리가디,07.30(목) 08:10,"1.97,1.59",홈패
2026-08-06T01:38:21+00:00,2026,89,9334,bs,MLB,승①패,3,승①패,신시레즈 1,6 클리가디,07.30(목) 08:10,"2.95,3.35,1.95",홈패
2026-08-06T01:38:21+00:00,2026,89,9335,bs,MLB,핸디캡,2,H +2.5,신시레즈 3.5,6 클리가디,07.30(목) 08:10,"1.34,2.56",핸디패
2026-08-06T01:38:21+00:00,2026,89,9336,bs,MLB,언더오버,2,U 8.5,신시레즈,클리가디,07.30(목) 08:10,"1.94,1.61",언더
2026-08-06T01:38:21+00:00,2026,89,9337,bs,MLB,홀짝,2,,신시레즈,클리가디,07.30(목) 08:10,"1.56,2.02",홀
2026-08-06T01:38:21+00:00,2026,89,9338,bs,MLB,승패,2,,미네트윈 0,4 캔자로얄,07.30(목) 08:40,"1.43,2.29",홈패
2026-08-06T01:38:21+00:00,2026,89,9339,bs,MLB,승①패,3,승①패,미네트윈 0,4 캔자로얄,07.30(목) 08:40,"1.92,3.40,3.00",홈패
2026-08-06T01:38:21+00:00,2026,89,9340,bs,MLB,핸디캡,2,H -2.5,미네트윈 -2.5,4 캔자로얄,07.30(목) 08:40,"2.53,1.35",핸디패
2026-08-06T01:38:21+00:00,2026,89,9341,bs,MLB,언더오버,2,U 8.5,미네트윈,캔자로얄,07.30(목) 08:40,"1.77,1.75",언더
2026-08-06T01:38:21+00:00,2026,89,9342,bs,MLB,홀짝,2,,미네트윈,캔자로얄,07.30(목) 08:40,"1.56,2.02",짝
2026-08-06T01:38:21+00:00,2026,89,9343,bs,MLB,승패,2,,시카화이 6,5 뉴욕양키,07.30(목) 08:40,"2.13,1.50",홈승
2026-08-06T01:38:21+00:00,2026,89,9344,bs,MLB,승①패,3,승①패,시카화이 6,5 뉴욕양키,07.30(목) 08:40,"3.30,3.30,1.84",①
2026-08-06T01:38:21+00:00,2026,89,9345,bs,MLB,핸디캡,2,H +2.5,시카화이 8.5,5 뉴욕양키,07.30(목) 08:40,"1.38,2.43",핸디승
2026-08-06T01:38:21+00:00,2026,89,9346,bs,MLB,언더오버,2,U 7.5,시카화이,뉴욕양키,07.30(목) 08:40,"1.78,1.74",오버
2026-08-06T01:38:21+00:00,2026,89,9347,bs,MLB,홀짝,2,,시카화이,뉴욕양키,07.30(목) 08:40,"1.55,2.04",홀
2026-08-06T01:38:21+00:00,2026,89,9348,bs,MLB,승패,2,,세인카디 3,2 시카컵스,07.30(목) 08:45,"1.80,1.72",홈승
2026-08-06T01:38:21+00:00,2026,89,9349,bs,MLB,승①패,3,승①패,세인카디 3,2 시카컵스,07.30(목) 08:45,"2.65,3.25,2.15",①
2026-08-06T01:38:21+00:00,2026,89,9350,bs,MLB,핸디캡,2,H +2.5,세인카디 5.5,2 시카컵스,07.30(목) 08:45,"1.27,2.87",핸디승
2026-08-06T01:38:21+00:00,2026,89,9351,bs,MLB,언더오버,2,U 8.5,세인카디,시카컵스,07.30(목) 08:45,"1.67,1.86",언더
2026-08-06T01:38:21+00:00,2026,89,9352,bs,MLB,홀짝,2,,세인카디,시카컵스,07.30(목) 08:45,"1.55,2.04",홀
2026-08-06T01:38:21+00:00,2026,89,9353,bs,MLB,승패,2,,LA에인절 4,7 휴스애스,07.30(목) 10:38,"1.89,1.65",홈패
2026-08-06T01:38:21+00:00,2026,89,9354,bs,MLB,승①패,3,승①패,LA에인절 4,7 휴스애스,07.30(목) 10:38,"2.65,3.35,2.11",홈패
2026-08-06T01:38:21+00:00,2026,89,9355,bs,MLB,핸디캡,2,H +2.5,LA에인절 6.5,7 휴스애스,07.30(목) 10:38,"1.29,2.77",핸디패
2026-08-06T01:38:21+00:00,2026,89,9356,bs,MLB,언더오버,2,U 9.5,LA에인절,휴스애스,07.30(목) 10:38,"1.78,1.74",오버
2026-08-06T01:38:21+00:00,2026,89,9357,bs,MLB,홀짝,2,,LA에인절,휴스애스,07.30(목) 10:38,"1.56,2.02",홀
2026-08-06T01:38:21+00:00,2026,89,9358,bs,MLB,승패,2,,애슬레틱 2,4 보스레드,07.30(목) 10:40,"2.13,1.50",홈패
2026-08-06T01:38:21+00:00,2026,89,9359,bs,MLB,승①패,3,승①패,애슬레틱 2,4 보스레드,07.30(목) 10:40,"3.25,3.50,1.80",홈패
2026-08-06T01:38:21+00:00,2026,89,9360,bs,MLB,핸디캡,2,H +2.5,애슬레틱 4.5,4 보스레드,07.30(목) 10:40,"1.42,2.31",핸디승
2026-08-06T01:38:21+00:00,2026,89,9361,bs,MLB,언더오버,2,U 10.5,애슬레틱,보스레드,07.30(목) 10:40,"1.75,1.77",언더
2026-08-06T01:38:21+00:00,2026,89,9362,bs,MLB,홀짝,2,,애슬레틱,보스레드,07.30(목) 10:40,"1.56,2.02",짝
2026-08-06T01:38:21+00:00,2026,89,9363,bs,MLB,승패,2,,LA다저스 4,2 시애매리,07.30(목) 11:10,"1.44,2.26",홈승
2026-08-06T01:38:21+00:00,2026,89,9364,bs,MLB,승①패,3,승①패,LA다저스 4,2 시애매리,07.30(목) 11:10,"1.91,3.50,2.95",홈승
2026-08-06T01:38:21+00:00,2026,89,9365,bs,MLB,핸디캡,2,H -2.5,LA다저스 1.5,2 시애매리,07.30(목) 11:10,"2.40,1.39",핸디패
2026-08-06T01:38:21+00:00,2026,89,9366,bs,MLB,언더오버,2,U 9.5,LA다저스,시애매리,07.30(목) 11:10,"1.76,1.76",언더
2026-08-06T01:38:21+00:00,2026,89,9367,bs,MLB,홀짝,2,,LA다저스,시애매리,07.30(목) 11:10,"1.56,2.02",짝
2026-08-06T01:38:21+00:00,2026,89,9368,bs,MLB,전반승무패,3,h(전반),LA다저스 3,0 시애매리,07.30(목) 11:10,"1.91,5.80,2.20",홈승
2026-08-06T01:38:21+00:00,2026,89,9369,bs,MLB,전반핸디캡,2,h H -1.5,LA다저스 1.5,0 시애매리,07.30(목) 11:10,"2.37,1.40",핸디승
2026-08-06T01:38:21+00:00,2026,89,9370,bs,MLB,전반언더오버,2,h U 5.5,LA다저스,시애매리,07.30(목) 11:10,"1.63,1.91",언더
2026-08-06T01:38:21+00:00,2026,89,9371,vl,남배네이,승패,2,,이탈리M 0,3 미국M,07.30(목) 16:00,"1.52,2.09",홈패
2026-08-06T01:38:21+00:00,2026,89,9372,vl,남배네이,핸디캡,2,H -1.5,이탈리M -1.5,3 미국M,07.30(목) 16:00,"2.11,1.51",핸디패
2026-08-06T01:38:21+00:00,2026,89,9373,vl,남배네이,언더오버,2,U 185.5,이탈리M,미국M,07.30(목) 16:00,"1.87,1.66",언더
2026-08-06T01:38:21+00:00,2026,89,9374,vl,남배네이,홀짝,2,,이탈리M,미국M,07.30(목) 16:00,"1.76,1.76",홀
2026-08-06T01:38:21+00:00,2026,89,9375,bs,KBO,승패,2,,LG 5,3 키움,07.30(목) 18:30,"1.50,2.13",홈승
2026-08-06T01:38:21+00:00,2026,89,9376,bs,KBO,승①패,3,승①패,LG 5,3 키움,07.30(목) 18:30,"1.97,3.45,2.85",홈승
2026-08-06T01:38:21+00:00,2026,89,9377,bs,KBO,핸디캡,2,H -2.5,LG 2.5,3 키움,07.30(목) 18:30,"2.46,1.37",핸디패
2026-08-06T01:38:21+00:00,2026,89,9378,bs,KBO,언더오버,2,U 9.5,LG,키움,07.30(목) 18:30,"1.63,1.91",언더
2026-08-06T01:38:21+00:00,2026,89,9379,bs,KBO,홀짝,2,,LG,키움,07.30(목) 18:30,"1.58,1.99",짝
2026-08-06T01:38:21+00:00,2026,89,9380,bs,KBO,전반승무패,3,h(전반),LG 1,3 키움,07.30(목) 18:30,"1.82,6.10,2.30",홈패
2026-08-06T01:38:21+00:00,2026,89,9381,bs,KBO,전반핸디캡,2,h H -1.5,LG -0.5,3 키움,07.30(목) 18:30,"2.34,1.41",핸디패
2026-08-06T01:38:21+00:00,2026,89,9382,bs,KBO,전반언더오버,2,h U 5.5,LG,키움,07.30(목) 18:30,"1.54,2.05",언더
2026-08-06T01:38:21+00:00,2026,89,9383,bs,KBO,승패,2,,삼성 3,12 KIA,07.30(목) 18:30,"1.53,2.07",홈패
2026-08-06T01:38:21+00:00,2026,89,9384,bs,KBO,승①패,3,승①패,삼성 3,12 KIA,07.30(목) 18:30,"2.02,3.80,2.55",홈패
2026-08-06T01:38:21+00:00,2026,89,9385,bs,KBO,핸디캡,2,H -2.5,삼성 0.5,12 KIA,07.30(목) 18:30,"2.64,1.32",핸디패
2026-08-06T01:38:21+00:00,2026,89,9386,bs,KBO,언더오버,2,U 10.5,삼성,KIA,07.30(목) 18:30,"1.77,1.75",오버
2026-08-06T01:38:21+00:00,2026,89,9387,bs,KBO,홀짝,2,,삼성,KIA,07.30(목) 18:30,"1.57,2.00",홀
2026-08-06T01:38:21+00:00,2026,89,9388,bs,KBO,전반승무패,3,h(전반),삼성 2,6 KIA,07.30(목) 18:30,"1.80,5.90,2.35",홈패
2026-08-06T01:38:21+00:00,2026,89,9389,bs,KBO,전반핸디캡,2,h H -1.5,삼성 0.5,6 KIA,07.30(목) 18:30,"2.34,1.41",핸디패
2026-08-06T01:38:21+00:00,2026,89,9390,bs,KBO,전반언더오버,2,h U 6.5,삼성,KIA,07.30(목) 18:30,"1.57,2.00",오버
2026-08-06T01:38:21+00:00,2026,89,9391,bs,KBO,승패,2,,SSG 3,5 두산,07.30(목) 18:30,"1.91,1.63",홈패
2026-08-06T01:38:21+00:00,2026,89,9392,bs,KBO,승①패,3,승①패,SSG 3,5 두산,07.30(목) 18:30,"2.65,3.55,2.04",홈패
2026-08-06T01:38:21+00:00,2026,89,9393,bs,KBO,핸디캡,2,H +2.5,SSG 5.5,5 두산,07.30(목) 18:30,"1.31,2.68",핸디승
2026-08-06T01:38:21+00:00,2026,89,9394,bs,KBO,언더오버,2,U 9.5,SSG,두산,07.30(목) 18:30,"1.82,1.70",언더
2026-08-06T01:38:21+00:00,2026,89,9395,bs,KBO,홀짝,2,,SSG,두산,07.30(목) 18:30,"1.58,1.99",짝
2026-08-06T01:38:21+00:00,2026,89,9396,bs,KBO,전반승무패,3,h(전반),SSG 3,2 두산,07.30(목) 18:30,"2.15,6.10,1.92",홈승
2026-08-06T01:38:21+00:00,2026,89,9397,bs,KBO,전반핸디캡,2,h H +1.5,SSG 4.5,2 두산,07.30(목) 18:30,"1.35,2.53",핸디승
2026-08-06T01:38:21+00:00,2026,89,9398,bs,KBO,전반언더오버,2,h U 5.5,SSG,두산,07.30(목) 18:30,"1.78,1.74",언더
2026-08-06T01:38:21+00:00,2026,89,9399,bs,KBO,승패,2,,NC 2,10 KT,07.30(목) 18:30,"1.71,1.81",홈패
2026-08-06T01:38:21+00:00,2026,89,9400,bs,KBO,승①패,3,승①패,NC 2,10 KT,07.30(목) 18:30,"2.35,3.50,2.28",홈패
2026-08-06T01:38:21+00:00,2026,89,9401,bs,KBO,핸디캡,2,H -2.5,NC -0.5,10 KT,07.30(목) 18:30,"2.72,1.30",핸디패
2026-08-06T01:38:21+00:00,2026,89,9402,bs,KBO,언더오버,2,U 9.5,NC,KT,07.30(목) 18:30,"1.65,1.89",오버
2026-08-06T01:38:21+00:00,2026,89,9403,bs,KBO,홀짝,2,,NC,KT,07.30(목) 18:30,"1.58,1.99",짝
2026-08-06T01:38:21+00:00,2026,89,9404,bs,KBO,전반승무패,3,h(전반),NC 1,6 KT,07.30(목) 18:30,"1.96,6.10,2.10",홈패
2026-08-06T01:38:21+00:00,2026,89,9405,bs,KBO,전반핸디캡,2,h H -1.5,NC -0.5,6 KT,07.30(목) 18:30,"2.53,1.35",핸디패
2026-08-06T01:38:21+00:00,2026,89,9406,bs,KBO,전반언더오버,2,h U 5.5,NC,KT,07.30(목) 18:30,"1.69,1.84",오버
2026-08-06T01:38:21+00:00,2026,89,9407,bs,KBO,승패,2,,한화 3,2 롯데,07.30(목) 18:30,"1.70,1.82",홈승
2026-08-06T01:38:21+00:00,2026,89,9408,bs,KBO,승①패,3,승①패,한화 3,2 롯데,07.30(목) 18:30,"2.22,3.55,2.40",①
2026-08-06T01:38:21+00:00,2026,89,9409,bs,KBO,핸디캡,2,H -2.5,한화 0.5,2 롯데,07.30(목) 18:30,"3.03,1.24",핸디패
2026-08-06T01:38:21+00:00,2026,89,9410,bs,KBO,언더오버,2,U 9.5,한화,롯데,07.30(목) 18:30,"1.87,1.66",언더
2026-08-06T01:38:21+00:00,2026,89,9411,bs,KBO,홀짝,2,,한화,롯데,07.30(목) 18:30,"1.58,1.99",홀
2026-08-06T01:38:21+00:00,2026,89,9412,bs,KBO,전반승무패,3,h(전반),한화 1,2 롯데,07.30(목) 18:30,"1.96,6.10,2.10",홈패
2026-08-06T01:38:21+00:00,2026,89,9413,bs,KBO,전반핸디캡,2,h H -1.5,한화 -0.5,2 롯데,07.30(목) 18:30,"2.60,1.33",핸디패
2026-08-06T01:38:21+00:00,2026,89,9414,bs,KBO,전반언더오버,2,h U 5.5,한화,롯데,07.30(목) 18:30,"1.75,1.77",언더
2026-08-06T01:38:21+00:00,2026,89,9415,vl,남배네이,승패,2,,폴란드M 3,1 우크라M,07.30(목) 20:30,"1.09,4.57",홈승
2026-08-06T01:38:21+00:00,2026,89,9416,vl,남배네이,핸디캡,2,H -2.5,폴란드M 0.5,1 우크라M,07.30(목) 20:30,"2.17,1.48",핸디패
2026-08-06T01:38:21+00:00,2026,89,9417,vl,남배네이,언더오버,2,U 177.5,폴란드M,우크라M,07.30(목) 20:30,"1.87,1.66",오버
2026-08-06T01:38:21+00:00,2026,89,9418,vl,남배네이,홀짝,2,,폴란드M,우크라M,07.30(목) 20:30,"1.76,1.76",홀
2026-08-06T01:38:21+00:00,2026,89,9419,bs,MLB,승패,2,,탬파레이 3,2 텍사레인,07.31(금) 01:10,"1.53,2.07",홈승
2026-08-06T01:38:21+00:00,2026,89,9420,bs,MLB,승①패,3,승①패,탬파레이 3,2 텍사레인,07.31(금) 01:10,"2.06,3.40,2.70",①
2026-08-06T01:38:21+00:00,2026,89,9421,bs,MLB,핸디캡,2,H -2.5,탬파레이 0.5,2 텍사레인,07.31(금) 01:10,"2.82,1.28",핸디패
2026-08-06T01:38:21+00:00,2026,89,9422,bs,MLB,언더오버,2,U 7.5,탬파레이,텍사레인,07.31(금) 01:10,"1.71,1.81",언더
2026-08-06T01:38:21+00:00,2026,89,9423,bs,MLB,홀짝,2,,탬파레이,텍사레인,07.31(금) 01:10,"1.55,2.04",홀
2026-08-06T01:38:21+00:00,2026,89,9424,bs,MLB,승패,2,,미네트윈 4,3 캔자로얄,07.31(금) 02:40,"1.55,2.04",홈승
2026-08-06T01:38:21+00:00,2026,89,9425,bs,MLB,승①패,3,승①패,미네트윈 4,3 캔자로얄,07.31(금) 02:40,"2.12,3.40,2.60",①
2026-08-06T01:38:21+00:00,2026,89,9426,bs,MLB,핸디캡,2,H -2.5,미네트윈 1.5,3 캔자로얄,07.31(금) 02:40,"2.87,1.27",핸디패
2026-08-06T01:38:21+00:00,2026,89,9427,bs,MLB,언더오버,2,U 9.5,미네트윈,캔자로얄,07.31(금) 02:40,"1.72,1.80",언더
2026-08-06T01:38:21+00:00,2026,89,9428,bs,MLB,홀짝,2,,미네트윈,캔자로얄,07.31(금) 02:40,"1.56,2.02",홀
2026-08-06T01:38:21+00:00,2026,89,9429,bs,MLB,승패,2,,시카화이 2,1 뉴욕양키,07.31(금) 03:10,"1.73,1.79",홈승
2026-08-06T01:38:21+00:00,2026,89,9430,bs,MLB,승①패,3,승①패,시카화이 2,1 뉴욕양키,07.31(금) 03:10,"2.50,3.25,2.26",①
2026-08-06T01:38:21+00:00,2026,89,9431,bs,MLB,핸디캡,2,H -2.5,시카화이 -0.5,1 뉴욕양키,07.31(금) 03:10,"3.46,1.18",핸디패
2026-08-06T01:38:21+00:00,2026,89,9432,bs,MLB,언더오버,2,U 7.5,시카화이,뉴욕양키,07.31(금) 03:10,"1.87,1.66",언더
2026-08-06T01:38:21+00:00,2026,89,9433,bs,MLB,홀짝,2,,시카화이,뉴욕양키,07.31(금) 03:10,"1.55,2.04",홀
2026-08-06T01:38:21+00:00,2026,89,9434,bs,MLB,승패,2,,세인카디 2,4 시카컵스,07.31(금) 03:15,"1.66,1.87",홈패
2026-08-06T01:38:21+00:00,2026,89,9435,bs,MLB,승①패,3,승①패,세인카디 2,4 시카컵스,07.31(금) 03:15,"2.35,3.25,2.40",홈패
2026-08-06T01:38:21+00:00,2026,89,9436,bs,MLB,핸디캡,2,H -2.5,세인카디 -0.5,4 시카컵스,07.31(금) 03:15,"3.23,1.21",핸디패
2026-08-06T01:38:21+00:00,2026,89,9437,bs,MLB,언더오버,2,U 8.5,세인카디,시카컵스,07.31(금) 03:15,"1.74,1.78",언더
2026-08-06T01:38:21+00:00,2026,89,9438,bs,MLB,홀짝,2,,세인카디,시카컵스,07.31(금) 03:15,"1.55,2.04",짝
2026-08-06T01:38:21+00:00,2026,89,9439,bs,MLB,승패,2,,뉴욕메츠 4,2 마이말린,07.31(금) 08:10,"1.59,1.97",홈승
2026-08-06T01:38:21+00:00,2026,89,9440,bs,MLB,승①패,3,승①패,뉴욕메츠 4,2 마이말린,07.31(금) 08:10,"2.27,3.15,2.55",홈승
2026-08-06T01:38:21+00:00,2026,89,9441,bs,MLB,핸디캡,2,H -2.5,뉴욕메츠 1.5,2 마이말린,07.31(금) 08:10,"3.16,1.22",핸디패
2026-08-06T01:38:21+00:00,2026,89,9442,bs,MLB,언더오버,2,U 7.5,뉴욕메츠,마이말린,07.31(금) 08:10,"1.60,1.96",언더
2026-08-06T01:38:21+00:00,2026,89,9443,bs,MLB,홀짝,2,,뉴욕메츠,마이말린,07.31(금) 08:10,"1.54,2.05",짝
2026-08-06T01:38:21+00:00,2026,89,9444,bs,MLB,승패,2,,신시레즈 3,2 피츠파이,07.31(금) 08:10,"1.80,1.72",홈승
2026-08-06T01:38:21+00:00,2026,89,9445,bs,MLB,승①패,3,승①패,신시레즈 3,2 피츠파이,07.31(금) 08:10,"2.60,3.35,2.14",①
2026-08-06T01:38:21+00:00,2026,89,9446,bs,MLB,핸디캡,2,H +2.5,신시레즈 5.5,2 피츠파이,07.31(금) 08:10,"1.28,2.82",핸디승
2026-08-06T01:38:21+00:00,2026,89,9447,bs,MLB,언더오버,2,U 9.5,신시레즈,피츠파이,07.31(금) 08:10,"1.72,1.80",언더
2026-08-06T01:38:21+00:00,2026,89,9448,bs,MLB,홀짝,2,,신시레즈,피츠파이,07.31(금) 08:10,"1.56,2.02",홀
2026-08-06T01:38:21+00:00,2026,89,9449,bs,MLB,승패,2,,애틀브레 5,4 워싱내셔,07.31(금) 08:15,"1.52,2.09",홈승
2026-08-06T01:38:21+00:00,2026,89,9450,bs,MLB,승①패,3,승①패,애틀브레 5,4 워싱내셔,07.31(금) 08:15,"2.06,3.40,2.70",①
2026-08-06T01:38:21+00:00,2026,89,9451,bs,MLB,핸디캡,2,H -2.5,애틀브레 2.5,4 워싱내셔,07.31(금) 08:15,"2.77,1.29",핸디패
2026-08-06T01:38:21+00:00,2026,89,9452,bs,MLB,언더오버,2,U 9.5,애틀브레,워싱내셔,07.31(금) 08:15,"1.72,1.80",언더
2026-08-06T01:38:21+00:00,2026,89,9453,bs,MLB,홀짝,2,,애틀브레,워싱내셔,07.31(금) 08:15,"1.56,2.02",홀
2026-08-06T01:38:21+00:00,2026,89,9454,sc,축클럽친,승무패,3,,리즈U 1,0 선덜랜드,07.31(금) 08:30,"2.15,3.25,2.65",홈승
2026-08-06T01:38:21+00:00,2026,89,9455,sc,축클럽친,핸디캡,3,H -1.0,리즈U 0,0 선덜랜드,07.31(금) 08:30,"4.30,3.75,1.54",핸디무
2026-08-06T01:38:21+00:00,2026,89,9456,sc,축클럽친,언더오버,2,U 2.5,리즈U,선덜랜드,07.31(금) 08:30,"1.96,1.60",언더
2026-08-06T01:38:21+00:00,2026,89,9457,sc,축클럽친,홀짝,2,,리즈U,선덜랜드,07.31(금) 08:30,"1.77,1.75",홀
2026-08-06T01:38:21+00:00,2026,89,9458,bs,MLB,승패,2,,샌디파드 1,4 샌프자이,07.31(금) 10:40,"1.61,1.94",홈패
2026-08-06T01:38:21+00:00,2026,89,9459,bs,MLB,승①패,3,승①패,샌디파드 1,4 샌프자이,07.31(금) 10:40,"2.24,3.30,2.50",홈패
2026-08-06T01:38:21+00:00,2026,89,9460,bs,MLB,핸디캡,2,H -2.5,샌디파드 -1.5,4 샌프자이,07.31(금) 10:40,"3.09,1.23",핸디패
2026-08-06T01:38:21+00:00,2026,89,9461,bs,MLB,언더오버,2,U 8.5,샌디파드,샌프자이,07.31(금) 10:40,"1.74,1.78",언더
2026-08-06T01:38:21+00:00,2026,89,9462,bs,MLB,홀짝,2,,샌디파드,샌프자이,07.31(금) 10:40,"1.55,2.04",홀
2026-08-06T01:38:21+00:00,2026,89,9463,bs,MLB,승패,2,,애슬레틱 4,5 보스레드,07.31(금) 10:40,"2.19,1.47",홈패
2026-08-06T01:38:21+00:00,2026,89,9464,bs,MLB,승①패,3,승①패,애슬레틱 4,5 보스레드,07.31(금) 10:40,"3.40,3.65,1.72",①
2026-08-06T01:38:21+00:00,2026,89,9465,bs,MLB,핸디캡,2,H +2.5,애슬레틱 6.5,5 보스레드,07.31(금) 10:40,"1.45,2.24",핸디승
2026-08-06T01:38:21+00:00,2026,89,9466,bs,MLB,언더오버,2,U 10.5,애슬레틱,보스레드,07.31(금) 10:40,"1.73,1.79",언더
2026-08-06T01:38:21+00:00,2026,89,9467,bs,MLB,홀짝,2,,애슬레틱,보스레드,07.31(금) 10:40,"1.56,2.02",홀
2026-08-06T01:38:21+00:00,2026,89,9468,bs,MLB,승패,2,,LA다저스 6,2 시애매리,07.31(금) 11:10,"1.51,2.11",홈승
2026-08-06T01:38:21+00:00,2026,89,9469,bs,MLB,승①패,3,승①패,LA다저스 6,2 시애매리,07.31(금) 11:10,"1.99,3.45,2.80",홈승
2026-08-06T01:38:21+00:00,2026,89,9470,bs,MLB,핸디캡,2,H -2.5,LA다저스 3.5,2 시애매리,07.31(금) 11:10,"2.77,1.29",핸디승
2026-08-06T01:38:21+00:00,2026,89,9471,bs,MLB,언더오버,2,U 8.5,LA다저스,시애매리,07.31(금) 11:10,"1.74,1.78",언더
2026-08-06T01:38:21+00:00,2026,89,9472,bs,MLB,홀짝,2,,LA다저스,시애매리,07.31(금) 11:10,"1.55,2.04",짝
2026-08-06T01:38:21+00:00,2026,89,9473,bs,MLB,전반승무패,3,h(전반),LA다저스 5,0 시애매리,07.31(금) 11:10,"1.74,6.00,2.45",홈승
2026-08-06T01:38:21+00:00,2026,89,9474,bs,MLB,전반핸디캡,2,h H -1.5,LA다저스 3.5,0 시애매리,07.31(금) 11:10,"2.46,1.37",핸디승
2026-08-06T01:38:21+00:00,2026,89,9475,bs,MLB,전반언더오버,2,h U 4.5,LA다저스,시애매리,07.31(금) 11:10,"1.85,1.68",오버
2026-08-06T01:38:21+00:00,2026,89,9496,bs,NPB,승패,2,,라쿠텐 0,0 소프트뱅,07.31(금) 18:00,"1.00,1.00",취소
2026-08-06T01:38:21+00:00,2026,89,9497,bs,NPB,승①패,2,승①패,라쿠텐 0,0 소프트뱅,07.31(금) 18:00,"1.00,1.00",취소
2026-08-06T01:38:21+00:00,2026,89,9498,bs,NPB,핸디캡,2,H 0.0,라쿠텐 0,0 소프트뱅,07.31(금) 18:00,"1.00,1.00",취소
2026-08-06T01:38:21+00:00,2026,89,9499,bs,NPB,언더오버,2,U 0.0,라쿠텐,소프트뱅,07.31(금) 18:00,"1.00,1.00",취소
2026-08-06T01:38:21+00:00,2026,89,9500,bs,NPB,홀짝,2,,라쿠텐,소프트뱅,07.31(금) 18:00,"1.00,1.00",취소
2026-08-06T01:38:21+00:00,2026,89,9546,sc,축ASEA챔,승무패,3,,베트남 0,0 싱가포르,07.31(금) 22:00,"1.10,6.00,13.50",무승부
2026-08-06T01:38:21+00:00,2026,89,9547,sc,축ASEA챔,핸디캡,3,H -1.0,베트남 -1,0 싱가포르,07.31(금) 22:00,"1.40,3.95,5.50",핸디패
2026-08-06T01:38:21+00:00,2026,89,9548,sc,축ASEA챔,핸디캡,3,H -2.0,베트남 -2,0 싱가포르,07.31(금) 22:00,"2.07,3.45,2.65",핸디패
2026-08-06T01:38:21+00:00,2026,89,9549,sc,축ASEA챔,핸디캡,2,H -3.5,베트남 -3.5,0 싱가포르,07.31(금) 22:00,"3.23,1.21",핸디패
2026-08-06T01:38:21+00:00,2026,89,9550,sc,축ASEA챔,언더오버,2,U 3.5,베트남,싱가포르,07.31(금) 22:00,"1.62,1.93",언더
2026-08-06T01:38:21+00:00,2026,89,9551,sc,축ASEA챔,홀짝,2,,베트남,싱가포르,07.31(금) 22:00,"1.76,1.76",짝
2026-08-06T01:38:21+00:00,2026,90,9444,bs,MLB,승패,2,,신시레즈 3,2 피츠파이,07.31(금) 08:10,"1.80,1.72",홈승
2026-08-06T01:38:21+00:00,2026,90,9445,bs,MLB,승①패,3,승①패,신시레즈 3,2 피츠파이,07.31(금) 08:10,"2.60,3.35,2.14",①
2026-08-06T01:38:21+00:00,2026,90,9446,bs,MLB,핸디캡,2,H +2.5,신시레즈 5.5,2 피츠파이,07.31(금) 08:10,"1.28,2.82",핸디승
2026-08-06T01:38:21+00:00,2026,90,9447,bs,MLB,언더오버,2,U 9.5,신시레즈,피츠파이,07.31(금) 08:10,"1.72,1.80",언더
2026-08-06T01:38:21+00:00,2026,90,9448,bs,MLB,홀짝,2,,신시레즈,피츠파이,07.31(금) 08:10,"1.56,2.02",홀
2026-08-06T01:38:21+00:00,2026,90,9449,bs,MLB,승패,2,,애틀브레 5,4 워싱내셔,07.31(금) 08:15,"1.52,2.09",홈승
2026-08-06T01:38:21+00:00,2026,90,9450,bs,MLB,승①패,3,승①패,애틀브레 5,4 워싱내셔,07.31(금) 08:15,"2.06,3.40,2.70",①
2026-08-06T01:38:21+00:00,2026,90,9451,bs,MLB,핸디캡,2,H -2.5,애틀브레 2.5,4 워싱내셔,07.31(금) 08:15,"2.77,1.29",핸디패
2026-08-06T01:38:21+00:00,2026,90,9452,bs,MLB,언더오버,2,U 9.5,애틀브레,워싱내셔,07.31(금) 08:15,"1.72,1.80",언더
2026-08-06T01:38:21+00:00,2026,90,9453,bs,MLB,홀짝,2,,애틀브레,워싱내셔,07.31(금) 08:15,"1.56,2.02",홀
2026-08-06T01:38:21+00:00,2026,90,9454,sc,축클럽친,승무패,3,,리즈U 1,0 선덜랜드,07.31(금) 08:30,"2.15,3.25,2.65",홈승
2026-08-06T01:38:21+00:00,2026,90,9455,sc,축클럽친,핸디캡,3,H -1.0,리즈U 0,0 선덜랜드,07.31(금) 08:30,"4.30,3.75,1.54",핸디무
2026-08-06T01:38:21+00:00,2026,90,9456,sc,축클럽친,언더오버,2,U 2.5,리즈U,선덜랜드,07.31(금) 08:30,"1.96,1.60",언더
2026-08-06T01:38:21+00:00,2026,90,9457,sc,축클럽친,홀짝,2,,리즈U,선덜랜드,07.31(금) 08:30,"1.77,1.75",홀
2026-08-06T01:38:21+00:00,2026,90,9458,bs,MLB,승패,2,,샌디파드 1,4 샌프자이,07.31(금) 10:40,"1.55,2.04",홈패
2026-08-06T01:38:21+00:00,2026,90,9459,bs,MLB,승①패,3,승①패,샌디파드 1,4 샌프자이,07.31(금) 10:40,"2.24,3.30,2.50",홈패
2026-08-06T01:38:21+00:00,2026,90,9460,bs,MLB,핸디캡,2,H -2.5,샌디파드 -1.5,4 샌프자이,07.31(금) 10:40,"3.09,1.23",핸디패
2026-08-06T01:38:21+00:00,2026,90,9461,bs,MLB,언더오버,2,U 8.5,샌디파드,샌프자이,07.31(금) 10:40,"1.74,1.78",언더
2026-08-06T01:38:21+00:00,2026,90,9462,bs,MLB,홀짝,2,,샌디파드,샌프자이,07.31(금) 10:40,"1.55,2.04",홀
2026-08-06T01:38:21+00:00,2026,90,9463,bs,MLB,승패,2,,애슬레틱 4,5 보스레드,07.31(금) 10:40,"2.29,1.43",홈패
2026-08-06T01:38:21+00:00,2026,90,9464,bs,MLB,승①패,3,승①패,애슬레틱 4,5 보스레드,07.31(금) 10:40,"3.45,3.85,1.67",①
2026-08-06T01:38:21+00:00,2026,90,9465,bs,MLB,핸디캡,2,H +2.5,애슬레틱 6.5,5 보스레드,07.31(금) 10:40,"1.49,2.15",핸디승
2026-08-06T01:38:21+00:00,2026,90,9466,bs,MLB,언더오버,2,U 10.5,애슬레틱,보스레드,07.31(금) 10:40,"1.73,1.79",언더
2026-08-06T01:38:21+00:00,2026,90,9467,bs,MLB,홀짝,2,,애슬레틱,보스레드,07.31(금) 10:40,"1.56,2.02",홀
2026-08-06T01:38:21+00:00,2026,90,9468,bs,MLB,승패,2,,LA다저스 6,2 시애매리,07.31(금) 11:10,"1.47,2.19",홈승
2026-08-06T01:38:21+00:00,2026,90,9469,bs,MLB,승①패,3,승①패,LA다저스 6,2 시애매리,07.31(금) 11:10,"1.99,3.45,2.80",홈승
2026-08-06T01:38:21+00:00,2026,90,9470,bs,MLB,핸디캡,2,H -2.5,LA다저스 3.5,2 시애매리,07.31(금) 11:10,"2.60,1.33",핸디승
2026-08-06T01:38:21+00:00,2026,90,9471,bs,MLB,언더오버,2,U 8.5,LA다저스,시애매리,07.31(금) 11:10,"1.79,1.73",언더
2026-08-06T01:38:21+00:00,2026,90,9472,bs,MLB,홀짝,2,,LA다저스,시애매리,07.31(금) 11:10,"1.55,2.04",짝
2026-08-06T01:38:21+00:00,2026,90,9473,bs,MLB,전반승무패,3,h(전반),LA다저스 5,0 시애매리,07.31(금) 11:10,"1.74,5.50,2.55",홈승
2026-08-06T01:38:21+00:00,2026,90,9474,bs,MLB,전반핸디캡,2,h H -1.5,LA다저스 3.5,0 시애매리,07.31(금) 11:10,"2.46,1.37",핸디승
2026-08-06T01:38:21+00:00,2026,90,9475,bs,MLB,전반언더오버,2,h U 4.5,LA다저스,시애매리,07.31(금) 11:10,"1.85,1.68",오버
2026-08-06T01:38:21+00:00,2026,90,9476,bs,NPB,승패,2,,요미우리 6,0 요코베이,07.31(금) 18:00,"1.77,1.75",홈승
2026-08-06T01:38:21+00:00,2026,90,9477,bs,NPB,승①패,3,승①패,요미우리 6,0 요코베이,07.31(금) 18:00,"2.95,2.50,2.44",홈승
2026-08-06T01:38:21+00:00,2026,90,9478,bs,NPB,핸디캡,2,H +2.5,요미우리 8.5,0 요코베이,07.31(금) 18:00,"1.18,3.46",핸디승
2026-08-06T01:38:21+00:00,2026,90,9479,bs,NPB,언더오버,2,U 5.5,요미우리,요코베이,07.31(금) 18:00,"1.94,1.61",오버
2026-08-06T01:38:21+00:00,2026,90,9480,bs,NPB,홀짝,2,,요미우리,요코베이,07.31(금) 18:00,"1.61,1.94",짝
2026-08-06T01:38:21+00:00,2026,90,9481,bs,NPB,승패,2,,야쿠르트 3,4 한신,07.31(금) 18:00,"2.49,1.36",홈패
2026-08-06T01:38:21+00:00,2026,90,9482,bs,NPB,승①패,3,승①패,야쿠르트 3,4 한신,07.31(금) 18:00,"4.45,3.00,1.69",①
2026-08-06T01:38:21+00:00,2026,90,9483,bs,NPB,핸디캡,2,H +2.5,야쿠르트 5.5,4 한신,07.31(금) 18:00,"1.49,2.15",핸디승
2026-08-06T01:38:21+00:00,2026,90,9484,bs,NPB,언더오버,2,U 8.5,야쿠르트,한신,07.31(금) 18:00,"1.66,1.87",언더
2026-08-06T01:38:21+00:00,2026,90,9485,bs,NPB,홀짝,2,,야쿠르트,한신,07.31(금) 18:00,"1.62,1.93",홀
2026-08-06T01:38:21+00:00,2026,90,9486,bs,NPB,승패,2,,히로카프 3,1 주니치,07.31(금) 18:00,"1.86,1.67",홈승
2026-08-06T01:38:21+00:00,2026,90,9487,bs,NPB,승①패,3,승①패,히로카프 3,1 주니치,07.31(금) 18:00,"3.05,2.65,2.25",홈승
2026-08-06T01:38:21+00:00,2026,90,9488,bs,NPB,핸디캡,2,H +2.5,히로카프 5.5,1 주니치,07.31(금) 18:00,"1.22,3.16",핸디승
2026-08-06T01:38:21+00:00,2026,90,9489,bs,NPB,언더오버,2,U 6.5,히로카프,주니치,07.31(금) 18:00,"1.85,1.68",언더
2026-08-06T01:38:21+00:00,2026,90,9490,bs,NPB,홀짝,2,,히로카프,주니치,07.31(금) 18:00,"1.61,1.94",짝
2026-08-06T01:38:21+00:00,2026,90,9491,bs,NPB,승패,2,,닛폰햄 6,1 지바롯데,07.31(금) 18:00,"1.39,2.40",홈승
2026-08-06T01:38:21+00:00,2026,90,9492,bs,NPB,승①패,3,승①패,닛폰햄 6,1 지바롯데,07.31(금) 18:00,"1.93,3.00,3.35",홈승
2026-08-06T01:38:21+00:00,2026,90,9493,bs,NPB,핸디캡,2,H -2.5,닛폰햄 3.5,1 지바롯데,07.31(금) 18:00,"2.34,1.41",핸디승
2026-08-06T01:38:21+00:00,2026,90,9494,bs,NPB,언더오버,2,U 7.5,닛폰햄,지바롯데,07.31(금) 18:00,"1.84,1.69",언더
2026-08-06T01:38:21+00:00,2026,90,9495,bs,NPB,홀짝,2,,닛폰햄,지바롯데,07.31(금) 18:00,"1.61,1.94",홀
2026-08-06T01:38:21+00:00,2026,90,9496,bs,NPB,승패,2,,라쿠텐 0,0 소프트뱅,07.31(금) 18:00,"1.00,1.00",취소
2026-08-06T01:38:21+00:00,2026,90,9497,bs,NPB,승①패,3,승①패,라쿠텐 0,0 소프트뱅,07.31(금) 18:00,"1.00,1.00,1.00",취소
2026-08-06T01:38:21+00:00,2026,90,9498,bs,NPB,핸디캡,2,H +2.5,라쿠텐 2.5,0 소프트뱅,07.31(금) 18:00,"1.00,1.00",취소
2026-08-06T01:38:21+00:00,2026,90,9499,bs,NPB,언더오버,2,U 7.5,라쿠텐,소프트뱅,07.31(금) 18:00,"1.00,1.00",취소
2026-08-06T01:38:21+00:00,2026,90,9500,bs,NPB,홀짝,2,,라쿠텐,소프트뱅,07.31(금) 18:00,"1.00,1.00",취소
2026-08-06T01:38:21+00:00,2026,90,9501,bs,NPB,승패,2,,세이부 4,5 오릭스,07.31(금) 18:00,"1.43,2.29",홈패
2026-08-06T01:38:21+00:00,2026,90,9502,bs,NPB,승①패,3,승①패,세이부 4,5 오릭스,07.31(금) 18:00,"2.09,2.75,3.25",①
2026-08-06T01:38:21+00:00,2026,90,9503,bs,NPB,핸디캡,2,H -2.5,세이부 1.5,5 오릭스,07.31(금) 18:00,"2.77,1.29",핸디패
2026-08-06T01:38:21+00:00,2026,90,9504,bs,NPB,언더오버,2,U 6.5,세이부,오릭스,07.31(금) 18:00,"1.87,1.66",오버
2026-08-06T01:38:21+00:00,2026,90,9505,bs,NPB,홀짝,2,,세이부,오릭스,07.31(금) 18:00,"1.61,1.94",홀
2026-08-06T01:38:21+00:00,2026,90,9506,bs,KBO,승패,2,,두산 4,2 LG,07.31(금) 18:30,"1.77,1.75",홈승
2026-08-06T01:38:21+00:00,2026,90,9507,bs,KBO,승①패,3,승①패,두산 4,2 LG,07.31(금) 18:30,"2.55,3.20,2.25",홈승
2026-08-06T01:38:21+00:00,2026,90,9508,bs,KBO,핸디캡,2,H +2.5,두산 6.5,2 LG,07.31(금) 18:30,"1.25,2.97",핸디승
2026-08-06T01:38:21+00:00,2026,90,9509,bs,KBO,언더오버,2,U 8.5,두산,LG,07.31(금) 18:30,"1.84,1.69",언더
2026-08-06T01:38:21+00:00,2026,90,9510,bs,KBO,홀짝,2,,두산,LG,07.31(금) 18:30,"1.58,1.99",짝
2026-08-06T01:38:21+00:00,2026,90,9511,bs,KBO,전반승무패,3,h(전반),두산 3,1 LG,07.31(금) 18:30,"2.10,5.40,2.05",홈승
2026-08-06T01:38:21+00:00,2026,90,9512,bs,KBO,전반핸디캡,2,h H +1.5,두산 4.5,1 LG,07.31(금) 18:30,"1.30,2.72",핸디승
2026-08-06T01:38:21+00:00,2026,90,9513,bs,KBO,전반언더오버,2,h U 4.5,두산,LG,07.31(금) 18:30,"1.76,1.76",언더
2026-08-06T01:38:21+00:00,2026,90,9514,bs,KBO,승패,2,,롯데 7,9 삼성,07.31(금) 18:30,"2.43,1.38",홈패
2026-08-06T01:38:21+00:00,2026,90,9515,bs,KBO,승①패,3,승①패,롯데 7,9 삼성,07.31(금) 18:30,"3.75,3.90,1.60",홈패
2026-08-06T01:38:21+00:00,2026,90,9516,bs,KBO,핸디캡,2,H +2.5,롯데 9.5,9 삼성,07.31(금) 18:30,"1.58,1.99",핸디승
2026-08-06T01:38:21+00:00,2026,90,9517,bs,KBO,언더오버,2,U 9.5,롯데,삼성,07.31(금) 18:30,"1.86,1.67",오버
2026-08-06T01:38:21+00:00,2026,90,9518,bs,KBO,홀짝,2,,롯데,삼성,07.31(금) 18:30,"1.59,1.97",짝
2026-08-06T01:38:21+00:00,2026,90,9519,bs,KBO,전반승무패,3,h(전반),롯데 3,1 삼성,07.31(금) 18:30,"2.70,6.20,1.62",홈승
2026-08-06T01:38:21+00:00,2026,90,9520,bs,KBO,전반핸디캡,2,h H +1.5,롯데 4.5,1 삼성,07.31(금) 18:30,"1.55,2.04",핸디승
2026-08-06T01:38:21+00:00,2026,90,9521,bs,KBO,전반언더오버,2,h U 5.5,롯데,삼성,07.31(금) 18:30,"1.77,1.75",언더
2026-08-06T01:38:21+00:00,2026,90,9522,bs,KBO,승패,2,,KT 5,3 한화,07.31(금) 18:30,"1.77,1.75",홈승
2026-08-06T01:38:21+00:00,2026,90,9523,bs,KBO,승①패,3,승①패,KT 5,3 한화,07.31(금) 18:30,"2.45,3.55,2.17",홈승
2026-08-06T01:38:21+00:00,2026,90,9524,bs,KBO,핸디캡,2,H +2.5,KT 7.5,3 한화,07.31(금) 18:30,"1.29,2.77",핸디승
2026-08-06T01:38:21+00:00,2026,90,9525,bs,KBO,언더오버,2,U 9.5,KT,한화,07.31(금) 18:30,"1.70,1.82",언더
2026-08-06T01:38:21+00:00,2026,90,9526,bs,KBO,홀짝,2,,KT,한화,07.31(금) 18:30,"1.58,1.99",짝
2026-08-06T01:38:21+00:00,2026,90,9527,bs,KBO,전반승무패,3,h(전반),KT 2,3 한화,07.31(금) 18:30,"2.15,5.90,1.94",홈패
2026-08-06T01:38:21+00:00,2026,90,9528,bs,KBO,전반핸디캡,2,h H +1.5,KT 3.5,3 한화,07.31(금) 18:30,"1.34,2.56",핸디승
2026-08-06T01:38:21+00:00,2026,90,9529,bs,KBO,전반언더오버,2,h U 5.5,KT,한화,07.31(금) 18:30,"1.63,1.91",언더
2026-08-06T01:38:21+00:00,2026,90,9530,bs,KBO,승패,2,,NC 10,4 KIA,07.31(금) 18:30,"1.97,1.59",홈승
2026-08-06T01:38:21+00:00,2026,90,9531,bs,KBO,승①패,3,승①패,NC 10,4 KIA,07.31(금) 18:30,"2.80,3.55,1.96",홈승
2026-08-06T01:38:21+00:00,2026,90,9532,bs,KBO,핸디캡,2,H +2.5,NC 12.5,4 KIA,07.31(금) 18:30,"1.37,2.46",핸디승
2026-08-06T01:38:21+00:00,2026,90,9533,bs,KBO,언더오버,2,U 10.5,NC,KIA,07.31(금) 18:30,"1.84,1.69",오버
2026-08-06T01:38:21+00:00,2026,90,9534,bs,KBO,홀짝,2,,NC,KIA,07.31(금) 18:30,"1.57,2.00",짝
2026-08-06T01:38:21+00:00,2026,90,9535,bs,KBO,전반승무패,3,h(전반),NC 9,3 KIA,07.31(금) 18:30,"2.15,6.70,1.87",홈승
2026-08-06T01:38:21+00:00,2026,90,9536,bs,KBO,전반핸디캡,2,h H +1.5,NC 10.5,3 KIA,07.31(금) 18:30,"1.39,2.40",핸디승
2026-08-06T01:38:21+00:00,2026,90,9537,bs,KBO,전반언더오버,2,h U 5.5,NC,KIA,07.31(금) 18:30,"1.85,1.68",오버
2026-08-06T01:38:21+00:00,2026,90,9538,bs,KBO,승패,2,,키움 12,7 SSG,07.31(금) 18:30,"1.86,1.67",홈승
2026-08-06T01:38:21+00:00,2026,90,9539,bs,KBO,승①패,3,승①패,키움 12,7 SSG,07.31(금) 18:30,"2.70,3.20,2.14",홈승
2026-08-06T01:38:21+00:00,2026,90,9540,bs,KBO,핸디캡,2,H +2.5,키움 14.5,7 SSG,07.31(금) 18:30,"1.28,2.82",핸디승
2026-08-06T01:38:21+00:00,2026,90,9541,bs,KBO,언더오버,2,U 8.5,키움,SSG,07.31(금) 18:30,"1.82,1.70",오버
2026-08-06T01:38:21+00:00,2026,90,9542,bs,KBO,홀짝,2,,키움,SSG,07.31(금) 18:30,"1.58,1.99",홀
2026-08-06T01:38:21+00:00,2026,90,9543,bs,KBO,전반승무패,3,h(전반),키움 9,5 SSG,07.31(금) 18:30,"2.15,6.10,1.92",홈승
2026-08-06T01:38:21+00:00,2026,90,9544,bs,KBO,전반핸디캡,2,h H +1.5,키움 10.5,5 SSG,07.31(금) 18:30,"1.32,2.64",핸디승
2026-08-06T01:38:21+00:00,2026,90,9545,bs,KBO,전반언더오버,2,h U 4.5,키움,SSG,07.31(금) 18:30,"1.82,1.70",오버
2026-08-06T01:38:21+00:00,2026,90,9546,sc,축ASEA챔,승무패,3,,베트남 0,0 싱가포르,07.31(금) 22:00,"1.10,6.70,11.00",무승부
2026-08-06T01:38:21+00:00,2026,90,9547,sc,축ASEA챔,핸디캡,3,H -1.0,베트남 -1,0 싱가포르,07.31(금) 22:00,"1.40,3.95,5.50",핸디패
2026-08-06T01:38:21+00:00,2026,90,9548,sc,축ASEA챔,핸디캡,3,H -2.0,베트남 -2,0 싱가포르,07.31(금) 22:00,"2.04,3.30,2.80",핸디패
2026-08-06T01:38:21+00:00,2026,90,9549,sc,축ASEA챔,핸디캡,2,H -3.5,베트남 -3.5,0 싱가포르,07.31(금) 22:00,"3.23,1.21",핸디패
2026-08-06T01:38:21+00:00,2026,90,9550,sc,축ASEA챔,언더오버,2,U 3.5,베트남,싱가포르,07.31(금) 22:00,"1.77,1.75",언더
2026-08-06T01:38:21+00:00,2026,90,9551,sc,축ASEA챔,홀짝,2,,베트남,싱가포르,07.31(금) 22:00,"1.76,1.76",짝
2026-08-06T01:38:21+00:00,2026,90,9552,sc,엘리테세,승무패,3,,볼레렝아 0,3 함캄,08.01(토) 02:00,"1.48,3.95,4.55",홈패
2026-08-06T01:38:21+00:00,2026,90,9553,sc,엘리테세,핸디캡,3,H -1.0,볼레렝아 -1,3 함캄,08.01(토) 02:00,"2.50,3.35,2.22",핸디패
2026-08-06T01:38:21+00:00,2026,90,9554,sc,엘리테세,언더오버,2,U 3.5,볼레렝아,함캄,08.01(토) 02:00,"1.59,1.97",언더
2026-08-06T01:38:21+00:00,2026,90,9555,sc,엘리테세,홀짝,2,,볼레렝아,함캄,08.01(토) 02:00,"1.76,1.76",홀
2026-08-06T01:38:21+00:00,2026,90,9556,bs,MLB,승패,2,,시카컵스 0,2 뉴욕양키,08.01(토) 03:20,"1.56,2.02",홈패
2026-08-06T01:38:21+00:00,2026,90,9557,bs,MLB,승①패,3,승①패,시카컵스 0,2 뉴욕양키,08.01(토) 03:20,"2.14,3.35,2.60",홈패
2026-08-06T01:38:21+00:00,2026,90,9558,bs,MLB,핸디캡,2,H -2.5,시카컵스 -2.5,2 뉴욕양키,08.01(토) 03:20,"2.87,1.27",핸디패
2026-08-06T01:38:21+00:00,2026,90,9559,bs,MLB,언더오버,2,U 9.5,시카컵스,뉴욕양키,08.01(토) 03:20,"1.65,1.89",언더
2026-08-06T01:38:21+00:00,2026,90,9560,bs,MLB,홀짝,2,,시카컵스,뉴욕양키,08.01(토) 03:20,"1.56,2.02",짝
2026-08-06T01:38:21+00:00,2026,90,9561,sc,엘리테세,승무패,3,,보되글림 4,0 릴레스트,08.01(토) 04:00,"1.19,5.30,8.30",홈승
2026-08-06T01:38:21+00:00,2026,90,9562,sc,엘리테세,핸디캡,3,H -1.0,보되글림 3,0 릴레스트,08.01(토) 04:00,"1.62,3.80,3.70",핸디승
2026-08-06T01:38:21+00:00,2026,90,9563,sc,엘리테세,핸디캡,3,H -2.0,보되글림 2,0 릴레스트,08.01(토) 04:00,"2.45,3.60,2.16",핸디승
2026-08-06T01:38:21+00:00,2026,90,9564,sc,엘리테세,핸디캡,2,H -3.5,보되글림 0.5,0 릴레스트,08.01(토) 04:00,"3.98,1.13",핸디승
2026-08-06T01:38:21+00:00,2026,90,9565,sc,엘리테세,언더오버,2,U 3.5,보되글림,릴레스트,08.01(토) 04:00,"1.89,1.65",오버
2026-08-06T01:38:21+00:00,2026,90,9566,sc,엘리테세,홀짝,2,,보되글림,릴레스트,08.01(토) 04:00,"1.76,1.76",짝
2026-08-06T01:38:21+00:00,2026,90,9567,bs,MLB,승패,2,,신시레즈 8,7 피츠파이,08.01(토) 07:10,"1.87,1.66",홈승
2026-08-06T01:38:21+00:00,2026,90,9568,bs,MLB,승①패,3,승①패,신시레즈 8,7 피츠파이,08.01(토) 07:10,"2.80,3.20,2.08",①
2026-08-06T01:38:21+00:00,2026,90,9569,bs,MLB,핸디캡,2,H +2.5,신시레즈 10.5,7 피츠파이,08.01(토) 07:10,"1.29,2.77",핸디승
2026-08-06T01:38:21+00:00,2026,90,9570,bs,MLB,언더오버,2,U 7.5,신시레즈,피츠파이,08.01(토) 07:10,"1.78,1.74",오버
2026-08-06T01:38:21+00:00,2026,90,9571,bs,MLB,홀짝,2,,신시레즈,피츠파이,08.01(토) 07:10,"1.55,2.04",홀
2026-08-06T01:38:21+00:00,2026,90,9572,bs,MLB,승패,2,,볼티오리 6,4 필라필리,08.01(토) 08:05,"1.65,1.89",홈승
2026-08-06T01:38:21+00:00,2026,90,9573,bs,MLB,승①패,3,승①패,볼티오리 6,4 필라필리,08.01(토) 08:05,"2.33,3.30,2.40",홈승
2026-08-06T01:38:21+00:00,2026,90,9574,bs,MLB,핸디캡,2,H -2.5,볼티오리 3.5,4 필라필리,08.01(토) 08:05,"3.23,1.21",핸디패
2026-08-06T01:38:21+00:00,2026,90,9575,bs,MLB,언더오버,2,U 8.5,볼티오리,필라필리,08.01(토) 08:05,"1.82,1.70",오버
2026-08-06T01:38:21+00:00,2026,90,9576,bs,MLB,홀짝,2,,볼티오리,필라필리,08.01(토) 08:05,"1.55,2.04",짝
2026-08-06T01:38:21+00:00,2026,90,9577,bs,MLB,승패,2,,토론블루 3,1 세인카디,08.01(토) 08:07,"1.40,2.37",홈승
2026-08-06T01:38:21+00:00,2026,90,9578,bs,MLB,승①패,3,승①패,토론블루 3,1 세인카디,08.01(토) 08:07,"1.89,3.35,3.10",홈승
2026-08-06T01:38:21+00:00,2026,90,9579,bs,MLB,핸디캡,2,H -2.5,토론블루 0.5,1 세인카디,08.01(토) 08:07,"2.53,1.35",핸디패
2026-08-06T01:38:21+00:00,2026,90,9580,bs,MLB,언더오버,2,U 7.5,토론블루,세인카디,08.01(토) 08:07,"1.78,1.74",언더
2026-08-06T01:38:21+00:00,2026,90,9581,bs,MLB,홀짝,2,,토론블루,세인카디,08.01(토) 08:07,"1.55,2.04",짝
2026-08-06T01:38:21+00:00,2026,90,9582,bs,MLB,승패,2,,탬파레이 1,6 시카화이,08.01(토) 08:10,"1.50,2.13",홈패
2026-08-06T01:38:21+00:00,2026,90,9583,bs,MLB,승①패,3,승①패,탬파레이 1,6 시카화이,08.01(토) 08:10,"2.11,3.45,2.60",홈패
2026-08-06T01:38:21+00:00,2026,90,9584,bs,MLB,핸디캡,2,H -2.5,탬파레이 -1.5,6 시카화이,08.01(토) 08:10,"2.92,1.26",핸디패
2026-08-06T01:38:21+00:00,2026,90,9585,bs,MLB,언더오버,2,U 8.5,탬파레이,시카화이,08.01(토) 08:10,"1.67,1.86",언더
2026-08-06T01:38:21+00:00,2026,90,9586,bs,MLB,홀짝,2,,탬파레이,시카화이,08.01(토) 08:10,"1.55,2.04",홀
2026-08-06T01:38:21+00:00,2026,90,9587,bs,MLB,승패,2,,뉴욕메츠 2,5 마이말린,08.01(토) 08:10,"1.64,1.90",홈패
2026-08-06T01:38:21+00:00,2026,90,9588,bs,MLB,승①패,3,승①패,뉴욕메츠 2,5 마이말린,08.01(토) 08:10,"2.33,3.30,2.40",홈패
2026-08-06T01:38:21+00:00,2026,90,9589,bs,MLB,핸디캡,2,H -2.5,뉴욕메츠 -0.5,5 마이말린,08.01(토) 08:10,"3.23,1.21",핸디패
2026-08-06T01:38:21+00:00,2026,90,9590,bs,MLB,언더오버,2,U 8.5,뉴욕메츠,마이말린,08.01(토) 08:10,"1.75,1.77",언더
2026-08-06T01:38:21+00:00,2026,90,9591,bs,MLB,홀짝,2,,뉴욕메츠,마이말린,08.01(토) 08:10,"1.55,2.04",홀
2026-08-06T01:38:21+00:00,2026,90,9592,bs,MLB,승패,2,,클리가디 1,4 애리다이,08.01(토) 08:10,"1.59,1.97",홈패
2026-08-06T01:38:21+00:00,2026,90,9593,bs,MLB,승①패,3,승①패,클리가디 1,4 애리다이,08.01(토) 08:10,"2.20,3.30,2.55",홈패
2026-08-06T01:38:21+00:00,2026,90,9594,bs,MLB,핸디캡,2,H -2.5,클리가디 -1.5,4 애리다이,08.01(토) 08:10,"3.03,1.24",핸디패
2026-08-06T01:38:21+00:00,2026,90,9595,bs,MLB,언더오버,2,U 8.5,클리가디,애리다이,08.01(토) 08:10,"1.81,1.71",언더
2026-08-06T01:38:21+00:00,2026,90,9596,bs,MLB,홀짝,2,,클리가디,애리다이,08.01(토) 08:10,"1.55,2.04",홀
2026-08-06T01:38:21+00:00,2026,90,9597,bs,MLB,승패,2,,애틀브레 6,2 워싱내셔,08.01(토) 08:15,"1.63,1.91",홈승
2026-08-06T01:38:21+00:00,2026,90,9598,bs,MLB,승①패,3,승①패,애틀브레 6,2 워싱내셔,08.01(토) 08:15,"2.28,3.30,2.45",홈승
2026-08-06T01:38:21+00:00,2026,90,9599,bs,MLB,핸디캡,2,H -2.5,애틀브레 3.5,2 워싱내셔,08.01(토) 08:15,"3.16,1.22",핸디승
2026-08-06T01:38:21+00:00,2026,90,9600,bs,MLB,언더오버,2,U 8.5,애틀브레,워싱내셔,08.01(토) 08:15,"1.81,1.71",언더
2026-08-06T01:38:21+00:00,2026,90,9601,bs,MLB,홀짝,2,,애틀브레,워싱내셔,08.01(토) 08:15,"1.55,2.04",짝
2026-08-06T01:38:21+00:00,2026,90,9602,sc,MLS,승무패,3,,뉴욕시티 1,1 토론토FC,08.01(토) 08:30,"1.56,3.50,4.50",무승부
2026-08-06T01:38:21+00:00,2026,90,9603,sc,MLS,핸디캡,3,H -1.0,뉴욕시티 0,1 토론토FC,08.01(토) 08:30,"2.65,3.30,2.13",핸디패
2026-08-06T01:38:21+00:00,2026,90,9604,sc,MLS,언더오버,2,U 2.5,뉴욕시티,토론토FC,08.01(토) 08:30,"2.11,1.51",언더
2026-08-06T01:38:21+00:00,2026,90,9605,sc,MLS,홀짝,2,,뉴욕시티,토론토FC,08.01(토) 08:30,"1.77,1.75",짝
2026-08-06T01:38:21+00:00,2026,90,9606,bs,MLB,승패,2,,휴스애스 11,2 텍사레인,08.01(토) 09:15,"1.62,1.93",홈승
2026-08-06T01:38:21+00:00,2026,90,9607,bs,MLB,승①패,3,승①패,휴스애스 11,2 텍사레인,08.01(토) 09:15,"2.28,3.30,2.45",홈승
2026-08-06T01:38:21+00:00,2026,90,9608,bs,MLB,핸디캡,2,H -2.5,휴스애스 8.5,2 텍사레인,08.01(토) 09:15,"3.09,1.23",핸디승
2026-08-06T01:38:21+00:00,2026,90,9609,bs,MLB,언더오버,2,U 8.5,휴스애스,텍사레인,08.01(토) 09:15,"1.58,1.99",오버
2026-08-06T01:38:21+00:00,2026,90,9610,bs,MLB,홀짝,2,,휴스애스,텍사레인,08.01(토) 09:15,"1.55,2.04",홀
2026-08-06T01:38:21+00:00,2026,90,9611,bs,MLB,승패,2,,콜로로키 3,1 캔자로얄,08.01(토) 09:40,"1.77,1.75",홈승
2026-08-06T01:38:21+00:00,2026,90,9612,bs,MLB,승①패,3,승①패,콜로로키 3,1 캔자로얄,08.01(토) 09:40,"2.50,3.45,2.18",홈승
2026-08-06T01:38:21+00:00,2026,90,9613,bs,MLB,핸디캡,2,H +2.5,콜로로키 5.5,1 캔자로얄,08.01(토) 09:40,"1.27,2.87",핸디승
2026-08-06T01:38:21+00:00,2026,90,9614,bs,MLB,언더오버,2,U 11.5,콜로로키,캔자로얄,08.01(토) 09:40,"1.68,1.85",언더
2026-08-06T01:38:21+00:00,2026,90,9615,bs,MLB,홀짝,2,,콜로로키,캔자로얄,08.01(토) 09:40,"1.56,2.02",짝
2026-08-06T01:38:21+00:00,2026,90,9616,bs,MLB,승패,2,,LA에인절 2,6 밀워브루,08.01(토) 10:38,"2.29,1.43",홈패
2026-08-06T01:38:21+00:00,2026,90,9617,bs,MLB,승①패,3,승①패,LA에인절 2,6 밀워브루,08.01(토) 10:38,"3.55,3.45,1.73",홈패
2026-08-06T01:38:21+00:00,2026,90,9618,bs,MLB,핸디캡,2,H +2.5,LA에인절 4.5,6 밀워브루,08.01(토) 10:38,"1.42,2.31",핸디패
2026-08-06T01:38:21+00:00,2026,90,9619,bs,MLB,언더오버,2,U 8.5,LA에인절,밀워브루,08.01(토) 10:38,"1.87,1.66",언더
2026-08-06T01:38:21+00:00,2026,90,9620,bs,MLB,홀짝,2,,LA에인절,밀워브루,08.01(토) 10:38,"1.56,2.02",짝
2026-08-06T01:38:21+00:00,2026,90,9621,bs,MLB,승패,2,,애슬레틱 1,13 디트타이,08.01(토) 10:40,"2.15,1.49",홈패
2026-08-06T01:38:21+00:00,2026,90,9622,bs,MLB,승①패,3,승①패,애슬레틱 1,13 디트타이,08.01(토) 10:40,"3.25,3.50,1.80",홈패
2026-08-06T01:38:21+00:00,2026,90,9623,bs,MLB,핸디캡,2,H +2.5,애슬레틱 3.5,13 디트타이,08.01(토) 10:40,"1.42,2.31",핸디패
2026-08-06T01:38:21+00:00,2026,90,9624,bs,MLB,언더오버,2,U 10.5,애슬레틱,디트타이,08.01(토) 10:40,"1.80,1.72",오버
2026-08-06T01:38:21+00:00,2026,90,9625,bs,MLB,홀짝,2,,애슬레틱,디트타이,08.01(토) 10:40,"1.56,2.02",짝
2026-08-06T01:38:21+00:00,2026,90,9626,bs,MLB,승패,2,,샌디파드 7,0 샌프자이,08.01(토) 10:45,"1.59,1.97",홈승
2026-08-06T01:38:21+00:00,2026,90,9627,bs,MLB,승①패,3,승①패,샌디파드 7,0 샌프자이,08.01(토) 10:45,"2.30,3.35,2.40",홈승
2026-08-06T01:38:21+00:00,2026,90,9628,bs,MLB,핸디캡,2,H -2.5,샌디파드 4.5,0 샌프자이,08.01(토) 10:45,"2.92,1.26",핸디승
2026-08-06T01:38:21+00:00,2026,90,9629,bs,MLB,언더오버,2,U 8.5,샌디파드,샌프자이,08.01(토) 10:45,"1.93,1.62",언더
2026-08-06T01:38:21+00:00,2026,90,9630,bs,MLB,홀짝,2,,샌디파드,샌프자이,08.01(토) 10:45,"1.55,2.04",홀
2026-08-06T01:38:21+00:00,2026,90,9631,bs,MLB,승패,2,,시애매리 3,5 미네트윈,08.01(토) 11:10,"1.42,2.31",홈패
2026-08-06T01:38:21+00:00,2026,90,9632,bs,MLB,승①패,3,승①패,시애매리 3,5 미네트윈,08.01(토) 11:10,"1.84,3.40,3.20",홈패
2026-08-06T01:38:21+00:00,2026,90,9633,bs,MLB,핸디캡,2,H -2.5,시애매리 0.5,5 미네트윈,08.01(토) 11:10,"2.43,1.38",핸디패
2026-08-06T01:38:21+00:00,2026,90,9634,bs,MLB,언더오버,2,U 7.5,시애매리,미네트윈,08.01(토) 11:10,"1.85,1.68",오버
2026-08-06T01:38:21+00:00,2026,90,9635,bs,MLB,홀짝,2,,시애매리,미네트윈,08.01(토) 11:10,"1.56,2.02",짝
2026-08-06T01:38:21+00:00,2026,90,9636,bs,MLB,전반승무패,3,h(전반),시애매리 3,2 미네트윈,08.01(토) 11:10,"1.63,5.80,2.75",홈승
2026-08-06T01:38:21+00:00,2026,90,9637,bs,MLB,전반핸디캡,2,h H -1.5,시애매리 1.5,2 미네트윈,08.01(토) 11:10,"2.26,1.44",핸디패
2026-08-06T01:38:21+00:00,2026,90,9638,bs,MLB,전반언더오버,2,h U 4.5,시애매리,미네트윈,08.01(토) 11:10,"1.71,1.81",오버
2026-08-06T01:38:21+00:00,2026,90,9639,bs,MLB,승패,2,,LA다저스 4,9 보스레드,08.01(토) 11:10,"1.69,1.84",홈패
2026-08-06T01:38:21+00:00,2026,90,9640,bs,MLB,승①패,3,승①패,LA다저스 4,9 보스레드,08.01(토) 11:10,"2.30,3.35,2.40",홈패
2026-08-06T01:38:21+00:00,2026,90,9641,bs,MLB,핸디캡,2,H -2.5,LA다저스 1.5,9 보스레드,08.01(토) 11:10,"3.30,1.20",핸디패
2026-08-06T01:38:21+00:00,2026,90,9642,bs,MLB,언더오버,2,U 8.5,LA다저스,보스레드,08.01(토) 11:10,"1.76,1.76",오버
2026-08-06T01:38:21+00:00,2026,90,9643,bs,MLB,홀짝,2,,LA다저스,보스레드,08.01(토) 11:10,"1.55,2.04",홀
2026-08-06T01:38:21+00:00,2026,90,9644,bs,NPB,승패,2,,닛폰햄 3,5 지바롯데,08.01(토) 14:00,"1.29,2.77",홈패
2026-08-06T01:38:21+00:00,2026,90,9645,bs,NPB,승①패,3,승①패,닛폰햄 3,5 지바롯데,08.01(토) 14:00,"1.72,3.20,3.90",홈패
2026-08-06T01:38:21+00:00,2026,90,9646,bs,NPB,핸디캡,2,H -2.5,닛폰햄 0.5,5 지바롯데,08.01(토) 14:00,"2.31,1.42",핸디패
2026-08-06T01:38:21+00:00,2026,90,9647,bs,NPB,언더오버,2,U 7.5,닛폰햄,지바롯데,08.01(토) 14:00,"1.84,1.69",오버
2026-08-06T01:38:21+00:00,2026,90,9648,bs,NPB,홀짝,2,,닛폰햄,지바롯데,08.01(토) 14:00,"1.62,1.93",짝
2026-08-06T01:38:21+00:00,2026,90,9649,vl,남배네이,승패,2,,슬로베M 0,3 폴란드M,08.01(토) 16:00,"3.16,1.22",홈패
2026-08-06T01:38:21+00:00,2026,90,9650,vl,남배네이,핸디캡,2,H +1.5,슬로베M 1.5,3 폴란드M,08.01(토) 16:00,"2.09,1.52",핸디패
2026-08-06T01:38:21+00:00,2026,90,9651,vl,남배네이,언더오버,2,U 180.5,슬로베M,폴란드M,08.01(토) 16:00,"1.87,1.66",언더
2026-08-06T01:38:21+00:00,2026,90,9652,vl,남배네이,홀짝,2,,슬로베M,폴란드M,08.01(토) 16:00,"1.76,1.76",홀
2026-08-06T01:38:21+00:00,2026,90,9653,bs,NPB,승패,2,,세이부 4,1 오릭스,08.01(토) 17:00,"1.77,1.75",홈승
2026-08-06T01:38:21+00:00,2026,90,9654,bs,NPB,승①패,3,승①패,세이부 4,1 오릭스,08.01(토) 17:00,"2.85,2.65,2.37",홈승
2026-08-06T01:38:21+00:00,2026,90,9655,bs,NPB,핸디캡,2,H +2.5,세이부 6.5,1 오릭스,08.01(토) 17:00,"1.19,3.38",핸디승
2026-08-06T01:38:21+00:00,2026,90,9656,bs,NPB,언더오버,2,U 6.5,세이부,오릭스,08.01(토) 17:00,"1.86,1.67",언더
2026-08-06T01:38:21+00:00,2026,90,9657,bs,NPB,홀짝,2,,세이부,오릭스,08.01(토) 17:00,"1.61,1.94",홀
2026-08-06T01:38:21+00:00,2026,90,9658,bs,KBO,승패,2,,두산 2,2 LG,08.01(토) 18:00,"1.00,1.00",무승부
2026-08-06T01:38:21+00:00,2026,90,9659,bs,KBO,승①패,3,승①패,두산 2,2 LG,08.01(토) 18:00,"2.50,3.20,2.29",①
2026-08-06T01:38:21+00:00,2026,90,9660,bs,KBO,핸디캡,2,H -2.5,두산 -0.5,2 LG,08.01(토) 18:00,"3.03,1.24",핸디패
2026-08-06T01:38:21+00:00,2026,90,9661,bs,KBO,언더오버,2,U 8.5,두산,LG,08.01(토) 18:00,"1.70,1.82",언더
2026-08-06T01:38:21+00:00,2026,90,9662,bs,KBO,홀짝,2,,두산,LG,08.01(토) 18:00,"1.58,1.99",짝
2026-08-06T01:38:21+00:00,2026,90,9663,bs,KBO,전반승무패,3,h(전반),두산 0,2 LG,08.01(토) 18:00,"1.98,5.30,2.20",홈패
2026-08-06T01:38:21+00:00,2026,90,9664,bs,KBO,전반핸디캡,2,h H -1.5,두산 -1.5,2 LG,08.01(토) 18:00,"2.77,1.29",핸디패
2026-08-06T01:38:21+00:00,2026,90,9665,bs,KBO,전반언더오버,2,h U 4.5,두산,LG,08.01(토) 18:00,"1.75,1.77",언더
2026-08-06T01:38:21+00:00,2026,90,9666,bs,KBO,승패,2,,롯데,삼성,08.01(토) 18:00,"1.00,1.00",취소
2026-08-06T01:38:21+00:00,2026,90,9667,bs,KBO,승①패,3,승①패,롯데,삼성,08.01(토) 18:00,"1.00,1.00,1.00",취소
2026-08-06T01:38:21+00:00,2026,90,9668,bs,KBO,핸디캡,2,H +2.5,롯데,삼성,08.01(토) 18:00,"1.00,1.00",취소
2026-08-06T01:38:21+00:00,2026,90,9669,bs,KBO,언더오버,2,U 10.5,롯데,삼성,08.01(토) 18:00,"1.00,1.00",취소
2026-08-06T01:38:21+00:00,2026,90,9670,bs,KBO,홀짝,2,,롯데,삼성,08.01(토) 18:00,"1.00,1.00",취소
2026-08-06T01:38:21+00:00,2026,90,9671,bs,KBO,전반승무패,3,h(전반),롯데,삼성,08.01(토) 18:00,"1.00,1.00,1.00",취소
2026-08-06T01:38:21+00:00,2026,90,9672,bs,KBO,전반핸디캡,2,h H +1.5,롯데,삼성,08.01(토) 18:00,"1.00,1.00",취소
2026-08-06T01:38:21+00:00,2026,90,9673,bs,KBO,전반언더오버,2,h U 5.5,롯데,삼성,08.01(토) 18:00,"1.00,1.00",취소
2026-08-06T01:38:21+00:00,2026,90,9674,bs,KBO,승패,2,,KT 7,4 한화,08.01(토) 18:00,"1.78,1.74",홈승
2026-08-06T01:38:21+00:00,2026,90,9675,bs,KBO,승①패,3,승①패,KT 7,4 한화,08.01(토) 18:00,"2.55,3.50,2.12",홈승
2026-08-06T01:38:21+00:00,2026,90,9676,bs,KBO,핸디캡,2,H +2.5,KT 9.5,4 한화,08.01(토) 18:00,"1.32,2.64",핸디승
2026-08-06T01:38:21+00:00,2026,90,9677,bs,KBO,언더오버,2,U 10.5,KT,한화,08.01(토) 18:00,"1.75,1.77",오버
2026-08-06T01:38:21+00:00,2026,90,9678,bs,KBO,홀짝,2,,KT,한화,08.01(토) 18:00,"1.57,2.00",홀
2026-08-06T01:38:21+00:00,2026,90,9679,bs,KBO,전반승무패,3,h(전반),KT 7,4 한화,08.01(토) 18:00,"2.10,6.60,1.92",홈승
2026-08-06T01:38:21+00:00,2026,90,9680,bs,KBO,전반핸디캡,2,h H +1.5,KT 8.5,4 한화,08.01(토) 18:00,"1.34,2.56",핸디승
2026-08-06T01:38:21+00:00,2026,90,9681,bs,KBO,전반언더오버,2,h U 5.5,KT,한화,08.01(토) 18:00,"1.75,1.77",오버
2026-08-06T01:38:21+00:00,2026,90,9682,bs,KBO,승패,2,,NC,KIA,08.01(토) 18:00,"1.00,1.00",취소
2026-08-06T01:38:21+00:00,2026,90,9683,bs,KBO,승①패,3,승①패,NC,KIA,08.01(토) 18:00,"1.00,1.00,1.00",취소
2026-08-06T01:38:21+00:00,2026,90,9684,bs,KBO,핸디캡,2,H -2.5,NC,KIA,08.01(토) 18:00,"1.00,1.00",취소
2026-08-06T01:38:21+00:00,2026,90,9685,bs,KBO,언더오버,2,U 9.5,NC,KIA,08.01(토) 18:00,"1.00,1.00",취소
2026-08-06T01:38:21+00:00,2026,90,9686,bs,KBO,홀짝,2,,NC,KIA,08.01(토) 18:00,"1.00,1.00",취소
2026-08-06T01:38:21+00:00,2026,90,9687,bs,KBO,전반승무패,3,h(전반),NC,KIA,08.01(토) 18:00,"1.00,1.00,1.00",취소
2026-08-06T01:38:21+00:00,2026,90,9688,bs,KBO,전반핸디캡,2,h H -1.5,NC,KIA,08.01(토) 18:00,"1.00,1.00",취소
2026-08-06T01:38:21+00:00,2026,90,9689,bs,KBO,전반언더오버,2,h U 5.5,NC,KIA,08.01(토) 18:00,"1.00,1.00",취소
2026-08-06T01:38:21+00:00,2026,90,9690,bs,KBO,승패,2,,키움 2,10 SSG,08.01(토) 18:00,"1.86,1.67",홈패
2026-08-06T01:38:21+00:00,2026,90,9691,bs,KBO,승①패,3,승①패,키움 2,10 SSG,08.01(토) 18:00,"2.70,3.25,2.12",홈패
2026-08-06T01:38:21+00:00,2026,90,9692,bs,KBO,핸디캡,2,H +2.5,키움 4.5,10 SSG,08.01(토) 18:00,"1.29,2.77",핸디패
2026-08-06T01:38:21+00:00,2026,90,9693,bs,KBO,언더오버,2,U 8.5,키움,SSG,08.01(토) 18:00,"2.00,1.57",오버
2026-08-06T01:38:21+00:00,2026,90,9694,bs,KBO,홀짝,2,,키움,SSG,08.01(토) 18:00,"1.58,1.99",짝
2026-08-06T01:38:21+00:00,2026,90,9695,bs,KBO,전반승무패,3,h(전반),키움 2,7 SSG,08.01(토) 18:00,"2.20,5.80,1.91",홈패
2026-08-06T01:38:21+00:00,2026,90,9696,bs,KBO,전반핸디캡,2,h H +1.5,키움 3.5,7 SSG,08.01(토) 18:00,"1.32,2.64",핸디패
2026-08-06T01:38:21+00:00,2026,90,9697,bs,KBO,전반언더오버,2,h U 4.5,키움,SSG,08.01(토) 18:00,"1.96,1.60",오버
2026-08-06T01:38:21+00:00,2026,90,9698,bs,NPB,승패,2,,요미우리 7,8 요코베이,08.01(토) 18:00,"1.64,1.90",홈패
2026-08-06T01:38:21+00:00,2026,90,9699,bs,NPB,승①패,3,승①패,요미우리 7,8 요코베이,08.01(토) 18:00,"2.65,2.58,2.60",①
2026-08-06T01:38:21+00:00,2026,90,9700,bs,NPB,핸디캡,2,H -2.5,요미우리 4.5,8 요코베이,08.01(토) 18:00,"3.75,1.15",핸디패
2026-08-06T01:38:21+00:00,2026,90,9701,bs,NPB,언더오버,2,U 5.5,요미우리,요코베이,08.01(토) 18:00,"1.96,1.60",오버
2026-08-06T01:38:21+00:00,2026,90,9702,bs,NPB,홀짝,2,,요미우리,요코베이,08.01(토) 18:00,"1.61,1.94",홀
2026-08-06T01:38:21+00:00,2026,90,9703,bs,NPB,승패,2,,야쿠르트 3,7 한신,08.01(토) 18:00,"2.13,1.50",홈패
2026-08-06T01:38:21+00:00,2026,90,9704,bs,NPB,승①패,3,승①패,야쿠르트 3,7 한신,08.01(토) 18:00,"3.55,2.85,1.93",홈패
2026-08-06T01:38:21+00:00,2026,90,9705,bs,NPB,핸디캡,2,H +2.5,야쿠르트 5.5,7 한신,08.01(토) 18:00,"1.32,2.64",핸디패
2026-08-06T01:38:21+00:00,2026,90,9706,bs,NPB,언더오버,2,U 7.5,야쿠르트,한신,08.01(토) 18:00,"1.89,1.65",오버
2026-08-06T01:38:21+00:00,2026,90,9707,bs,NPB,홀짝,2,,야쿠르트,한신,08.01(토) 18:00,"1.61,1.94",짝
2026-08-06T01:38:21+00:00,2026,90,9708,bs,NPB,승패,2,,히로카프 1,7 주니치,08.01(토) 18:00,"1.93,1.62",홈패
2026-08-06T01:38:21+00:00,2026,90,9709,bs,NPB,승①패,3,승①패,히로카프 1,7 주니치,08.01(토) 18:00,"3.15,2.75,2.14",홈패
2026-08-06T01:38:21+00:00,2026,90,9710,bs,NPB,핸디캡,2,H +2.5,히로카프 3.5,7 주니치,08.01(토) 18:00,"1.25,2.97",핸디패
2026-08-06T01:38:21+00:00,2026,90,9711,bs,NPB,언더오버,2,U 7.5,히로카프,주니치,08.01(토) 18:00,"1.69,1.84",오버
2026-08-06T01:38:21+00:00,2026,90,9712,bs,NPB,홀짝,2,,히로카프,주니치,08.01(토) 18:00,"1.61,1.94",짝
2026-08-06T01:38:21+00:00,2026,90,9713,bs,NPB,승패,2,,라쿠텐 0,5 소프트뱅,08.01(토) 18:00,"1.96,1.60",홈패
2026-08-06T01:38:21+00:00,2026,90,9714,bs,NPB,승①패,3,승①패,라쿠텐 0,5 소프트뱅,08.01(토) 18:00,"3.20,2.90,2.03",홈패
2026-08-06T01:38:21+00:00,2026,90,9715,bs,NPB,핸디캡,2,H +2.5,라쿠텐 2.5,5 소프트뱅,08.01(토) 18:00,"1.29,2.77",핸디패
2026-08-06T01:38:21+00:00,2026,90,9716,bs,NPB,언더오버,2,U 7.5,라쿠텐,소프트뱅,08.01(토) 18:00,"1.78,1.74",언더
2026-08-06T01:38:21+00:00,2026,90,9717,bs,NPB,홀짝,2,,라쿠텐,소프트뱅,08.01(토) 18:00,"1.61,1.94",홀
2026-08-06T01:38:21+00:00,2026,90,9718,sc,축클럽친,승무패,3,,첼시 1,2 토트넘,08.01(토) 18:45,"2.00,3.50,2.75",홈패
2026-08-06T01:38:21+00:00,2026,90,9719,sc,축클럽친,핸디캡,3,H -1.0,첼시 0,2 토트넘,08.01(토) 18:45,"3.65,3.80,1.63",핸디패
2026-08-06T01:38:21+00:00,2026,90,9720,sc,축클럽친,언더오버,2,U 3.5,첼시,토트넘,08.01(토) 18:45,"1.67,1.86",언더
2026-08-06T01:38:21+00:00,2026,90,9721,sc,축클럽친,홀짝,2,,첼시,토트넘,08.01(토) 18:45,"1.76,1.76",홀
2026-08-06T01:38:21+00:00,2026,90,9722,sc,K리그1,승무패,3,,강원FC 0,3 부천FC,08.01(토) 19:30,"1.47,3.35,5.90",홈패
2026-08-06T01:38:21+00:00,2026,90,9723,sc,K리그1,핸디캡,3,H -1.0,강원FC -1,3 부천FC,08.01(토) 19:30,"2.55,3.00,2.36",핸디패
2026-08-06T01:38:21+00:00,2026,90,9724,sc,K리그1,핸디캡,3,H -2.0,강원FC -2,3 부천FC,08.01(토) 19:30,"5.20,4.20,1.39",핸디패
2026-08-06T01:38:21+00:00,2026,90,9725,sc,K리그1,언더오버,2,U 2.5,강원FC,부천FC,08.01(토) 19:30,"1.62,1.93",오버
2026-08-06T01:38:21+00:00,2026,90,9726,sc,K리그1,홀짝,2,,강원FC,부천FC,08.01(토) 19:30,"1.77,1.75",홀
2026-08-06T01:38:21+00:00,2026,90,9727,sc,K리그1,전반승무패,3,h(전반),강원FC 0,1 부천FC,08.01(토) 19:30,"2.05,1.95,6.70",홈패
2026-08-06T01:38:21+00:00,2026,90,9728,sc,K리그1,전반핸디캡,3,h H -1.0,강원FC -1,1 부천FC,08.01(토) 19:30,"5.40,3.05,1.57",핸디패
2026-08-06T01:38:21+00:00,2026,90,9729,sc,K리그1,전반언더오버,2,h U 1.5,강원FC,부천FC,08.01(토) 19:30,"1.27,2.87",언더
2026-08-06T01:38:21+00:00,2026,90,9730,sc,K리그1,승무패,3,,전북현대 0,0 FC서울,08.01(토) 19:30,"2.42,3.05,2.45",무승부
2026-08-06T01:38:21+00:00,2026,90,9731,sc,K리그1,핸디캡,3,H -1.0,전북현대 -1,0 FC서울,08.01(토) 19:30,"5.50,3.85,1.41",핸디패
2026-08-06T01:38:21+00:00,2026,90,9732,sc,K리그1,핸디캡,3,H -2.0,전북현대 -2,0 FC서울,08.01(토) 19:30,"13.50,7.10,1.07",핸디패
2026-08-06T01:38:21+00:00,2026,90,9733,sc,K리그1,언더오버,2,U 2.5,전북현대,FC서울,08.01(토) 19:30,"1.70,1.82",언더
2026-08-06T01:38:21+00:00,2026,90,9734,sc,K리그1,홀짝,2,,전북현대,FC서울,08.01(토) 19:30,"1.77,1.75",짝
2026-08-06T01:38:21+00:00,2026,90,9735,sc,K리그1,전반승무패,3,h(전반),전북현대 0,0 FC서울,08.01(토) 19:30,"3.10,1.94,3.20",무승부
2026-08-06T01:38:21+00:00,2026,90,9736,sc,K리그1,전반핸디캡,3,h H -1.0,전북현대 -1,0 FC서울,08.01(토) 19:30,"9.80,4.05,1.25",핸디패
2026-08-06T01:38:21+00:00,2026,90,9737,sc,K리그1,전반언더오버,2,h U 1.5,전북현대,FC서울,08.01(토) 19:30,"1.33,2.60",언더
2026-08-06T01:38:21+00:00,2026,90,9738,sc,K리그1,승무패,3,,포항스틸 0,1 김천상무,08.01(토) 19:30,"2.33,2.85,2.70",홈패
2026-08-06T01:38:21+00:00,2026,90,9739,sc,K리그1,핸디캡,3,H -1.0,포항스틸 -1,1 김천상무,08.01(토) 19:30,"5.10,3.50,1.50",핸디패
2026-08-06T01:38:21+00:00,2026,90,9740,sc,K리그1,핸디캡,3,H -2.0,포항스틸 -2,1 김천상무,08.01(토) 19:30,"9.30,5.80,1.15",핸디패
2026-08-06T01:38:21+00:00,2026,90,9741,sc,K리그1,언더오버,2,U 2.5,포항스틸,김천상무,08.01(토) 19:30,"1.60,1.96",언더
2026-08-06T01:38:21+00:00,2026,90,9742,sc,K리그1,홀짝,2,,포항스틸,김천상무,08.01(토) 19:30,"1.77,1.75",홀
2026-08-06T01:38:21+00:00,2026,90,9743,sc,K리그1,전반승무패,3,h(전반),포항스틸 0,0 김천상무,08.01(토) 19:30,"2.85,1.98,3.40",무승부
2026-08-06T01:38:21+00:00,2026,90,9744,sc,K리그1,전반핸디캡,3,h H -1.0,포항스틸 -1,0 김천상무,08.01(토) 19:30,"8.00,3.60,1.34",핸디패
2026-08-06T01:38:21+00:00,2026,90,9745,sc,K리그1,전반언더오버,2,h U 1.5,포항스틸,김천상무,08.01(토) 19:30,"1.29,2.77",언더
2026-08-06T01:38:21+00:00,2026,90,9746,sc,K리그2,승무패,3,,충남아산 2,0 성남FC,08.01(토) 19:30,"2.36,3.00,2.55",홈승
2026-08-06T01:38:21+00:00,2026,90,9747,sc,K리그2,핸디캡,3,H -1.0,충남아산 1,0 성남FC,08.01(토) 19:30,"5.30,3.85,1.43",핸디승
2026-08-06T01:38:21+00:00,2026,90,9748,sc,K리그2,언더오버,2,U 2.5,충남아산,성남FC,08.01(토) 19:30,"1.64,1.90",언더
2026-08-06T01:38:21+00:00,2026,90,9749,sc,K리그2,홀짝,2,,충남아산,성남FC,08.01(토) 19:30,"1.77,1.75",짝
2026-08-06T01:38:21+00:00,2026,90,9750,sc,K리그2,승무패,3,,천안시티 2,2 용인FC,08.01(토) 19:30,"2.36,3.00,2.55",무승부
2026-08-06T01:38:21+00:00,2026,90,9751,sc,K리그2,핸디캡,3,H -1.0,천안시티 1,2 용인FC,08.01(토) 19:30,"4.80,3.85,1.47",핸디패
2026-08-06T01:38:21+00:00,2026,90,9752,sc,K리그2,언더오버,2,U 2.5,천안시티,용인FC,08.01(토) 19:30,"1.80,1.72",오버
2026-08-06T01:38:21+00:00,2026,90,9753,sc,K리그2,홀짝,2,,천안시티,용인FC,08.01(토) 19:30,"1.77,1.75",짝
2026-08-06T01:38:21+00:00,2026,90,9754,sc,K리그2,승무패,3,,충북청주 2,2 수원삼성,08.01(토) 19:30,"4.85,3.50,1.52",무승부
2026-08-06T01:38:21+00:00,2026,90,9755,sc,K리그2,핸디캡,3,H +1.0,충북청주 3,2 수원삼성,08.01(토) 19:30,"2.24,3.15,2.60",핸디승
2026-08-06T01:38:21+00:00,2026,90,9756,sc,K리그2,언더오버,2,U 2.5,충북청주,수원삼성,08.01(토) 19:30,"1.79,1.73",오버
2026-08-06T01:38:21+00:00,2026,90,9757,sc,K리그2,홀짝,2,,충북청주,수원삼성,08.01(토) 19:30,"1.77,1.75",짝
2026-08-06T01:38:21+00:00,2026,90,9758,sc,K리그2,승무패,3,,화성FC 5,1 대구FC,08.01(토) 19:30,"2.95,3.30,1.97",홈승
2026-08-06T01:38:21+00:00,2026,90,9759,sc,K리그2,핸디캡,3,H +1.0,화성FC 6,1 대구FC,08.01(토) 19:30,"1.65,3.60,3.75",핸디승
2026-08-06T01:38:21+00:00,2026,90,9760,sc,K리그2,언더오버,2,U 2.5,화성FC,대구FC,08.01(토) 19:30,"1.93,1.62",오버
2026-08-06T01:38:21+00:00,2026,90,9761,sc,K리그2,홀짝,2,,화성FC,대구FC,08.01(토) 19:30,"1.77,1.75",짝
2026-08-06T01:38:21+00:00,2026,90,9762,sc,축클럽친,승무패,3,,맨체스C 1,1 인테르,08.01(토) 20:30,"1.98,3.55,2.75",무승부
2026-08-06T01:38:21+00:00,2026,90,9763,sc,축클럽친,핸디캡,3,H -1.0,맨체스C 0,1 인테르,08.01(토) 20:30,"3.55,3.80,1.65",핸디패
2026-08-06T01:38:21+00:00,2026,90,9764,sc,축클럽친,언더오버,2,U 3.5,맨체스C,인테르,08.01(토) 20:30,"1.59,1.97",언더
2026-08-06T01:38:21+00:00,2026,90,9765,sc,축클럽친,홀짝,2,,맨체스C,인테르,08.01(토) 20:30,"1.76,1.76",짝
2026-08-06T01:38:21+00:00,2026,90,9766,vl,남배네이,승패,2,,일본M 2,3 미국M,08.01(토) 20:30,"2.22,1.46",홈패
2026-08-06T01:38:21+00:00,2026,90,9767,vl,남배네이,핸디캡,2,H +1.5,일본M 3.5,3 미국M,08.01(토) 20:30,"1.49,2.15",핸디승
2026-08-06T01:38:21+00:00,2026,90,9768,vl,남배네이,언더오버,2,U 185.5,일본M,미국M,08.01(토) 20:30,"1.81,1.71",오버
2026-08-06T01:38:21+00:00,2026,90,9769,vl,남배네이,홀짝,2,,일본M,미국M,08.01(토) 20:30,"1.76,1.76",홀
2026-08-06T01:38:21+00:00,2026,90,9770,sc,축ASEA챔,승무패,3,,태국 2,0 말레이시,08.01(토) 22:00,"1.40,4.00,5.40",홈승
2026-08-06T01:38:21+00:00,2026,90,9771,sc,축ASEA챔,핸디캡,3,H -1.0,태국 1,0 말레이시,08.01(토) 22:00,"2.18,3.35,2.55",핸디승
2026-08-06T01:38:21+00:00,2026,90,9772,sc,축ASEA챔,언더오버,2,U 3.5,태국,말레이시,08.01(토) 22:00,"1.48,2.17",언더
2026-08-06T01:38:21+00:00,2026,90,9773,sc,축ASEA챔,홀짝,2,,태국,말레이시,08.01(토) 22:00,"1.76,1.76",짝
2026-08-06T01:38:21+00:00,2026,90,9774,sc,축클럽친,승무패,3,,맨체스U 2,1 AT마드,08.01(토) 22:00,"2.06,3.25,2.80",홈승
2026-08-06T01:38:21+00:00,2026,90,9775,sc,축클럽친,핸디캡,3,H -1.0,맨체스U 1,1 AT마드,08.01(토) 22:00,"3.95,3.70,1.60",핸디무
2026-08-06T01:38:21+00:00,2026,90,9776,sc,축클럽친,언더오버,2,U 2.5,맨체스U,AT마드,08.01(토) 22:00,"2.04,1.55",오버
2026-08-06T01:38:21+00:00,2026,90,9777,sc,축클럽친,홀짝,2,,맨체스U,AT마드,08.01(토) 22:00,"1.77,1.75",홀
2026-08-06T01:38:21+00:00,2026,90,9778,sc,엘리테세,승무패,3,,프레드릭 1,0 사네피오,08.01(토) 23:00,"2.19,3.25,2.60",홈승
2026-08-06T01:38:21+00:00,2026,90,9779,sc,엘리테세,핸디캡,3,H -1.0,프레드릭 0,0 사네피오,08.01(토) 23:00,"4.40,3.80,1.52",핸디무
2026-08-06T01:38:21+00:00,2026,90,9780,sc,엘리테세,언더오버,2,U 2.5,프레드릭,사네피오,08.01(토) 23:00,"1.94,1.61",언더
2026-08-06T01:38:21+00:00,2026,90,9781,sc,엘리테세,홀짝,2,,프레드릭,사네피오,08.01(토) 23:00,"1.77,1.75",홀
2026-08-06T01:38:21+00:00,2026,90,9782,sc,엘리테세,승무패,3,,IK스타르 0,3 비킹FK,08.02(일) 01:00,"5.00,4.00,1.43",홈패
2026-08-06T01:38:21+00:00,2026,90,9783,sc,엘리테세,핸디캡,3,H +1.0,IK스타르 1,3 비킹FK,08.02(일) 01:00,"2.45,3.45,2.22",핸디패
2026-08-06T01:38:21+00:00,2026,90,9784,sc,엘리테세,핸디캡,3,H +2.0,IK스타르 2,3 비킹FK,08.02(일) 01:00,"1.53,4.20,3.90",핸디패
2026-08-06T01:38:21+00:00,2026,90,9785,sc,엘리테세,핸디캡,2,H +3.5,IK스타르 3.5,3 비킹FK,08.02(일) 01:00,"1.01,6.84",핸디승
2026-08-06T01:38:21+00:00,2026,90,9786,sc,엘리테세,언더오버,2,U 3.5,IK스타르,비킹FK,08.02(일) 01:00,"1.53,2.07",언더
2026-08-06T01:38:21+00:00,2026,90,9787,sc,엘리테세,홀짝,2,,IK스타르,비킹FK,08.02(일) 01:00,"1.76,1.76",홀
2026-08-06T01:38:21+00:00,2026,90,9788,bs,MLB,승패,2,,토론블루 5,1 세인카디,08.02(일) 04:07,"1.50,2.13",홈승
2026-08-06T01:38:21+00:00,2026,90,9789,bs,MLB,승①패,3,승①패,토론블루 5,1 세인카디,08.02(일) 04:07,"2.05,3.35,2.75",홈승
2026-08-06T01:38:21+00:00,2026,90,9790,bs,MLB,핸디캡,2,H -2.5,토론블루 2.5,1 세인카디,08.02(일) 04:07,"2.77,1.29",핸디승
2026-08-06T01:38:21+00:00,2026,90,9791,bs,MLB,언더오버,2,U 8.5,토론블루,세인카디,08.02(일) 04:07,"1.74,1.78",언더
2026-08-06T01:38:21+00:00,2026,90,9792,bs,MLB,홀짝,2,,토론블루,세인카디,08.02(일) 04:07,"1.55,2.04",짝
2026-08-06T01:38:21+00:00,2026,90,9793,bs,MLB,승패,2,,탬파레이 1,0 시카화이,08.02(일) 05:10,"1.44,2.26",홈승
2026-08-06T01:38:21+00:00,2026,90,9794,bs,MLB,승①패,3,승①패,탬파레이 1,0 시카화이,08.02(일) 05:10,"1.95,3.35,2.95",①
2026-08-06T01:38:21+00:00,2026,90,9795,bs,MLB,핸디캡,2,H -2.5,탬파레이 -1.5,0 시카화이,08.02(일) 05:10,"2.60,1.33",핸디패
2026-08-06T01:38:21+00:00,2026,90,9796,bs,MLB,언더오버,2,U 8.5,탬파레이,시카화이,08.02(일) 05:10,"1.66,1.87",언더
2026-08-06T01:38:21+00:00,2026,90,9797,bs,MLB,홀짝,2,,탬파레이,시카화이,08.02(일) 05:10,"1.56,2.02",홀
2026-08-06T01:38:21+00:00,2026,90,9798,bs,MLB,승패,2,,시애매리 4,3 미네트윈,08.02(일) 05:10,"1.42,2.31",홈승
2026-08-06T01:38:21+00:00,2026,90,9799,bs,MLB,승①패,3,승①패,시애매리 4,3 미네트윈,08.02(일) 05:10,"1.91,3.35,3.05",①
2026-08-06T01:38:21+00:00,2026,90,9800,bs,MLB,핸디캡,2,H -2.5,시애매리 1.5,3 미네트윈,08.02(일) 05:10,"2.56,1.34",핸디패
2026-08-06T01:38:21+00:00,2026,90,9801,bs,MLB,언더오버,2,U 7.5,시애매리,미네트윈,08.02(일) 05:10,"1.79,1.73",언더
2026-08-06T01:38:21+00:00,2026,90,9802,bs,MLB,홀짝,2,,시애매리,미네트윈,08.02(일) 05:10,"1.55,2.04",홀
2026-08-06T01:38:21+00:00,2026,90,9803,bs,MLB,승패,2,,뉴욕메츠 2,6 마이말린,08.02(일) 05:10,"1.63,1.91",홈패
2026-08-06T01:38:21+00:00,2026,90,9804,bs,MLB,승①패,3,승①패,뉴욕메츠 2,6 마이말린,08.02(일) 05:10,"2.28,3.30,2.45",홈패
2026-08-06T01:38:21+00:00,2026,90,9805,bs,MLB,핸디캡,2,H -2.5,뉴욕메츠 -0.5,6 마이말린,08.02(일) 05:10,"3.16,1.22",핸디패
2026-08-06T01:38:21+00:00,2026,90,9806,bs,MLB,언더오버,2,U 8.5,뉴욕메츠,마이말린,08.02(일) 05:10,"1.81,1.71",언더
2026-08-06T01:38:21+00:00,2026,90,9807,bs,MLB,홀짝,2,,뉴욕메츠,마이말린,08.02(일) 05:10,"1.55,2.04",짝
2026-08-06T01:38:21+00:00,2026,90,9808,bs,MLB,승패,2,,신시레즈 1,4 피츠파이,08.02(일) 07:40,"1.82,1.70",홈패
2026-08-06T01:38:21+00:00,2026,90,9809,bs,MLB,승①패,3,승①패,신시레즈 1,4 피츠파이,08.02(일) 07:40,"2.65,3.30,2.13",홈패
2026-08-06T01:38:21+00:00,2026,90,9810,bs,MLB,핸디캡,2,H +2.5,신시레즈 3.5,4 피츠파이,08.02(일) 07:40,"1.28,2.82",핸디패
2026-08-06T01:38:21+00:00,2026,90,9811,bs,MLB,언더오버,2,U 8.5,신시레즈,피츠파이,08.02(일) 07:40,"1.74,1.78",언더
2026-08-06T01:38:21+00:00,2026,90,9812,bs,MLB,홀짝,2,,신시레즈,피츠파이,08.02(일) 07:40,"1.55,2.04",홀
2026-08-06T01:38:21+00:00,2026,90,9813,bs,MLB,승패,2,,볼티오리 0,5 필라필리,08.02(일) 08:05,"2.04,1.55",홈패
2026-08-06T01:38:21+00:00,2026,90,9814,bs,MLB,승①패,3,승①패,볼티오리 0,5 필라필리,08.02(일) 08:05,"3.10,3.30,1.91",홈패
2026-08-06T01:38:21+00:00,2026,90,9815,bs,MLB,핸디캡,2,H +2.5,볼티오리 2.5,5 필라필리,08.02(일) 08:05,"1.36,2.49",핸디패
2026-08-06T01:38:21+00:00,2026,90,9816,bs,MLB,언더오버,2,U 8.5,볼티오리,필라필리,08.02(일) 08:05,"1.73,1.79",언더
2026-08-06T01:38:21+00:00,2026,90,9817,bs,MLB,홀짝,2,,볼티오리,필라필리,08.02(일) 08:05,"1.55,2.04",홀
2026-08-06T01:38:21+00:00,2026,90,9818,bs,MLB,승패,2,,휴스애스 5,4 텍사레인,08.02(일) 08:10,"1.96,1.60",홈승
2026-08-06T01:38:21+00:00,2026,90,9819,bs,MLB,승①패,3,승①패,휴스애스 5,4 텍사레인,08.02(일) 08:10,"2.90,3.30,1.99",①
2026-08-06T01:38:21+00:00,2026,90,9820,bs,MLB,핸디캡,2,H +2.5,휴스애스 7.5,4 텍사레인,08.02(일) 08:10,"1.33,2.60",핸디승
2026-08-06T01:38:21+00:00,2026,90,9821,bs,MLB,언더오버,2,U 8.5,휴스애스,텍사레인,08.02(일) 08:10,"1.71,1.81",오버
2026-08-06T01:38:21+00:00,2026,90,9822,bs,MLB,홀짝,2,,휴스애스,텍사레인,08.02(일) 08:10,"1.55,2.04",홀
2026-08-06T01:38:21+00:00,2026,90,9823,bs,MLB,승패,2,,클리가디 8,12 애리다이,08.02(일) 08:15,"1.46,2.22",홈패
2026-08-06T01:38:21+00:00,2026,90,9824,bs,MLB,승①패,3,승①패,클리가디 8,12 애리다이,08.02(일) 08:15,"1.98,3.40,2.85",홈패
2026-08-06T01:38:21+00:00,2026,90,9825,bs,MLB,핸디캡,2,H -2.5,클리가디 5.5,12 애리다이,08.02(일) 08:15,"2.64,1.32",핸디패
2026-08-06T01:38:21+00:00,2026,90,9826,bs,MLB,언더오버,2,U 8.5,클리가디,애리다이,08.02(일) 08:15,"1.75,1.77",오버
2026-08-06T01:38:21+00:00,2026,90,9827,bs,MLB,홀짝,2,,클리가디,애리다이,08.02(일) 08:15,"1.56,2.02",짝
2026-08-06T01:38:21+00:00,2026,90,9828,bs,MLB,승패,2,,시카컵스 5,2 뉴욕양키,08.02(일) 08:15,"1.87,1.66",홈승
2026-08-06T01:38:21+00:00,2026,90,9829,bs,MLB,승①패,3,승①패,시카컵스 5,2 뉴욕양키,08.02(일) 08:15,"2.85,3.00,2.15",홈승
2026-08-06T01:38:21+00:00,2026,90,9830,bs,MLB,핸디캡,2,H +2.5,시카컵스 7.5,2 뉴욕양키,08.02(일) 08:15,"1.24,3.03",핸디승
2026-08-06T01:38:21+00:00,2026,90,9831,bs,MLB,언더오버,2,U 6.5,시카컵스,뉴욕양키,08.02(일) 08:15,"1.66,1.87",오버
2026-08-06T01:38:21+00:00,2026,90,9832,bs,MLB,홀짝,2,,시카컵스,뉴욕양키,08.02(일) 08:15,"1.53,2.07",홀
2026-08-06T01:38:21+00:00,2026,90,9833,bs,MLB,승패,2,,애틀브레 8,3 워싱내셔,08.02(일) 08:15,"1.37,2.46",홈승
2026-08-06T01:38:21+00:00,2026,90,9834,bs,MLB,승①패,3,승①패,애틀브레 8,3 워싱내셔,08.02(일) 08:15,"1.80,3.55,3.20",홈승
2026-08-06T01:38:21+00:00,2026,90,9835,bs,MLB,핸디캡,2,H -2.5,애틀브레 5.5,3 워싱내셔,08.02(일) 08:15,"2.31,1.42",핸디승
2026-08-06T01:38:21+00:00,2026,90,9836,bs,MLB,언더오버,2,U 9.5,애틀브레,워싱내셔,08.02(일) 08:15,"1.72,1.80",오버
2026-08-06T01:38:21+00:00,2026,90,9837,bs,MLB,홀짝,2,,애틀브레,워싱내셔,08.02(일) 08:15,"1.56,2.02",홀
2026-08-06T01:38:21+00:00,2026,90,9838,sc,MLS,승무패,3,,FC신시내 4,2 새너어스,08.02(일) 08:30,"1.77,3.90,3.05",홈승
2026-08-06T01:38:21+00:00,2026,90,9839,sc,MLS,핸디캡,3,H -1.0,FC신시내 3,2 새너어스,08.02(일) 08:30,"2.80,3.90,1.87",핸디승
2026-08-06T01:38:21+00:00,2026,90,9840,sc,MLS,언더오버,2,U 3.5,FC신시내,새너어스,08.02(일) 08:30,"1.93,1.62",오버
2026-08-06T01:38:21+00:00,2026,90,9841,sc,MLS,홀짝,2,,FC신시내,새너어스,08.02(일) 08:30,"1.76,1.76",짝
2026-08-06T01:38:21+00:00,2026,90,9842,sc,MLS,승무패,3,,DC유나이 2,2 내슈빌SC,08.02(일) 08:30,"2.70,3.15,2.17",무승부
2026-08-06T01:38:21+00:00,2026,90,9843,sc,MLS,핸디캡,3,H +1.0,DC유나이 3,2 내슈빌SC,08.02(일) 08:30,"1.54,3.70,4.35",핸디승
2026-08-06T01:38:21+00:00,2026,90,9844,sc,MLS,언더오버,2,U 2.5,DC유나이,내슈빌SC,08.02(일) 08:30,"1.77,1.75",오버
2026-08-06T01:38:21+00:00,2026,90,9845,sc,MLS,홀짝,2,,DC유나이,내슈빌SC,08.02(일) 08:30,"1.77,1.75",짝
2026-08-06T01:38:21+00:00,2026,90,9846,sc,MLS,승무패,3,,인터마이 2,2 콜럼크루,08.02(일) 08:30,"1.49,4.10,4.25",무승부
2026-08-06T01:38:21+00:00,2026,90,9847,sc,MLS,핸디캡,3,H -1.0,인터마이 1,2 콜럼크루,08.02(일) 08:30,"2.19,4.20,2.20",핸디패
2026-08-06T01:38:21+00:00,2026,90,9848,sc,MLS,언더오버,2,U 3.5,인터마이,콜럼크루,08.02(일) 08:30,"1.82,1.70",오버
2026-08-06T01:38:21+00:00,2026,90,9849,sc,MLS,홀짝,2,,인터마이,콜럼크루,08.02(일) 08:30,"1.76,1.76",짝
2026-08-06T01:38:21+00:00,2026,90,9850,sc,MLS,승무패,3,,CF몽레알 2,2 뉴잉레벌,08.02(일) 08:30,"1.95,3.25,3.05",무승부
2026-08-06T01:38:21+00:00,2026,90,9851,sc,MLS,핸디캡,3,H -1.0,CF몽레알 1,2 뉴잉레벌,08.02(일) 08:30,"3.65,3.55,1.68",핸디패
2026-08-06T01:38:21+00:00,2026,90,9852,sc,MLS,언더오버,2,U 2.5,CF몽레알,뉴잉레벌,08.02(일) 08:30,"1.93,1.62",오버
2026-08-06T01:38:21+00:00,2026,90,9853,sc,MLS,홀짝,2,,CF몽레알,뉴잉레벌,08.02(일) 08:30,"1.77,1.75",짝
2026-08-06T01:38:21+00:00,2026,90,9854,sc,MLS,승무패,3,,뉴욕레드 3,2 올랜시티,08.02(일) 08:30,"2.12,3.70,2.45",홈승
2026-08-06T01:38:21+00:00,2026,90,9855,sc,MLS,핸디캡,3,H -1.0,뉴욕레드 2,2 올랜시티,08.02(일) 08:30,"4.00,3.95,1.55",핸디무
2026-08-06T01:38:21+00:00,2026,90,9856,sc,MLS,언더오버,2,U 3.5,뉴욕레드,올랜시티,08.02(일) 08:30,"1.82,1.70",오버
2026-08-06T01:38:21+00:00,2026,90,9857,sc,MLS,홀짝,2,,뉴욕레드,올랜시티,08.02(일) 08:30,"1.76,1.76",홀
2026-08-06T01:38:21+00:00,2026,90,9858,sc,MLS,승무패,3,,필라유니 3,2 애틀유나,08.02(일) 08:30,"1.50,3.85,4.50",홈승
2026-08-06T01:38:21+00:00,2026,90,9859,sc,MLS,핸디캡,3,H -1.0,필라유니 2,2 애틀유나,08.02(일) 08:30,"2.45,3.35,2.26",핸디무
2026-08-06T01:38:21+00:00,2026,90,9860,sc,MLS,언더오버,2,U 2.5,필라유니,애틀유나,08.02(일) 08:30,"2.11,1.51",오버
2026-08-06T01:38:21+00:00,2026,90,9861,sc,MLS,홀짝,2,,필라유니,애틀유나,08.02(일) 08:30,"1.76,1.76",홀
2026-08-06T01:38:21+00:00,2026,90,9862,sc,MLS,승무패,3,,밴쿠화이 1,1 LAFC,08.02(일) 08:30,"1.77,3.75,3.15",무승부
2026-08-06T01:38:21+00:00,2026,90,9863,sc,MLS,핸디캡,3,H -1.0,밴쿠화이 0,1 LAFC,08.02(일) 08:30,"2.85,4.20,1.78",핸디패
2026-08-06T01:38:21+00:00,2026,90,9864,sc,MLS,핸디캡,3,H -2.0,밴쿠화이 -1,1 LAFC,08.02(일) 08:30,"6.00,5.10,1.27",핸디패
2026-08-06T01:38:21+00:00,2026,90,9865,sc,MLS,언더오버,2,U 3.5,밴쿠화이,LAFC,08.02(일) 08:30,"1.54,2.05",언더
2026-08-06T01:38:21+00:00,2026,90,9866,sc,MLS,홀짝,2,,밴쿠화이,LAFC,08.02(일) 08:30,"1.76,1.76",짝
2026-08-06T01:38:21+00:00,2026,90,9867,bs,MLB,승패,2,,콜로로키 12,6 캔자로얄,08.02(일) 09:10,"1.72,1.80",홈승
2026-08-06T01:38:21+00:00,2026,90,9868,bs,MLB,승①패,3,승①패,콜로로키 12,6 캔자로얄,08.02(일) 09:10,"2.40,3.50,2.24",홈승
2026-08-06T01:38:21+00:00,2026,90,9869,bs,MLB,핸디캡,2,H -2.5,콜로로키 9.5,6 캔자로얄,08.02(일) 09:10,"3.03,1.24",핸디승
2026-08-06T01:38:21+00:00,2026,90,9870,bs,MLB,언더오버,2,U 11.5,콜로로키,캔자로얄,08.02(일) 09:10,"1.80,1.72",오버
2026-08-06T01:38:21+00:00,2026,90,9871,bs,MLB,홀짝,2,,콜로로키,캔자로얄,08.02(일) 09:10,"1.56,2.02",짝
2026-08-06T01:38:21+00:00,2026,90,9872,sc,MLS,승무패,3,,시카파이 2,1 샬럿FC,08.02(일) 09:30,"1.42,4.50,4.50",홈승
2026-08-06T01:38:21+00:00,2026,90,9873,sc,MLS,핸디캡,3,H -1.0,시카파이 1,1 샬럿FC,08.02(일) 09:30,"2.22,3.55,2.40",핸디무
2026-08-06T01:38:21+00:00,2026,90,9874,sc,MLS,언더오버,2,U 3.5,시카파이,샬럿FC,08.02(일) 09:30,"1.63,1.91",언더
2026-08-06T01:38:21+00:00,2026,90,9875,sc,MLS,홀짝,2,,시카파이,샬럿FC,08.02(일) 09:30,"1.76,1.76",홀
2026-08-06T01:38:21+00:00,2026,90,9876,sc,MLS,승무패,3,,스포캔자 0,2 휴스다이,08.02(일) 09:30,"2.85,3.35,2.00",홈패
2026-08-06T01:38:21+00:00,2026,90,9877,sc,MLS,핸디캡,3,H +1.0,스포캔자 1,2 휴스다이,08.02(일) 09:30,"1.63,3.70,3.75",핸디패
2026-08-06T01:38:21+00:00,2026,90,9878,sc,MLS,언더오버,2,U 2.5,스포캔자,휴스다이,08.02(일) 09:30,"2.11,1.51",언더
2026-08-06T01:38:21+00:00,2026,90,9879,sc,MLS,홀짝,2,,스포캔자,휴스다이,08.02(일) 09:30,"1.76,1.76",짝
2026-08-06T01:38:21+00:00,2026,90,9880,sc,MLS,승무패,3,,미네유나 1,1 샌디에FC,08.02(일) 09:30,"1.87,3.55,3.00",무승부
2026-08-06T01:38:21+00:00,2026,90,9881,sc,MLS,핸디캡,3,H -1.0,미네유나 0,1 샌디에FC,08.02(일) 09:30,"3.30,3.70,1.74",핸디패
2026-08-06T01:38:21+00:00,2026,90,9882,sc,MLS,언더오버,2,U 3.5,미네유나,샌디에FC,08.02(일) 09:30,"1.51,2.11",언더
2026-08-06T01:38:21+00:00,2026,90,9883,sc,MLS,홀짝,2,,미네유나,샌디에FC,08.02(일) 09:30,"1.76,1.76",짝
2026-08-06T01:38:21+00:00,2026,90,9884,sc,MLS,승무패,3,,세인시티 1,1 레알솔트,08.02(일) 09:30,"1.95,3.50,2.85",무승부
2026-08-06T01:38:21+00:00,2026,90,9885,sc,MLS,핸디캡,3,H -1.0,세인시티 0,1 레알솔트,08.02(일) 09:30,"3.50,3.80,1.67",핸디패
2026-08-06T01:38:21+00:00,2026,90,9886,sc,MLS,언더오버,2,U 3.5,세인시티,레알솔트,08.02(일) 09:30,"1.50,2.13",언더
2026-08-06T01:38:21+00:00,2026,90,9887,sc,MLS,홀짝,2,,세인시티,레알솔트,08.02(일) 09:30,"1.76,1.76",짝
2026-08-06T01:38:21+00:00,2026,90,9888,bs,MLB,승패,2,,샌디파드 6,5 샌프자이,08.02(일) 09:40,"1.57,2.00",홈승
2026-08-06T01:38:21+00:00,2026,90,9889,bs,MLB,승①패,3,승①패,샌디파드 6,5 샌프자이,08.02(일) 09:40,"2.18,3.35,2.55",①
2026-08-06T01:38:21+00:00,2026,90,9890,bs,MLB,핸디캡,2,H -2.5,샌디파드 3.5,5 샌프자이,08.02(일) 09:40,"2.97,1.25",핸디패
2026-08-06T01:38:21+00:00,2026,90,9891,bs,MLB,언더오버,2,U 8.5,샌디파드,샌프자이,08.02(일) 09:40,"1.84,1.69",오버
2026-08-06T01:38:21+00:00,2026,90,9892,bs,MLB,홀짝,2,,샌디파드,샌프자이,08.02(일) 09:40,"1.55,2.04",홀
2026-08-06T01:38:21+00:00,2026,90,9893,bs,MLB,승패,2,,LA다저스 2,3 보스레드,08.02(일) 10:10,"1.43,2.29",홈패
2026-08-06T01:38:21+00:00,2026,90,9894,bs,MLB,승①패,3,승①패,LA다저스 2,3 보스레드,08.02(일) 10:10,"1.94,3.45,2.90",①
2026-08-06T01:38:21+00:00,2026,90,9895,bs,MLB,핸디캡,2,H -2.5,LA다저스 -0.5,3 보스레드,08.02(일) 10:10,"2.68,1.31",핸디패
2026-08-06T01:38:21+00:00,2026,90,9896,bs,MLB,언더오버,2,U 8.5,LA다저스,보스레드,08.02(일) 10:10,"1.58,1.99",언더
2026-08-06T01:38:21+00:00,2026,90,9897,bs,MLB,홀짝,2,,LA다저스,보스레드,08.02(일) 10:10,"1.56,2.02",홀
2026-08-06T01:38:21+00:00,2026,90,9898,sc,MLS,승무패,3,,콜로래피 1,0 오스틴FC,08.02(일) 10:30,"1.64,3.55,3.90",홈승
2026-08-06T01:38:21+00:00,2026,90,9899,sc,MLS,핸디캡,3,H -1.0,콜로래피 0,0 오스틴FC,08.02(일) 10:30,"2.80,3.45,1.99",핸디무
2026-08-06T01:38:21+00:00,2026,90,9900,sc,MLS,언더오버,2,U 2.5,콜로래피,오스틴FC,08.02(일) 10:30,"2.09,1.52",언더
2026-08-06T01:38:21+00:00,2026,90,9901,sc,MLS,홀짝,2,,콜로래피,오스틴FC,08.02(일) 10:30,"1.76,1.76",홀
2026-08-06T01:38:21+00:00,2026,90,9902,bs,MLB,승패,2,,LA에인절 1,3 밀워브루,08.02(일) 10:38,"1.89,1.65",홈패
2026-08-06T01:38:21+00:00,2026,90,9903,bs,MLB,승①패,3,승①패,LA에인절 1,3 밀워브루,08.02(일) 10:38,"2.70,3.40,2.06",홈패
2026-08-06T01:38:21+00:00,2026,90,9904,bs,MLB,핸디캡,2,H +2.5,LA에인절 3.5,3 밀워브루,08.02(일) 10:38,"1.32,2.64",핸디승
2026-08-06T01:38:21+00:00,2026,90,9905,bs,MLB,언더오버,2,U 8.5,LA에인절,밀워브루,08.02(일) 10:38,"1.81,1.71",언더
2026-08-06T01:38:21+00:00,2026,90,9906,bs,MLB,홀짝,2,,LA에인절,밀워브루,08.02(일) 10:38,"1.55,2.04",짝
2026-08-06T01:38:21+00:00,2026,90,9907,bs,MLB,승패,2,,애슬레틱 6,8 디트타이,08.02(일) 10:40,"2.13,1.50",홈패
2026-08-06T01:38:21+00:00,2026,90,9908,bs,MLB,승①패,3,승①패,애슬레틱 6,8 디트타이,08.02(일) 10:40,"3.05,3.75,1.80",홈패
2026-08-06T01:38:21+00:00,2026,90,9909,bs,MLB,핸디캡,2,H +2.5,애슬레틱 8.5,8 디트타이,08.02(일) 10:40,"1.47,2.19",핸디승
2026-08-06T01:38:21+00:00,2026,90,9910,bs,MLB,언더오버,2,U 10.5,애슬레틱,디트타이,08.02(일) 10:40,"1.81,1.71",오버
2026-08-06T01:38:21+00:00,2026,90,9911,bs,MLB,홀짝,2,,애슬레틱,디트타이,08.02(일) 10:40,"1.56,2.02",짝
2026-08-06T01:38:21+00:00,2026,90,9912,bs,MLB,전반승무패,3,h(전반),애슬레틱 2,4 디트타이,08.02(일) 10:40,"2.35,6.60,1.75",홈패
2026-08-06T01:38:21+00:00,2026,90,9913,bs,MLB,전반핸디캡,2,h H +1.5,애슬레틱 3.5,4 디트타이,08.02(일) 10:40,"1.39,2.40",핸디패
2026-08-06T01:38:21+00:00,2026,90,9914,bs,MLB,전반언더오버,2,h U 5.5,애슬레틱,디트타이,08.02(일) 10:40,"1.81,1.71",오버
2026-08-06T01:38:21+00:00,2026,90,9915,sc,MLS,승무패,3,,LA갤럭시 0,0 FC댈러스,08.02(일) 11:30,"2.06,3.50,2.65",무승부
2026-08-06T01:38:21+00:00,2026,90,9916,sc,MLS,핸디캡,3,H -1.0,LA갤럭시 -1,0 FC댈러스,08.02(일) 11:30,"3.75,3.90,1.60",핸디패
2026-08-06T01:38:21+00:00,2026,90,9917,sc,MLS,언더오버,2,U 3.5,LA갤럭시,FC댈러스,08.02(일) 11:30,"1.52,2.09",언더
2026-08-06T01:38:21+00:00,2026,90,9918,sc,MLS,홀짝,2,,LA갤럭시,FC댈러스,08.02(일) 11:30,"1.76,1.76",짝
2026-08-06T01:38:21+00:00,2026,90,9919,sc,MLS,승무패,3,,포틀팀버 2,1 시애사운,08.02(일) 11:45,"1.87,3.55,3.00",홈승
2026-08-06T01:38:21+00:00,2026,90,9920,sc,MLS,핸디캡,3,H -1.0,포틀팀버 1,1 시애사운,08.02(일) 11:45,"3.20,3.75,1.75",핸디무
2026-08-06T01:38:21+00:00,2026,90,9921,sc,MLS,언더오버,2,U 3.5,포틀팀버,시애사운,08.02(일) 11:45,"1.61,1.94",언더
2026-08-06T01:38:21+00:00,2026,90,9922,sc,MLS,홀짝,2,,포틀팀버,시애사운,08.02(일) 11:45,"1.76,1.76",홀
2026-08-06T01:38:21+00:00,2026,90,9923,bs,NPB,승패,2,,닛폰햄 3,0 지바롯데,08.02(일) 13:00,"1.50,2.13",홈승
2026-08-06T01:38:21+00:00,2026,90,9924,bs,NPB,승①패,3,승①패,닛폰햄 3,0 지바롯데,08.02(일) 13:00,"2.21,2.80,2.95",홈승
2026-08-06T01:38:21+00:00,2026,90,9925,bs,NPB,핸디캡,2,H -2.5,닛폰햄 0.5,0 지바롯데,08.02(일) 13:00,"2.97,1.25",핸디승
2026-08-06T01:38:21+00:00,2026,90,9926,bs,NPB,언더오버,2,U 7.5,닛폰햄,지바롯데,08.02(일) 13:00,"1.78,1.74",언더
2026-08-06T01:38:21+00:00,2026,90,9927,bs,NPB,홀짝,2,,닛폰햄,지바롯데,08.02(일) 13:00,"1.61,1.94",홀
2026-08-06T01:38:21+00:00,2026,90,9928,bs,KBO,승패,2,,키움 5,3 SSG,08.02(일) 14:00,"2.40,1.39",홈승
2026-08-06T01:38:21+00:00,2026,90,9929,bs,KBO,승①패,3,승①패,키움 5,3 SSG,08.02(일) 14:00,"3.65,3.40,1.72",홈승
2026-08-06T01:38:21+00:00,2026,90,9930,bs,KBO,핸디캡,2,H +2.5,키움 7.5,3 SSG,08.02(일) 14:00,"1.48,2.17",핸디승
2026-08-06T01:38:21+00:00,2026,90,9931,bs,KBO,언더오버,2,U 8.5,키움,SSG,08.02(일) 14:00,"1.74,1.78",언더
2026-08-06T01:38:21+00:00,2026,90,9932,bs,KBO,홀짝,2,,키움,SSG,08.02(일) 14:00,"1.59,1.97",짝
2026-08-06T01:38:21+00:00,2026,90,9933,bs,KBO,전반승무패,3,h(전반),키움 3,2 SSG,08.02(일) 14:00,"2.75,6.10,1.61",홈승
2026-08-06T01:38:21+00:00,2026,90,9934,bs,KBO,전반핸디캡,2,h H +1.5,키움 4.5,2 SSG,08.02(일) 14:00,"1.49,2.15",핸디승
2026-08-06T01:38:21+00:00,2026,90,9935,bs,KBO,전반언더오버,2,h U 4.5,키움,SSG,08.02(일) 14:00,"1.71,1.81",오버
2026-08-06T01:38:21+00:00,2026,90,9936,bs,NPB,승패,2,,요미우리 1,2 요코베이,08.02(일) 14:00,"1.67,1.86",홈패
2026-08-06T01:38:21+00:00,2026,90,9937,bs,NPB,승①패,3,승①패,요미우리 1,2 요코베이,08.02(일) 14:00,"2.65,2.65,2.54",①
2026-08-06T01:38:21+00:00,2026,90,9938,bs,NPB,핸디캡,2,H -2.5,요미우리 -1.5,2 요코베이,08.02(일) 14:00,"3.65,1.16",핸디패
2026-08-06T01:38:21+00:00,2026,90,9939,bs,NPB,언더오버,2,U 6.5,요미우리,요코베이,08.02(일) 14:00,"1.71,1.81",언더
2026-08-06T01:38:21+00:00,2026,90,9940,bs,NPB,홀짝,2,,요미우리,요코베이,08.02(일) 14:00,"1.61,1.94",홀
2026-08-06T01:38:21+00:00,2026,90,9941,bs,NPB,승패,2,,라쿠텐 6,10 소프트뱅,08.02(일) 16:00,"2.31,1.42",홈패
2026-08-06T01:38:21+00:00,2026,90,9942,bs,NPB,승①패,3,승①패,라쿠텐 6,10 소프트뱅,08.02(일) 16:00,"3.95,3.20,1.71",홈패
2026-08-06T01:38:21+00:00,2026,90,9943,bs,NPB,핸디캡,2,H +2.5,라쿠텐 8.5,10 소프트뱅,08.02(일) 16:00,"1.42,2.31",핸디패
2026-08-06T01:38:21+00:00,2026,90,9944,bs,NPB,언더오버,2,U 7.5,라쿠텐,소프트뱅,08.02(일) 16:00,"1.72,1.80",오버
2026-08-06T01:38:21+00:00,2026,90,9945,bs,NPB,홀짝,2,,라쿠텐,소프트뱅,08.02(일) 16:00,"1.61,1.94",짝
2026-08-06T01:38:21+00:00,2026,90,9946,vl,남배네이,승패,2,,일본M 1,3 슬로베M,08.02(일) 16:40,"1.27,2.87",홈패
2026-08-06T01:38:21+00:00,2026,90,9947,vl,남배네이,핸디캡,2,H -1.5,일본M -0.5,3 슬로베M,08.02(일) 16:40,"1.70,1.82",핸디패
2026-08-06T01:38:21+00:00,2026,90,9948,vl,남배네이,언더오버,2,U 183.5,일본M,슬로베M,08.02(일) 16:40,"1.81,1.71",오버
2026-08-06T01:38:21+00:00,2026,90,9949,vl,남배네이,홀짝,2,,일본M,슬로베M,08.02(일) 16:40,"1.76,1.76",짝
2026-08-06T01:38:21+00:00,2026,90,9950,bs,NPB,승패,2,,세이부 5,1 오릭스,08.02(일) 17:00,"1.49,2.15",홈승
2026-08-06T01:38:21+00:00,2026,90,9951,bs,NPB,승①패,3,승①패,세이부 5,1 오릭스,08.02(일) 17:00,"2.25,2.65,3.05",홈승
2026-08-06T01:38:21+00:00,2026,90,9952,bs,NPB,핸디캡,2,H -2.5,세이부 2.5,1 오릭스,08.02(일) 17:00,"2.97,1.25",핸디승
2026-08-06T01:38:21+00:00,2026,90,9953,bs,NPB,언더오버,2,U 6.5,세이부,오릭스,08.02(일) 17:00,"1.78,1.74",언더
2026-08-06T01:38:21+00:00,2026,90,9954,bs,NPB,홀짝,2,,세이부,오릭스,08.02(일) 17:00,"1.61,1.94",짝
2026-08-06T01:38:21+00:00,2026,90,9955,bs,KBO,승패,2,,두산 8,3 LG,08.02(일) 18:00,"1.77,1.75",홈승
2026-08-06T01:38:21+00:00,2026,90,9956,bs,KBO,승①패,3,승①패,두산 8,3 LG,08.02(일) 18:00,"2.60,3.10,2.26",홈승
2026-08-06T01:38:21+00:00,2026,90,9957,bs,KBO,핸디캡,2,H +2.5,두산 10.5,3 LG,08.02(일) 18:00,"1.24,3.03",핸디승
2026-08-06T01:38:21+00:00,2026,90,9958,bs,KBO,언더오버,2,U 7.5,두산,LG,08.02(일) 18:00,"1.87,1.66",오버
2026-08-06T01:38:21+00:00,2026,90,9959,bs,KBO,홀짝,2,,두산,LG,08.02(일) 18:00,"1.59,1.97",홀
2026-08-06T01:38:21+00:00,2026,90,9960,bs,KBO,전반승무패,3,h(전반),두산 6,3 LG,08.02(일) 18:00,"2.15,5.00,2.06",홈승
2026-08-06T01:38:21+00:00,2026,90,9961,bs,KBO,전반핸디캡,2,h H +1.5,두산 7.5,3 LG,08.02(일) 18:00,"1.27,2.87",핸디승
2026-08-06T01:38:21+00:00,2026,90,9962,bs,KBO,전반언더오버,2,h U 4.5,두산,LG,08.02(일) 18:00,"1.64,1.90",오버
2026-08-06T01:38:21+00:00,2026,90,9971,bs,KBO,승패,2,,KT 12,1 한화,08.02(일) 18:00,"1.69,1.84",홈승
2026-08-06T01:38:21+00:00,2026,90,9972,bs,KBO,승①패,3,승①패,KT 12,1 한화,08.02(일) 18:00,"2.35,3.40,2.33",홈승
2026-08-06T01:38:21+00:00,2026,90,9973,bs,KBO,핸디캡,2,H -2.5,KT 9.5,1 한화,08.02(일) 18:00,"3.03,1.24",핸디승
2026-08-06T01:38:21+00:00,2026,90,9974,bs,KBO,언더오버,2,U 9.5,KT,한화,08.02(일) 18:00,"1.73,1.79",오버
2026-08-06T01:38:21+00:00,2026,90,9975,bs,KBO,홀짝,2,,KT,한화,08.02(일) 18:00,"1.58,1.99",홀
2026-08-06T01:38:21+00:00,2026,90,9976,bs,KBO,전반승무패,3,h(전반),KT 1,0 한화,08.02(일) 18:00,"2.00,5.80,2.10",홈승
2026-08-06T01:38:21+00:00,2026,90,9977,bs,KBO,전반핸디캡,2,h H -1.5,KT -0.5,0 한화,08.02(일) 18:00,"2.72,1.30",핸디패
2026-08-06T01:38:21+00:00,2026,90,9978,bs,KBO,전반언더오버,2,h U 5.5,KT,한화,08.02(일) 18:00,"1.65,1.89",언더
2026-08-06T01:38:21+00:00,2026,90,9979,bs,KBO,승패,2,,NC,KIA,08.02(일) 18:00,"1.00,1.00",취소
2026-08-06T01:38:21+00:00,2026,90,9980,bs,KBO,승①패,3,승①패,NC,KIA,08.02(일) 18:00,"1.00,1.00,1.00",취소
2026-08-06T01:38:21+00:00,2026,90,9981,bs,KBO,핸디캡,2,H -2.5,NC,KIA,08.02(일) 18:00,"1.00,1.00",취소
2026-08-06T01:38:21+00:00,2026,90,9982,bs,KBO,언더오버,2,U 9.5,NC,KIA,08.02(일) 18:00,"1.00,1.00",취소
2026-08-06T01:38:21+00:00,2026,90,9983,bs,KBO,홀짝,2,,NC,KIA,08.02(일) 18:00,"1.00,1.00",취소
2026-08-06T01:38:21+00:00,2026,90,9984,bs,KBO,전반승무패,3,h(전반),NC,KIA,08.02(일) 18:00,"1.00,1.00,1.00",취소
2026-08-06T01:38:21+00:00,2026,90,9985,bs,KBO,전반핸디캡,2,h H -1.5,NC,KIA,08.02(일) 18:00,"1.00,1.00",취소
2026-08-06T01:38:21+00:00,2026,90,9986,bs,KBO,전반언더오버,2,h U 5.5,NC,KIA,08.02(일) 18:00,"1.00,1.00",취소
2026-08-06T01:38:21+00:00,2026,90,9987,bs,NPB,승패,2,,야쿠르트 3,4 한신,08.02(일) 18:00,"2.24,1.45",홈패
2026-08-06T01:38:21+00:00,2026,90,9988,bs,NPB,승①패,3,승①패,야쿠르트 3,4 한신,08.02(일) 18:00,"3.80,2.90,1.85",①
2026-08-06T01:38:21+00:00,2026,90,9989,bs,NPB,핸디캡,2,H +2.5,야쿠르트 5.5,4 한신,08.02(일) 18:00,"1.37,2.46",핸디승
2026-08-06T01:38:21+00:00,2026,90,9990,bs,NPB,언더오버,2,U 8.5,야쿠르트,한신,08.02(일) 18:00,"1.76,1.76",언더
2026-08-06T01:38:21+00:00,2026,90,9991,bs,NPB,홀짝,2,,야쿠르트,한신,08.02(일) 18:00,"1.61,1.94",홀
2026-08-06T01:38:21+00:00,2026,90,9992,bs,NPB,승패,2,,히로카프 4,3 주니치,08.02(일) 18:00,"1.73,1.79",홈승
2026-08-06T01:38:21+00:00,2026,90,9993,bs,NPB,승①패,3,승①패,히로카프 4,3 주니치,08.02(일) 18:00,"2.70,2.75,2.41",①
2026-08-06T01:38:21+00:00,2026,90,9994,bs,NPB,핸디캡,2,H -2.5,히로카프 1.5,3 주니치,08.02(일) 18:00,"3.75,1.15",핸디패
2026-08-06T01:38:21+00:00,2026,90,9995,bs,NPB,언더오버,2,U 7.5,히로카프,주니치,08.02(일) 18:00,"1.70,1.82",언더
2026-08-06T01:38:21+00:00,2026,90,9996,bs,NPB,홀짝,2,,히로카프,주니치,08.02(일) 18:00,"1.61,1.94",홀
2026-08-06T01:38:21+00:00,2026,90,9963,bs,KBO,승패,2,,롯데 10,7 삼성,08.02(일) 18:30,"2.09,1.52",홈승
2026-08-06T01:38:21+00:00,2026,90,9964,bs,KBO,승①패,3,승①패,롯데 10,7 삼성,08.02(일) 18:30,"3.10,3.70,1.80",홈승
2026-08-06T01:38:21+00:00,2026,90,9965,bs,KBO,핸디캡,2,H +2.5,롯데 12.5,7 삼성,08.02(일) 18:30,"1.48,2.17",핸디승
2026-08-06T01:38:21+00:00,2026,90,9966,bs,KBO,언더오버,2,U 10.5,롯데,삼성,08.02(일) 18:30,"1.73,1.79",오버
2026-08-06T01:38:21+00:00,2026,90,9967,bs,KBO,홀짝,2,,롯데,삼성,08.02(일) 18:30,"1.58,1.99",홀
2026-08-06T01:38:21+00:00,2026,90,9968,bs,KBO,전반승무패,3,h(전반),롯데 7,0 삼성,08.02(일) 18:30,"2.35,6.30,1.77",홈승
2026-08-06T01:38:21+00:00,2026,90,9969,bs,KBO,전반핸디캡,2,h H +1.5,롯데 8.5,0 삼성,08.02(일) 18:30,"1.48,2.17",핸디승
2026-08-06T01:38:21+00:00,2026,90,9970,bs,KBO,전반언더오버,2,h U 5.5,롯데,삼성,08.02(일) 18:30,"1.86,1.67",오버
2026-08-06T01:38:21+00:00,2026,90,9997,sc,K리그1,승무패,3,,울산HDFC 3,1 FC안양,08.02(일) 19:30,"1.91,3.20,3.20",홈승
2026-08-06T01:38:21+00:00,2026,90,9998,sc,K리그1,핸디캡,3,H -1.0,울산HDFC 2,1 FC안양,08.02(일) 19:30,"3.80,3.25,1.73",핸디승
2026-08-06T01:38:21+00:00,2026,90,9999,sc,K리그1,핸디캡,3,H -2.0,울산HDFC 1,1 FC안양,08.02(일) 19:30,"7.30,5.20,1.22",핸디무
2026-08-06T01:38:21+00:00,2026,90,0001,sc,K리그1,언더오버,2,U 2.5,울산HDFC,FC안양,08.02(일) 19:30,"1.96,1.60",오버
2026-08-06T01:38:21+00:00,2026,90,0002,sc,K리그1,홀짝,2,,울산HDFC,FC안양,08.02(일) 19:30,"1.77,1.75",짝
2026-08-06T01:38:21+00:00,2026,90,0003,sc,K리그1,전반승무패,3,h(전반),울산HDFC 0,0 FC안양,08.02(일) 19:30,"2.35,2.17,3.80",무승부
2026-08-06T01:38:21+00:00,2026,90,0004,sc,K리그1,전반핸디캡,3,h H -1.0,울산HDFC -1,0 FC안양,08.02(일) 19:30,"6.40,3.45,1.42",핸디패
2026-08-06T01:38:21+00:00,2026,90,0005,sc,K리그1,전반언더오버,2,h U 1.5,울산HDFC,FC안양,08.02(일) 19:30,"1.38,2.43",언더
2026-08-06T01:38:21+00:00,2026,90,0006,sc,K리그1,승무패,3,,대전하나 2,0 광주FC,08.02(일) 19:30,"1.45,3.60,5.50",홈승
2026-08-06T01:38:21+00:00,2026,90,0007,sc,K리그1,핸디캡,3,H -1.0,대전하나 1,0 광주FC,08.02(일) 19:30,"2.45,3.10,2.39",핸디승
2026-08-06T01:38:21+00:00,2026,90,0008,sc,K리그1,핸디캡,3,H -2.0,대전하나 0,0 광주FC,08.02(일) 19:30,"4.65,3.95,1.47",핸디무
2026-08-06T01:38:21+00:00,2026,90,0009,sc,K리그1,언더오버,2,U 2.5,대전하나,광주FC,08.02(일) 19:30,"1.89,1.65",언더
2026-08-06T01:38:21+00:00,2026,90,0010,sc,K리그1,홀짝,2,,대전하나,광주FC,08.02(일) 19:30,"1.77,1.75",짝
2026-08-06T01:38:21+00:00,2026,90,0011,sc,K리그1,전반승무패,3,h(전반),대전하나 0,0 광주FC,08.02(일) 19:30,"1.95,2.20,5.50",무승부
2026-08-06T01:38:21+00:00,2026,90,0012,sc,K리그1,전반핸디캡,3,h H -1.0,대전하나 -1,0 광주FC,08.02(일) 19:30,"4.55,3.05,1.66",핸디패
2026-08-06T01:38:21+00:00,2026,90,0013,sc,K리그1,전반언더오버,2,h U 1.5,대전하나,광주FC,08.02(일) 19:30,"1.39,2.40",언더
2026-08-06T01:38:21+00:00,2026,90,0014,sc,K리그1,승무패,3,,제주SKFC 3,3 인천유나,08.02(일) 19:30,"2.75,2.85,2.30",무승부
2026-08-06T01:38:21+00:00,2026,90,0015,sc,K리그1,핸디캡,3,H +1.0,제주SKFC 4,3 인천유나,08.02(일) 19:30,"1.48,3.60,5.10",핸디승
2026-08-06T01:38:21+00:00,2026,90,0016,sc,K리그1,핸디캡,3,H +2.0,제주SKFC 5,3 인천유나,08.02(일) 19:30,"1.07,7.00,14.00",핸디승
2026-08-06T01:38:21+00:00,2026,90,0017,sc,K리그1,언더오버,2,U 2.5,제주SKFC,인천유나,08.02(일) 19:30,"1.47,2.19",오버
2026-08-06T01:38:21+00:00,2026,90,0018,sc,K리그1,홀짝,2,,제주SKFC,인천유나,08.02(일) 19:30,"1.78,1.74",짝
2026-08-06T01:38:21+00:00,2026,90,0019,sc,K리그1,전반승무패,3,h(전반),제주SKFC 2,2 인천유나,08.02(일) 19:30,"3.60,1.80,3.15",무승부
2026-08-06T01:38:21+00:00,2026,90,0020,sc,K리그1,전반핸디캡,3,h H +1.0,제주SKFC 3,2 인천유나,08.02(일) 19:30,"1.24,4.05,10.50",핸디승
2026-08-06T01:38:21+00:00,2026,90,0021,sc,K리그1,전반언더오버,2,h U 1.5,제주SKFC,인천유나,08.02(일) 19:30,"1.23,3.09",오버
2026-08-06T01:38:21+00:00,2026,90,0022,sc,K리그2,승무패,3,,부산아이 1,2 서울이랜,08.02(일) 19:30,"2.50,3.15,2.31",홈패
2026-08-06T01:38:21+00:00,2026,90,0023,sc,K리그2,핸디캡,3,H +1.0,부산아이 2,2 서울이랜,08.02(일) 19:30,"1.50,3.80,4.55",핸디무
2026-08-06T01:38:21+00:00,2026,90,0024,sc,K리그2,언더오버,2,U 2.5,부산아이,서울이랜,08.02(일) 19:30,"2.09,1.52",오버
2026-08-06T01:38:21+00:00,2026,90,0025,sc,K리그2,홀짝,2,,부산아이,서울이랜,08.02(일) 19:30,"1.76,1.76",홀
2026-08-06T01:38:21+00:00,2026,90,0026,sc,K리그2,승무패,3,,김포FC 1,1 경남FC,08.02(일) 19:30,"1.95,2.85,3.50",무승부
2026-08-06T01:38:21+00:00,2026,90,0027,sc,K리그2,핸디캡,3,H -1.0,김포FC 0,1 경남FC,08.02(일) 19:30,"3.85,3.25,1.72",핸디패
2026-08-06T01:38:21+00:00,2026,90,0028,sc,K리그2,언더오버,2,U 2.5,김포FC,경남FC,08.02(일) 19:30,"1.57,2.00",언더
2026-08-06T01:38:21+00:00,2026,90,0029,sc,K리그2,홀짝,2,,김포FC,경남FC,08.02(일) 19:30,"1.77,1.75",짝
2026-08-06T01:38:21+00:00,2026,90,0030,sc,K리그2,승무패,3,,전남드래 1,2 파주프런,08.02(일) 19:30,"2.07,3.10,2.90",홈패
2026-08-06T01:38:21+00:00,2026,90,0031,sc,K리그2,핸디캡,3,H -1.0,전남드래 0,2 파주프런,08.02(일) 19:30,"4.15,3.45,1.62",핸디패
2026-08-06T01:38:21+00:00,2026,90,0032,sc,K리그2,언더오버,2,U 2.5,전남드래,파주프런,08.02(일) 19:30,"1.81,1.71",오버
2026-08-06T01:38:21+00:00,2026,90,0033,sc,K리그2,홀짝,2,,전남드래,파주프런,08.02(일) 19:30,"1.77,1.75",홀
2026-08-06T01:38:21+00:00,2026,90,0034,sc,K리그2,승무패,3,,안산그리 2,2 김해FC,08.02(일) 19:30,"2.39,3.10,2.45",무승부
2026-08-06T01:38:21+00:00,2026,90,0035,sc,K리그2,핸디캡,3,H -1.0,안산그리 1,2 김해FC,08.02(일) 19:30,"5.10,3.85,1.44",핸디패
2026-08-06T01:38:21+00:00,2026,90,0036,sc,K리그2,언더오버,2,U 2.5,안산그리,김해FC,08.02(일) 19:30,"1.77,1.75",오버
2026-08-06T01:38:21+00:00,2026,90,0037,sc,K리그2,홀짝,2,,안산그리,김해FC,08.02(일) 19:30,"1.77,1.75",짝
2026-08-06T01:38:21+00:00,2026,90,0038,vl,남배네이,승패,2,,미국M 2,3 폴란드M,08.02(일) 20:30,"2.68,1.31",홈패
2026-08-06T01:38:21+00:00,2026,90,0039,vl,남배네이,핸디캡,2,H +1.5,미국M 3.5,3 폴란드M,08.02(일) 20:30,"1.76,1.76",핸디승
2026-08-06T01:38:21+00:00,2026,90,0040,vl,남배네이,언더오버,2,U 183.5,미국M,폴란드M,08.02(일) 20:30,"1.81,1.71",오버
2026-08-06T01:38:21+00:00,2026,90,0041,vl,남배네이,홀짝,2,,미국M,폴란드M,08.02(일) 20:30,"1.76,1.76",홀
2026-08-06T01:38:21+00:00,2026,90,0042,sc,엘리테세,승무패,3,,KFUM카메 2,1 크리스티,08.03(월) 00:00,"1.60,3.55,4.10",홈승
2026-08-06T01:38:21+00:00,2026,90,0043,sc,엘리테세,핸디캡,3,H -1.0,KFUM카메 1,1 크리스티,08.03(월) 00:00,"2.70,3.40,2.06",핸디무
2026-08-06T01:38:21+00:00,2026,90,0044,sc,엘리테세,언더오버,2,U 2.5,KFUM카메,크리스티,08.03(월) 00:00,"2.02,1.56",오버
2026-08-06T01:38:21+00:00,2026,90,0045,sc,엘리테세,홀짝,2,,KFUM카메,크리스티,08.03(월) 00:00,"1.76,1.76",홀
2026-08-06T01:38:21+00:00,2026,90,0046,sc,엘리테세,승무패,3,,몰데FK 3,3 사릅스보,08.03(월) 00:00,"1.52,3.95,4.20",무승부
2026-08-06T01:38:21+00:00,2026,90,0047,sc,엘리테세,핸디캡,3,H -1.0,몰데FK 2,3 사릅스보,08.03(월) 00:00,"2.40,3.60,2.20",핸디패
2026-08-06T01:38:21+00:00,2026,90,0048,sc,엘리테세,언더오버,2,U 3.5,몰데FK,사릅스보,08.03(월) 00:00,"1.64,1.90",오버
2026-08-06T01:38:21+00:00,2026,90,0049,sc,엘리테세,홀짝,2,,몰데FK,사릅스보,08.03(월) 00:00,"1.76,1.76",짝
2026-08-06T01:38:21+00:00,2026,90,0050,sc,엘리테세,승무패,3,,올레순FK 2,6 트롬쇠IL,08.03(월) 00:00,"3.45,3.35,1.78",홈패
2026-08-06T01:38:21+00:00,2026,90,0051,sc,엘리테세,핸디캡,3,H +1.0,올레순FK 3,6 트롬쇠IL,08.03(월) 00:00,"1.83,3.45,3.20",핸디패
2026-08-06T01:38:21+00:00,2026,90,0052,sc,엘리테세,언더오버,2,U 2.5,올레순FK,트롬쇠IL,08.03(월) 00:00,"1.96,1.60",오버
2026-08-06T01:38:21+00:00,2026,90,0053,sc,엘리테세,홀짝,2,,올레순FK,트롬쇠IL,08.03(월) 00:00,"1.77,1.75",짝
2026-08-06T01:38:21+00:00,2026,90,0054,sc,네슈퍼컵,승무패,3,,PSV 0,4 알크마르,08.03(월) 01:00,"1.44,4.15,4.65",홈패
2026-08-06T01:38:21+00:00,2026,90,0055,sc,네슈퍼컵,핸디캡,3,H -1.0,PSV -1,4 알크마르,08.03(월) 01:00,"2.20,3.60,2.40",핸디패
2026-08-06T01:38:21+00:00,2026,90,0056,sc,네슈퍼컵,언더오버,2,U 3.5,PSV,알크마르,08.03(월) 01:00,"1.73,1.79",오버
2026-08-06T01:38:21+00:00,2026,90,0057,sc,네슈퍼컵,홀짝,2,,PSV,알크마르,08.03(월) 01:00,"1.76,1.76",짝
2026-08-06T01:38:21+00:00,2026,90,0058,sc,엘리테세,승무패,3,,SK브란 3,2 로센보르,08.03(월) 02:15,"1.89,3.55,2.95",홈승
2026-08-06T01:38:21+00:00,2026,90,0059,sc,엘리테세,핸디캡,3,H -1.0,SK브란 2,2 로센보르,08.03(월) 02:15,"3.35,3.65,1.73",핸디무
2026-08-06T01:38:21+00:00,2026,90,0060,sc,엘리테세,언더오버,2,U 3.5,SK브란,로센보르,08.03(월) 02:15,"1.57,2.00",오버
2026-08-06T01:38:21+00:00,2026,90,0061,sc,엘리테세,홀짝,2,,SK브란,로센보르,08.03(월) 02:15,"1.76,1.76",홀
2026-08-06T01:38:21+00:00,2026,90,0062,bs,MLB,승패,2,,볼티오리 0,8 필라필리,08.03(월) 02:35,"2.00,1.57",홈패
2026-08-06T01:38:21+00:00,2026,90,0063,bs,MLB,승①패,3,승①패,볼티오리 0,8 필라필리,08.03(월) 02:35,"3.05,3.25,1.95",홈패
2026-08-06T01:38:21+00:00,2026,90,0064,bs,MLB,핸디캡,2,H +2.5,볼티오리 2.5,8 필라필리,08.03(월) 02:35,"1.33,2.60",핸디패
2026-08-06T01:38:21+00:00,2026,90,0065,bs,MLB,언더오버,2,U 7.5,볼티오리,필라필리,08.03(월) 02:35,"1.77,1.75",오버
2026-08-06T01:38:21+00:00,2026,90,0066,bs,MLB,홀짝,2,,볼티오리,필라필리,08.03(월) 02:35,"1.55,2.04",짝
2026-08-06T01:38:21+00:00,2026,90,0067,bs,MLB,승패,2,,애틀브레 4,2 워싱내셔,08.03(월) 02:35,"1.64,1.90",홈승
2026-08-06T01:38:21+00:00,2026,90,0068,bs,MLB,승①패,3,승①패,애틀브레 4,2 워싱내셔,08.03(월) 02:35,"2.33,3.30,2.40",홈승
2026-08-06T01:38:21+00:00,2026,90,0069,bs,MLB,핸디캡,2,H -2.5,애틀브레 1.5,2 워싱내셔,08.03(월) 02:35,"3.16,1.22",핸디패
2026-08-06T01:38:21+00:00,2026,90,0070,bs,MLB,언더오버,2,U 8.5,애틀브레,워싱내셔,08.03(월) 02:35,"1.80,1.72",언더
2026-08-06T01:38:21+00:00,2026,90,0071,bs,MLB,홀짝,2,,애틀브레,워싱내셔,08.03(월) 02:35,"1.55,2.04",짝
2026-08-06T01:38:21+00:00,2026,90,0072,bs,MLB,승패,2,,토론블루 1,5 세인카디,08.03(월) 02:37,"1.71,1.81",홈패
2026-08-06T01:38:21+00:00,2026,90,0073,bs,MLB,승①패,3,승①패,토론블루 1,5 세인카디,08.03(월) 02:37,"2.40,3.35,2.30",홈패
2026-08-06T01:38:21+00:00,2026,90,0074,bs,MLB,핸디캡,2,H -2.5,토론블루 -1.5,5 세인카디,08.03(월) 02:37,"3.38,1.19",핸디패
2026-08-06T01:38:21+00:00,2026,90,0075,bs,MLB,언더오버,2,U 9.5,토론블루,세인카디,08.03(월) 02:37,"1.61,1.94",언더
2026-08-06T01:38:21+00:00,2026,90,0076,bs,MLB,홀짝,2,,토론블루,세인카디,08.03(월) 02:37,"1.55,2.04",짝
2026-08-06T01:38:21+00:00,2026,90,0077,bs,MLB,승패,2,,탬파레이 1,9 시카화이,08.03(월) 02:40,"1.52,2.09",홈패
2026-08-06T01:38:21+00:00,2026,90,0078,bs,MLB,승①패,3,승①패,탬파레이 1,9 시카화이,08.03(월) 02:40,"2.10,3.30,2.70",홈패
2026-08-06T01:38:21+00:00,2026,90,0079,bs,MLB,핸디캡,2,H -2.5,탬파레이 -1.5,9 시카화이,08.03(월) 02:40,"2.87,1.27",핸디패
2026-08-06T01:38:21+00:00,2026,90,0080,bs,MLB,언더오버,2,U 7.5,탬파레이,시카화이,08.03(월) 02:40,"1.78,1.74",오버
2026-08-06T01:38:21+00:00,2026,90,0081,bs,MLB,홀짝,2,,탬파레이,시카화이,08.03(월) 02:40,"1.55,2.04",짝
2026-08-06T01:38:21+00:00,2026,90,0082,bs,MLB,승패,2,,뉴욕메츠 0,2 마이말린,08.03(월) 02:40,"1.90,1.64",홈패
2026-08-06T01:38:21+00:00,2026,90,0083,bs,MLB,승①패,3,승①패,뉴욕메츠 0,2 마이말린,08.03(월) 02:40,"2.75,3.40,2.03",홈패
2026-08-06T01:38:21+00:00,2026,90,0084,bs,MLB,핸디캡,2,H +2.5,뉴욕메츠 2.5,2 마이말린,08.03(월) 02:40,"1.28,2.82",핸디승
2026-08-06T01:38:21+00:00,2026,90,0085,bs,MLB,언더오버,2,U 8.5,뉴욕메츠,마이말린,08.03(월) 02:40,"1.81,1.71",언더
2026-08-06T01:38:21+00:00,2026,90,0086,bs,MLB,홀짝,2,,뉴욕메츠,마이말린,08.03(월) 02:40,"1.55,2.04",짝
2026-08-06T01:38:21+00:00,2026,90,0087,bs,MLB,승패,2,,클리가디 5,0 애리다이,08.03(월) 02:40,"1.54,2.05",홈승
2026-08-06T01:38:21+00:00,2026,90,0088,bs,MLB,승①패,3,승①패,클리가디 5,0 애리다이,08.03(월) 02:40,"2.15,3.25,2.65",홈승
2026-08-06T01:38:21+00:00,2026,90,0089,bs,MLB,핸디캡,2,H -2.5,클리가디 2.5,0 애리다이,08.03(월) 02:40,"2.92,1.26",핸디승
2026-08-06T01:38:21+00:00,2026,90,0090,bs,MLB,언더오버,2,U 7.5,클리가디,애리다이,08.03(월) 02:40,"1.87,1.66",언더
2026-08-06T01:38:21+00:00,2026,90,0091,bs,MLB,홀짝,2,,클리가디,애리다이,08.03(월) 02:40,"1.55,2.04",홀
2026-08-06T01:38:21+00:00,2026,90,0092,bs,MLB,승패,2,,신시레즈 10,2 피츠파이,08.03(월) 02:40,"1.50,2.13",홈승
2026-08-06T01:38:21+00:00,2026,90,0093,bs,MLB,승①패,3,승①패,신시레즈 10,2 피츠파이,08.03(월) 02:40,"2.05,3.35,2.75",홈승
2026-08-06T01:38:21+00:00,2026,90,0094,bs,MLB,핸디캡,2,H -2.5,신시레즈 7.5,2 피츠파이,08.03(월) 02:40,"2.77,1.29",핸디승
2026-08-06T01:38:21+00:00,2026,90,0095,bs,MLB,언더오버,2,U 8.5,신시레즈,피츠파이,08.03(월) 02:40,"1.66,1.87",오버
2026-08-06T01:38:21+00:00,2026,90,0096,bs,MLB,홀짝,2,,신시레즈,피츠파이,08.03(월) 02:40,"1.55,2.04",짝
2026-08-06T01:38:21+00:00,2026,90,0097,bs,MLB,승패,2,,휴스애스 7,3 텍사레인,08.03(월) 03:10,"1.63,1.91",홈승
2026-08-06T01:38:21+00:00,2026,90,0098,bs,MLB,승①패,3,승①패,휴스애스 7,3 텍사레인,08.03(월) 03:10,"2.28,3.30,2.45",홈승
2026-08-06T01:38:21+00:00,2026,90,0099,bs,MLB,핸디캡,2,H -2.5,휴스애스 4.5,3 텍사레인,08.03(월) 03:10,"3.16,1.22",핸디승
2026-08-06T01:38:21+00:00,2026,90,0100,bs,MLB,언더오버,2,U 8.5,휴스애스,텍사레인,08.03(월) 03:10,"1.81,1.71",오버
2026-08-06T01:38:21+00:00,2026,90,0101,bs,MLB,홀짝,2,,휴스애스,텍사레인,08.03(월) 03:10,"1.55,2.04",짝
2026-08-06T01:38:21+00:00,2026,90,0102,bs,MLB,승패,2,,시카컵스 1,2 뉴욕양키,08.03(월) 03:20,"1.93,1.62",홈패
2026-08-06T01:38:21+00:00,2026,90,0103,bs,MLB,승①패,3,승①패,시카컵스 1,2 뉴욕양키,08.03(월) 03:20,"2.95,3.05,2.07",①
2026-08-06T01:38:21+00:00,2026,90,0104,bs,MLB,핸디캡,2,H +2.5,시카컵스 3.5,2 뉴욕양키,08.03(월) 03:20,"1.29,2.77",핸디승
2026-08-06T01:38:21+00:00,2026,90,0105,bs,MLB,언더오버,2,U 6.5,시카컵스,뉴욕양키,08.03(월) 03:20,"1.78,1.74",언더
2026-08-06T01:38:21+00:00,2026,90,0106,bs,MLB,홀짝,2,,시카컵스,뉴욕양키,08.03(월) 03:20,"1.54,2.05",홀
2026-08-06T01:38:21+00:00,2026,90,0107,bs,MLB,승패,2,,콜로로키 8,1 캔자로얄,08.03(월) 04:10,"1.77,1.75",홈승
2026-08-06T01:38:21+00:00,2026,90,0108,bs,MLB,승①패,3,승①패,콜로로키 8,1 캔자로얄,08.03(월) 04:10,"2.50,3.50,2.16",홈승
2026-08-06T01:38:21+00:00,2026,90,0109,bs,MLB,핸디캡,2,H +2.5,콜로로키 10.5,1 캔자로얄,08.03(월) 04:10,"1.28,2.82",핸디승
2026-08-06T01:38:21+00:00,2026,90,0110,bs,MLB,언더오버,2,U 12.5,콜로로키,캔자로얄,08.03(월) 04:10,"1.68,1.85",언더
2026-08-06T01:38:21+00:00,2026,90,0111,bs,MLB,홀짝,2,,콜로로키,캔자로얄,08.03(월) 04:10,"1.56,2.02",홀
2026-08-06T01:38:21+00:00,2026,90,0112,bs,MLB,승패,2,,LA에인절 3,0 밀워브루,08.03(월) 04:15,"2.82,1.28",홈승
2026-08-06T01:38:21+00:00,2026,90,0113,bs,MLB,승①패,3,승①패,LA에인절 3,0 밀워브루,08.03(월) 04:15,"4.75,3.50,1.53",홈승
2026-08-06T01:38:21+00:00,2026,90,0114,bs,MLB,핸디캡,2,H +2.5,LA에인절 5.5,0 밀워브루,08.03(월) 04:15,"1.61,1.94",핸디승
2026-08-06T01:38:21+00:00,2026,90,0115,bs,MLB,언더오버,2,U 7.5,LA에인절,밀워브루,08.03(월) 04:15,"1.70,1.82",언더
2026-08-06T01:38:21+00:00,2026,90,0116,bs,MLB,홀짝,2,,LA에인절,밀워브루,08.03(월) 04:15,"1.57,2.00",홀
2026-08-06T01:38:21+00:00,2026,90,0117,sc,축클럽친,승무패,3,,리버풀 2,4 리즈U,08.03(월) 05:00,"1.58,3.80,3.95",홈패
2026-08-06T01:38:21+00:00,2026,90,0118,sc,축클럽친,핸디캡,3,H -1.0,리버풀 1,4 리즈U,08.03(월) 05:00,"2.65,3.55,2.04",핸디패
2026-08-06T01:38:21+00:00,2026,90,0119,sc,축클럽친,언더오버,2,U 3.5,리버풀,리즈U,08.03(월) 05:00,"1.56,2.02",오버
2026-08-06T01:38:21+00:00,2026,90,0120,sc,축클럽친,홀짝,2,,리버풀,리즈U,08.03(월) 05:00,"1.76,1.76",짝
2026-08-06T01:38:21+00:00,2026,90,0121,bs,MLB,승패,2,,애슬레틱 0,11 디트타이,08.03(월) 05:05,"1.81,1.71",홈패
2026-08-06T01:38:21+00:00,2026,90,0122,bs,MLB,승①패,3,승①패,애슬레틱 0,11 디트타이,08.03(월) 05:05,"2.60,3.45,2.11",홈패
2026-08-06T01:38:21+00:00,2026,90,0123,bs,MLB,핸디캡,2,H +2.5,애슬레틱 2.5,11 디트타이,08.03(월) 05:05,"1.29,2.77",핸디패
2026-08-06T01:38:21+00:00,2026,90,0124,bs,MLB,언더오버,2,U 11.5,애슬레틱,디트타이,08.03(월) 05:05,"1.60,1.96",언더
2026-08-06T01:38:21+00:00,2026,90,0125,bs,MLB,홀짝,2,,애슬레틱,디트타이,08.03(월) 05:05,"1.56,2.02",홀
2026-08-06T01:38:21+00:00,2026,90,0126,bs,MLB,승패,2,,시애매리 7,6 미네트윈,08.03(월) 05:10,"1.55,2.04",홈승
2026-08-06T01:38:21+00:00,2026,90,0127,bs,MLB,승①패,3,승①패,시애매리 7,6 미네트윈,08.03(월) 05:10,"2.18,3.20,2.65",①
2026-08-06T01:38:21+00:00,2026,90,0128,bs,MLB,핸디캡,2,H -2.5,시애매리 4.5,6 미네트윈,08.03(월) 05:10,"3.03,1.24",핸디패
2026-08-06T01:38:21+00:00,2026,90,0129,bs,MLB,언더오버,2,U 6.5,시애매리,미네트윈,08.03(월) 05:10,"1.96,1.60",오버
2026-08-06T01:38:21+00:00,2026,90,0130,bs,MLB,홀짝,2,,시애매리,미네트윈,08.03(월) 05:10,"1.54,2.05",홀
2026-08-06T01:38:21+00:00,2026,90,0131,bs,MLB,승패,2,,샌디파드 5,4 샌프자이,08.03(월) 05:10,"1.51,2.11",홈승
2026-08-06T01:38:21+00:00,2026,90,0132,bs,MLB,승①패,3,승①패,샌디파드 5,4 샌프자이,08.03(월) 05:10,"2.07,3.30,2.75",①
2026-08-06T01:38:21+00:00,2026,90,0133,bs,MLB,핸디캡,2,H -2.5,샌디파드 2.5,4 샌프자이,08.03(월) 05:10,"2.82,1.28",핸디패
2026-08-06T01:38:21+00:00,2026,90,0134,bs,MLB,언더오버,2,U 7.5,샌디파드,샌프자이,08.03(월) 05:10,"1.87,1.66",오버
2026-08-06T01:38:21+00:00,2026,90,0135,bs,MLB,홀짝,2,,샌디파드,샌프자이,08.03(월) 05:10,"1.55,2.04",홀
2026-08-06T01:38:21+00:00,2026,90,0136,bs,MLB,승패,2,,LA다저스 4,8 보스레드,08.03(월) 08:20,"1.46,2.22",홈패
2026-08-06T01:38:21+00:00,2026,90,0137,bs,MLB,승①패,3,승①패,LA다저스 4,8 보스레드,08.03(월) 08:20,"1.98,3.40,2.85",홈패
2026-08-06T01:38:21+00:00,2026,90,0138,bs,MLB,핸디캡,2,H -2.5,LA다저스 1.5,8 보스레드,08.03(월) 08:20,"2.60,1.33",핸디패
2026-08-06T01:38:21+00:00,2026,90,0139,bs,MLB,언더오버,2,U 8.5,LA다저스,보스레드,08.03(월) 08:20,"1.89,1.65",오버
2026-08-06T01:38:21+00:00,2026,90,0140,bs,MLB,홀짝,2,,LA다저스,보스레드,08.03(월) 08:20,"1.56,2.02",짝
2026-08-06T01:38:21+00:00,2026,90,0141,bs,MLB,전반승무패,3,h(전반),LA다저스 3,5 보스레드,08.03(월) 08:20,"1.65,6.30,2.60",홈패
2026-08-06T01:38:21+00:00,2026,90,0142,bs,MLB,전반핸디캡,2,h H -1.5,LA다저스 1.5,5 보스레드,08.03(월) 08:20,"2.29,1.43",핸디패
2026-08-06T01:38:21+00:00,2026,90,0143,bs,MLB,전반언더오버,2,h U 4.5,LA다저스,보스레드,08.03(월) 08:20,"1.91,1.63",오버
2026-08-06T01:38:21+00:00,2026,90,0149,sc,축ASEA챔,승무패,3,,인도네시 0,3 베트남,08.03(월) 22:30,"2.20,3.15,2.65",홈패
2026-08-06T01:38:21+00:00,2026,90,0150,sc,축ASEA챔,핸디캡,3,H -1.0,인도네시 -1,3 베트남,08.03(월) 22:30,"4.45,3.75,1.52",핸디패
2026-08-06T01:38:21+00:00,2026,90,0151,sc,축ASEA챔,언더오버,2,U 2.5,인도네시,베트남,08.03(월) 22:30,"1.84,1.69",오버
2026-08-06T01:38:21+00:00,2026,90,0152,sc,축ASEA챔,홀짝,2,,인도네시,베트남,08.03(월) 22:30,"1.77,1.75",홀
2026-08-06T01:53:33+00:00,2026,89,9152,bs,MLB,승패,2,,뉴욕메츠,애틀브레,07.29(수) 08:10,"1.00,1.00",취소
2026-08-06T01:53:33+00:00,2026,89,9153,bs,MLB,승①패,3,승①패,뉴욕메츠,애틀브레,07.29(수) 08:10,"1.00,1.00,1.00",취소
2026-08-06T01:53:33+00:00,2026,89,9154,bs,MLB,핸디캡,2,H +2.5,뉴욕메츠,애틀브레,07.29(수) 08:10,"1.00,1.00",취소
2026-08-06T01:53:33+00:00,2026,89,9155,bs,MLB,언더오버,2,U 7.5,뉴욕메츠,애틀브레,07.29(수) 08:10,"1.00,1.00",취소
2026-08-06T01:53:33+00:00,2026,89,91562026-08-06T09:32:04+00:00,2026,92,0321,bs,MLB,승패,2,,뉴욕양키 2,0 세인카디
2026-08-06T09:32:04+00:00,2026,92,0322,bs,MLB,승①패,3,승①패,뉴욕양키 2,0 세인카디,08.05(수) 08:05,"1.95,3.35,2.95",홈승
2026-08-06T09:32:04+00:00,2026,92,0323,bs,MLB,핸디캡,2,H -2.5,뉴욕양키 -0.5,0 세인카디,08.05(수) 08:05,"2.60,1.33",핸디패
2026-08-06T09:32:04+00:00,2026,92,0324,bs,MLB,언더오버,2,U 8.5,뉴욕양키,세인카디,08.05(수) 08:05,"1.67,1.86",언더
2026-08-06T09:32:04+00:00,2026,92,0325,bs,MLB,홀짝,2,,뉴욕양키,세인카디,08.05(수) 08:05,"1.56,2.02",짝
2026-08-06T09:32:04+00:00,2026,92,0326,bs,MLB,승패,2,,보스레드 14,2 시카화이,08.05(수) 08:10,"1.66,1.87",홈승
2026-08-06T09:32:04+00:00,2026,92,0327,bs,MLB,승①패,3,승①패,보스레드 14,2 시카화이,08.05(수) 08:10,"2.35,3.35,2.35",홈승
2026-08-06T09:32:04+00:00,2026,92,0328,bs,MLB,핸디캡,2,H -2.5,보스레드 11.5,2 시카화이,08.05(수) 08:10,"3.23,1.21",핸디승
2026-08-06T09:32:04+00:00,2026,92,0329,bs,MLB,언더오버,2,U 8.5,보스레드,시카화이,08.05(수) 08:10,"1.85,1.68",오버
2026-08-06T09:32:04+00:00,2026,92,0330,bs,MLB,홀짝,2,,보스레드,시카화이,08.05(수) 08:10,"1.55,2.04",짝
2026-08-06T09:32:04+00:00,2026,92,0331,bs,MLB,승패,2,,애틀브레 4,2 마이말린,08.05(수) 08:15,"1.56,2.02",홈승
2026-08-06T09:32:04+00:00,2026,92,0332,bs,MLB,승①패,3,승①패,애틀브레 4,2 마이말린,08.05(수) 08:15,"2.09,3.50,2.60",홈승
2026-08-06T09:32:04+00:00,2026,92,0333,bs,MLB,핸디캡,2,H -2.5,애틀브레 1.5,2 마이말린,08.05(수) 08:15,"2.92,1.26",핸디패
2026-08-06T09:32:04+00:00,2026,92,0334,bs,MLB,언더오버,2,U 9.5,애틀브레,마이말린,08.05(수) 08:15,"1.66,1.87",언더
2026-08-06T09:32:04+00:00,2026,92,0335,bs,MLB,홀짝,2,,애틀브레,마이말린,08.05(수) 08:15,"1.56,2.02",짝
2026-08-06T09:32:04+00:00,2026,92,0336,bs,MLB,승패,2,,밀워브루 4,2 피츠파이,08.05(수) 08:40,"1.47,2.19",홈승
2026-08-06T09:32:04+00:00,2026,92,0337,bs,MLB,승①패,3,승①패,밀워브루 4,2 피츠파이,08.05(수) 08:40,"1.96,3.40,2.90",홈승
2026-08-06T09:32:04+00:00,2026,92,0338,bs,MLB,핸디캡,2,H -2.5,밀워브루 1.5,2 피츠파이,08.05(수) 08:40,"2.72,1.30",핸디패
2026-08-06T09:32:04+00:00,2026,92,0339,bs,MLB,언더오버,2,U 7.5,밀워브루,피츠파이,08.05(수) 08:40,"1.79,1.73",언더
2026-08-06T09:32:04+00:00,2026,92,0340,bs,MLB,홀짝,2,,밀워브루,피츠파이,08.05(수) 08:40,"1.55,2.04",짝
2026-08-06T09:32:04+00:00,2026,92,0341,bs,MLB,승패,2,,캔자로얄 8,2 미네트윈,08.05(수) 08:40,"2.11,1.51",홈승
2026-08-06T09:32:04+00:00,2026,92,0342,bs,MLB,승①패,3,승①패,캔자로얄 8,2 미네트윈,08.05(수) 08:40,"3.20,3.40,1.84",홈승
2026-08-06T09:32:04+00:00,2026,92,0343,bs,MLB,핸디캡,2,H +2.5,캔자로얄 10.5,2 미네트윈,08.05(수) 08:40,"1.40,2.37",핸디승
2026-08-06T09:32:04+00:00,2026,92,0344,bs,MLB,언더오버,2,U 9.5,캔자로얄,미네트윈,08.05(수) 08:40,"1.65,1.89",오버
2026-08-06T09:32:04+00:00,2026,92,0345,bs,MLB,홀짝,2,,캔자로얄,미네트윈,08.05(수) 08:40,"1.56,2.02",짝
2026-08-06T09:32:04+00:00,2026,92,0346,bs,MLB,승패,2,,텍사레인 5,4 샌프자이,08.05(수) 09:05,"1.36,2.49",홈승
2026-08-06T09:32:04+00:00,2026,92,0347,bs,MLB,승①패,3,승①패,텍사레인 5,4 샌프자이,08.05(수) 09:05,"1.81,3.40,3.30",①
2026-08-06T09:32:04+00:00,2026,92,0348,bs,MLB,핸디캡,2,H -2.5,텍사레인 2.5,4 샌프자이,08.05(수) 09:05,"2.40,1.39",핸디패
2026-08-06T09:32:04+00:00,2026,92,0349,bs,MLB,언더오버,2,U 7.5,텍사레인,샌프자이,08.05(수) 09:05,"1.78,1.74",오버
2026-08-06T09:32:04+00:00,2026,92,0350,bs,MLB,홀짝,2,,텍사레인,샌프자이,08.05(수) 09:05,"1.56,2.02",홀
2026-08-06T09:32:04+00:00,2026,92,0351,bs,MLB,승패,2,,시카컵스 5,1 LA다저스,08.05(수) 09:05,"2.53,1.35",홈승
2026-08-06T09:32:04+00:00,2026,92,0352,bs,MLB,승①패,3,승①패,시카컵스 5,1 LA다저스,08.05(수) 09:05,"4.10,3.55,1.60",홈승
2026-08-06T09:32:04+00:00,2026,92,0353,bs,MLB,핸디캡,2,H +2.5,시카컵스 7.5,1 LA다저스,08.05(수) 09:05,"1.55,2.04",핸디승
2026-08-06T09:32:04+00:00,2026,92,0354,bs,MLB,언더오버,2,U 8.5,시카컵스,LA다저스,08.05(수) 09:05,"1.79,1.73",언더
2026-08-06T09:32:04+00:00,2026,92,0355,bs,MLB,홀짝,2,,시카컵스,LA다저스,08.05(수) 09:05,"1.57,2.00",짝
2026-08-06T09:32:04+00:00,2026,92,0356,bs,MLB,승패,2,,휴스애스 7,2 토론블루,08.05(수) 09:10,"1.64,1.90",홈승
2026-08-06T09:32:04+00:00,2026,92,0357,bs,MLB,승①패,3,승①패,휴스애스 7,2 토론블루,08.05(수) 09:10,"2.31,3.25,2.45",홈승
2026-08-06T09:32:04+00:00,2026,92,0358,bs,MLB,핸디캡,2,H -2.5,휴스애스 4.5,2 토론블루,08.05(수) 09:10,"3.23,1.21",핸디승
2026-08-06T09:32:04+00:00,2026,92,0359,bs,MLB,언더오버,2,U 8.5,휴스애스,토론블루,08.05(수) 09:10,"1.67,1.86",오버
2026-08-06T09:32:04+00:00,2026,92,0360,bs,MLB,홀짝,2,,휴스애스,토론블루,08.05(수) 09:10,"1.55,2.04",홀
2026-08-06T09:32:04+00:00,2026,92,0361,bs,MLB,승패,2,,콜로로키 7,9 탬파레이,08.05(수) 09:40,"2.02,1.56",홈패
2026-08-06T09:32:04+00:00,2026,92,0362,bs,MLB,승①패,3,승①패,콜로로키 7,9 탬파레이,08.05(수) 09:40,"3.00,3.50,1.89",홈패
2026-08-06T09:32:04+00:00,2026,92,0363,bs,MLB,핸디캡,2,H +2.5,콜로로키 9.5,9 탬파레이,08.05(수) 09:40,"1.38,2.43",핸디승
2026-08-06T09:32:04+00:00,2026,92,0364,bs,MLB,언더오버,2,U 11.5,콜로로키,탬파레이,08.05(수) 09:40,"1.66,1.87",오버
2026-08-06T09:32:04+00:00,2026,92,0365,bs,MLB,홀짝,2,,콜로로키,탬파레이,08.05(수) 09:40,"1.56,2.02",짝
2026-08-06T09:32:04+00:00,2026,92,0366,bs,MLB,승패,2,,시애매리 0,8 디트타이,08.05(수) 10:40,"1.61,1.94",홈패
2026-08-06T09:32:04+00:00,2026,92,0367,bs,MLB,승①패,3,승①패,시애매리 0,8 디트타이,08.05(수) 10:40,"2.06,3.40,2.70",홈패
2026-08-06T09:32:04+00:00,2026,92,0368,bs,MLB,핸디캡,2,H -2.5,시애매리 -2.5,8 디트타이,08.05(수) 10:40,"2.68,1.31",핸디패
2026-08-06T09:32:04+00:00,2026,92,0369,bs,MLB,언더오버,2,U 8.5,시애매리,디트타이,08.05(수) 10:40,"1.65,1.89",언더
2026-08-06T09:32:04+00:00,2026,92,0370,bs,MLB,홀짝,2,,시애매리,디트타이,08.05(수) 10:40,"1.55,2.04",짝
2026-08-06T09:32:04+00:00,2026,92,0371,bs,MLB,전반승무패,3,h(전반),시애매리 0,4 디트타이,08.05(수) 10:40,"1.91,5.50,2.25",홈패
2026-08-06T09:32:04+00:00,2026,92,0372,bs,MLB,전반핸디캡,2,h H -1.5,시애매리 -1.5,4 디트타이,08.05(수) 10:40,"2.68,1.31",핸디패
2026-08-06T09:32:04+00:00,2026,92,0373,bs,MLB,전반언더오버,2,h U 4.5,시애매리,디트타이,08.05(수) 10:40,"1.72,1.80",언더
2026-08-06T09:32:04+00:00,2026,92,0374,bs,MLB,승패,2,,애리다이 4,9 샌디파드,08.05(수) 10:40,"1.57,2.00",홈패
2026-08-06T09:32:04+00:00,2026,92,0375,bs,MLB,승①패,3,승①패,애리다이 4,9 샌디파드,08.05(수) 10:40,"2.14,3.45,2.55",홈패
2026-08-06T09:32:04+00:00,2026,92,0376,bs,MLB,핸디캡,2,H -2.5,애리다이 1.5,9 샌디파드,08.05(수) 10:40,"3.09,1.23",핸디패
2026-08-06T09:32:04+00:00,2026,92,0377,bs,MLB,언더오버,2,U 8.5,애리다이,샌디파드,08.05(수) 10:40,"1.85,1.68",오버
2026-08-06T09:32:04+00:00,2026,92,0378,bs,MLB,홀짝,2,,애리다이,샌디파드,08.05(수) 10:40,"1.55,2.04",홀
2026-08-06T09:32:04+00:00,2026,92,0379,bs,NPB,승패,2,,요코베이 11,7 한신,08.05(수) 17:45,"2.13,1.50",홈승
2026-08-06T09:32:04+00:00,2026,92,0380,bs,NPB,승①패,3,승①패,요코베이 11,7 한신,08.05(수) 17:45,"3.50,2.65,2.06",홈승
2026-08-06T09:32:04+00:00,2026,92,0381,bs,NPB,핸디캡,2,H +2.5,요코베이 13.5,7 한신,08.05(수) 17:45,"1.27,2.87",핸디승
2026-08-06T09:32:04+00:00,2026,92,0382,bs,NPB,언더오버,2,U 6.5,요코베이,한신,08.05(수) 17:45,"1.69,1.84",오버
2026-08-06T09:32:04+00:00,2026,92,0383,bs,NPB,홀짝,2,,요코베이,한신,08.05(수) 17:45,"1.61,1.94",짝
2026-08-06T09:32:04+00:00,2026,92,0384,bs,NPB,승패,2,,주니치 4,1 야쿠르트,08.05(수) 18:00,"1.68,1.85",홈승
2026-08-06T09:32:04+00:00,2026,92,0385,bs,NPB,승①패,3,승①패,주니치 4,1 야쿠르트,08.05(수) 18:00,"2.53,2.65,2.65",홈승
2026-08-06T09:32:04+00:00,2026,92,0386,bs,NPB,핸디캡,2,H -2.5,주니치 1.5,1 야쿠르트,08.05(수) 18:00,"3.38,1.19",핸디승
2026-08-06T09:32:04+00:00,2026,92,0387,bs,NPB,언더오버,2,U 6.5,주니치,야쿠르트,08.05(수) 18:00,"1.87,1.66",언더
2026-08-06T09:32:04+00:00,2026,92,0388,bs,NPB,홀짝,2,,주니치,야쿠르트,08.05(수) 18:00,"1.61,1.94",홀
2026-08-06T09:32:04+00:00,2026,92,0389,bs,NPB,승패,2,,히로카프 0,4 요미우리,08.05(수) 18:00,"2.00,1.57",홈패
2026-08-06T09:32:04+00:00,2026,92,0390,bs,NPB,승①패,3,승①패,히로카프 0,4 요미우리,08.05(수) 18:00,"3.30,2.65,2.13",홈패
2026-08-06T09:32:04+00:00,2026,92,0391,bs,NPB,핸디캡,2,H +2.5,히로카프 2.5,4 요미우리,08.05(수) 18:00,"1.23,3.09",핸디패
2026-08-06T09:32:04+00:00,2026,92,0392,bs,NPB,언더오버,2,U 6.5,히로카프,요미우리,08.05(수) 18:00,"1.68,1.85",언더
2026-08-06T09:32:04+00:00,2026,92,0393,bs,NPB,홀짝,2,,히로카프,요미우리,08.05(수) 18:00,"1.61,1.94",짝
2026-08-06T09:32:04+00:00,2026,92,0394,bs,NPB,승패,2,,지바롯데 8,0 세이부,08.05(수) 18:00,"1.89,1.65",홈승
2026-08-06T09:32:04+00:00,2026,92,0395,bs,NPB,승①패,3,승①패,지바롯데 8,0 세이부,08.05(수) 18:00,"2.90,2.75,2.27",홈승
2026-08-06T09:32:04+00:00,2026,92,0396,bs,NPB,핸디캡,2,H +2.5,지바롯데 10.5,0 세이부,08.05(수) 18:00,"1.22,3.16",핸디승
2026-08-06T09:32:04+00:00,2026,92,0397,bs,NPB,언더오버,2,U 7.5,지바롯데,세이부,08.05(수) 18:00,"1.80,1.72",오버
2026-08-06T09:32:04+00:00,2026,92,0398,bs,NPB,홀짝,2,,지바롯데,세이부,08.05(수) 18:00,"1.61,1.94",짝
2026-08-06T09:32:04+00:00,2026,92,0399,bs,NPB,승패,2,,오릭스 3,1 라쿠텐,08.05(수) 18:00,"1.44,2.26",홈승
2026-08-06T09:32:04+00:00,2026,92,0400,bs,NPB,승①패,3,승①패,오릭스 3,1 라쿠텐,08.05(수) 18:00,"2.06,2.85,3.20",홈승
2026-08-06T09:32:04+00:00,2026,92,0401,bs,NPB,핸디캡,2,H -2.5,오릭스 0.5,1 라쿠텐,08.05(수) 18:00,"2.72,1.30",핸디패
2026-08-06T09:32:04+00:00,2026,92,0402,bs,NPB,언더오버,2,U 7.5,오릭스,라쿠텐,08.05(수) 18:00,"1.70,1.82",언더
2026-08-06T09:32:04+00:00,2026,92,0403,bs,NPB,홀짝,2,,오릭스,라쿠텐,08.05(수) 18:00,"1.61,1.94",짝
2026-08-06T09:32:04+00:00,2026,92,0404,bs,NPB,승패,2,,소프트뱅 7,5 닛폰햄,08.05(수) 18:00,"1.60,1.96",홈승
2026-08-06T09:32:04+00:00,2026,92,0405,bs,NPB,승①패,3,승①패,소프트뱅 7,5 닛폰햄,08.05(수) 18:00,"2.42,2.55,2.90",홈승
2026-08-06T09:32:04+00:00,2026,92,0406,bs,NPB,핸디캡,2,H -2.5,소프트뱅 4.5,5 닛폰햄,08.05(수) 18:00,"3.30,1.20",핸디패
2026-08-06T09:32:04+00:00,2026,92,0407,bs,NPB,언더오버,2,U 6.5,소프트뱅,닛폰햄,08.05(수) 18:00,"1.75,1.77",오버
2026-08-06T09:32:04+00:00,2026,92,0408,bs,NPB,홀짝,2,,소프트뱅,닛폰햄,08.05(수) 18:00,"1.61,1.94",짝
2026-08-06T09:32:04+00:00,2026,92,0409,bs,KBO,승패,2,,두산,NC,08.05(수) 18:30,"1.00,1.00",취소
2026-08-06T09:32:04+00:00,2026,92,0410,bs,KBO,승①패,3,승①패,두산,NC,08.05(수) 18:30,"1.00,1.00,1.00",취소
2026-08-06T09:32:04+00:00,2026,92,0411,bs,KBO,핸디캡,2,H +2.5,두산,NC,08.05(수) 18:30,"1.00,1.00",취소
2026-08-06T09:32:04+00:00,2026,92,0412,bs,KBO,언더오버,2,U 7.5,두산,NC,08.05(수) 18:30,"1.00,1.00",취소
2026-08-06T09:32:04+00:00,2026,92,0413,bs,KBO,홀짝,2,,두산,NC,08.05(수) 18:30,"1.00,1.00",취소
2026-08-06T09:32:04+00:00,2026,92,0414,bs,KBO,전반승무패,3,h(전반),두산,NC,08.05(수) 18:30,"1.00,1.00,1.00",취소
2026-08-06T09:32:04+00:00,2026,92,0415,bs,KBO,전반핸디캡,2,h H +1.5,두산,NC,08.05(수) 18:30,"1.00,1.00",취소
2026-08-06T09:32:04+00:00,2026,92,0416,bs,KBO,전반언더오버,2,h U 4.5,두산,NC,08.05(수) 18:30,"1.00,1.00",취소
2026-08-06T09:32:04+00:00,2026,92,0417,bs,KBO,승패,2,,삼성,한화,08.05(수) 18:30,"1.00,1.00",취소
2026-08-06T09:32:04+00:00,2026,92,0418,bs,KBO,승①패,3,승①패,삼성,한화,08.05(수) 18:30,"1.00,1.00,1.00",취소
2026-08-06T09:32:04+00:00,2026,92,0419,bs,KBO,핸디캡,2,H -2.5,삼성,한화,08.05(수) 18:30,"1.00,1.00",취소
2026-08-06T09:32:04+00:00,2026,92,0420,bs,KBO,언더오버,2,U 11.5,삼성,한화,08.05(수) 18:30,"1.00,1.00",취소
2026-08-06T09:32:04+00:00,2026,92,0421,bs,KBO,홀짝,2,,삼성,한화,08.05(수) 18:30,"1.00,1.00",취소
2026-08-06T09:32:04+00:00,2026,92,0422,bs,KBO,전반승무패,3,h(전반),삼성,한화,08.05(수) 18:30,"1.00,1.00,1.00",취소
2026-08-06T09:32:04+00:00,2026,92,0423,bs,KBO,전반핸디캡,2,h H -1.5,삼성,한화,08.05(수) 18:30,"1.00,1.00",취소
2026-08-06T09:32:04+00:00,2026,92,0424,bs,KBO,전반언더오버,2,h U 6.5,삼성,한화,08.05(수) 18:30,"1.00,1.00",취소
2026-08-06T09:32:04+00:00,2026,92,0425,bs,KBO,승패,2,,롯데,키움,08.05(수) 18:30,"1.00,1.00",취소
2026-08-06T09:32:04+00:00,2026,92,0426,bs,KBO,승①패,3,승①패,롯데,키움,08.05(수) 18:30,"1.00,1.00,1.00",취소
2026-08-06T09:32:04+00:00,2026,92,0427,bs,KBO,핸디캡,2,H +2.5,롯데,키움,08.05(수) 18:30,"1.00,1.00",취소
2026-08-06T09:32:04+00:00,2026,92,0428,bs,KBO,언더오버,2,U 9.5,롯데,키움,08.05(수) 18:30,"1.00,1.00",취소
2026-08-06T09:32:04+00:00,2026,92,0429,bs,KBO,홀짝,2,,롯데,키움,08.05(수) 18:30,"1.00,1.00",취소
2026-08-06T09:32:04+00:00,2026,92,0430,bs,KBO,전반승무패,3,h(전반),롯데,키움,08.05(수) 18:30,"1.00,1.00,1.00",취소
2026-08-06T09:32:04+00:00,2026,92,0431,bs,KBO,전반핸디캡,2,h H +1.5,롯데,키움,08.05(수) 18:30,"1.00,1.00",취소
2026-08-06T09:32:04+00:00,2026,92,0432,bs,KBO,전반언더오버,2,h U 5.5,롯데,키움,08.05(수) 18:30,"1.00,1.00",취소
2026-08-06T09:32:04+00:00,2026,92,0433,bs,KBO,승패,2,,SSG,LG,08.05(수) 18:30,"1.00,1.00",취소
2026-08-06T09:32:04+00:00,2026,92,0434,bs,KBO,승①패,3,승①패,SSG,LG,08.05(수) 18:30,"1.00,1.00,1.00",취소
2026-08-06T09:32:04+00:00,2026,92,0435,bs,KBO,핸디캡,2,H +2.5,SSG,LG,08.05(수) 18:30,"1.00,1.00",취소
2026-08-06T09:32:04+00:00,2026,92,0436,bs,KBO,언더오버,2,U 9.5,SSG,LG,08.05(수) 18:30,"1.00,1.00",취소
2026-08-06T09:32:04+00:00,2026,92,0437,bs,KBO,홀짝,2,,SSG,LG,08.05(수) 18:30,"1.00,1.00",취소
2026-08-06T09:32:04+00:00,2026,92,0438,bs,KBO,전반승무패,3,h(전반),SSG,LG,08.05(수) 18:30,"1.00,1.00,1.00",취소
2026-08-06T09:32:04+00:00,2026,92,0439,bs,KBO,전반핸디캡,2,h H +1.5,SSG,LG,08.05(수) 18:30,"1.00,1.00",취소
2026-08-06T09:32:04+00:00,2026,92,0440,bs,KBO,전반언더오버,2,h U 5.5,SSG,LG,08.05(수) 18:30,"1.00,1.00",취소
2026-08-06T09:32:04+00:00,2026,92,0441,bs,KBO,승패,2,,KIA,KT,08.05(수) 18:30,"1.00,1.00",취소
2026-08-06T09:32:04+00:00,2026,92,0442,bs,KBO,승①패,3,승①패,KIA,KT,08.05(수) 18:30,"1.00,1.00,1.00",취소
2026-08-06T09:32:04+00:00,2026,92,0443,bs,KBO,핸디캡,2,H -2.5,KIA,KT,08.05(수) 18:30,"1.00,1.00",취소
2026-08-06T09:32:04+00:00,2026,92,0444,bs,KBO,언더오버,2,U 8.5,KIA,KT,08.05(수) 18:30,"1.00,1.00",취소
2026-08-06T09:32:04+00:00,2026,92,0445,bs,KBO,홀짝,2,,KIA,KT,08.05(수) 18:30,"1.00,1.00",취소
2026-08-06T09:32:04+00:00,2026,92,0446,bs,KBO,전반승무패,3,h(전반),KIA,KT,08.05(수) 18:30,"1.00,1.00,1.00",취소
2026-08-06T09:32:04+00:00,2026,92,0447,bs,KBO,전반핸디캡,2,h H -1.5,KIA,KT,08.05(수) 18:30,"1.00,1.00",취소
2026-08-06T09:32:04+00:00,2026,92,0448,bs,KBO,전반언더오버,2,h U 4.5,KIA,KT,08.05(수) 18:30,"1.00,1.00",취소
2026-08-06T09:32:04+00:00,2026,92,0449,sc,축클럽친,승무패,3,,팀K리그 1,3 맨체스C,08.05(수) 20:00,"5.70,5.20,1.28",홈패
2026-08-06T09:32:04+00:00,2026,92,0450,sc,축클럽친,핸디캡,3,H +1.0,팀K리그 2,3 맨체스C,08.05(수) 20:00,"3.00,4.40,1.70",핸디패
2026-08-06T09:32:04+00:00,2026,92,0451,sc,축클럽친,언더오버,2,U 4.5,팀K리그,맨체스C,08.05(수) 20:00,"1.84,1.69",언더
2026-08-06T09:32:04+00:00,2026,92,0452,sc,축클럽친,홀짝,2,,팀K리그,맨체스C,08.05(수) 20:00,"1.76,1.76",짝
2026-08-06T09:32:04+00:00,2026,92,0453,sc,축클럽친,승무패,3,,첼시 0,1 유벤투스,08.05(수) 20:30,"2.18,3.35,2.55",홈패
2026-08-06T09:32:04+00:00,2026,92,0454,sc,축클럽친,핸디캡,3,H -1.0,첼시 -1,1 유벤투스,08.05(수) 20:30,"4.10,3.50,1.61",핸디패
2026-08-06T09:32:04+00:00,2026,92,0455,sc,축클럽친,언더오버,2,U 3.5,첼시,유벤투스,08.05(수) 20:30,"1.54,2.05",언더
2026-08-06T09:32:04+00:00,2026,92,0456,sc,축클럽친,홀짝,2,,첼시,유벤투스,08.05(수) 20:30,"1.76,1.76",홀
2026-08-06T09:32:04+00:00,2026,92,0457,sc,UCL,승무패,3,,페네르SK 2,0 S그라츠,08.06(목) 03:00,"1.33,4.05,6.60",홈승
2026-08-06T09:32:04+00:00,2026,92,0458,sc,UCL,핸디캡,3,H -1.0,페네르SK 1,0 S그라츠,08.06(목) 03:00,"1.98,3.15,3.05",핸디승
2026-08-06T09:32:04+00:00,2026,92,0459,sc,UCL,핸디캡,3,H -2.0,페네르SK 0,0 S그라츠,08.06(목) 03:00,"3.30,3.60,1.76",핸디무
2026-08-06T09:32:04+00:00,2026,92,0460,sc,UCL,언더오버,2,U 2.5,페네르SK,S그라츠,08.06(목) 03:00,"2.17,1.48",언더
2026-08-06T09:32:04+00:00,2026,92,0461,sc,UCL,홀짝,2,,페네르SK,S그라츠,08.06(목) 03:00,"1.76,1.76",짝
2026-08-06T09:32:04+00:00,2026,92,0462,sc,UCL,전반승무패,3,h(전반),페네르SK 2,0 S그라츠,08.06(목) 03:00,"1.72,2.40,6.60",홈승
2026-08-06T09:32:04+00:00,2026,92,0463,sc,UCL,전반핸디캡,3,h H -1.0,페네르SK 1,0 S그라츠,08.06(목) 03:00,"3.85,2.95,1.82",핸디승
2026-08-06T09:32:04+00:00,2026,92,0464,sc,UCL,전반언더오버,2,h U 1.5,페네르SK,S그라츠,08.06(목) 03:00,"1.45,2.24",오버
2026-08-06T09:32:04+00:00,2026,92,0489,bs,MLB,승패,2,,휴스애스 4,5 토론블루,08.06(목) 03:10,"1.49,2.15",홈패
2026-08-06T09:32:04+00:00,2026,92,0490,bs,MLB,승①패,3,승①패,휴스애스 4,5 토론블루,08.06(목) 03:10,"2.03,3.35,2.80",①
2026-08-06T09:32:04+00:00,2026,92,0491,bs,MLB,핸디캡,2,H -2.5,휴스애스 1.5,5 토론블루,08.06(목) 03:10,"2.72,1.30",핸디패
2026-08-06T09:32:04+00:00,2026,92,0492,bs,MLB,언더오버,2,U 8.5,휴스애스,토론블루,08.06(목) 03:10,"1.67,1.86",오버
2026-08-06T09:32:04+00:00,2026,92,0493,bs,MLB,홀짝,2,,휴스애스,토론블루,08.06(목) 03:10,"1.55,2.04",홀
2026-08-06T09:32:04+00:00,2026,92,0494,bs,MLB,승패,2,,시카컵스 7,6 LA다저스,08.06(목) 03:20,"1.68,1.85",홈승
2026-08-06T09:32:04+00:00,2026,92,0495,bs,MLB,승①패,3,승①패,시카컵스 7,6 LA다저스,08.06(목) 03:20,"2.35,3.40,2.33",①
2026-08-06T09:32:04+00:00,2026,92,0496,bs,MLB,핸디캡,2,H -2.5,시카컵스 4.5,6 LA다저스,08.06(목) 03:20,"3.23,1.21",핸디패
2026-08-06T09:32:04+00:00,2026,92,0497,bs,MLB,언더오버,2,U 9.5,시카컵스,LA다저스,08.06(목) 03:20,"1.70,1.82",오버
2026-08-06T09:32:04+00:00,2026,92,0498,bs,MLB,홀짝,2,,시카컵스,LA다저스,08.06(목) 03:20,"1.56,2.02",홀
2026-08-06T09:32:04+00:00,2026,92,0499,sc,축클럽친,승무패,3,,아스널 1,3 베티스,08.06(목) 03:30,"1.52,3.75,4.45",홈패
2026-08-06T09:32:04+00:00,2026,92,0500,sc,축클럽친,핸디캡,3,H -1.0,아스널 0,3 베티스,08.06(목) 03:30,"2.60,3.30,2.17",핸디패
2026-08-06T09:32:04+00:00,2026,92,0501,sc,축클럽친,언더오버,2,U 2.5,아스널,베티스,08.06(목) 03:30,"2.19,1.47",오버
2026-08-06T09:32:04+00:00,2026,92,0502,sc,축클럽친,홀짝,2,,아스널,베티스,08.06(목) 03:30,"1.76,1.76",짝
2026-08-06T09:32:04+00:00,2026,92,0503,bs,MLB,승패,2,,텍사레인 6,0 샌프자이,08.06(목) 03:35,"1.36,2.49",홈승
2026-08-06T09:32:04+00:00,2026,92,0504,bs,MLB,승①패,3,승①패,텍사레인 6,0 샌프자이,08.06(목) 03:35,"1.80,3.45,3.30",홈승
2026-08-06T09:32:04+00:00,2026,92,0505,bs,MLB,핸디캡,2,H -2.5,텍사레인 3.5,0 샌프자이,08.06(목) 03:35,"2.37,1.40",핸디승
2026-08-06T09:32:04+00:00,2026,92,0506,bs,MLB,언더오버,2,U 8.5,텍사레인,샌프자이,08.06(목) 03:35,"1.66,1.87",언더
2026-08-06T09:32:04+00:00,2026,92,0507,bs,MLB,홀짝,2,,텍사레인,샌프자이,08.06(목) 03:35,"1.56,2.02",짝
2026-08-06T09:32:04+00:00,2026,92,0508,bs,MLB,승패,2,,콜로로키 0,4 탬파레이,08.06(목) 04:10,"2.24,1.45",홈패
2026-08-06T09:32:04+00:00,2026,92,0509,bs,MLB,승①패,3,승①패,콜로로키 0,4 탬파레이,08.06(목) 04:10,"3.45,3.55,1.73",홈패
2026-08-06T09:32:04+00:00,2026,92,0510,bs,MLB,핸디캡,2,H +2.5,콜로로키 2.5,4 탬파레이,08.06(목) 04:10,"1.47,2.19",핸디패
2026-08-06T09:32:04+00:00,2026,92,0511,bs,MLB,언더오버,2,U 11.5,콜로로키,탬파레이,08.06(목) 04:10,"1.73,1.79",언더
2026-08-06T09:32:04+00:00,2026,92,0512,bs,MLB,홀짝,2,,콜로로키,탬파레이,08.06(목) 04:10,"1.57,2.00",짝
2026-08-06T09:32:04+00:00,2026,92,0513,bs,MLB,승패,2,,볼티오리 5,2 LA에인절,08.06(목) 07:35,"1.55,2.04",홈승
2026-08-06T09:32:04+00:00,2026,92,0514,bs,MLB,승①패,3,승①패,볼티오리 5,2 LA에인절,08.06(목) 07:35,"2.15,3.25,2.65",홈승
2026-08-06T09:32:04+00:00,2026,92,0515,bs,MLB,핸디캡,2,H -2.5,볼티오리 2.5,2 LA에인절,08.06(목) 07:35,"2.92,1.26",핸디승
2026-08-06T09:32:04+00:00,2026,92,0516,bs,MLB,언더오버,2,U 8.5,볼티오리,LA에인절,08.06(목) 07:35,"1.67,1.86",언더
2026-08-06T09:32:04+00:00,2026,92,0517,bs,MLB,홀짝,2,,볼티오리,LA에인절,08.06(목) 07:35,"1.55,2.04",홀
2026-08-06T09:32:04+00:00,2026,92,0518,bs,MLB,승패,2,,필라필리 4,10 워싱내셔,08.06(목) 07:40,"1.45,2.24",홈패
2026-08-06T09:32:04+00:00,2026,92,0519,bs,MLB,승①패,3,승①패,필라필리 4,10 워싱내셔,08.06(목) 07:40,"1.94,3.45,2.90",홈패
2026-08-06T09:32:04+00:00,2026,92,0520,bs,MLB,핸디캡,2,H -2.5,필라필리 1.5,10 워싱내셔,08.06(목) 07:40,"2.56,1.34",핸디패
2026-08-06T09:32:04+00:00,2026,92,0521,bs,MLB,언더오버,2,U 9.5,필라필리,워싱내셔,08.06(목) 07:40,"1.73,1.79",오버
2026-08-06T09:32:04+00:00,2026,92,0522,bs,MLB,홀짝,2,,필라필리,워싱내셔,08.06(목) 07:40,"1.56,2.02",짝
2026-08-06T09:32:04+00:00,2026,92,0523,bs,MLB,승패,2,,클리가디 5,6 뉴욕메츠,08.06(목) 07:40,"1.81,1.71",홈패
2026-08-06T09:32:04+00:00,2026,92,0524,bs,MLB,승①패,3,승①패,클리가디 5,6 뉴욕메츠,08.06(목) 07:40,"2.65,3.25,2.15",①
2026-08-06T09:32:04+00:00,2026,92,0525,bs,MLB,핸디캡,2,H +2.5,클리가디 7.5,6 뉴욕메츠,08.06(목) 07:40,"1.27,2.87",핸디승
2026-08-06T09:32:04+00:00,2026,92,0526,bs,MLB,언더오버,2,U 8.5,클리가디,뉴욕메츠,08.06(목) 07:40,"1.75,1.77",오버
2026-08-06T09:32:04+00:00,2026,92,0527,bs,MLB,홀짝,2,,클리가디,뉴욕메츠,08.06(목) 07:40,"1.55,2.04",홀
2026-08-06T09:32:04+00:00,2026,92,0528,bs,MLB,승패,2,,신시레즈 3,2 애슬레틱,08.06(목) 07:40,"1.55,2.04",홈승
2026-08-06T09:32:04+00:00,2026,92,0529,bs,MLB,승①패,3,승①패,신시레즈 3,2 애슬레틱,08.06(목) 07:40,"2.12,3.40,2.60",①
2026-08-06T09:32:04+00:00,2026,92,0530,bs,MLB,핸디캡,2,H -2.5,신시레즈 0.5,2 애슬레틱,08.06(목) 07:40,"2.82,1.28",핸디패
2026-08-06T09:32:04+00:00,2026,92,0531,bs,MLB,언더오버,2,U 9.5,신시레즈,애슬레틱,08.06(목) 07:40,"1.80,1.72",언더
2026-08-06T09:32:04+00:00,2026,92,0532,bs,MLB,홀짝,2,,신시레즈,애슬레틱,08.06(목) 07:40,"1.56,2.02",홀
2026-08-06T09:32:04+00:00,2026,92,0533,bs,MLB,승패,2,,뉴욕양키 1,3 세인카디,08.06(목) 08:05,"1.48,2.17",홈패
2026-08-06T09:32:04+00:00,2026,92,0534,bs,MLB,승①패,3,승①패,뉴욕양키 1,3 세인카디,08.06(목) 08:05,"2.01,3.40,2.80",홈패
2026-08-06T09:32:04+00:00,2026,92,0535,bs,MLB,핸디캡,2,H -2.5,뉴욕양키 -1.5,3 세인카디,08.06(목) 08:05,"2.68,1.31",핸디패
2026-08-06T09:32:04+00:00,2026,92,0536,bs,MLB,언더오버,2,U 8.5,뉴욕양키,세인카디,08.06(목) 08:05,"1.82,1.70",언더
2026-08-06T09:32:04+00:00,2026,92,0537,bs,MLB,홀짝,2,,뉴욕양키,세인카디,08.06(목) 08:05,"1.56,2.02",짝
2026-08-06T09:32:04+00:00,2026,92,0538,bs,MLB,승패,2,,보스레드 4,0 시카화이,08.06(목) 08:10,"1.64,1.90",홈승
2026-08-06T09:32:04+00:00,2026,92,0539,bs,MLB,승①패,3,승①패,보스레드 4,0 시카화이,08.06(목) 08:10,"2.26,3.35,2.45",홈승
2026-08-06T09:32:04+00:00,2026,92,0540,bs,MLB,핸디캡,2,H -2.5,보스레드 1.5,0 시카화이,08.06(목) 08:10,"3.16,1.22",핸디승
2026-08-06T09:32:04+00:00,2026,92,0541,bs,MLB,언더오버,2,U 8.5,보스레드,시카화이,08.06(목) 08:10,"1.74,1.78",언더
2026-08-06T09:32:04+00:00,2026,92,0542,bs,MLB,홀짝,2,,보스레드,시카화이,08.06(목) 08:10,"1.55,2.04",짝
2026-08-06T09:32:04+00:00,2026,92,0543,bs,MLB,승패,2,,애틀브레 4,1 마이말린,08.06(목) 08:15,"1.66,1.87",홈승
2026-08-06T09:32:04+00:00,2026,92,0544,bs,MLB,승①패,3,승①패,애틀브레 4,1 마이말린,08.06(목) 08:15,"2.28,3.40,2.40",홈승
2026-08-06T09:32:04+00:00,2026,92,0545,bs,MLB,핸디캡,2,H -2.5,애틀브레 1.5,1 마이말린,08.06(목) 08:15,"3.23,1.21",핸디승
2026-08-06T09:32:04+00:00,2026,92,0546,bs,MLB,언더오버,2,U 8.5,애틀브레,마이말린,08.06(목) 08:15,"1.81,1.71",언더
2026-08-06T09:32:04+00:00,2026,92,0547,bs,MLB,홀짝,2,,애틀브레,마이말린,08.06(목) 08:15,"1.55,2.04",홀
2026-08-06T09:32:04+00:00,2026,92,0548,bs,MLB,승패,2,,밀워브루 4,2 피츠파이,08.06(목) 08:40,"1.60,1.96",홈승
2026-08-06T09:32:04+00:00,2026,92,0549,bs,MLB,승①패,3,승①패,밀워브루 4,2 피츠파이,08.06(목) 08:40,"2.27,3.15,2.55",홈승
2026-08-06T09:32:04+00:00,2026,92,0550,bs,MLB,핸디캡,2,H -2.5,밀워브루 1.5,2 피츠파이,08.06(목) 08:40,"3.16,1.22",핸디패
2026-08-06T09:32:04+00:00,2026,92,0551,bs,MLB,언더오버,2,U 7.5,밀워브루,피츠파이,08.06(목) 08:40,"1.65,1.89",언더
2026-08-06T09:32:04+00:00,2026,92,0552,bs,MLB,홀짝,2,,밀워브루,피츠파이,08.06(목) 08:40,"1.54,2.05",짝
2026-08-06T09:32:04+00:00,2026,92,0553,bs,MLB,승패,2,,캔자로얄 2,1 미네트윈,08.06(목) 08:40,"1.75,1.77",홈승
2026-08-06T09:32:04+00:00,2026,92,0554,bs,MLB,승①패,3,승①패,캔자로얄 2,1 미네트윈,08.06(목) 08:40,"2.50,3.35,2.22",①
2026-08-06T09:32:04+00:00,2026,92,0555,bs,MLB,핸디캡,2,H -2.5,캔자로얄 -0.5,1 미네트윈,08.06(목) 08:40,"3.46,1.18",핸디패
2026-08-06T09:32:04+00:00,2026,92,0556,bs,MLB,언더오버,2,U 9.5,캔자로얄,미네트윈,08.06(목) 08:40,"1.66,1.87",언더
2026-08-06T09:32:04+00:00,2026,92,0557,bs,MLB,홀짝,2,,캔자로얄,미네트윈,08.06(목) 08:40,"1.55,2.04",홀
2026-08-06T09:32:04+00:00,2026,92,0558,bs,MLB,승패,2,,시애매리 4,2 디트타이,08.06(목) 10:40,"1.53,2.07",홈승
2026-08-06T09:32:04+00:00,2026,92,0559,bs,MLB,승①패,3,승①패,시애매리 4,2 디트타이,08.06(목) 10:40,"2.08,3.35,2.70",홈승
2026-08-06T09:32:04+00:00,2026,92,0560,bs,MLB,핸디캡,2,H -2.5,시애매리 1.5,2 디트타이,08.06(목) 10:40,"2.77,1.29",핸디패
2026-08-06T09:32:04+00:00,2026,92,0561,bs,MLB,언더오버,2,U 8.5,시애매리,디트타이,08.06(목) 10:40,"1.72,1.80",언더
2026-08-06T09:32:04+00:00,2026,92,0562,bs,MLB,홀짝,2,,시애매리,디트타이,08.06(목) 10:40,"1.55,2.04",짝
2026-08-06T09:32:04+00:00,2026,92,0563,bs,MLB,전반승무패,3,h(전반),시애매리 0,0 디트타이,08.06(목) 10:40,"1.83,5.40,2.40",무승부
2026-08-06T09:32:04+00:00,2026,92,0564,bs,MLB,전반핸디캡,2,h H -1.5,시애매리 -1.5,0 디트타이,08.06(목) 10:40,"2.53,1.35",핸디패
2026-08-06T09:32:04+00:00,2026,92,0565,bs,MLB,전반언더오버,2,h U 4.5,시애매리,디트타이,08.06(목) 10:40,"1.67,1.86",언더
2026-08-06T09:32:04+00:00,2026,92,0566,bs,MLB,승패,2,,애리다이 10,4 샌디파드,08.06(목) 10:40,"1.87,1.66",홈승
2026-08-06T09:32:04+00:00,2026,92,0567,bs,MLB,승①패,3,승①패,애리다이 10,4 샌디파드,08.06(목) 10:40,"2.65,3.45,2.07",홈승
2026-08-06T09:32:04+00:00,2026,92,0568,bs,MLB,핸디캡,2,H +2.5,애리다이 12.5,4 샌디파드,08.06(목) 10:40,"1.32,2.64",핸디승
2026-08-06T09:32:04+00:00,2026,92,0569,bs,MLB,언더오버,2,U 9.5,애리다이,샌디파드,08.06(목) 10:40,"1.60,1.96",오버
2026-08-06T09:32:04+00:00,2026,92,0570,bs,MLB,홀짝,2,,애리다이,샌디파드,08.06(목) 10:40,"1.55,2.04",짝
2026-08-06T09:32:04+00:00,2026,92,0571,bs,NPB,승패,2,,요코베이 0,8 한신,08.06(목) 17:45,"1.89,1.65",2회말
2026-08-06T09:32:04+00:00,2026,92,0572,bs,NPB,승①패,3,승①패,요코베이 0,8 한신,08.06(목) 17:45,"3.05,2.80,2.15",2회말
2026-08-06T09:32:04+00:00,2026,92,0573,bs,NPB,핸디캡,2,H +2.5,요코베이 2.5,8 한신,08.06(목) 17:45,"1.31,2.68",2회말
2026-08-06T09:32:04+00:00,2026,92,0574,bs,NPB,언더오버,2,U 7.5,요코베이,한신,08.06(목) 17:45,"1.86,1.67",2회말
2026-08-06T09:32:04+00:00,2026,92,0575,bs,NPB,홀짝,2,,요코베이,한신,08.06(목) 17:45,"1.61,1.94",2회말
2026-08-06T09:32:04+00:00,2026,92,0576,bs,NPB,승패,2,,주니치 0,0 야쿠르트,08.06(목) 18:00,"1.48,2.17",2회초
2026-08-06T09:32:04+00:00,2026,92,0577,bs,NPB,승①패,3,승①패,주니치 0,0 야쿠르트,08.06(목) 18:00,"2.22,2.65,3.10",2회초
2026-08-06T09:32:04+00:00,2026,92,0578,bs,NPB,핸디캡,2,H -2.5,주니치 -2.5,0 야쿠르트,08.06(목) 18:00,"2.97,1.25",2회초
2026-08-06T09:32:04+00:00,2026,92,0579,bs,NPB,언더오버,2,U 6.5,주니치,야쿠르트,08.06(목) 18:00,"1.74,1.78",2회초
2026-08-06T09:32:04+00:00,2026,92,0580,bs,NPB,홀짝,2,,주니치,야쿠르트,08.06(목) 18:00,"1.61,1.94",2회초
2026-08-06T09:32:04+00:00,2026,92,0581,bs,NPB,승패,2,,히로카프 3,2 요미우리,08.06(목) 18:00,"1.73,1.79",1회말
2026-08-06T09:32:04+00:00,2026,92,0582,bs,NPB,승①패,3,승①패,히로카프 3,2 요미우리,08.06(목) 18:00,"2.54,2.75,2.55",1회말
2026-08-06T09:32:04+00:00,2026,92,0583,bs,NPB,핸디캡,2,H -2.5,히로카프 0.5,2 요미우리,08.06(목) 18:00,"3.38,1.19",1회말
2026-08-06T09:32:04+00:00,2026,92,0584,bs,NPB,언더오버,2,U 6.5,히로카프,요미우리,08.06(목) 18:00,"1.99,1.58",1회말
2026-08-06T09:32:04+00:00,2026,92,0585,bs,NPB,홀짝,2,,히로카프,요미우리,08.06(목) 18:00,"1.61,1.94",1회말
2026-08-06T09:32:04+00:00,2026,92,0586,bs,NPB,승패,2,,오릭스 0,2 라쿠텐,08.06(목) 18:00,"1.65,1.89",3회초
2026-08-06T09:32:04+00:00,2026,92,0587,bs,NPB,승①패,3,승①패,오릭스 0,2 라쿠텐,08.06(목) 18:00,"2.54,2.70,2.60",3회초
2026-08-06T09:32:04+00:00,2026,92,0588,bs,NPB,핸디캡,2,H -2.5,오릭스 -2.5,2 라쿠텐,08.06(목) 18:00,"3.46,1.18",3회초
2026-08-06T09:32:04+00:00,2026,92,0589,bs,NPB,언더오버,2,U 6.5,오릭스,라쿠텐,08.06(목) 18:00,"1.99,1.58",3회초
2026-08-06T09:32:04+00:00,2026,92,0590,bs,NPB,홀짝,2,,오릭스,라쿠텐,08.06(목) 18:00,"1.61,1.94",3회초
2026-08-06T09:32:04+00:00,2026,92,0591,bs,NPB,승패,2,,소프트뱅 0,0 닛폰햄,08.06(목) 18:00,"1.63,1.91",2회말
2026-08-06T09:32:04+00:00,2026,92,0592,bs,NPB,승①패,3,승①패,소프트뱅 0,0 닛폰햄,08.06(목) 18:00,"2.34,2.90,2.65",2회말
2026-08-06T09:32:04+00:00,2026,92,0593,bs,NPB,핸디캡,2,H -2.5,소프트뱅 -2.5,0 닛폰햄,08.06(목) 18:00,"3.23,1.21",2회말
2026-08-06T09:32:04+00:00,2026,92,0594,bs,NPB,언더오버,2,U 7.5,소프트뱅,닛폰햄,08.06(목) 18:00,"1.81,1.71",2회말
2026-08-06T09:32:04+00:00,2026,92,0595,bs,NPB,홀짝,2,,소프트뱅,닛폰햄,08.06(목) 18:00,"1.61,1.94",2회말
2026-08-06T09:32:04+00:00,2026,92,0596,bs,KBO,승패,2,,두산,NC,08.06(목) 18:30,"1.00,1.00",취소
2026-08-06T09:32:04+00:00,2026,92,0597,bs,KBO,승①패,2,승①패,두산,NC,08.06(목) 18:30,"1.00,1.00",취소
2026-08-06T09:32:04+00:00,2026,92,0598,bs,KBO,핸디캡,2,H 0.0,두산,NC,08.06(목) 18:30,"1.00,1.00",취소
2026-08-06T09:32:04+00:00,2026,92,0599,bs,KBO,언더오버,2,U 0.0,두산,NC,08.06(목) 18:30,"1.00,1.00",취소
2026-08-06T09:32:04+00:00,2026,92,0600,bs,KBO,홀짝,2,,두산,NC,08.06(목) 18:30,"1.00,1.00",취소
2026-08-06T09:32:04+00:00,2026,92,0601,bs,KBO,전반승패,2,h(전반),두산,NC,08.06(목) 18:30,"1.00,1.00",취소
2026-08-06T09:32:04+00:00,2026,92,0602,bs,KBO,전반핸디캡,2,h H 0.0,두산,NC,08.06(목) 18:30,"1.00,1.00",취소
2026-08-06T09:32:04+00:00,2026,92,0603,bs,KBO,전반언더오버,2,h U 0.0,두산,NC,08.06(목) 18:30,"1.00,1.00",취소
2026-08-06T09:32:04+00:00,2026,92,0604,bs,KBO,승패,2,,삼성,한화,08.06(목) 18:30,"1.00,1.00",취소
2026-08-06T09:32:04+00:00,2026,92,0605,bs,KBO,승①패,2,승①패,삼성,한화,08.06(목) 18:30,"1.00,1.00",취소
2026-08-06T09:32:04+00:00,2026,92,0606,bs,KBO,핸디캡,2,H 0.0,삼성,한화,08.06(목) 18:30,"1.00,1.00",취소
2026-08-06T09:32:04+00:00,2026,92,0607,bs,KBO,언더오버,2,U 0.0,삼성,한화,08.06(목) 18:30,"1.00,1.00",취소
2026-08-06T09:32:04+00:00,2026,92,0608,bs,KBO,홀짝,2,,삼성,한화,08.06(목) 18:30,"1.00,1.00",취소
2026-08-06T09:32:04+00:00,2026,92,0609,bs,KBO,전반승패,2,h(전반),삼성,한화,08.06(목) 18:30,"1.00,1.00",취소
2026-08-06T09:32:04+00:00,2026,92,0610,bs,KBO,전반핸디캡,2,h H 0.0,삼성,한화,08.06(목) 18:30,"1.00,1.00",취소
2026-08-06T09:32:04+00:00,2026,92,0611,bs,KBO,전반언더오버,2,h U 0.0,삼성,한화,08.06(목) 18:30,"1.00,1.00",취소
2026-08-06T09:32:04+00:00,2026,92,0612,bs,KBO,승패,2,,롯데,키움,08.06(목) 18:30,"1.00,1.00",취소
2026-08-06T09:32:04+00:00,2026,92,0613,bs,KBO,승①패,2,승①패,롯데,키움,08.06(목) 18:30,"1.00,1.00",취소
2026-08-06T09:32:04+00:00,2026,92,0614,bs,KBO,핸디캡,2,H 0.0,롯데,키움,08.06(목) 18:30,"1.00,1.00",취소
2026-08-06T09:32:04+00:00,2026,92,0615,bs,KBO,언더오버,2,U 0.0,롯데,키움,08.06(목) 18:30,"1.00,1.00",취소
2026-08-06T09:32:04+00:00,2026,92,0616,bs,KBO,홀짝,2,,롯데,키움,08.06(목) 18:30,"1.00,1.00",취소
2026-08-06T09:32:04+00:00,2026,92,0617,bs,KBO,전반승패,2,h(전반),롯데,키움,08.06(목) 18:30,"1.00,1.00",취소
2026-08-06T09:32:04+00:00,2026,92,0618,bs,KBO,전반핸디캡,2,h H 0.0,롯데,키움,08.06(목) 18:30,"1.00,1.00",취소
2026-08-06T09:32:04+00:00,2026,92,0619,bs,KBO,전반언더오버,2,h U 0.0,롯데,키움,08.06(목) 18:30,"1.00,1.00",취소
2026-08-06T09:32:04+00:00,2026,92,0620,bs,KBO,승패,2,,SSG,LG,08.06(목) 18:30,"1.00,1.00",취소
2026-08-06T09:32:04+00:00,2026,92,0621,bs,KBO,승①패,2,승①패,SSG,LG,08.06(목) 18:30,"1.00,1.00",취소
2026-08-06T09:32:04+00:00,2026,92,0622,bs,KBO,핸디캡,2,H 0.0,SSG,LG,08.06(목) 18:30,"1.00,1.00",취소
2026-08-06T09:32:04+00:00,2026,92,0623,bs,KBO,언더오버,2,U 0.0,SSG,LG,08.06(목) 18:30,"1.00,1.00",취소
2026-08-06T09:32:04+00:00,2026,92,0624,bs,KBO,홀짝,2,,SSG,LG,08.06(목) 18:30,"1.00,1.00",취소
2026-08-06T09:32:04+00:00,2026,92,0625,bs,KBO,전반승패,2,h(전반),SSG,LG,08.06(목) 18:30,"1.00,1.00",취소
2026-08-06T09:32:04+00:00,2026,92,0626,bs,KBO,전반핸디캡,2,h H 0.0,SSG,LG,08.06(목) 18:30,"1.00,1.00",취소
2026-08-06T09:32:04+00:00,2026,92,0627,bs,KBO,전반언더오버,2,h U 0.0,SSG,LG,08.06(목) 18:30,"1.00,1.00",취소
2026-08-06T09:32:04+00:00,2026,92,0628,bs,KBO,승패,2,,KIA,KT,08.06(목) 18:30,"1.00,1.00",취소
2026-08-06T09:32:04+00:00,2026,92,0629,bs,KBO,승①패,2,승①패,KIA,KT,08.06(목) 18:30,"1.00,1.00",취소
2026-08-06T09:32:04+00:00,2026,92,0630,bs,KBO,핸디캡,2,H 0.0,KIA,KT,08.06(목) 18:30,"1.00,1.00",취소
2026-08-06T09:32:04+00:00,2026,92,0631,bs,KBO,언더오버,2,U 0.0,KIA,KT,08.06(목) 18:30,"1.00,1.00",취소
2026-08-06T09:32:04+00:00,2026,92,0632,bs,KBO,홀짝,2,,KIA,KT,08.06(목) 18:30,"1.00,1.00",취소
2026-08-06T09:32:04+00:00,2026,92,0633,bs,KBO,전반승패,2,h(전반),KIA,KT,08.06(목) 18:30,"1.00,1.00",취소
2026-08-06T09:32:04+00:00,2026,92,0634,bs,KBO,전반핸디캡,2,h H 0.0,KIA,KT,08.06(목) 18:30,"1.00,1.00",취소
2026-08-06T09:32:04+00:00,2026,92,0635,bs,KBO,전반언더오버,2,h U 0.0,KIA,KT,08.06(목) 18:30,"1.00,1.00",취소
2026-08-06T09:32:04+00:00,2026,92,0636,bs,MLB,승패,2,,볼티오리,LA에인절,08.07(금) 01:35,"1.47,2.19",경기전
2026-08-06T09:32:04+00:00,2026,92,0637,bs,MLB,승①패,3,승①패,볼티오리,LA에인절,08.07(금) 01:35,"1.89,3.55,2.95",경기전
2026-08-06T09:32:04+00:00,2026,92,0638,bs,MLB,핸디캡,2,H -2.5,볼티오리,LA에인절,08.07(금) 01:35,"2.46,1.37",경기전
2026-08-06T09:32:04+00:00,2026,92,0639,bs,MLB,언더오버,2,U 9.5,볼티오리,LA에인절,08.07(금) 01:35,"1.77,1.75",경기전
2026-08-06T09:32:04+00:00,2026,92,0640,bs,MLB,홀짝,2,,볼티오리,LA에인절,08.07(금) 01:35,"1.56,2.02",경기전
2026-08-06T09:32:04+00:00,2026,92,0641,bs,MLB,승패,2,,신시레즈,애슬레틱,08.07(금) 01:40,"1.48,2.17",경기전
2026-08-06T09:32:04+00:00,2026,92,0642,bs,MLB,승①패,3,승①패,신시레즈,애슬레틱,08.07(금) 01:40,"1.99,3.45,2.80",경기전
2026-08-06T09:32:04+00:00,2026,92,0643,bs,MLB,핸디캡,2,H -2.5,신시레즈,애슬레틱,08.07(금) 01:40,"2.64,1.32",경기전
2026-08-06T09:32:04+00:00,2026,92,0644,bs,MLB,언더오버,2,U 9.5,신시레즈,애슬레틱,08.07(금) 01:40,"1.70,1.82",경기전
2026-08-06T09:32:04+00:00,2026,92,0645,bs,MLB,홀짝,2,,신시레즈,애슬레틱,08.07(금) 01:40,"1.56,2.02",경기전
2026-08-06T09:32:04+00:00,2026,92,0646,bs,MLB,승패,2,,클리가디,뉴욕메츠,08.07(금) 02:10,"1.79,1.73",경기전
2026-08-06T09:32:04+00:00,2026,92,0647,bs,MLB,승①패,3,승①패,클리가디,뉴욕메츠,08.07(금) 02:10,"2.65,3.20,2.18",경기전
2026-08-06T09:32:04+00:00,2026,92,0648,bs,MLB,핸디캡,2,H +2.5,클리가디,뉴욕메츠,08.07(금) 02:10,"1.26,2.92",경기전
2026-08-06T09:32:04+00:00,2026,92,0649,bs,MLB,언더오버,2,U 7.5,클리가디,뉴욕메츠,08.07(금) 02:10,"1.75,1.77",경기전
2026-08-06T09:32:04+00:00,2026,92,0650,bs,MLB,홀짝,2,,클리가디,뉴욕메츠,08.07(금) 02:10,"1.55,2.04",경기전
2026-08-06T09:32:04+00:00,2026,92,0651,bs,MLB,승패,2,,밀워브루,피츠파이,08.07(금) 03:10,"1.60,1.96",경기전
2026-08-06T09:32:04+00:00,2026,92,0652,bs,MLB,승①패,3,승①패,밀워브루,피츠파이,08.07(금) 03:10,"2.26,3.25,2.50",경기전
2026-08-06T09:32:04+00:00,2026,92,0653,bs,MLB,핸디캡,2,H -2.5,밀워브루,피츠파이,08.07(금) 03:10,"3.16,1.22",경기전
2026-08-06T09:32:04+00:00,2026,92,0654,bs,MLB,언더오버,2,U 7.5,밀워브루,피츠파이,08.07(금) 03:10,"1.78,1.74",경기전
2026-08-06T09:32:04+00:00,2026,92,0655,bs,MLB,홀짝,2,,밀워브루,피츠파이,08.07(금) 03:10,"1.55,2.04",경기전
2026-08-06T09:32:04+00:00,2026,92,0656,bs,MLB,승패,2,,시카컵스,토론블루,08.07(금) 03:20,"1.89,1.65",경기전
2026-08-06T09:32:04+00:00,2026,92,0657,bs,MLB,승①패,3,승①패,시카컵스,토론블루,08.07(금) 03:20,"2.80,3.20,2.08",경기전
2026-08-06T09:32:04+00:00,2026,92,0658,bs,MLB,핸디캡,2,H +2.5,시카컵스,토론블루,08.07(금) 03:20,"1.29,2.77",경기전
2026-08-06T09:32:04+00:00,2026,92,0659,bs,MLB,언더오버,2,U 7.5,시카컵스,토론블루,08.07(금) 03:20,"1.76,1.76",경기전
2026-08-06T09:32:04+00:00,2026,92,0660,bs,MLB,홀짝,2,,시카컵스,토론블루,08.07(금) 03:20,"1.55,2.04",경기전
2026-08-06T09:32:04+00:00,2026,92,0661,bs,MLB,승패,2,,시애매리,디트타이,08.07(금) 05:10,"1.62,1.93",경기전
2026-08-06T09:32:04+00:00,2026,92,0662,bs,MLB,승①패,3,승①패,시애매리,디트타이,08.07(금) 05:10,"2.29,3.20,2.50",경기전
2026-08-06T09:32:04+00:00,2026,92,0663,bs,MLB,핸디캡,2,H -2.5,시애매리,디트타이,08.07(금) 05:10,"3.16,1.22",경기전
2026-08-06T09:32:04+00:00,2026,92,0664,bs,MLB,언더오버,2,U 7.5,시애매리,디트타이,08.07(금) 05:10,"1.73,1.79",경기전
2026-08-06T09:32:04+00:00,2026,92,0665,bs,MLB,홀짝,2,,시애매리,디트타이,08.07(금) 05:10,"1.55,2.04",경기전
2026-08-06T09:32:04+00:00,2026,92,0666,bs,MLB,승패,2,,필라필리,워싱내셔,08.07(금) 07:05,"1.21,3.23",경기전
2026-08-06T09:32:04+00:00,2026,92,0667,bs,MLB,승①패,3,승①패,필라필리,워싱내셔,08.07(금) 07:05,"1.51,3.90,4.35",경기전
2026-08-06T09:32:04+00:00,2026,92,0668,bs,MLB,핸디캡,2,H -2.5,필라필리,워싱내셔,08.07(금) 07:05,"1.89,1.65",경기전
2026-08-06T09:32:04+00:00,2026,92,0669,bs,MLB,언더오버,2,U 8.5,필라필리,워싱내셔,08.07(금) 07:05,"1.81,1.71",경기전
2026-08-06T09:32:04+00:00,2026,92,0670,bs,MLB,홀짝,2,,필라필리,워싱내셔,08.07(금) 07:05,"1.58,1.99",경기전
2026-08-06T09:32:04+00:00,2026,92,0671,bs,MLB,승패,2,,보스레드,시카화이,08.07(금) 08:10,"1.42,2.31",경기전
2026-08-06T09:32:04+00:00,2026,92,0672,bs,MLB,승①패,3,승①패,보스레드,시카화이,08.07(금) 08:10,"1.89,3.50,3.00",경기전
2026-08-06T09:32:04+00:00,2026,92,0673,bs,MLB,핸디캡,2,H -2.5,보스레드,시카화이,08.07(금) 08:10,"2.49,1.36",경기전
2026-08-06T09:32:04+00:00,2026,92,0674,bs,MLB,언더오버,2,U 9.5,보스레드,시카화이,08.07(금) 08:10,"1.65,1.89",경기전
2026-08-06T09:32:04+00:00,2026,92,0675,bs,MLB,홀짝,2,,보스레드,시카화이,08.07(금) 08:10,"1.56,2.02",경기전
2026-08-06T09:32:04+00:00,2026,92,0676,bs,MLB,승패,2,,애틀브레,마이말린,08.07(금) 08:15,"1.44,2.26",경기전
2026-08-06T09:32:04+00:00,2026,92,0677,bs,MLB,승①패,3,승①패,애틀브레,마이말린,08.07(금) 08:15,"1.92,3.45,2.95",경기전
2026-08-06T09:32:04+00:00,2026,92,0678,bs,MLB,핸디캡,2,H -2.5,애틀브레,마이말린,08.07(금) 08:15,"2.56,1.34",경기전
2026-08-06T09:32:04+00:00,2026,92,0679,bs,MLB,언더오버,2,U 9.5,애틀브레,마이말린,08.07(금) 08:15,"1.60,1.96",경기전
2026-08-06T09:32:04+00:00,2026,92,0680,bs,MLB,홀짝,2,,애틀브레,마이말린,08.07(금) 08:15,"1.56,2.02",경기전
2026-08-06T09:32:04+00:00,2026,92,0681,bs,MLB,승패,2,,캔자로얄,미네트윈,08.07(금) 08:40,"1.69,1.84",경기전
2026-08-06T09:32:04+00:00,2026,92,0682,bs,MLB,승①패,3,승①패,캔자로얄,미네트윈,08.07(금) 08:40,"2.40,3.30,2.33",경기전
2026-08-06T09:32:04+00:00,2026,92,0683,bs,MLB,핸디캡,2,H -2.5,캔자로얄,미네트윈,08.07(금) 08:40,"3.30,1.20",경기전
2026-08-06T09:32:04+00:00,2026,92,0684,bs,MLB,언더오버,2,U 8.5,캔자로얄,미네트윈,08.07(금) 08:40,"1.91,1.63",경기전
2026-08-06T09:32:04+00:00,2026,92,0685,bs,MLB,홀짝,2,,캔자로얄,미네트윈,08.07(금) 08:40,"1.55,2.04",경기전
2026-08-06T09:32:04+00:00,2026,92,0686,bs,MLB,승패,2,,애리다이,샌디파드,08.07(금) 10:40,"1.72,1.80",경기전
2026-08-06T09:32:04+00:00,2026,92,0687,bs,MLB,승①패,3,승①패,애리다이,샌디파드,08.07(금) 10:40,"2.45,3.35,2.26",경기전
2026-08-06T09:32:04+00:00,2026,92,0688,bs,MLB,핸디캡,2,H -2.5,애리다이,샌디파드,08.07(금) 10:40,"3.38,1.19",경기전
2026-08-06T09:32:04+00:00,2026,92,0689,bs,MLB,언더오버,2,U 9.5,애리다이,샌디파드,08.07(금) 10:40,"1.64,1.90",경기전
2026-08-06T09:32:04+00:00,2026,92,0690,bs,MLB,홀짝,2,,애리다이,샌디파드,08.07(금) 10:40,"1.55,2.04",경기전
2026-08-06T09:32:04+00:00,2026,92,0691,bs,MLB,전반승무패,3,h(전반),애리다이,샌디파드,08.07(금) 10:40,"1.89,6.00,2.20",경기전
2026-08-06T09:32:04+00:00,2026,92,0692,bs,MLB,전반핸디캡,2,h H -1.5,애리다이,샌디파드,08.07(금) 10:40,"2.72,1.30",경기전
2026-08-06T09:32:04+00:00,2026,92,0693,bs,MLB,전반언더오버,2,h U 4.5,애리다이,샌디파드,08.07(금) 10:40,"1.96,1.60",경기전
2026-08-06T09:32:04+00:00,2026,92,0724,bs,KBO,승패,2,,LG,KIA,08.07(금) 18:30,"1.00,1.00",취소
2026-08-06T09:32:04+00:00,2026,92,0725,bs,KBO,승①패,2,승①패,LG,KIA,08.07(금) 18:30,"1.00,1.00",취소
2026-08-06T09:32:04+00:00,2026,92,0726,bs,KBO,핸디캡,2,H 0.0,LG,KIA,08.07(금) 18:30,"1.00,1.00",취소
2026-08-06T09:32:04+00:00,2026,92,0727,bs,KBO,언더오버,2,U 0.0,LG,KIA,08.07(금) 18:30,"1.00,1.00",취소
2026-08-06T09:32:04+00:00,2026,92,0728,bs,KBO,홀짝,2,,LG,KIA,08.07(금) 18:30,"1.00,1.00",취소
2026-08-06T09:32:04+00:00,2026,92,0729,bs,KBO,전반승패,2,h(전반),LG,KIA,08.07(금) 18:30,"1.00,1.00",취소
2026-08-06T09:32:04+00:00,2026,92,0730,bs,KBO,전반핸디캡,2,h H 0.0,LG,KIA,08.07(금) 18:30,"1.00,1.00",취소
2026-08-06T09:32:04+00:00,2026,92,0731,bs,KBO,전반언더오버,2,h U 0.0,LG,KIA,08.07(금) 18:30,"1.00,1.00",취소
2026-08-06T09:32:04+00:00,2026,92,0732,bs,KBO,승패,2,,삼성,두산,08.07(금) 18:30,"1.00,1.00",취소
2026-08-06T09:32:04+00:00,2026,92,0733,bs,KBO,승①패,2,승①패,삼성,두산,08.07(금) 18:30,"1.00,1.00",취소
2026-08-06T09:32:04+00:00,2026,92,0734,bs,KBO,핸디캡,2,H 0.0,삼성,두산,08.07(금) 18:30,"1.00,1.00",취소
2026-08-06T09:32:04+00:00,2026,92,0735,bs,KBO,언더오버,2,U 0.0,삼성,두산,08.07(금) 18:30,"1.00,1.00",취소
2026-08-06T09:32:04+00:00,2026,92,0736,bs,KBO,홀짝,2,,삼성,두산,08.07(금) 18:30,"1.00,1.00",취소
2026-08-06T09:32:04+00:00,2026,92,0737,bs,KBO,전반승패,2,h(전반),삼성,두산,08.07(금) 18:30,"1.00,1.00",취소
2026-08-06T09:32:04+00:00,2026,92,0738,bs,KBO,전반핸디캡,2,h H 0.0,삼성,두산,08.07(금) 18:30,"1.00,1.00",취소
2026-08-06T09:32:04+00:00,2026,92,0739,bs,KBO,전반언더오버,2,h U 0.0,삼성,두산,08.07(금) 18:30,"1.00,1.00",취소
2026-08-06T09:32:04+00:00,2026,92,0740,bs,KBO,승패,2,,KT,롯데,08.07(금) 18:30,"1.00,1.00",취소
2026-08-06T09:32:04+00:00,2026,92,0741,bs,KBO,승①패,2,승①패,KT,롯데,08.07(금) 18:30,"1.00,1.00",취소
2026-08-06T09:32:04+00:00,2026,92,0742,bs,KBO,핸디캡,2,H 0.0,KT,롯데,08.07(금) 18:30,"1.00,1.00",취소
2026-08-06T09:32:04+00:00,2026,92,0743,bs,KBO,언더오버,2,U 0.0,KT,롯데,08.07(금) 18:30,"1.00,1.00",취소
2026-08-06T09:32:04+00:00,2026,92,0744,bs,KBO,홀짝,2,,KT,롯데,08.07(금) 18:30,"1.00,1.00",취소
2026-08-06T09:32:04+00:00,2026,92,0745,bs,KBO,전반승패,2,h(전반),KT,롯데,08.07(금) 18:30,"1.00,1.00",취소
2026-08-06T09:32:04+00:00,2026,92,0746,bs,KBO,전반핸디캡,2,h H 0.0,KT,롯데,08.07(금) 18:30,"1.00,1.00",취소
2026-08-06T09:32:04+00:00,2026,92,0747,bs,KBO,전반언더오버,2,h U 0.0,KT,롯데,08.07(금) 18:30,"1.00,1.00",취소
2026-08-06T09:32:04+00:00,2026,92,0748,bs,KBO,승패,2,,NC,SSG,08.07(금) 18:30,"1.00,1.00",취소
2026-08-06T09:32:04+00:00,2026,92,0749,bs,KBO,승①패,2,승①패,NC,SSG,08.07(금) 18:30,"1.00,1.00",취소
2026-08-06T09:32:04+00:00,2026,92,0750,bs,KBO,핸디캡,2,H 0.0,NC,SSG,08.07(금) 18:30,"1.00,1.00",취소
2026-08-06T09:32:04+00:00,2026,92,0751,bs,KBO,언더오버,2,U 0.0,NC,SSG,08.07(금) 18:30,"1.00,1.00",취소
2026-08-06T09:32:04+00:00,2026,92,0752,bs,KBO,홀짝,2,,NC,SSG,08.07(금) 18:30,"1.00,1.00",취소
2026-08-06T09:32:04+00:00,2026,92,0753,bs,KBO,전반승패,2,h(전반),NC,SSG,08.07(금) 18:30,"1.00,1.00",취소
2026-08-06T09:32:04+00:00,2026,92,0754,bs,KBO,전반핸디캡,2,h H 0.0,NC,SSG,08.07(금) 18:30,"1.00,1.00",취소
2026-08-06T09:32:04+00:00,2026,92,0755,bs,KBO,전반언더오버,2,h U 0.0,NC,SSG,08.07(금) 18:30,"1.00,1.00",취소
2026-08-06T09:32:04+00:00,2026,92,0756,bs,KBO,승패,2,,한화,키움,08.07(금) 18:30,"1.00,1.00",취소
2026-08-06T09:32:04+00:00,2026,92,0757,bs,KBO,승①패,2,승①패,한화,키움,08.07(금) 18:30,"1.00,1.00",취소
2026-08-06T09:32:04+00:00,2026,92,0758,bs,KBO,핸디캡,2,H 0.0,한화,키움,08.07(금) 18:30,"1.00,1.00",취소
2026-08-06T09:32:04+00:00,2026,92,0759,bs,KBO,언더오버,2,U 0.0,한화,키움,08.07(금) 18:30,"1.00,1.00",취소
2026-08-06T09:32:04+00:00,2026,92,0760,bs,KBO,홀짝,2,,한화,키움,08.07(금) 18:30,"1.00,1.00",취소
2026-08-06T09:32:04+00:00,2026,92,0761,bs,KBO,전반승패,2,h(전반),한화,키움,08.07(금) 18:30,"1.00,1.00",취소
2026-08-06T09:32:04+00:00,2026,92,0762,bs,KBO,전반핸디캡,2,h H 0.0,한화,키움,08.07(금) 18:30,"1.00,1.00",취소
2026-08-06T09:32:04+00:00,2026,92,0763,bs,KBO,전반언더오버,2,h U 0.0,한화,키움,08.07(금) 18:30,"1.00,1.00",취소
2026-08-06T09:32:04+00:00,2026,92,0764,sc,J1리그,승무패,3,,요코마리,가시마A,08.07(금) 19:25,"3.60,3.05,1.84",경기전
2026-08-06T09:32:04+00:00,2026,92,0765,sc,J1리그,핸디캡,3,H +1.0,요코마리,가시마A,08.07(금) 19:25,"1.79,3.25,3.55",경기전
2026-08-06T09:32:04+00:00,2026,92,0766,sc,J1리그,언더오버,2,U 2.5,요코마리,가시마A,08.07(금) 19:25,"1.59,1.97",경기전
2026-08-06T09:32:04+00:00,2026,92,0767,sc,J1리그,홀짝,2,,요코마리,가시마A,08.07(금) 19:25,"1.77,1.75",경기전
2026-08-06T09:32:04+00:00,2026,92,0768,sc,J1리그,승무패,3,,G오사카,우라와R,08.07(금) 19:30,"2.15,3.05,2.80",경기전
2026-08-06T09:32:04+00:00,2026,92,0769,sc,J1리그,핸디캡,3,H -1.0,G오사카,우라와R,08.07(금) 19:30,"4.40,3.60,1.55",경기전
2026-08-06T09:32:04+00:00,2026,92,0770,sc,J1리그,언더오버,2,U 2.5,G오사카,우라와R,08.07(금) 19:30,"1.67,1.86",경기전
2026-08-06T09:32:04+00:00,2026,92,0771,sc,J1리그,홀짝,2,,G오사카,우라와R,08.07(금) 19:30,"1.77,1.75",경기전
2026-08-06T09:32:04+00:00,2026,92,0772,sc,K리그2,승무패,3,,충남아산,안산그리,08.07(금) 20:00,"1.46,3.65,5.30",경기전
2026-08-06T09:32:04+00:00,2026,92,0773,sc,K리그2,핸디캡,3,H -1.0,충남아산,안산그리,08.07(금) 20:00,"2.40,3.25,2.35",경기전
2026-08-06T09:32:04+00:00,2026,92,0774,sc,K리그2,언더오버,2,U 2.5,충남아산,안산그리,08.07(금) 20:00,"1.87,1.66",경기전
2026-08-06T09:32:04+00:00,2026,92,0775,sc,K리그2,홀짝,2,,충남아산,안산그리,08.07(금) 20:00,"1.77,1.75",경기전
2026-08-06T09:32:04+00:00,2026,92,0776,sc,K리그2,승무패,3,,김포FC,충북청주,08.07(금) 20:00,"1.68,3.20,4.15",경기전
2026-08-06T09:32:04+00:00,2026,92,0777,sc,K리그2,핸디캡,3,H -1.0,김포FC,충북청주,08.07(금) 20:00,"3.10,3.20,1.94",경기전
2026-08-06T09:32:04+00:00,2026,92,0778,sc,K리그2,언더오버,2,U 2.5,김포FC,충북청주,08.07(금) 20:00,"1.65,1.89",경기전
2026-08-06T09:32:04+00:00,2026,92,0779,sc,K리그2,홀짝,2,,김포FC,충북청주,08.07(금) 20:00,"1.77,1.75",경기전
2026-08-06T09:32:04+00:00,2026,92,0780,sc,K리그2,승무패,3,,경남FC,대구FC,08.07(금) 20:00,"3.70,3.35,1.72",경기전
2026-08-06T09:32:04+00:00,2026,92,0781,sc,K리그2,핸디캡,3,H +1.0,경남FC,대구FC,08.07(금) 20:00,"1.89,3.35,3.10",경기전
2026-08-06T09:32:04+00:00,2026,92,0782,sc,K리그2,언더오버,2,U 2.5,경남FC,대구FC,08.07(금) 20:00,"1.86,1.67",경기전
2026-08-06T09:32:04+00:00,2026,92,0783,sc,K리그2,홀짝,2,,경남FC,대구FC,08.07(금) 20:00,"1.77,1.75",경기전
2026-08-06T09:32:04+00:00,2026,92,0784,sc,K리그2,승무패,3,,화성FC,서울이랜,08.07(금) 20:00,"2.65,3.20,2.18",경기전
2026-08-06T09:32:04+00:00,2026,92,0785,sc,K리그2,핸디캡,3,H +1.0,화성FC,서울이랜,08.07(금) 20:00,"1.54,3.75,4.30",경기전
2026-08-06T09:32:04+00:00,2026,92,0786,sc,K리그2,언더오버,2,U 2.5,화성FC,서울이랜,08.07(금) 20:00,"1.87,1.66",경기전
2026-08-06T09:32:04+00:00,2026,92,0787,sc,K리그2,홀짝,2,,화성FC,서울이랜,08.07(금) 20:00,"1.77,1.75",경기전
2026-08-06T09:32:04+00:00,2026,92,0788,sc,K리그2,승무패,3,,수원삼성,김해FC,08.07(금) 20:00,"1.24,4.40,8.60",경기전
2026-08-06T09:32:04+00:00,2026,92,0789,sc,K리그2,핸디캡,3,H -1.0,수원삼성,김해FC,08.07(금) 20:00,"1.84,3.30,3.30",경기전
2026-08-06T09:32:04+00:00,2026,92,0790,sc,K리그2,언더오버,2,U 2.5,수원삼성,김해FC,08.07(금) 20:00,"2.05,1.54",경기전
2026-08-06T09:32:04+00:00,2026,92,0791,sc,K리그2,홀짝,2,,수원삼성,김해FC,08.07(금) 20:00,"1.76,1.76",경기전
2026-08-06T09:32:04+00:00,2026,92,0792,sc,K리그2,승무패,3,,용인FC,부산아이,08.07(금) 20:00,"3.40,3.15,1.86",경기전
2026-08-06T09:32:04+00:00,2026,92,0793,sc,K리그2,핸디캡,3,H +1.0,용인FC,부산아이,08.07(금) 20:00,"1.76,3.35,3.55",경기전
2026-08-06T09:32:04+00:00,2026,92,0794,sc,K리그2,언더오버,2,U 2.5,용인FC,부산아이,08.07(금) 20:00,"1.70,1.82",경기전
2026-08-06T09:32:04+00:00,2026,92,0795,sc,K리그2,홀짝,2,,용인FC,부산아이,08.07(금) 20:00,"1.77,1.75",경기전
2026-08-06T09:32:04+00:00,2026,92,0796,sc,축클럽친,승무패,3,,A빌라,바이뮌헨,08.07(금) 21:00,"3.00,3.60,1.86",경기전
2026-08-06T09:32:04+00:00,2026,92,0797,sc,축클럽친,핸디캡,3,H +1.0,A빌라,바이뮌헨,08.07(금) 21:00,"1.75,3.75,3.20",경기전
2026-08-06T09:32:04+00:00,2026,92,0798,sc,축클럽친,언더오버,2,U 3.5,A빌라,바이뮌헨,08.07(금) 21:00,"1.59,1.97",경기전
2026-08-06T09:32:04+00:00,2026,92,0799,sc,축클럽친,홀짝,2,,A빌라,바이뮌헨,08.07(금) 21:00,"1.76,1.76",경기전
2026-08-06T09:32:04+00:00,2026,92,0800,sc,축ASEA챔,승무패,3,,싱가포르,인도네시,08.07(금) 22:00,"4.15,3.45,1.62",경기전
2026-08-06T09:32:04+00:00,2026,92,0801,sc,축ASEA챔,핸디캡,3,H +1.0,싱가포르,인도네시,08.07(금) 22:00,"2.04,3.30,2.80",경기전
2026-08-06T09:32:04+00:00,2026,92,0802,sc,축ASEA챔,언더오버,2,U 2.5,싱가포르,인도네시,08.07(금) 22:00,"1.90,1.64",경기전
2026-08-06T09:32:04+00:00,2026,92,0803,sc,축ASEA챔,홀짝,2,,싱가포르,인도네시,08.07(금) 22:00,"1.77,1.75",경기전
2026-08-06T09:32:04+00:00,2026,93,0724,bs,KBO,승패,2,,LG,KIA,08.07(금) 18:30,"1.00,1.00",취소
2026-08-06T09:32:04+00:00,2026,93,0725,bs,KBO,승①패,2,승①패,LG,KIA,08.07(금) 18:30,"1.00,1.00",취소
2026-08-06T09:32:04+00:00,2026,93,0726,bs,KBO,핸디캡,2,H 0.0,LG,KIA,08.07(금) 18:30,"1.00,1.00",취소
2026-08-06T09:32:04+00:00,2026,93,0727,bs,KBO,언더오버,2,U 0.0,LG,KIA,08.07(금) 18:30,"1.00,1.00",취소
2026-08-06T09:32:04+00:00,2026,93,0728,bs,KBO,홀짝,2,,LG,KIA,08.07(금) 18:30,"1.00,1.00",취소
2026-08-06T09:32:04+00:00,2026,93,0729,bs,KBO,전반승패,2,h(전반),LG,KIA,08.07(금) 18:30,"1.00,1.00",취소
2026-08-06T09:32:04+00:00,2026,93,0730,bs,KBO,전반핸디캡,2,h H 0.0,LG,KIA,08.07(금) 18:30,"1.00,1.00",취소
2026-08-06T09:32:04+00:00,2026,93,0731,bs,KBO,전반언더오버,2,h U 0.0,LG,KIA,08.07(금) 18:30,"1.00,1.00",취소
2026-08-06T09:32:04+00:00,2026,93,0732,bs,KBO,승패,2,,삼성,두산,08.07(금) 18:30,"1.00,1.00",취소
2026-08-06T09:32:04+00:00,2026,93,0733,bs,KBO,승①패,2,승①패,삼성,두산,08.07(금) 18:30,"1.00,1.00",취소
2026-08-06T09:32:04+00:00,2026,93,0734,bs,KBO,핸디캡,2,H 0.0,삼성,두산,08.07(금) 18:30,"1.00,1.00",취소
2026-08-06T09:32:04+00:00,2026,93,0735,bs,KBO,언더오버,2,U 0.0,삼성,두산,08.07(금) 18:30,"1.00,1.00",취소
2026-08-06T09:32:04+00:00,2026,93,0736,bs,KBO,홀짝,2,,삼성,두산,08.07(금) 18:30,"1.00,1.00",취소
2026-08-06T09:32:04+00:00,2026,93,0737,bs,KBO,전반승패,2,h(전반),삼성,두산,08.07(금) 18:30,"1.00,1.00",취소
2026-08-06T09:32:04+00:00,2026,93,0738,bs,KBO,전반핸디캡,2,h H 0.0,삼성,두산,08.07(금) 18:30,"1.00,1.00",취소
2026-08-06T09:32:04+00:00,2026,93,0739,bs,KBO,전반언더오버,2,h U 0.0,삼성,두산,08.07(금) 18:30,"1.00,1.00",취소
2026-08-06T09:32:04+00:00,2026,93,0740,bs,KBO,승패,2,,KT,롯데,08.07(금) 18:30,"1.00,1.00",취소
2026-08-06T09:32:04+00:00,2026,93,0741,bs,KBO,승①패,2,승①패,KT,롯데,08.07(금) 18:30,"1.00,1.00",취소
2026-08-06T09:32:04+00:00,2026,93,0742,bs,KBO,핸디캡,2,H 0.0,KT,롯데,08.07(금) 18:30,"1.00,1.00",취소
2026-08-06T09:32:04+00:00,2026,93,0743,bs,KBO,언더오버,2,U 0.0,KT,롯데,08.07(금) 18:30,"1.00,1.00",취소
2026-08-06T09:32:04+00:00,2026,93,0744,bs,KBO,홀짝,2,,KT,롯데,08.07(금) 18:30,"1.00,1.00",취소
2026-08-06T09:32:04+00:00,2026,93,0745,bs,KBO,전반승패,2,h(전반),KT,롯데,08.07(금) 18:30,"1.00,1.00",취소
2026-08-06T09:32:04+00:00,2026,93,0746,bs,KBO,전반핸디캡,2,h H 0.0,KT,롯데,08.07(금) 18:30,"1.00,1.00",취소
2026-08-06T09:32:04+00:00,2026,93,0747,bs,KBO,전반언더오버,2,h U 0.0,KT,롯데,08.07(금) 18:30,"1.00,1.00",취소
2026-08-06T09:32:04+00:00,2026,93,0748,bs,KBO,승패,2,,NC,SSG,08.07(금) 18:30,"1.00,1.00",취소
2026-08-06T09:32:04+00:00,2026,93,0749,bs,KBO,승①패,2,승①패,NC,SSG,08.07(금) 18:30,"1.00,1.00",취소
2026-08-06T09:32:04+00:00,2026,93,0750,bs,KBO,핸디캡,2,H 0.0,NC,SSG,08.07(금) 18:30,"1.00,1.00",취소
2026-08-06T09:32:04+00:00,2026,93,0751,bs,KBO,언더오버,2,U 0.0,NC,SSG,08.07(금) 18:30,"1.00,1.00",취소
2026-08-06T09:32:04+00:00,2026,93,0752,bs,KBO,홀짝,2,,NC,SSG,08.07(금) 18:30,"1.00,1.00",취소
2026-08-06T09:32:04+00:00,2026,93,0753,bs,KBO,전반승패,2,h(전반),NC,SSG,08.07(금) 18:30,"1.00,1.00",취소
2026-08-06T09:32:04+00:00,2026,93,0754,bs,KBO,전반핸디캡,2,h H 0.0,NC,SSG,08.07(금) 18:30,"1.00,1.00",취소
2026-08-06T09:32:04+00:00,2026,93,0755,bs,KBO,전반언더오버,2,h U 0.0,NC,SSG,08.07(금) 18:30,"1.00,1.00",취소
2026-08-06T09:32:04+00:00,2026,93,0756,bs,KBO,승패,2,,한화,키움,08.07(금) 18:30,"1.00,1.00",취소
2026-08-06T09:32:04+00:00,2026,93,0757,bs,KBO,승①패,2,승①패,한화,키움,08.07(금) 18:30,"1.00,1.00",취소
2026-08-06T09:32:04+00:00,2026,93,0758,bs,KBO,핸디캡,2,H 0.0,한화,키움,08.07(금) 18:30,"1.00,1.00",취소
2026-08-06T09:32:04+00:00,2026,93,0759,bs,KBO,언더오버,2,U 0.0,한화,키움,08.07(금) 18:30,"1.00,1.00",취소
2026-08-06T09:32:04+00:00,2026,93,0760,bs,KBO,홀짝,2,,한화,키움,08.07(금) 18:30,"1.00,1.00",취소
2026-08-06T09:32:04+00:00,2026,93,0761,bs,KBO,전반승패,2,h(전반),한화,키움,08.07(금) 18:30,"1.00,1.00",취소
2026-08-06T09:32:04+00:00,2026,93,0762,bs,KBO,전반핸디캡,2,h H 0.0,한화,키움,08.07(금) 18:30,"1.00,1.00",취소
2026-08-06T09:32:04+00:00,2026,93,0763,bs,KBO,전반언더오버,2,h U 0.0,한화,키움,08.07(금) 18:30,"1.00,1.00",취소
2026-08-06T09:32:04+00:00,2026,93,0912,bs,KBO,승패,2,,LG,KIA,08.08(토) 18:00,"1.00,1.00",취소
2026-08-06T09:32:04+00:00,2026,93,0913,bs,KBO,승①패,2,승①패,LG,KIA,08.08(토) 18:00,"1.00,1.00",취소
2026-08-06T09:32:04+00:00,2026,93,0914,bs,KBO,핸디캡,2,H 0.0,LG,KIA,08.08(토) 18:00,"1.00,1.00",취소
2026-08-06T09:32:04+00:00,2026,93,0915,bs,KBO,언더오버,2,U 0.0,LG,KIA,08.08(토) 18:00,"1.00,1.00",취소
2026-08-06T09:32:04+00:00,2026,93,0916,bs,KBO,홀짝,2,,LG,KIA,08.08(토) 18:00,"1.00,1.00",취소
2026-08-06T09:32:04+00:00,2026,93,0917,bs,KBO,전반승패,2,h(전반),LG,KIA,08.08(토) 18:00,"1.00,1.00",취소
2026-08-06T09:32:04+00:00,2026,93,0918,bs,KBO,전반핸디캡,2,h H 0.0,LG,KIA,08.08(토) 18:00,"1.00,1.00",취소
2026-08-06T09:32:04+00:00,2026,93,0919,bs,KBO,전반언더오버,2,h U 0.0,LG,KIA,08.08(토) 18:00,"1.00,1.00",취소
2026-08-06T09:32:04+00:00,2026,93,0920,bs,KBO,승패,2,,삼성,두산,08.08(토) 18:00,"1.00,1.00",취소
2026-08-06T09:32:04+00:00,2026,93,0921,bs,KBO,승①패,2,승①패,삼성,두산,08.08(토) 18:00,"1.00,1.00",취소
2026-08-06T09:32:04+00:00,2026,93,0922,bs,KBO,핸디캡,2,H 0.0,삼성,두산,08.08(토) 18:00,"1.00,1.00",취소
2026-08-06T09:32:04+00:00,2026,93,0923,bs,KBO,언더오버,2,U 0.0,삼성,두산,08.08(토) 18:00,"1.00,1.00",취소
2026-08-06T09:32:04+00:00,2026,93,0924,bs,KBO,홀짝,2,,삼성,두산,08.08(토) 18:00,"1.00,1.00",취소
2026-08-06T09:32:04+00:00,2026,93,0925,bs,KBO,전반승패,2,h(전반),삼성,두산,08.08(토) 18:00,"1.00,1.00",취소
2026-08-06T09:32:04+00:00,2026,93,0926,bs,KBO,전반핸디캡,2,h H 0.0,삼성,두산,08.08(토) 18:00,"1.00,1.00",취소
2026-08-06T09:32:04+00:00,2026,93,0927,bs,KBO,전반언더오버,2,h U 0.0,삼성,두산,08.08(토) 18:00,"1.00,1.00",취소
2026-08-06T09:32:04+00:00,2026,93,0928,bs,KBO,승패,2,,KT,롯데,08.08(토) 18:00,"1.00,1.00",취소
2026-08-06T09:32:04+00:00,2026,93,0929,bs,KBO,승①패,2,승①패,KT,롯데,08.08(토) 18:00,"1.00,1.00",취소
2026-08-06T09:32:04+00:00,2026,93,0930,bs,KBO,핸디캡,2,H 0.0,KT,롯데,08.08(토) 18:00,"1.00,1.00",취소
2026-08-06T09:32:04+00:00,2026,93,0931,bs,KBO,언더오버,2,U 0.0,KT,롯데,08.08(토) 18:00,"1.00,1.00",취소
2026-08-06T09:32:04+00:00,2026,93,0932,bs,KBO,홀짝,2,,KT,롯데,08.08(토) 18:00,"1.00,1.00",취소
2026-08-06T09:32:04+00:00,2026,93,0933,bs,KBO,전반승패,2,h(전반),KT,롯데,08.08(토) 18:00,"1.00,1.00",취소
2026-08-06T09:32:04+00:00,2026,93,0934,bs,KBO,전반핸디캡,2,h H 0.0,KT,롯데,08.08(토) 18:00,"1.00,1.00",취소
2026-08-06T09:32:04+00:00,2026,93,0935,bs,KBO,전반언더오버,2,h U 0.0,KT,롯데,08.08(토) 18:00,"1.00,1.00",취소
2026-08-06T09:32:04+00:00,2026,93,0936,bs,KBO,승패,2,,NC,SSG,08.08(토) 18:00,"1.00,1.00",취소
2026-08-06T09:32:04+00:00,2026,93,0937,bs,KBO,승①패,2,승①패,NC,SSG,08.08(토) 18:00,"1.00,1.00",취소
2026-08-06T09:32:04+00:00,2026,93,0938,bs,KBO,핸디캡,2,H 0.0,NC,SSG,08.08(토) 18:00,"1.00,1.00",취소
2026-08-06T09:32:04+00:00,2026,93,0939,bs,KBO,언더오버,2,U 0.0,NC,SSG,08.08(토) 18:00,"1.00,1.00",취소
2026-08-06T09:32:04+00:00,2026,93,0940,bs,KBO,홀짝,2,,NC,SSG,08.08(토) 18:00,"1.00,1.00",취소
2026-08-06T09:32:04+00:00,2026,93,0941,bs,KBO,전반승패,2,h(전반),NC,SSG,08.08(토) 18:00,"1.00,1.00",취소
2026-08-06T09:32:04+00:00,2026,93,0942,bs,KBO,전반핸디캡,2,h H 0.0,NC,SSG,08.08(토) 18:00,"1.00,1.00",취소
2026-08-06T09:32:04+00:00,2026,93,0943,bs,KBO,전반언더오버,2,h U 0.0,NC,SSG,08.08(토) 18:00,"1.00,1.00",취소
2026-08-06T09:32:04+00:00,2026,93,0944,bs,KBO,승패,2,,한화,키움,08.08(토) 18:00,"1.00,1.00",취소
2026-08-06T09:32:04+00:00,2026,93,0945,bs,KBO,승①패,2,승①패,한화,키움,08.08(토) 18:00,"1.00,1.00",취소
2026-08-06T09:32:04+00:00,2026,93,0946,bs,KBO,핸디캡,2,H 0.0,한화,키움,08.08(토) 18:00,"1.00,1.00",취소
2026-08-06T09:32:04+00:00,2026,93,0947,bs,KBO,언더오버,2,U 0.0,한화,키움,08.08(토) 18:00,"1.00,1.00",취소
2026-08-06T09:32:04+00:00,2026,93,0948,bs,KBO,홀짝,2,,한화,키움,08.08(토) 18:00,"1.00,1.00",취소
2026-08-06T09:32:04+00:00,2026,93,0949,bs,KBO,전반승패,2,h(전반),한화,키움,08.08(토) 18:00,"1.00,1.00",취소
2026-08-06T09:32:04+00:00,2026,93,0950,bs,KBO,전반핸디캡,2,h H 0.0,한화,키움,08.08(토) 18:00,"1.00,1.00",취소
2026-08-06T09:32:04+00:00,2026,93,0951,bs,KBO,전반언더오버,2,h U 0.0,한화,키움,08.08(토) 18:00,"1.00,1.00",취소
2026-08-06T09:32:04+00:00,2026,93,1254,bs,KBO,승패,2,,LG,KIA,08.09(일) 18:00,"1.00,1.00",취소
2026-08-06T09:32:04+00:00,2026,93,1255,bs,KBO,승①패,2,승①패,LG,KIA,08.09(일) 18:00,"1.00,1.00",취소
2026-08-06T09:32:04+00:00,2026,93,1256,bs,KBO,핸디캡,2,H 0.0,LG,KIA,08.09(일) 18:00,"1.00,1.00",취소
2026-08-06T09:32:04+00:00,2026,93,1257,bs,KBO,언더오버,2,U 0.0,LG,KIA,08.09(일) 18:00,"1.00,1.00",취소
2026-08-06T09:32:04+00:00,2026,93,1258,bs,KBO,홀짝,2,,LG,KIA,08.09(일) 18:00,"1.00,1.00",취소
2026-08-06T09:32:04+00:00,2026,93,1259,bs,KBO,전반승패,2,h(전반),LG,KIA,08.09(일) 18:00,"1.00,1.00",취소
2026-08-06T09:32:04+00:00,2026,93,1260,bs,KBO,전반핸디캡,2,h H 0.0,LG,KIA,08.09(일) 18:00,"1.00,1.00",취소
2026-08-06T09:32:04+00:00,2026,93,1261,bs,KBO,전반언더오버,2,h U 0.0,LG,KIA,08.09(일) 18:00,"1.00,1.00",취소
2026-08-06T09:32:04+00:00,2026,93,1262,bs,KBO,승패,2,,삼성,두산,08.09(일) 18:00,"1.00,1.00",취소
2026-08-06T09:32:04+00:00,2026,93,1263,bs,KBO,승①패,2,승①패,삼성,두산,08.09(일) 18:00,"1.00,1.00",취소
2026-08-06T09:32:04+00:00,2026,93,1264,bs,KBO,핸디캡,2,H 0.0,삼성,두산,08.09(일) 18:00,"1.00,1.00",취소
2026-08-06T09:32:04+00:00,2026,93,1265,bs,KBO,언더오버,2,U 0.0,삼성,두산,08.09(일) 18:00,"1.00,1.00",취소
2026-08-06T09:32:04+00:00,2026,93,1266,bs,KBO,홀짝,2,,삼성,두산,08.09(일) 18:00,"1.00,1.00",취소
2026-08-06T09:32:04+00:00,2026,93,1267,bs,KBO,전반승패,2,h(전반),삼성,두산,08.09(일) 18:00,"1.00,1.00",취소
2026-08-06T09:32:04+00:00,2026,93,1268,bs,KBO,전반핸디캡,2,h H 0.0,삼성,두산,08.09(일) 18:00,"1.00,1.00",취소
2026-08-06T09:32:04+00:00,2026,93,1269,bs,KBO,전반언더오버,2,h U 0.0,삼성,두산,08.09(일) 18:00,"1.00,1.00",취소
2026-08-06T09:32:04+00:00,2026,93,1270,bs,KBO,승패,2,,KT,롯데,08.09(일) 18:00,"1.00,1.00",취소
2026-08-06T09:32:04+00:00,2026,93,1271,bs,KBO,승①패,2,승①패,KT,롯데,08.09(일) 18:00,"1.00,1.00",취소
2026-08-06T09:32:04+00:00,2026,93,1272,bs,KBO,핸디캡,2,H 0.0,KT,롯데,08.09(일) 18:00,"1.00,1.00",취소
2026-08-06T09:32:04+00:00,2026,93,1273,bs,KBO,언더오버,2,U 0.0,KT,롯데,08.09(일) 18:00,"1.00,1.00",취소
2026-08-06T09:32:04+00:00,2026,93,1274,bs,KBO,홀짝,2,,KT,롯데,08.09(일) 18:00,"1.00,1.00",취소
2026-08-06T09:32:04+00:00,2026,93,1275,bs,KBO,전반승패,2,h(전반),KT,롯데,08.09(일) 18:00,"1.00,1.00",취소
2026-08-06T09:32:04+00:00,2026,93,1276,bs,KBO,전반핸디캡,2,h H 0.0,KT,롯데,08.09(일) 18:00,"1.00,1.00",취소
2026-08-06T09:32:04+00:00,2026,93,1277,bs,KBO,전반언더오버,2,h U 0.0,KT,롯데,08.09(일) 18:00,"1.00,1.00",취소
2026-08-06T09:32:04+00:00,2026,93,1278,bs,KBO,승패,2,,NC,SSG,08.09(일) 18:00,"1.00,1.00",취소
2026-08-06T09:32:04+00:00,2026,93,1279,bs,KBO,승①패,2,승①패,NC,SSG,08.09(일) 18:00,"1.00,1.00",취소
2026-08-06T09:32:04+00:00,2026,93,1280,bs,KBO,핸디캡,2,H 0.0,NC,SSG,08.09(일) 18:00,"1.00,1.00",취소
2026-08-06T09:32:04+00:00,2026,93,1281,bs,KBO,언더오버,2,U 0.0,NC,SSG,08.09(일) 18:00,"1.00,1.00",취소
2026-08-06T09:32:04+00:00,2026,93,1282,bs,KBO,홀짝,2,,NC,SSG,08.09(일) 18:00,"1.00,1.00",취소
2026-08-06T09:32:04+00:00,2026,93,1283,bs,KBO,전반승패,2,h(전반),NC,SSG,08.09(일) 18:00,"1.00,1.00",취소
2026-08-06T09:32:04+00:00,2026,93,1284,bs,KBO,전반핸디캡,2,h H 0.0,NC,SSG,08.09(일) 18:00,"1.00,1.00",취소
2026-08-06T09:32:04+00:00,2026,93,1285,bs,KBO,전반언더오버,2,h U 0.0,NC,SSG,08.09(일) 18:00,"1.00,1.00",취소
2026-08-06T09:32:04+00:00,2026,93,1286,bs,KBO,승패,2,,한화,키움,08.09(일) 18:00,"1.00,1.00",취소
2026-08-06T09:32:04+00:00,2026,93,1287,bs,KBO,승①패,2,승①패,한화,키움,08.09(일) 18:00,"1.00,1.00",취소
2026-08-06T09:32:04+00:00,2026,93,1288,bs,KBO,핸디캡,2,H 0.0,한화,키움,08.09(일) 18:00,"1.00,1.00",취소
2026-08-06T09:32:04+00:00,2026,93,1289,bs,KBO,언더오버,2,U 0.0,한화,키움,08.09(일) 18:00,"1.00,1.00",취소
2026-08-06T09:32:04+00:00,2026,93,1290,bs,KBO,홀짝,2,,한화,키움,08.09(일) 18:00,"1.00,1.00",취소
2026-08-06T09:32:04+00:00,2026,93,1291,bs,KBO,전반승패,2,h(전반),한화,키움,08.09(일) 18:00,"1.00,1.00",취소
2026-08-06T09:32:04+00:00,2026,93,1292,bs,KBO,전반핸디캡,2,h H 0.0,한화,키움,08.09(일) 18:00,"1.00,1.00",취소
2026-08-06T09:32:04+00:00,2026,93,1293,bs,KBO,전반언더오버,2,h U 0.0,한화,키움,08.09(일) 18:00,"1.00,1.00",취소
2026-08-06T09:47:19+00:00,2026,92,0321,bs,MLB,승패,2,,뉴욕양키 2,0 세인카디,08.05(수) 08:05,"1.44,2.26",홈승
2026-08-06T09:47:19+00:00,2026,92,0322,bs,MLB,승①패,3,승①패,뉴욕양키 2,0 세인카디,08.05(수) 08:05,"1.95,3.35,2.95",홈승
2026-08-06T09:47:19+00:00,2026,92,0323,bs,MLB,핸디캡,2,H -2.5,뉴욕양키 -0.5,0 세인카디,08.05(수) 08:05,"2.60,1.33",핸디패
2026-08-06T09:47:19+00:00,2026,92,0324,bs,MLB,언더오버,2,U 8.5,뉴욕양키,세인카디,08.05(수) 08:05,"1.67,1.86",언더
2026-08-06T09:47:19+00:00,2026,92,0325,bs,MLB,홀짝,2,,뉴욕양키,세인카디,08.05(수) 08:05,"1.56,2.02",짝
2026-08-06T09:47:19+00:00,2026,92,0326,bs,MLB,승패,2,,보스레드 14,2 시카화이,08.05(수) 08:10,"1.66,1.87",홈승
2026-08-06T09:47:19+00:00,2026,92,0327,bs,MLB,승①패,3,승①패,보스레드 14,2 시카화이,08.05(수) 08:10,"2.35,3.35,2.35",홈승
2026-08-06T09:47:19+00:00,2026,92,0328,bs,MLB,핸디캡,2,H -2.5,보스레드 11.5,2 시카화이,08.05(수) 08:10,"3.23,1.21",핸디승
2026-08-06T09:47:19+00:00,2026,92,0329,bs,MLB,언더오버,2,U 8.5,보스레드,시카화이,08.05(수) 08:10,"1.85,1.68",오버
2026-08-06T09:47:19+00:00,2026,92,0330,bs,MLB,홀짝,2,,보스레드,시카화이,08.05(수) 08:10,"1.55,2.04",짝
2026-08-06T09:47:19+00:00,2026,92,0331,bs,MLB,승패,2,,애틀브레 4,2 마이말린,08.05(수) 08:15,"1.56,2.02",홈승
2026-08-06T09:47:19+00:00,2026,92,0332,bs,MLB,승①패,3,승①패,애틀브레 4,2 마이말린,08.05(수) 08:15,"2.09,3.50,2.60",홈승
2026-08-06T09:47:19+00:00,2026,92,0333,bs,MLB,핸디캡,2,H -2.5,애틀브레 1.5,2 마이말린,08.05(수) 08:15,"2.92,1.26",핸디패
2026-08-06T09:47:19+00:00,2026,92,0334,bs,MLB,언더오버,2,U 9.5,애틀브레,마이말린,08.05(수) 08:15,"1.66,1.87",언더
2026-08-06T09:47:19+00:00,2026,92,0335,bs,MLB,홀짝,2,,애틀브레,마이말린,08.05(수) 08:15,"1.56,2.02",짝
2026-08-06T09:47:19+00:00,2026,92,0336,bs,MLB,승패,2,,밀워브루 4,2 피츠파이,08.05(수) 08:40,"1.47,2.19",홈승
2026-08-06T09:47:19+00:00,2026,92,0337,bs,MLB,승①패,3,승①패,밀워브루 4,2 피츠파이,08.05(수) 08:40,"1.96,3.40,2.90",홈승
2026-08-06T09:47:19+00:00,202026-08-07T03:50:37+00:00,2026,92,0321,bs,MLB,승패,2,,뉴욕양키 2,0 세인카디,08.05(수) 08:05,"1.44,2.26"
