ts,year,round,game_no,sport,league,market_family,n_way,market_label,home,away,date_text,odds,result
2026-09-05T00:12:19+00:00,2026,105,8705,bs,MLB,승패,2,,시카컵스 2,1 밀워브루,09.04(금) 08:15,"1.9,1.64",홈승
2026-09-05T00:12:19+00:00,2026,105,8706,bs,MLB,승①패,3,승①패,시카컵스 2,1 밀워브루,09.04(금) 08:15,"2.7,3.4,2.06",①
2026-09-05T00:12:19+00:00,2026,105,8707,bs,MLB,핸디캡,2,H +2.5,시카컵스 4.5,1 밀워브루,09.04(금) 08:15,"1.26,2.92",핸디승
2026-09-05T00:12:19+00:00,2026,105,8708,bs,MLB,언더오버,2,U 8.5,시카컵스,밀워브루,09.04(금) 08:15,"1.66,1.87",언더
2026-09-05T00:12:19+00:00,2026,105,8709,bs,MLB,홀짝,2,,시카컵스,밀워브루,09.04(금) 08:15,"1.58,2.09",홀
2026-09-05T00:12:19+00:00,2026,105,8710,bs,MLB,승패,2,,볼티오리 5,6 보스레드,09.04(금) 08:15,"1.93,1.62",홈패
2026-09-05T00:12:19+00:00,2026,105,8711,bs,MLB,승①패,3,승①패,볼티오리 5,6 보스레드,09.04(금) 08:15,"2.85,3.3,2.02",①
2026-09-05T00:12:19+00:00,2026,105,8712,bs,MLB,핸디캡,2,H +2.5,볼티오리 7.5,6 보스레드,09.04(금) 08:15,"1.32,2.64",핸디승
2026-09-05T00:12:19+00:00,2026,105,8713,bs,MLB,언더오버,2,U 8.5,볼티오리,보스레드,09.04(금) 08:15,"1.74,1.78",오버
2026-09-05T00:12:19+00:00,2026,105,8714,bs,MLB,홀짝,2,,볼티오리,보스레드,09.04(금) 08:15,"1.59,2.07",홀
2026-09-05T00:12:19+00:00,2026,105,8715,bs,MLB,승패,2,,캔자로얄 7,3 마이말린,09.04(금) 08:40,"1.8,1.72",홈승
2026-09-05T00:12:19+00:00,2026,105,8716,bs,MLB,승①패,3,승①패,캔자로얄 7,3 마이말린,09.04(금) 08:40,"2.6,3.35,2.14",홈승
2026-09-05T00:12:19+00:00,2026,105,8717,bs,MLB,핸디캡,2,H +2.5,캔자로얄 9.5,3 마이말린,09.04(금) 08:40,"1.27,2.87",핸디승
2026-09-05T00:12:19+00:00,2026,105,8718,bs,MLB,언더오버,2,U 9.5,캔자로얄,마이말린,09.04(금) 08:40,"1.61,1.94",오버
2026-09-05T00:12:19+00:00,2026,105,8719,bs,MLB,홀짝,2,,캔자로얄,마이말린,09.04(금) 08:40,"1.59,2.07",짝
2026-09-05T00:12:19+00:00,2026,105,8720,bs,MLB,승패,2,,텍사레인 6,0 탬파레이,09.04(금) 09:05,"1.93,1.62",홈승
2026-09-05T00:12:19+00:00,2026,105,8721,bs,MLB,승①패,3,승①패,텍사레인 6,0 탬파레이,09.04(금) 09:05,"2.9,3.2,2.03",홈승
2026-09-05T00:12:19+00:00,2026,105,8722,bs,MLB,핸디캡,2,H +2.5,텍사레인 8.5,0 탬파레이,09.04(금) 09:05,"1.31,2.68",핸디승
2026-09-05T00:12:19+00:00,2026,105,8723,bs,MLB,언더오버,2,U 7.5,텍사레인,탬파레이,09.04(금) 09:05,"1.78,1.74",언더
2026-09-05T00:12:19+00:00,2026,105,8724,bs,MLB,홀짝,2,,텍사레인,탬파레이,09.04(금) 09:05,"1.58,2.09",짝
2026-09-05T00:12:19+00:00,2026,105,8725,bs,MLB,승패,2,,시애매리 4,7 애슬레틱,09.04(금) 10:40,"1.34,2.56",홈패
2026-09-05T00:12:19+00:00,2026,105,8726,bs,MLB,승①패,3,승①패,시애매리 4,7 애슬레틱,09.04(금) 10:40,"1.8,3.35,3.4",홈패
2026-09-05T00:12:19+00:00,2026,105,8727,bs,MLB,핸디캡,2,H -2.5,시애매리 1.5,7 애슬레틱,09.04(금) 10:40,"2.37,1.4",핸디패
2026-09-05T00:12:19+00:00,2026,105,8728,bs,MLB,언더오버,2,U 7.5,시애매리,애슬레틱,09.04(금) 10:40,"1.79,1.73",오버
2026-09-05T00:12:19+00:00,2026,105,8729,bs,MLB,홀짝,2,,시애매리,애슬레틱,09.04(금) 10:40,"1.59,2.07",홀
2026-09-05T00:12:19+00:00,2026,105,8730,bs,MLB,승패,2,,LA다저스 3,2 세인카디,09.04(금) 11:10,"1.24,3.03",홈승
2026-09-05T00:12:19+00:00,2026,105,8731,bs,MLB,승①패,3,승①패,LA다저스 3,2 세인카디,09.04(금) 11:10,"1.58,3.65,4.1",①
2026-09-05T00:12:19+00:00,2026,105,8732,bs,MLB,핸디캡,2,H -2.5,LA다저스 0.5,2 세인카디,09.04(금) 11:10,"1.94,1.61",핸디패
2026-09-05T00:12:19+00:00,2026,105,8733,bs,MLB,언더오버,2,U 7.5,LA다저스,세인카디,09.04(금) 11:10,"1.89,1.65",언더
2026-09-05T00:12:19+00:00,2026,105,8734,bs,MLB,홀짝,2,,LA다저스,세인카디,09.04(금) 11:10,"1.61,2.04",홀
2026-09-05T00:12:19+00:00,2026,105,8735,bs,MLB,전반승무패,3,h(전반),LA다저스 1,2 세인카디,09.04(금) 11:10,"1.42,5.8,3.65",홈패
2026-09-05T00:12:19+00:00,2026,105,8736,bs,MLB,전반핸디캡,2,h H -1.5,LA다저스 -0.5,2 세인카디,09.04(금) 11:10,"1.89,1.65",핸디패
2026-09-05T00:12:19+00:00,2026,105,8737,bs,MLB,전반언더오버,2,h U 4.5,LA다저스,세인카디,09.04(금) 11:10,"1.63,1.91",언더
2026-09-05T00:12:19+00:00,2026,105,8738,vl,남배아선,승패,2,,한국M 3,1 대만M,09.04(금) 16:00,"1.16,3.65",홈승
2026-09-05T00:12:19+00:00,2026,105,8739,vl,남배아선,핸디캡,2,H -1.5,한국M 1.5,1 대만M,09.04(금) 16:00,"1.41,2.34",핸디승
2026-09-05T00:12:19+00:00,2026,105,8740,vl,남배아선,언더오버,2,U 179.5,한국M,대만M,09.04(금) 16:00,"1.76,1.76",오버
2026-09-05T00:12:19+00:00,2026,105,8741,vl,남배아선,홀짝,2,,한국M,대만M,09.04(금) 16:00,"1.8,1.8",짝
2026-09-05T00:12:19+00:00,2026,105,8742,bs,NPB,승패,2,,야쿠르트 1,1 주니치,09.04(금) 18:00,"1.0,1.0",무승부
2026-09-05T00:12:19+00:00,2026,105,8743,bs,NPB,승①패,3,승①패,야쿠르트 1,1 주니치,09.04(금) 18:00,"2.85,2.95,2.18",①
2026-09-05T00:12:19+00:00,2026,105,8744,bs,NPB,핸디캡,2,H +2.5,야쿠르트 3.5,1 주니치,09.04(금) 18:00,"1.26,2.92",핸디승
2026-09-05T00:12:19+00:00,2026,105,8745,bs,NPB,언더오버,2,U 7.5,야쿠르트,주니치,09.04(금) 18:00,"1.66,1.87",언더
2026-09-05T00:12:19+00:00,2026,105,8746,bs,NPB,홀짝,2,,야쿠르트,주니치,09.04(금) 18:00,"1.64,1.99",짝
2026-09-05T00:12:19+00:00,2026,105,8747,bs,NPB,승패,2,,히로카프 1,3 요미우리,09.04(금) 18:00,"1.91,1.63",홈패
2026-09-05T00:12:19+00:00,2026,105,8748,bs,NPB,승①패,3,승①패,히로카프 1,3 요미우리,09.04(금) 18:00,"3.1,2.7,2.19",홈패
2026-09-05T00:12:19+00:00,2026,105,8749,bs,NPB,핸디캡,2,H +2.5,히로카프 3.5,3 요미우리,09.04(금) 18:00,"1.24,3.03",핸디승
2026-09-05T00:12:19+00:00,2026,105,8750,bs,NPB,언더오버,2,U 6.5,히로카프,요미우리,09.04(금) 18:00,"1.74,1.78",언더
2026-09-05T00:12:19+00:00,2026,105,8751,bs,NPB,홀짝,2,,히로카프,요미우리,09.04(금) 18:00,"1.64,1.99",짝
2026-09-05T00:12:19+00:00,2026,105,8752,bs,NPB,승패,2,,라쿠텐 2,5 닛폰햄,09.04(금) 18:00,"2.31,1.42",홈패
2026-09-05T00:12:19+00:00,2026,105,8753,bs,NPB,승①패,3,승①패,라쿠텐 2,5 닛폰햄,09.04(금) 18:00,"3.8,2.85,1.87",홈패
2026-09-05T00:12:19+00:00,2026,105,8754,bs,NPB,핸디캡,2,H +2.5,라쿠텐 4.5,5 닛폰햄,09.04(금) 18:00,"1.32,2.64",핸디패
2026-09-05T00:12:19+00:00,2026,105,8755,bs,NPB,언더오버,2,U 6.5,라쿠텐,닛폰햄,09.04(금) 18:00,"1.76,1.76",오버
2026-09-05T00:12:19+00:00,2026,105,8756,bs,NPB,홀짝,2,,라쿠텐,닛폰햄,09.04(금) 18:00,"1.65,1.98",홀
2026-09-05T00:12:19+00:00,2026,105,8757,bs,NPB,승패,2,,오릭스 3,1 지바롯데,09.04(금) 18:00,"1.82,1.7",홈승
2026-09-05T00:12:19+00:00,2026,105,8758,bs,NPB,승①패,3,승①패,오릭스 3,1 지바롯데,09.04(금) 18:00,"2.85,2.8,2.27",홈승
2026-09-05T00:12:19+00:00,2026,105,8759,bs,NPB,핸디캡,2,H +2.5,오릭스 5.5,1 지바롯데,09.04(금) 18:00,"1.22,3.16",핸디승
2026-09-05T00:12:19+00:00,2026,105,8760,bs,NPB,언더오버,2,U 6.5,오릭스,지바롯데,09.04(금) 18:00,"1.96,1.6",언더
2026-09-05T00:12:19+00:00,2026,105,8761,bs,NPB,홀짝,2,,오릭스,지바롯데,09.04(금) 18:00,"1.64,1.99",짝
2026-09-05T00:12:19+00:00,2026,105,8762,bs,NPB,승패,2,,소프트뱅 8,2 세이부,09.04(금) 18:00,"1.29,2.77",홈승
2026-09-05T00:12:19+00:00,2026,105,8763,bs,NPB,승①패,3,승①패,소프트뱅 8,2 세이부,09.04(금) 18:00,"1.75,3.1,3.9",홈승
2026-09-05T00:12:19+00:00,2026,105,8764,bs,NPB,핸디캡,2,H -2.5,소프트뱅 5.5,2 세이부,09.04(금) 18:00,"2.31,1.42",핸디승
2026-09-05T00:12:19+00:00,2026,105,8765,bs,NPB,언더오버,2,U 7.5,소프트뱅,세이부,09.04(금) 18:00,"1.6,1.96",오버
2026-09-05T00:12:19+00:00,2026,105,8766,bs,NPB,홀짝,2,,소프트뱅,세이부,09.04(금) 18:00,"1.65,1.98",짝
2026-09-05T00:12:19+00:00,2026,105,8767,bs,KBO,승패,2,,LG 4,3 삼성,09.04(금) 18:30,"1.82,1.7",홈승
2026-09-05T00:12:19+00:00,2026,105,8768,bs,KBO,승①패,3,승①패,LG 4,3 삼성,09.04(금) 18:30,"2.6,3.3,2.17",①
2026-09-05T00:12:19+00:00,2026,105,8769,bs,KBO,핸디캡,2,H +2.5,LG 6.5,3 삼성,09.04(금) 18:30,"1.28,2.82",핸디승
2026-09-05T00:12:19+00:00,2026,105,8770,bs,KBO,언더오버,2,U 9.5,LG,삼성,09.04(금) 18:30,"1.62,1.93",언더
2026-09-05T00:12:19+00:00,2026,105,8771,bs,KBO,홀짝,2,,LG,삼성,09.04(금) 18:30,"1.62,2.03",홀
2026-09-05T00:12:19+00:00,2026,105,8772,bs,KBO,전반승무패,3,h(전반),LG 0,2 삼성,09.04(금) 18:30,"2.2,4.85,2.05",홈패
2026-09-05T00:12:19+00:00,2026,105,8773,bs,KBO,전반핸디캡,2,h H +1.5,LG 1.5,2 삼성,09.04(금) 18:30,"1.29,2.77",핸디패
2026-09-05T00:12:19+00:00,2026,105,8774,bs,KBO,전반언더오버,2,h U 4.5,LG,삼성,09.04(금) 18:30,"1.66,1.87",언더
2026-09-05T00:12:19+00:00,2026,105,8775,bs,KBO,승패,2,,롯데 4,14 한화,09.04(금) 18:30,"1.59,1.97",홈패
2026-09-05T00:12:19+00:00,2026,105,8776,bs,KBO,승①패,3,승①패,롯데 4,14 한화,09.04(금) 18:30,"2.18,3.45,2.5",홈패
2026-09-05T00:12:19+00:00,2026,105,8777,bs,KBO,핸디캡,2,H -2.5,롯데 1.5,14 한화,09.04(금) 18:30,"2.82,1.28",핸디패
2026-09-05T00:12:19+00:00,2026,105,8778,bs,KBO,언더오버,2,U 9.5,롯데,한화,09.04(금) 18:30,"2.0,1.57",오버
2026-09-05T00:12:19+00:00,2026,105,8779,bs,KBO,홀짝,2,,롯데,한화,09.04(금) 18:30,"1.61,2.04",짝
2026-09-05T00:12:19+00:00,2026,105,8780,bs,KBO,전반승무패,3,h(전반),롯데 3,4 한화,09.04(금) 18:30,"1.88,6.6,2.15",홈패
2026-09-05T00:12:19+00:00,2026,105,8781,bs,KBO,전반핸디캡,2,h H -1.5,롯데 1.5,4 한화,09.04(금) 18:30,"2.53,1.35",핸디패
2026-09-05T00:12:19+00:00,2026,105,8782,bs,KBO,전반언더오버,2,h U 5.5,롯데,한화,09.04(금) 18:30,"1.73,1.79",오버
2026-09-05T00:12:19+00:00,2026,105,8783,bs,KBO,승패,2,,SSG 4,0 두산,09.04(금) 18:30,"1.47,2.19",홈승
2026-09-05T00:12:19+00:00,2026,105,8784,bs,KBO,승①패,3,승①패,SSG 4,0 두산,09.04(금) 18:30,"1.97,3.6,2.75",홈승
2026-09-05T00:12:19+00:00,2026,105,8785,bs,KBO,핸디캡,2,H -2.5,SSG 1.5,0 두산,09.04(금) 18:30,"2.4,1.39",핸디승
2026-09-05T00:12:19+00:00,2026,105,8786,bs,KBO,언더오버,2,U 10.5,SSG,두산,09.04(금) 18:30,"1.64,1.9",언더
2026-09-05T00:12:19+00:00,2026,105,8787,bs,KBO,홀짝,2,,SSG,두산,09.04(금) 18:30,"1.61,2.04",짝
2026-09-05T00:12:19+00:00,2026,105,8788,bs,KBO,전반승무패,3,h(전반),SSG 3,0 두산,09.04(금) 18:30,"1.6,6.8,2.65",홈승
2026-09-05T00:12:19+00:00,2026,105,8789,bs,KBO,전반핸디캡,2,h H -1.5,SSG 1.5,0 두산,09.04(금) 18:30,"2.17,1.48",핸디승
2026-09-05T00:12:19+00:00,2026,105,8790,bs,KBO,전반언더오버,2,h U 5.5,SSG,두산,09.04(금) 18:30,"1.82,1.7",언더
2026-09-05T00:12:19+00:00,2026,105,8791,bs,KBO,승패,2,,KIA 4,3 KT,09.04(금) 18:30,"1.47,2.19",홈승
2026-09-05T00:12:19+00:00,2026,105,8792,bs,KBO,승①패,3,승①패,KIA 4,3 KT,09.04(금) 18:30,"1.91,3.55,2.9",①
2026-09-05T00:12:19+00:00,2026,105,8793,bs,KBO,핸디캡,2,H -2.5,KIA 1.5,3 KT,09.04(금) 18:30,"2.56,1.34",핸디패
2026-09-05T00:12:19+00:00,2026,105,8794,bs,KBO,언더오버,2,U 9.5,KIA,KT,09.04(금) 18:30,"1.76,1.76",언더
2026-09-05T00:12:19+00:00,2026,105,8795,bs,KBO,홀짝,2,,KIA,KT,09.04(금) 18:30,"1.62,2.03",홀
2026-09-05T00:12:19+00:00,2026,105,8796,bs,KBO,전반승무패,3,h(전반),KIA 0,0 KT,09.04(금) 18:30,"1.71,6.4,2.45",무승부
2026-09-05T00:12:19+00:00,2026,105,8797,bs,KBO,전반핸디캡,2,h H -1.5,KIA -1.5,0 KT,09.04(금) 18:30,"2.15,1.49",핸디패
2026-09-05T00:12:19+00:00,2026,105,8798,bs,KBO,전반언더오버,2,h U 5.5,KIA,KT,09.04(금) 18:30,"1.64,1.9",언더
2026-09-05T00:12:19+00:00,2026,105,8799,bs,KBO,승패,2,,키움 1,6 NC,09.04(금) 18:30,"2.13,1.5",홈패
2026-09-05T00:12:19+00:00,2026,105,8800,bs,KBO,승①패,3,승①패,키움 1,6 NC,09.04(금) 18:30,"3.25,3.15,1.91",홈패
2026-09-05T00:12:19+00:00,2026,105,8801,bs,KBO,핸디캡,2,H +2.5,키움 3.5,6 NC,09.04(금) 18:30,"1.33,2.6",핸디패
2026-09-05T00:12:19+00:00,2026,105,8802,bs,KBO,언더오버,2,U 7.5,키움,NC,09.04(금) 18:30,"1.67,1.86",언더
2026-09-05T00:12:19+00:00,2026,105,8803,bs,KBO,홀짝,2,,키움,NC,09.04(금) 18:30,"1.63,2.01",홀
2026-09-05T00:12:19+00:00,2026,105,8804,bs,KBO,전반승무패,3,h(전반),키움 1,4 NC,09.04(금) 18:30,"2.5,4.8,1.85",홈패
2026-09-05T00:12:19+00:00,2026,105,8805,bs,KBO,전반핸디캡,2,h H +1.5,키움 2.5,4 NC,09.04(금) 18:30,"1.33,2.6",핸디패
2026-09-05T00:12:19+00:00,2026,105,8806,bs,KBO,전반언더오버,2,h U 3.5,키움,NC,09.04(금) 18:30,"1.76,1.76",오버
2026-09-05T00:12:19+00:00,2026,105,8807,bk,여농월드,승패,2,,일본W 102,97 말리W,09.04(금) 18:30,"1.04,5.72",홈승
2026-09-05T00:12:19+00:00,2026,105,8808,bk,여농월드,핸디캡,2,H -13.5,일본W 88.5,97 말리W,09.04(금) 18:30,"1.75,1.77",핸디패
2026-09-05T00:12:19+00:00,2026,105,8809,bk,여농월드,언더오버,2,U 148.5,일본W,말리W,09.04(금) 18:30,"1.79,1.73",오버
2026-09-05T00:12:19+00:00,2026,105,8810,bk,여농월드,홀짝,2,,일본W,말리W,09.04(금) 18:30,"1.8,1.8",홀
2026-09-05T00:12:19+00:00,2026,105,8811,bk,여농월드,승패,2,,호주W 70,54 푸에르W,09.04(금) 18:30,"1.0,1.0",홈승
2026-09-05T00:12:19+00:00,2026,105,8812,bk,여농월드,핸디캡,2,H -24.5,호주W 45.5,54 푸에르W,09.04(금) 18:30,"1.77,1.75",핸디패
2026-09-05T00:12:19+00:00,2026,105,8813,bk,여농월드,언더오버,2,U 145.5,호주W,푸에르W,09.04(금) 18:30,"1.77,1.75",언더
2026-09-05T00:12:19+00:00,2026,105,8814,bk,여농월드,홀짝,2,,호주W,푸에르W,09.04(금) 18:30,"1.8,1.8",짝
2026-09-05T00:12:19+00:00,2026,105,8815,sc,K리그2,승무패,3,,충북청주 0,2 서울이랜,09.04(금) 19:30,"3.9,3.2,1.72",홈패
2026-09-05T00:12:19+00:00,2026,105,8816,sc,K리그2,핸디캡,3,H +1.0,충북청주 1,2 서울이랜,09.04(금) 19:30,"1.99,3.2,3.0",핸디패
2026-09-05T00:12:19+00:00,2026,105,8817,sc,K리그2,언더오버,2,U 2.5,충북청주,서울이랜,09.04(금) 19:30,"2.15,1.49",언더
2026-09-05T00:12:19+00:00,2026,105,8818,sc,K리그2,홀짝,2,,충북청주,서울이랜,09.04(금) 19:30,"1.81,1.79",짝
2026-09-05T00:12:19+00:00,2026,105,8819,sc,K리그2,승무패,3,,파주프런 0,0 대구FC,09.04(금) 19:30,"4.65,3.75,1.5",무승부
2026-09-05T00:12:19+00:00,2026,105,8820,sc,K리그2,핸디캡,3,H +1.0,파주프런 1,0 대구FC,09.04(금) 19:30,"2.29,3.2,2.5",핸디승
2026-09-05T00:12:19+00:00,2026,105,8821,sc,K리그2,언더오버,2,U 2.5,파주프런,대구FC,09.04(금) 19:30,"2.13,1.5",언더
2026-09-05T00:12:19+00:00,2026,105,8822,sc,K리그2,홀짝,2,,파주프런,대구FC,09.04(금) 19:30,"1.8,1.8",짝
2026-09-05T00:12:19+00:00,2026,105,8823,bk,여농월드,승패,2,,미국W 94,61 중국W,09.04(금) 21:15,"1.0,1.0",홈승
2026-09-05T00:12:19+00:00,2026,105,8824,bk,여농월드,핸디캡,2,H -29.5,미국W 64.5,61 중국W,09.04(금) 21:15,"1.81,1.71",핸디승
2026-09-05T00:12:19+00:00,2026,105,8825,bk,여농월드,언더오버,2,U 159.5,미국W,중국W,09.04(금) 21:15,"1.77,1.75",언더
2026-09-05T00:12:19+00:00,2026,105,8826,bk,여농월드,홀짝,2,,미국W,중국W,09.04(금) 21:15,"1.8,1.8",홀
2026-09-05T00:12:19+00:00,2026,105,8827,bk,여농월드,승패,2,,한국W 99,81 나이지W,09.04(금) 21:30,"3.75,1.15",홈승
2026-09-05T00:12:19+00:00,2026,105,8828,bk,여농월드,핸디캡,2,H +10.5,한국W 109.5,81 나이지W,09.04(금) 21:30,"1.75,1.77",핸디승
2026-09-05T00:12:19+00:00,2026,105,8829,bk,여농월드,언더오버,2,U 143.5,한국W,나이지W,09.04(금) 21:30,"1.76,1.76",오버
2026-09-05T00:12:19+00:00,2026,105,8830,bk,여농월드,홀짝,2,,한국W,나이지W,09.04(금) 21:30,"1.8,1.8",짝
2026-09-05T00:12:19+00:00,2026,105,8831,bk,여농월드,승패,2,,벨기에W 89,75 튀르키W,09.05(토) 00:30,"1.07,4.96",홈승
2026-09-05T00:12:19+00:00,2026,105,8832,bk,여농월드,핸디캡,2,H -12.5,벨기에W 76.5,75 튀르키W,09.05(토) 00:30,"1.75,1.77",핸디승
2026-09-05T00:12:19+00:00,2026,105,8833,bk,여농월드,언더오버,2,U 146.5,벨기에W,튀르키W,09.05(토) 00:30,"1.77,1.75",오버
2026-09-05T00:12:19+00:00,2026,105,8834,bk,여농월드,홀짝,2,,벨기에W,튀르키W,09.05(토) 00:30,"1.8,1.8",짝
2026-09-05T00:12:19+00:00,2026,105,8835,bk,여농월드,승패,2,,스페인W 83,53 독일W,09.05(토) 00:45,"1.27,2.87",홈승
2026-09-05T00:12:19+00:00,2026,105,8836,bk,여농월드,핸디캡,2,H -7.5,스페인W 75.5,53 독일W,09.05(토) 00:45,"1.72,1.8",핸디승
2026-09-05T00:12:19+00:00,2026,105,8837,bk,여농월드,언더오버,2,U 139.5,스페인W,독일W,09.05(토) 00:45,"1.74,1.78",언더
2026-09-05T00:12:19+00:00,2026,105,8838,bk,여농월드,홀짝,2,,스페인W,독일W,09.05(토) 00:45,"1.8,1.8",짝
2026-09-05T00:12:19+00:00,2026,105,8839,sc,프리그1,승무패,3,,리옹 3,1 AJ오세르,09.05(토) 02:00,"1.33,4.15,6.4",홈승
2026-09-05T00:12:19+00:00,2026,105,8840,sc,프리그1,핸디캡,3,H -1.0,리옹 2,1 AJ오세르,09.05(토) 02:00,"2.06,3.2,2.85",핸디승
2026-09-05T00:12:19+00:00,2026,105,8841,sc,프리그1,언더오버,2,U 2.5,리옹,AJ오세르,09.05(토) 02:00,"2.22,1.46",오버
2026-09-05T00:12:19+00:00,2026,105,8842,sc,프리그1,홀짝,2,,리옹,AJ오세르,09.05(토) 02:00,"1.81,1.79",짝
2026-09-05T00:12:19+00:00,2026,105,8843,sc,에레디비,승무패,3,,스파로테 2,2 즈볼러,09.05(토) 03:00,"1.78,3.5,3.3",무승부
2026-09-05T00:12:19+00:00,2026,105,8844,sc,에레디비,핸디캡,3,H -1.0,스파로테 1,2 즈볼러,09.05(토) 03:00,"3.2,3.55,1.8",핸디패
2026-09-05T00:12:19+00:00,2026,105,8845,sc,에레디비,언더오버,2,U 3.5,스파로테,즈볼러,09.05(토) 03:00,"1.49,2.15",오버
2026-09-05T00:12:19+00:00,2026,105,8846,sc,에레디비,홀짝,2,,스파로테,즈볼러,09.05(토) 03:00,"1.8,1.8",짝
2026-09-05T00:12:19+00:00,2026,105,8847,bs,MLB,승패,2,,클리가디 7,6 디트타이,09.05(토) 03:10,"1.65,1.89",홈승
2026-09-05T00:12:19+00:00,2026,105,8848,bs,MLB,승①패,3,승①패,클리가디 7,6 디트타이,09.05(토) 03:10,"2.35,3.25,2.4",①
2026-09-05T00:12:19+00:00,2026,105,8849,bs,MLB,핸디캡,2,H -2.5,클리가디 4.5,6 디트타이,09.05(토) 03:10,"3.23,1.21",핸디패
2026-09-05T00:12:19+00:00,2026,105,8850,bs,MLB,언더오버,2,U 8.5,클리가디,디트타이,09.05(토) 03:10,"1.69,1.84",오버
2026-09-05T00:12:19+00:00,2026,105,8851,bs,MLB,홀짝,2,,클리가디,디트타이,09.05(토) 03:10,"1.59,2.07",홀
2026-09-05T00:12:19+00:00,2026,105,8852,bk,여농월드,승패,2,,체코W 54,63 이탈리W,09.05(토) 03:15,"4.96,1.07",홈패
2026-09-05T00:12:19+00:00,2026,105,8853,bk,여농월드,핸디캡,2,H +12.5,체코W 66.5,63 이탈리W,09.05(토) 03:15,"1.77,1.75",핸디승
2026-09-05T00:12:19+00:00,2026,105,8854,bk,여농월드,언더오버,2,U 138.5,체코W,이탈리W,09.05(토) 03:15,"1.74,1.78",언더
2026-09-05T00:12:19+00:00,2026,105,8855,bk,여농월드,홀짝,2,,체코W,이탈리W,09.05(토) 03:15,"1.8,1.8",홀
2026-09-05T00:12:19+00:00,2026,105,8856,sc,분데스리,승무패,3,,슈투트가 4,1 쾰른,09.05(토) 03:30,"1.43,4.25,4.95",홈승
2026-09-05T00:12:19+00:00,2026,105,8857,sc,분데스리,핸디캡,3,H -1.0,슈투트가 3,1 쾰른,09.05(토) 03:30,"2.16,3.6,2.45",핸디승
2026-09-05T00:12:19+00:00,2026,105,8858,sc,분데스리,핸디캡,3,H -2.0,슈투트가 2,1 쾰른,09.05(토) 03:30,"3.6,4.25,1.57",핸디승
2026-09-05T00:12:19+00:00,2026,105,8859,sc,분데스리,핸디캡,2,H -3.5,슈투트가 0.5,1 쾰른,09.05(토) 03:30,"6.84,1.01",핸디패
2026-09-05T00:12:19+00:00,2026,105,8860,sc,분데스리,언더오버,2,U 3.5,슈투트가,쾰른,09.05(토) 03:30,"1.74,1.82",오버
2026-09-05T00:12:19+00:00,2026,105,8861,sc,분데스리,홀짝,2,,슈투트가,쾰른,09.05(토) 03:30,"1.8,1.8",홀
2026-09-05T00:12:19+00:00,2026,105,8862,sc,세리에A,승무패,3,,제노아 1,4 코모1907,09.05(토) 03:45,"4.55,3.2,1.62",홈패
2026-09-05T00:12:19+00:00,2026,105,8863,sc,세리에A,핸디캡,3,H +1.0,제노아 2,4 코모1907,09.05(토) 03:45,"2.03,3.05,3.05",핸디패
2026-09-05T00:12:19+00:00,2026,105,8864,sc,세리에A,언더오버,2,U 2.5,제노아,코모1907,09.05(토) 03:45,"1.63,1.91",오버
2026-09-05T00:12:19+00:00,2026,105,8865,sc,세리에A,홀짝,2,,제노아,코모1907,09.05(토) 03:45,"1.82,1.78",홀
2026-09-05T00:12:19+00:00,2026,105,8866,sc,EPL,승무패,3,,입스위치 0,2 리버풀,09.05(토) 04:00,"5.6,4.55,1.38",홈패
2026-09-05T00:12:19+00:00,2026,105,8867,sc,EPL,핸디캡,3,H +1.0,입스위치 1,2 리버풀,09.05(토) 04:00,"2.65,3.75,2.03",핸디패
2026-09-05T00:12:19+00:00,2026,105,8868,sc,EPL,핸디캡,3,H +2.0,입스위치 2,2 리버풀,09.05(토) 04:00,"1.63,4.0,3.65",핸디무
2026-09-05T00:12:19+00:00,2026,105,8869,sc,EPL,핸디캡,2,H +3.5,입스위치 3.5,2 리버풀,09.05(토) 04:00,"1.01,6.84",핸디승
2026-09-05T00:12:19+00:00,2026,105,8870,sc,EPL,언더오버,2,U 3.5,입스위치,리버풀,09.05(토) 04:00,"1.75,1.81",언더
2026-09-05T00:12:19+00:00,2026,105,8871,sc,EPL,홀짝,2,,입스위치,리버풀,09.05(토) 04:00,"1.8,1.8",짝
2026-09-05T00:12:19+00:00,2026,105,8872,sc,라리가,승무패,3,,베티스 1,0 레알마드,09.05(토) 04:00,"6.2,4.6,1.32",홈승
2026-09-05T00:12:19+00:00,2026,105,8873,sc,라리가,핸디캡,3,H +1.0,베티스 2,0 레알마드,09.05(토) 04:00,"2.85,3.65,1.91",핸디승
2026-09-05T00:12:19+00:00,2026,105,8874,sc,라리가,언더오버,2,U 3.5,베티스,레알마드,09.05(토) 04:00,"1.76,1.8",언더
2026-09-05T00:12:19+00:00,2026,105,8875,sc,라리가,홀짝,2,,베티스,레알마드,09.05(토) 04:00,"1.8,1.8",홀
2026-09-05T00:12:19+00:00,2026,105,8876,bk,여농월드,승패,2,,헝가리W 53,99 프랑스W,09.05(토) 04:00,"1.0,1.0",홈패
2026-09-05T00:12:19+00:00,2026,105,8877,bk,여농월드,핸디캡,2,H +21.5,헝가리W 74.5,99 프랑스W,09.05(토) 04:00,"1.76,1.76",핸디패
2026-09-05T00:12:19+00:00,2026,105,8878,bk,여농월드,언더오버,2,U 146.5,헝가리W,프랑스W,09.05(토) 04:00,"1.79,1.73",오버
2026-09-05T00:12:19+00:00,2026,105,8879,bk,여농월드,홀짝,2,,헝가리W,프랑스W,09.05(토) 04:00,"1.8,1.8",짝
2026-09-05T00:12:19+00:00,2026,105,8880,sc,프리그1,승무패,3,,PSG 1,2 AS모나코,09.05(토) 04:05,"1.25,4.75,7.2",홈패
2026-09-05T00:12:19+00:00,2026,105,8881,sc,프리그1,핸디캡,3,H -1.0,PSG 0,2 AS모나코,09.05(토) 04:05,"1.8,3.7,3.1",핸디패
2026-09-05T00:12:19+00:00,2026,105,8882,sc,프리그1,핸디캡,3,H -2.0,PSG -1,2 AS모나코,09.05(토) 04:05,"2.85,3.85,1.86",핸디패
2026-09-05T00:12:19+00:00,2026,105,8883,sc,프리그1,핸디캡,2,H -3.5,PSG -2.5,2 AS모나코,09.05(토) 04:05,"5.18,1.06",핸디패
2026-09-05T00:12:19+00:00,2026,105,8884,sc,프리그1,언더오버,2,U 3.5,PSG,AS모나코,09.05(토) 04:05,"1.77,1.75",언더
2026-09-05T00:12:19+00:00,2026,105,8885,sc,프리그1,홀짝,2,,PSG,AS모나코,09.05(토) 04:05,"1.8,1.8",홀
2026-09-05T00:12:19+00:00,2026,105,8886,bs,MLB,승패,2,,신시레즈 6,4 밀워브루,09.05(토) 07:10,"2.11,1.51",4회초
2026-09-05T00:12:19+00:00,2026,105,8887,bs,MLB,승①패,3,승①패,신시레즈 6,4 밀워브루,09.05(토) 07:10,"3.2,3.45,1.83",4회초
2026-09-05T00:12:19+00:00,2026,105,8888,bs,MLB,핸디캡,2,H +2.5,신시레즈 8.5,4 밀워브루,09.05(토) 07:10,"1.4,2.37",4회초
2026-09-05T00:12:19+00:00,2026,105,8889,bs,MLB,언더오버,2,U 9.5,신시레즈,밀워브루,09.05(토) 07:10,"1.76,1.76",4회초
2026-09-05T00:12:19+00:00,2026,105,8890,bs,MLB,홀짝,2,,신시레즈,밀워브루,09.05(토) 07:10,"1.6,2.06",4회초
2026-09-05T00:12:19+00:00,2026,105,8891,bs,MLB,승패,2,,필라필리 2,3 애틀브레,09.05(토) 07:40,"1.71,1.81",5회말
2026-09-05T00:12:19+00:00,2026,105,8892,bs,MLB,승①패,3,승①패,필라필리 2,3 애틀브레,09.05(토) 07:40,"2.5,3.1,2.34",5회말
2026-09-05T00:12:19+00:00,2026,105,8893,bs,MLB,핸디캡,2,H -2.5,필라필리 -0.5,3 애틀브레,09.05(토) 07:40,"3.55,1.17",5회말
2026-09-05T00:12:19+00:00,2026,105,8894,bs,MLB,언더오버,2,U 6.5,필라필리,애틀브레,09.05(토) 07:40,"1.82,1.7",5회말
2026-09-05T00:12:19+00:00,2026,105,8895,bs,MLB,홀짝,2,,필라필리,애틀브레,09.05(토) 07:40,"1.57,2.11",5회말
2026-09-05T00:12:19+00:00,2026,105,8896,bs,MLB,승패,2,,피츠파이 1,0 LA에인절,09.05(토) 07:45,"1.41,2.34",4회초
2026-09-05T00:12:19+00:00,2026,105,8897,bs,MLB,승①패,3,승①패,피츠파이 1,0 LA에인절,09.05(토) 07:45,"1.88,3.45,3.05",4회초
2026-09-05T00:12:19+00:00,2026,105,8898,bs,MLB,핸디캡,2,H -2.5,피츠파이 -1.5,0 LA에인절,09.05(토) 07:45,"2.49,1.36",4회초
2026-09-05T00:12:19+00:00,2026,105,8899,bs,MLB,언더오버,2,U 8.5,피츠파이,LA에인절,09.05(토) 07:45,"1.72,1.8",4회초
2026-09-05T00:12:19+00:00,2026,105,8900,bs,MLB,홀짝,2,,피츠파이,LA에인절,09.05(토) 07:45,"1.59,2.07",4회초
2026-09-05T00:12:19+00:00,2026,105,8901,bs,MLB,승패,2,,볼티오리 0,1 보스레드,09.05(토) 08:05,"1.82,1.7",5회초
2026-09-05T00:12:19+00:00,2026,105,8902,bs,MLB,승①패,3,승①패,볼티오리 0,1 보스레드,09.05(토) 08:05,"2.65,3.25,2.15",5회초
2026-09-05T00:12:19+00:00,2026,105,8903,bs,MLB,핸디캡,2,H +2.5,볼티오리 2.5,1 보스레드,09.05(토) 08:05,"1.27,2.87",5회초
2026-09-05T00:12:19+00:00,2026,105,8904,bs,MLB,언더오버,2,U 8.5,볼티오리,보스레드,09.05(토) 08:05,"1.69,1.84",5회초
2026-09-05T00:12:19+00:00,2026,105,8905,bs,MLB,홀짝,2,,볼티오리,보스레드,09.05(토) 08:05,"1.59,2.07",5회초
2026-09-05T00:12:19+00:00,2026,105,8906,bs,MLB,승패,2,,뉴욕메츠 7,2 샌프자이,09.05(토) 08:10,"1.45,2.24",3회말
2026-09-05T00:12:19+00:00,2026,105,8907,bs,MLB,승①패,3,승①패,뉴욕메츠 7,2 샌프자이,09.05(토) 08:10,"1.98,3.35,2.9",3회말
2026-09-05T00:12:19+00:00,2026,105,8908,bs,MLB,핸디캡,2,H -2.5,뉴욕메츠 4.5,2 샌프자이,09.05(토) 08:10,"2.64,1.32",3회말
2026-09-05T00:12:19+00:00,2026,105,8909,bs,MLB,언더오버,2,U 7.5,뉴욕메츠,샌프자이,09.05(토) 08:10,"1.91,1.63",3회말
2026-09-05T00:12:19+00:00,2026,105,8910,bs,MLB,홀짝,2,,뉴욕메츠,샌프자이,09.05(토) 08:10,"1.59,2.07",3회말
2026-09-05T00:12:19+00:00,2026,105,8911,bs,MLB,승패,2,,마이말린 0,1 시카컵스,09.05(토) 08:10,"2.05,1.54",4회말
2026-09-05T00:12:19+00:00,2026,105,8912,bs,MLB,승①패,3,승①패,마이말린 0,1 시카컵스,09.05(토) 08:10,"2.95,3.4,1.94",4회말
2026-09-05T00:12:19+00:00,2026,105,8913,bs,MLB,핸디캡,2,H +2.5,마이말린 2.5,1 시카컵스,09.05(토) 08:10,"1.38,2.43",4회말
2026-09-05T00:12:19+00:00,2026,105,8914,bs,MLB,언더오버,2,U 7.5,마이말린,시카컵스,09.05(토) 08:10,"1.82,1.7",4회말
2026-09-05T00:12:19+00:00,2026,105,8915,bs,MLB,홀짝,2,,마이말린,시카컵스,09.05(토) 08:10,"1.58,2.09",4회말
2026-09-05T00:12:19+00:00,2026,105,8916,sc,MLS,승무패,3,,뉴욕시티 0,0 내슈빌SC,09.05(토) 08:30,"2.8,3.25,2.06",31'
2026-09-05T00:12:19+00:00,2026,105,8917,sc,MLS,핸디캡,3,H +1.0,뉴욕시티 1,0 내슈빌SC,09.05(토) 08:30,"1.6,3.65,4.0",31'
2026-09-05T00:12:19+00:00,2026,105,8918,sc,MLS,언더오버,2,U 2.5,뉴욕시티,내슈빌SC,09.05(토) 08:30,"1.91,1.63",31'
2026-09-05T00:12:19+00:00,2026,105,8919,sc,MLS,홀짝,2,,뉴욕시티,내슈빌SC,09.05(토) 08:30,"1.81,1.79",31'
2026-09-05T00:12:19+00:00,2026,105,8920,bs,MLB,승패,2,,시카화이 1,0 미네트윈,09.05(토) 08:40,"1.68,1.85",2회말
2026-09-05T00:12:19+00:00,2026,105,8921,bs,MLB,승①패,3,승①패,시카화이 1,0 미네트윈,09.05(토) 08:40,"2.35,3.4,2.33",2회말
2026-09-05T00:12:19+00:00,2026,105,8922,bs,MLB,핸디캡,2,H -2.5,시카화이 -1.5,0 미네트윈,09.05(토) 08:40,"3.23,1.21",2회말
2026-09-05T00:12:19+00:00,2026,105,8923,bs,MLB,언더오버,2,U 9.5,시카화이,미네트윈,09.05(토) 08:40,"1.71,1.81",2회말
2026-09-05T00:12:19+00:00,2026,105,8924,bs,MLB,홀짝,2,,시카화이,미네트윈,09.05(토) 08:40,"1.59,2.07",2회말
2026-09-05T00:12:19+00:00,2026,105,8925,bs,MLB,승패,2,,텍사레인 0,0 탬파레이,09.05(토) 09:05,"1.89,1.65",1회초
2026-09-05T00:12:19+00:00,2026,105,8926,bs,MLB,승①패,3,승①패,텍사레인 0,0 탬파레이,09.05(토) 09:05,"2.8,3.25,2.06",1회초
2026-09-05T00:12:19+00:00,2026,105,8927,bs,MLB,핸디캡,2,H +2.5,텍사레인 2.5,0 탬파레이,09.05(토) 09:05,"1.3,2.72",1회초
2026-09-05T00:12:19+00:00,2026,105,8928,bs,MLB,언더오버,2,U 7.5,텍사레인,탬파레이,09.05(토) 09:05,"1.9,1.64",1회초
2026-09-05T00:12:19+00:00,2026,105,8929,bs,MLB,홀짝,2,,텍사레인,탬파레이,09.05(토) 09:05,"1.58,2.09",1회초
2026-09-05T00:12:19+00:00,2026,105,8930,bs,MLB,승패,2,,캔자로얄 0,0 토론블루,09.05(토) 09:10,"1.67,1.86",1회초
2026-09-05T00:12:19+00:00,2026,105,8931,bs,MLB,승①패,3,승①패,캔자로얄 0,0 토론블루,09.05(토) 09:10,"2.35,3.4,2.33",1회초
2026-09-05T00:12:19+00:00,2026,105,8932,bs,MLB,핸디캡,2,H -2.5,캔자로얄 -2.5,0 토론블루,09.05(토) 09:10,"3.23,1.21",1회초
2026-09-05T00:12:19+00:00,2026,105,8933,bs,MLB,언더오버,2,U 9.5,캔자로얄,토론블루,09.05(토) 09:10,"1.82,1.7",1회초
2026-09-05T00:12:19+00:00,2026,105,8934,bs,MLB,홀짝,2,,캔자로얄,토론블루,09.05(토) 09:10,"1.59,2.07",1회초
2026-09-05T00:12:19+00:00,2026,105,8935,bs,MLB,승패,2,,휴스애스 0,0 애리다이,09.05(토) 09:10,"1.65,1.89",1회초
2026-09-05T00:12:19+00:00,2026,105,8936,bs,MLB,승①패,3,승①패,휴스애스 0,0 애리다이,09.05(토) 09:10,"2.3,3.35,2.4",1회초
2026-09-05T00:12:19+00:00,2026,105,8937,bs,MLB,핸디캡,2,H -2.5,휴스애스 -2.5,0 애리다이,09.05(토) 09:10,"3.16,1.22",1회초
2026-09-05T00:12:19+00:00,2026,105,8938,bs,MLB,언더오버,2,U 8.5,휴스애스,애리다이,09.05(토) 09:10,"1.91,1.63",1회초
2026-09-05T00:12:19+00:00,2026,105,8939,bs,MLB,홀짝,2,,휴스애스,애리다이,09.05(토) 09:10,"1.59,2.07",1회초
2026-09-05T00:12:19+00:00,2026,105,8940,bs,MLB,승패,2,,콜로로키,세인카디,09.05(토) 09:40,"1.96,1.6",경기전
2026-09-05T00:12:19+00:00,2026,105,8941,bs,MLB,승①패,3,승①패,콜로로키,세인카디,09.05(토) 09:40,"2.9,3.45,1.94",경기전
2026-09-05T00:12:19+00:00,2026,105,8942,bs,MLB,핸디캡,2,H +2.5,콜로로키,세인카디,09.05(토) 09:40,"1.36,2.49",경기전
2026-09-05T00:12:19+00:00,2026,105,8943,bs,MLB,언더오버,2,U 11.5,콜로로키,세인카디,09.05(토) 09:40,"1.73,1.79",경기전
2026-09-05T00:12:19+00:00,2026,105,8944,bs,MLB,홀짝,2,,콜로로키,세인카디,09.05(토) 09:40,"1.6,2.06",경기전
2026-09-05T00:12:19+00:00,2026,105,8945,bs,MLB,승패,2,,샌디파드,뉴욕양키,09.05(토) 10:40,"1.94,1.61",경기전
2026-09-05T00:12:19+00:00,2026,105,8946,bs,MLB,승①패,3,승①패,샌디파드,뉴욕양키,09.05(토) 10:40,"2.9,3.2,2.03",경기전
2026-09-05T00:12:19+00:00,2026,105,8947,bs,MLB,핸디캡,2,H +2.5,샌디파드,뉴욕양키,09.05(토) 10:40,"1.31,2.68",경기전
2026-09-05T00:12:19+00:00,2026,105,8948,bs,MLB,언더오버,2,U 7.5,샌디파드,뉴욕양키,09.05(토) 10:40,"1.69,1.84",경기전
2026-09-05T00:12:19+00:00,2026,105,8949,bs,MLB,홀짝,2,,샌디파드,뉴욕양키,09.05(토) 10:40,"1.58,2.09",경기전
2026-09-05T00:12:19+00:00,2026,105,8950,bs,MLB,승패,2,,시애매리,애슬레틱,09.05(토) 11:10,"1.36,2.49",경기전
2026-09-05T00:12:19+00:00,2026,105,8951,bs,MLB,승①패,3,승①패,시애매리,애슬레틱,09.05(토) 11:10,"1.81,3.35,3.35",경기전
2026-09-05T00:12:19+00:00,2026,105,8952,bs,MLB,핸디캡,2,H -2.5,시애매리,애슬레틱,09.05(토) 11:10,"2.43,1.38",경기전
2026-09-05T00:12:19+00:00,2026,105,8953,bs,MLB,언더오버,2,U 7.5,시애매리,애슬레틱,09.05(토) 11:10,"1.64,1.9",경기전
2026-09-05T00:12:19+00:00,2026,105,8954,bs,MLB,홀짝,2,,시애매리,애슬레틱,09.05(토) 11:10,"1.59,2.07",경기전
2026-09-05T00:12:19+00:00,2026,105,8955,bs,MLB,전반승무패,3,h(전반),시애매리,애슬레틱,09.05(토) 11:10,"1.65,5.2,2.85",경기전
2026-09-05T00:12:19+00:00,2026,105,8956,bs,MLB,전반핸디캡,2,h H -1.5,시애매리,애슬레틱,09.05(토) 11:10,"2.24,1.45",경기전
2026-09-05T00:12:19+00:00,2026,105,8957,bs,MLB,전반언더오버,2,h U 3.5,시애매리,애슬레틱,09.05(토) 11:10,"1.86,1.67",경기전
2026-09-05T00:12:19+00:00,2026,105,8958,bs,MLB,승패,2,,LA다저스,워싱내셔,09.05(토) 11:10,"1.26,2.92",경기전
2026-09-05T00:12:19+00:00,2026,105,8959,bs,MLB,승①패,3,승①패,LA다저스,워싱내셔,09.05(토) 11:10,"1.61,3.7,3.9",경기전
2026-09-05T00:12:19+00:00,2026,105,8960,bs,MLB,핸디캡,2,H -2.5,LA다저스,워싱내셔,09.05(토) 11:10,"2.05,1.54",경기전
2026-09-05T00:12:19+00:00,2026,105,8961,bs,MLB,언더오버,2,U 8.5,LA다저스,워싱내셔,09.05(토) 11:10,"1.68,1.85",경기전
2026-09-05T00:12:19+00:00,2026,105,8962,bs,MLB,홀짝,2,,LA다저스,워싱내셔,09.05(토) 11:10,"1.61,2.04",경기전
2026-09-05T00:12:19+00:00,2026,105,8963,bs,NPB,승패,2,,오릭스,지바롯데,09.05(토) 14:00,"1.59,1.97",경기전
2026-09-05T00:12:19+00:00,2026,105,8964,bs,NPB,승①패,3,승①패,오릭스,지바롯데,09.05(토) 14:00,"2.41,2.75,2.7",경기전
2026-09-05T00:12:19+00:00,2026,105,8965,bs,NPB,핸디캡,2,H -2.5,오릭스,지바롯데,09.05(토) 14:00,"3.38,1.19",경기전
2026-09-05T00:12:19+00:00,2026,105,8966,bs,NPB,언더오버,2,U 6.5,오릭스,지바롯데,09.05(토) 14:00,"1.79,1.73",경기전
2026-09-05T00:12:19+00:00,2026,105,8967,bs,NPB,홀짝,2,,오릭스,지바롯데,09.05(토) 14:00,"1.64,1.99",경기전
2026-09-05T00:12:19+00:00,2026,105,8968,bs,NPB,승패,2,,소프트뱅,세이부,09.05(토) 14:00,"1.52,2.09",경기전
2026-09-05T00:12:19+00:00,2026,105,8969,bs,NPB,승①패,3,승①패,소프트뱅,세이부,09.05(토) 14:00,"2.27,2.75,2.9",경기전
2026-09-05T00:12:19+00:00,2026,105,8970,bs,NPB,핸디캡,2,H -2.5,소프트뱅,세이부,09.05(토) 14:00,"3.09,1.23",경기전
2026-09-05T00:12:19+00:00,2026,105,8971,bs,NPB,언더오버,2,U 6.5,소프트뱅,세이부,09.05(토) 14:00,"1.78,1.74",경기전
2026-09-05T00:12:19+00:00,2026,105,8972,bs,NPB,홀짝,2,,소프트뱅,세이부,09.05(토) 14:00,"1.64,1.99",경기전
2026-09-05T00:12:19+00:00,2026,105,8973,bs,KBO,승패,2,,LG,삼성,09.05(토) 17:00,"1.53,2.07",경기전
2026-09-05T00:12:19+00:00,2026,105,8974,bs,KBO,승①패,3,승①패,LG,삼성,09.05(토) 17:00,"2.06,3.4,2.7",경기전
2026-09-05T00:12:19+00:00,2026,105,8975,bs,KBO,핸디캡,2,H -2.5,LG,삼성,09.05(토) 17:00,"2.72,1.3",경기전
2026-09-05T00:12:19+00:00,2026,105,8976,bs,KBO,언더오버,2,U 9.5,LG,삼성,09.05(토) 17:00,"1.79,1.73",경기전
2026-09-05T00:12:19+00:00,2026,105,8977,bs,KBO,홀짝,2,,LG,삼성,09.05(토) 17:00,"1.61,2.04",경기전
2026-09-05T00:12:19+00:00,2026,105,8978,bs,KBO,전반승무패,3,h(전반),LG,삼성,09.05(토) 17:00,"1.78,6.5,2.3",경기전
2026-09-05T00:12:19+00:00,2026,105,8979,bs,KBO,전반핸디캡,2,h H -1.5,LG,삼성,09.05(토) 17:00,"2.37,1.4",경기전
2026-09-05T00:12:19+00:00,2026,105,8980,bs,KBO,전반언더오버,2,h U 5.5,LG,삼성,09.05(토) 17:00,"1.71,1.81",경기전
2026-09-05T00:12:19+00:00,2026,105,8981,bs,KBO,승패,2,,롯데,한화,09.05(토) 17:00,"1.68,1.85",경기전
2026-09-05T00:12:19+00:00,2026,105,8982,bs,KBO,승①패,3,승①패,롯데,한화,09.05(토) 17:00,"2.33,3.4,2.35",경기전
2026-09-05T00:12:19+00:00,2026,105,8983,bs,KBO,핸디캡,2,H -2.5,롯데,한화,09.05(토) 17:00,"3.09,1.23",경기전
2026-09-05T00:12:19+00:00,2026,105,8984,bs,KBO,언더오버,2,U 10.5,롯데,한화,09.05(토) 17:00,"1.68,1.85",경기전
2026-09-05T00:12:19+00:00,2026,105,8985,bs,KBO,홀짝,2,,롯데,한화,09.05(토) 17:00,"1.61,2.04",경기전
2026-09-05T00:12:19+00:00,2026,105,8986,bs,KBO,전반승무패,3,h(전반),롯데,한화,09.05(토) 17:00,"1.94,6.8,2.05",경기전
2026-09-05T00:12:19+00:00,2026,105,8987,bs,KBO,전반핸디캡,2,h H -1.5,롯데,한화,09.05(토) 17:00,"2.6,1.33",경기전
2026-09-05T00:12:19+00:00,2026,105,8988,bs,KBO,전반언더오버,2,h U 6.5,롯데,한화,09.05(토) 17:00,"1.6,1.96",경기전
2026-09-05T00:12:19+00:00,2026,105,8989,bs,KBO,승패,2,,SSG,두산,09.05(토) 17:00,"1.86,1.67",경기전
2026-09-05T00:12:19+00:00,2026,105,8990,bs,KBO,승①패,3,승①패,SSG,두산,09.05(토) 17:00,"2.65,3.4,2.09",경기전
2026-09-05T00:12:19+00:00,2026,105,8991,bs,KBO,핸디캡,2,H +2.5,SSG,두산,09.05(토) 17:00,"1.3,2.72",경기전
2026-09-05T00:12:19+00:00,2026,105,8992,bs,KBO,언더오버,2,U 9.5,SSG,두산,09.05(토) 17:00,"1.87,1.66",경기전
2026-09-05T00:12:19+00:00,2026,105,8993,bs,KBO,홀짝,2,,SSG,두산,09.05(토) 17:00,"1.61,2.04",경기전
2026-09-05T00:12:19+00:00,2026,105,8994,bs,KBO,전반승무패,3,h(전반),SSG,두산,09.05(토) 17:00,"2.15,6.6,1.88",경기전
2026-09-05T00:12:19+00:00,2026,105,8995,bs,KBO,전반핸디캡,2,h H +1.5,SSG,두산,09.05(토) 17:00,"1.35,2.53",경기전
2026-09-05T00:12:19+00:00,2026,105,8996,bs,KBO,전반언더오버,2,h U 5.5,SSG,두산,09.05(토) 17:00,"1.82,1.7",경기전
2026-09-05T00:12:19+00:00,2026,105,8997,bs,KBO,승패,2,,KIA,KT,09.05(토) 17:00,"1.87,1.66",경기전
2026-09-05T00:12:19+00:00,2026,105,8998,bs,KBO,승①패,3,승①패,KIA,KT,09.05(토) 17:00,"2.7,3.35,2.08",경기전
2026-09-05T00:12:19+00:00,2026,105,8999,bs,KBO,핸디캡,2,H +2.5,KIA,KT,09.05(토) 17:00,"1.3,2.72",경기전
2026-09-05T00:12:19+00:00,2026,105,9000,bs,KBO,언더오버,2,U 9.5,KIA,KT,09.05(토) 17:00,"1.72,1.8",경기전
2026-09-05T00:12:19+00:00,2026,105,9001,bs,KBO,홀짝,2,,KIA,KT,09.05(토) 17:00,"1.61,2.04",경기전
2026-09-05T00:12:19+00:00,2026,105,9002,bs,KBO,전반승무패,3,h(전반),KIA,KT,09.05(토) 17:00,"2.15,6.3,1.9",경기전
2026-09-05T00:12:19+00:00,2026,105,9003,bs,KBO,전반핸디캡,2,h H +1.5,KIA,KT,09.05(토) 17:00,"1.34,2.56",경기전
2026-09-05T00:12:19+00:00,2026,105,9004,bs,KBO,전반언더오버,2,h U 5.5,KIA,KT,09.05(토) 17:00,"1.64,1.9",경기전
2026-09-05T00:12:19+00:00,2026,105,9005,bs,KBO,승패,2,,키움,NC,09.05(토) 17:00,"2.15,1.49",경기전
2026-09-05T00:12:19+00:00,2026,105,9006,bs,KBO,승①패,3,승①패,키움,NC,09.05(토) 17:00,"3.2,3.4,1.84",경기전
2026-09-05T00:12:19+00:00,2026,105,9007,bs,KBO,핸디캡,2,H +2.5,키움,NC,09.05(토) 17:00,"1.41,2.34",경기전
2026-09-05T00:12:19+00:00,2026,105,9008,bs,KBO,언더오버,2,U 9.5,키움,NC,09.05(토) 17:00,"1.72,1.8",경기전
2026-09-05T00:12:19+00:00,2026,105,9009,bs,KBO,홀짝,2,,키움,NC,09.05(토) 17:00,"1.62,2.03",경기전
2026-09-05T00:12:19+00:00,2026,105,9010,bs,KBO,전반승무패,3,h(전반),키움,NC,09.05(토) 17:00,"2.45,6.4,1.71",경기전
2026-09-05T00:12:19+00:00,2026,105,9011,bs,KBO,전반핸디캡,2,h H +1.5,키움,NC,09.05(토) 17:00,"1.43,2.29",경기전
2026-09-05T00:12:19+00:00,2026,105,9012,bs,KBO,전반언더오버,2,h U 5.5,키움,NC,09.05(토) 17:00,"1.64,1.9",경기전
2026-09-05T00:12:19+00:00,2026,105,9013,bs,NPB,승패,2,,야쿠르트,주니치,09.05(토) 18:00,"1.91,1.63",경기전
2026-09-05T00:12:19+00:00,2026,105,9014,bs,NPB,승①패,3,승①패,야쿠르트,주니치,09.05(토) 18:00,"3.05,2.8,2.15",경기전
2026-09-05T00:12:19+00:00,2026,105,9015,bs,NPB,핸디캡,2,H +2.5,야쿠르트,주니치,09.05(토) 18:00,"1.26,2.92",경기전
2026-09-05T00:12:19+00:00,2026,105,9016,bs,NPB,언더오버,2,U 7.5,야쿠르트,주니치,09.05(토) 18:00,"1.62,1.93",경기전
2026-09-05T00:12:19+00:00,2026,105,9017,bs,NPB,홀짝,2,,야쿠르트,주니치,09.05(토) 18:00,"1.64,1.99",경기전
2026-09-05T00:12:19+00:00,2026,105,9018,bs,NPB,승패,2,,한신,요코베이,09.05(토) 18:00,"1.44,2.26",경기전
2026-09-05T00:12:19+00:00,2026,105,9019,bs,NPB,승①패,3,승①패,한신,요코베이,09.05(토) 18:00,"2.19,2.6,3.25",경기전
2026-09-05T00:12:19+00:00,2026,105,9020,bs,NPB,핸디캡,2,H -2.5,한신,요코베이,09.05(토) 18:00,"3.03,1.24",경기전
2026-09-05T00:12:19+00:00,2026,105,9021,bs,NPB,언더오버,2,U 5.5,한신,요코베이,09.05(토) 18:00,"1.75,1.77",경기전
2026-09-05T00:12:19+00:00,2026,105,9022,bs,NPB,홀짝,2,,한신,요코베이,09.05(토) 18:00,"1.65,1.98",경기전
2026-09-05T00:12:19+00:00,2026,105,9023,bs,NPB,승패,2,,히로카프,요미우리,09.05(토) 18:00,"1.68,1.85",경기전
2026-09-05T00:12:19+00:00,2026,105,9024,bs,NPB,승①패,3,승①패,히로카프,요미우리,09.05(토) 18:00,"2.6,2.7,2.54",경기전
2026-09-05T00:12:19+00:00,2026,105,9025,bs,NPB,핸디캡,2,H -2.5,히로카프,요미우리,09.05(토) 18:00,"3.65,1.16",경기전
2026-09-05T00:12:19+00:00,2026,105,9026,bs,NPB,언더오버,2,U 6.5,히로카프,요미우리,09.05(토) 18:00,"1.71,1.81",경기전
2026-09-05T00:12:19+00:00,2026,105,9027,bs,NPB,홀짝,2,,히로카프,요미우리,09.05(토) 18:00,"1.64,1.99",경기전
2026-09-05T00:12:19+00:00,2026,105,9028,bs,NPB,승패,2,,라쿠텐,닛폰햄,09.05(토) 18:00,"2.02,1.56",경기전
2026-09-05T00:12:19+00:00,2026,105,9029,bs,NPB,승①패,3,승①패,라쿠텐,닛폰햄,09.05(토) 18:00,"3.35,2.75,2.05",경기전
2026-09-05T00:12:19+00:00,2026,105,9030,bs,NPB,핸디캡,2,H +2.5,라쿠텐,닛폰햄,09.05(토) 18:00,"1.28,2.82",경기전
2026-09-05T00:12:19+00:00,2026,105,9031,bs,NPB,언더오버,2,U 6.5,라쿠텐,닛폰햄,09.05(토) 18:00,"1.77,1.75",경기전
2026-09-05T00:12:19+00:00,2026,105,9032,bs,NPB,홀짝,2,,라쿠텐,닛폰햄,09.05(토) 18:00,"1.64,1.99",경기전
2026-09-05T00:12:19+00:00,2026,105,9033,sc,J2리그,승무패,3,,후지에다,하치노헤,09.05(토) 18:30,"2.1,2.95,3.0",경기전
2026-09-05T00:12:19+00:00,2026,105,9034,sc,J2리그,핸디캡,3,H -1.0,후지에다,하치노헤,09.05(토) 18:30,"4.4,3.45,1.58",경기전
2026-09-05T00:12:19+00:00,2026,105,9035,sc,J2리그,언더오버,2,U 2.5,후지에다,하치노헤,09.05(토) 18:30,"1.57,2.0",경기전
2026-09-05T00:12:19+00:00,2026,105,9036,sc,J2리그,홀짝,2,,후지에다,하치노헤,09.05(토) 18:30,"1.81,1.79",경기전
2026-09-05T00:12:19+00:00,2026,105,9037,bk,여농월드,승패,2,,말리W,스페인W,09.05(토) 18:30,"1.0,1.0",경기전
2026-09-05T00:12:19+00:00,2026,105,9038,bk,여농월드,핸디캡,2,H +23.5,말리W,스페인W,09.05(토) 18:30,"1.71,1.81",경기전
2026-09-05T00:12:19+00:00,2026,105,9039,bk,여농월드,언더오버,2,U 144.5,말리W,스페인W,09.05(토) 18:30,"1.76,1.76",경기전
2026-09-05T00:12:19+00:00,2026,105,9040,bk,여농월드,홀짝,2,,말리W,스페인W,09.05(토) 18:30,"1.8,1.8",경기전
2026-09-05T00:12:19+00:00,2026,105,9041,sc,J1리그,승무패,3,,후쿠오카,미토홀리,09.05(토) 19:00,"1.9,3.05,3.4",경기전
2026-09-05T00:12:19+00:00,2026,105,9042,sc,J1리그,핸디캡,3,H -1.0,후쿠오카,미토홀리,09.05(토) 19:00,"3.75,3.35,1.71",경기전
2026-09-05T00:12:19+00:00,2026,105,9043,sc,J1리그,언더오버,2,U 2.5,후쿠오카,미토홀리,09.05(토) 19:00,"1.6,1.96",경기전
2026-09-05T00:12:19+00:00,2026,105,9044,sc,J1리그,홀짝,2,,후쿠오카,미토홀리,09.05(토) 19:00,"1.81,1.79",경기전
2026-09-05T00:12:19+00:00,2026,105,9045,sc,J2리그,승무패,3,,야마가타,V고후,09.05(토) 19:00,"1.88,3.1,3.4",경기전
2026-09-05T00:12:19+00:00,2026,105,9046,sc,J2리그,핸디캡,3,H -1.0,야마가타,V고후,09.05(토) 19:00,"3.65,3.35,1.73",경기전
2026-09-05T00:12:19+00:00,2026,105,9047,sc,J2리그,언더오버,2,U 2.5,야마가타,V고후,09.05(토) 19:00,"1.66,1.87",경기전
2026-09-05T00:12:19+00:00,2026,105,9048,sc,J2리그,홀짝,2,,야마가타,V고후,09.05(토) 19:00,"1.81,1.79",경기전
2026-09-05T00:12:19+00:00,2026,105,9049,sc,J2리그,승무패,3,,쇼난벨마,V센다이,09.05(토) 19:00,"2.7,2.9,2.3",경기전
2026-09-05T00:12:19+00:00,2026,105,9050,sc,J2리그,핸디캡,3,H +1.0,쇼난벨마,V센다이,09.05(토) 19:00,"1.48,3.65,5.0",경기전
2026-09-05T00:12:19+00:00,2026,105,9051,sc,J2리그,언더오버,2,U 2.5,쇼난벨마,V센다이,09.05(토) 19:00,"1.55,2.04",경기전
2026-09-05T00:12:19+00:00,2026,105,9052,sc,J2리그,홀짝,2,,쇼난벨마,V센다이,09.05(토) 19:00,"1.81,1.79",경기전
2026-09-05T00:12:19+00:00,2026,105,9053,sc,J2리그,승무패,3,,도쿠시마,이와키,09.05(토) 19:00,"2.2,2.9,2.85",경기전
2026-09-05T00:12:19+00:00,2026,105,9054,sc,J2리그,핸디캡,3,H -1.0,도쿠시마,이와키,09.05(토) 19:00,"4.65,3.55,1.53",경기전
2026-09-05T00:12:19+00:00,2026,105,9055,sc,J2리그,언더오버,2,U 2.5,도쿠시마,이와키,09.05(토) 19:00,"1.53,2.07",경기전
2026-09-05T00:12:19+00:00,2026,105,9056,sc,J2리그,홀짝,2,,도쿠시마,이와키,09.05(토) 19:00,"1.82,1.78",경기전
2026-09-05T00:12:19+00:00,2026,105,9057,sc,J2리그,승무패,3,,사간도스,미야자키,09.05(토) 19:00,"2.21,2.95,2.8",경기전
2026-09-05T00:12:19+00:00,2026,105,9058,sc,J2리그,핸디캡,3,H -1.0,사간도스,미야자키,09.05(토) 19:00,"4.75,3.55,1.52",경기전
2026-09-05T00:12:19+00:00,2026,105,9059,sc,J2리그,언더오버,2,U 2.5,사간도스,미야자키,09.05(토) 19:00,"1.56,2.02",경기전
2026-09-05T00:12:19+00:00,2026,105,9060,sc,J2리그,홀짝,2,,사간도스,미야자키,09.05(토) 19:00,"1.81,1.79",경기전
2026-09-05T00:12:19+00:00,2026,105,9061,sc,K리그1,승무패,3,,부천FC,대전하나,09.05(토) 19:00,"3.75,3.25,1.82",경기전
2026-09-05T00:12:19+00:00,2026,105,9062,sc,K리그1,핸디캡,3,H +1.0,부천FC,대전하나,09.05(토) 19:00,"1.85,3.35,3.35",경기전
2026-09-05T00:12:19+00:00,2026,105,9063,sc,K리그1,핸디캡,3,H +2.0,부천FC,대전하나,09.05(토) 19:00,"1.24,5.2,7.3",경기전
2026-09-05T00:12:19+00:00,2026,105,9064,sc,K리그1,언더오버,2,U 2.5,부천FC,대전하나,09.05(토) 19:00,"1.74,1.82",경기전
2026-09-05T00:12:19+00:00,2026,105,9065,sc,K리그1,홀짝,2,,부천FC,대전하나,09.05(토) 19:00,"1.81,1.79",경기전
2026-09-05T00:12:19+00:00,2026,105,9066,sc,K리그1,전반승무패,3,h(전반),부천FC,대전하나,09.05(토) 19:00,"4.4,1.98,2.4",경기전
2026-09-05T00:12:19+00:00,2026,105,9067,sc,K리그1,전반핸디캡,3,h H +1.0,부천FC,대전하나,09.05(토) 19:00,"1.41,3.45,6.7",경기전
2026-09-05T00:12:19+00:00,2026,105,9068,sc,K리그1,전반언더오버,2,h U 1.5,부천FC,대전하나,09.05(토) 19:00,"1.34,2.56",경기전
2026-09-05T00:12:19+00:00,2026,105,9069,sc,K리그1,승무패,3,,FC서울,인천유나,09.05(토) 19:00,"1.81,3.25,3.8",경기전
2026-09-05T00:12:19+00:00,2026,105,9070,sc,K리그1,핸디캡,3,H -1.0,FC서울,인천유나,09.05(토) 19:00,"3.35,3.3,1.87",경기전
2026-09-05T00:12:19+00:00,2026,105,9071,sc,K리그1,핸디캡,3,H -2.0,FC서울,인천유나,09.05(토) 19:00,"7.5,5.1,1.24",경기전
2026-09-05T00:12:19+00:00,2026,105,9072,sc,K리그1,언더오버,2,U 2.5,FC서울,인천유나,09.05(토) 19:00,"1.68,1.89",경기전
2026-09-05T00:12:19+00:00,2026,105,9073,sc,K리그1,홀짝,2,,FC서울,인천유나,09.05(토) 19:00,"1.81,1.79",경기전
2026-09-05T00:12:19+00:00,2026,105,9074,sc,K리그1,전반승무패,3,h(전반),FC서울,인천유나,09.05(토) 19:00,"2.4,1.96,4.5",경기전
2026-09-05T00:12:19+00:00,2026,105,9075,sc,K리그1,전반핸디캡,3,h H -1.0,FC서울,인천유나,09.05(토) 19:00,"6.7,3.45,1.41",경기전
2026-09-05T00:12:19+00:00,2026,105,9076,sc,K리그1,전반언더오버,2,h U 1.5,FC서울,인천유나,09.05(토) 19:00,"1.32,2.64",경기전
2026-09-05T00:12:19+00:00,2026,105,9077,sc,K리그1,승무패,3,,전북현대,포항스틸,09.05(토) 19:00,"1.78,3.25,3.95",경기전
2026-09-05T00:12:19+00:00,2026,105,9078,sc,K리그1,핸디캡,3,H -1.0,전북현대,포항스틸,09.05(토) 19:00,"3.3,3.3,1.89",경기전
2026-09-05T00:12:19+00:00,2026,105,9079,sc,K리그1,핸디캡,3,H -2.0,전북현대,포항스틸,09.05(토) 19:00,"7.3,5.2,1.24",경기전
2026-09-05T00:12:19+00:00,2026,105,9080,sc,K리그1,언더오버,2,U 2.5,전북현대,포항스틸,09.05(토) 19:00,"1.66,1.92",경기전
2026-09-05T00:12:19+00:00,2026,105,9081,sc,K리그1,홀짝,2,,전북현대,포항스틸,09.05(토) 19:00,"1.81,1.79",경기전
2026-09-05T00:12:19+00:00,2026,105,9082,sc,K리그1,전반승무패,3,h(전반),전북현대,포항스틸,09.05(토) 19:00,"2.35,1.96,4.7",경기전
2026-09-05T00:12:19+00:00,2026,105,9083,sc,K리그1,전반핸디캡,3,h H -1.0,전북현대,포항스틸,09.05(토) 19:00,"6.6,3.4,1.42",경기전
2026-09-05T00:12:19+00:00,2026,105,9084,sc,K리그1,전반언더오버,2,h U 1.5,전북현대,포항스틸,09.05(토) 19:00,"1.31,2.68",경기전
2026-09-05T00:12:19+00:00,2026,105,9085,sc,K리그1,승무패,3,,제주SKFC,울산HDFC,09.05(토) 19:00,"2.9,3.2,2.14",경기전
2026-09-05T00:12:19+00:00,2026,105,9086,sc,K리그1,핸디캡,3,H +1.0,제주SKFC,울산HDFC,09.05(토) 19:00,"1.6,3.7,4.15",경기전
2026-09-05T00:12:19+00:00,2026,105,9087,sc,K리그1,핸디캡,3,H +2.0,제주SKFC,울산HDFC,09.05(토) 19:00,"1.15,6.1,9.7",경기전
2026-09-05T00:12:19+00:00,2026,105,9088,sc,K리그1,언더오버,2,U 2.5,제주SKFC,울산HDFC,09.05(토) 19:00,"1.83,1.73",경기전
2026-09-05T00:12:19+00:00,2026,105,9089,sc,K리그1,홀짝,2,,제주SKFC,울산HDFC,09.05(토) 19:00,"1.81,1.79",경기전
2026-09-05T00:12:19+00:00,2026,105,9090,sc,K리그1,전반승무패,3,h(전반),제주SKFC,울산HDFC,09.05(토) 19:00,"3.5,2.0,2.75",경기전
2026-09-05T00:12:19+00:00,2026,105,9091,sc,K리그1,전반핸디캡,3,h H +1.0,제주SKFC,울산HDFC,09.05(토) 19:00,"1.32,3.8,7.8",경기전
2026-09-05T00:12:19+00:00,2026,105,9092,sc,K리그1,전반언더오버,2,h U 1.5,제주SKFC,울산HDFC,09.05(토) 19:00,"1.38,2.43",경기전
2026-09-05T00:12:19+00:00,2026,105,9093,sc,K리그2,승무패,3,,부산아이,안산그리,09.05(토) 19:00,"1.38,4.0,5.7",경기전
2026-09-05T00:12:19+00:00,2026,105,9094,sc,K리그2,핸디캡,3,H -1.0,부산아이,안산그리,09.05(토) 19:00,"2.17,3.3,2.6",경기전
2026-09-05T00:12:19+00:00,2026,105,9095,sc,K리그2,언더오버,2,U 2.5,부산아이,안산그리,09.05(토) 19:00,"2.13,1.5",경기전
2026-09-05T00:12:19+00:00,2026,105,9096,sc,K리그2,홀짝,2,,부산아이,안산그리,09.05(토) 19:00,"1.8,1.8",경기전
2026-09-05T00:12:19+00:00,2026,105,9097,sc,K리그2,승무패,3,,천안시티,화성FC,09.05(토) 19:00,"3.3,3.2,1.87",경기전
2026-09-05T00:12:19+00:00,2026,105,9098,sc,K리그2,핸디캡,3,H +1.0,천안시티,화성FC,09.05(토) 19:00,"1.73,3.45,3.55",경기전
2026-09-05T00:12:19+00:00,2026,105,9099,sc,K리그2,언더오버,2,U 2.5,천안시티,화성FC,09.05(토) 19:00,"1.77,1.75",경기전
2026-09-05T00:12:19+00:00,2026,105,9100,sc,K리그2,홀짝,2,,천안시티,화성FC,09.05(토) 19:00,"1.81,1.79",경기전
2026-09-05T00:12:19+00:00,2026,105,9101,sc,K리그2,승무패,3,,용인FC,수원FC,09.05(토) 19:00,"3.4,3.45,1.77",경기전
2026-09-05T00:12:19+00:00,2026,105,9102,sc,K리그2,핸디캡,3,H +1.0,용인FC,수원FC,09.05(토) 19:00,"1.83,3.5,3.15",경기전
2026-09-05T00:12:19+00:00,2026,105,9103,sc,K리그2,언더오버,2,U 2.5,용인FC,수원FC,09.05(토) 19:00,"2.05,1.54",경기전
2026-09-05T00:12:19+00:00,2026,105,9104,sc,K리그2,홀짝,2,,용인FC,수원FC,09.05(토) 19:00,"1.8,1.8",경기전
2026-09-05T00:12:19+00:00,2026,105,9105,sc,K리그2,승무패,3,,김해FC,전남드래,09.05(토) 19:00,"2.75,3.15,2.14",경기전
2026-09-05T00:12:19+00:00,2026,105,9106,sc,K리그2,핸디캡,3,H +1.0,김해FC,전남드래,09.05(토) 19:00,"1.56,3.65,4.25",경기전
2026-09-05T00:12:19+00:00,2026,105,9107,sc,K리그2,언더오버,2,U 2.5,김해FC,전남드래,09.05(토) 19:00,"1.79,1.73",경기전
2026-09-05T00:12:19+00:00,2026,105,9108,sc,K리그2,홀짝,2,,김해FC,전남드래,09.05(토) 19:00,"1.81,1.79",경기전
2026-09-05T00:12:19+00:00,2026,105,9109,sc,EFL챔,승무패,3,,링컨시티,사우샘프,09.05(토) 20:30,"3.6,3.35,1.74",경기전
2026-09-05T00:12:19+00:00,2026,105,9110,sc,EFL챔,핸디캡,3,H +1.0,링컨시티,사우샘프,09.05(토) 20:30,"1.86,3.4,3.15",경기전
2026-09-05T00:12:19+00:00,2026,105,9111,sc,EFL챔,언더오버,2,U 2.5,링컨시티,사우샘프,09.05(토) 20:30,"1.91,1.63",경기전
2026-09-05T00:12:19+00:00,2026,105,9112,sc,EFL챔,홀짝,2,,링컨시티,사우샘프,09.05(토) 20:30,"1.81,1.79",경기전
2026-09-05T00:12:19+00:00,2026,105,9113,sc,EFL챔,승무패,3,,프레스턴,블랙번R,09.05(토) 20:30,"2.29,3.05,2.6",경기전
2026-09-05T00:12:19+00:00,2026,105,9114,sc,EFL챔,핸디캡,3,H -1.0,프레스턴,블랙번R,09.05(토) 20:30,"4.85,3.75,1.48",경기전
2026-09-05T00:12:19+00:00,2026,105,9115,sc,EFL챔,언더오버,2,U 2.5,프레스턴,블랙번R,09.05(토) 20:30,"1.67,1.86",경기전
2026-09-05T00:12:19+00:00,2026,105,9116,sc,EFL챔,홀짝,2,,프레스턴,블랙번R,09.05(토) 20:30,"1.81,1.79",경기전
2026-09-05T00:12:19+00:00,2026,105,9117,sc,EFL챔,승무패,3,,스토크C,찰턴A,09.05(토) 20:30,"1.95,3.05,3.25",경기전
2026-09-05T00:12:19+00:00,2026,105,9118,sc,EFL챔,핸디캡,3,H -1.0,스토크C,찰턴A,09.05(토) 20:30,"3.9,3.4,1.67",경기전
2026-09-05T00:12:19+00:00,2026,105,9119,sc,EFL챔,언더오버,2,U 2.5,스토크C,찰턴A,09.05(토) 20:30,"1.62,1.93",경기전
2026-09-05T00:12:19+00:00,2026,105,9120,sc,EFL챔,홀짝,2,,스토크C,찰턴A,09.05(토) 20:30,"1.81,1.79",경기전
2026-09-05T00:12:19+00:00,2026,105,9121,sc,EPL,승무패,3,,뉴캐슬U,본머스,09.05(토) 20:30,"2.06,3.55,2.8",경기전
2026-09-05T00:12:19+00:00,2026,105,9122,sc,EPL,핸디캡,3,H -1.0,뉴캐슬U,본머스,09.05(토) 20:30,"3.7,3.85,1.65",경기전
2026-09-05T00:12:19+00:00,2026,105,9123,sc,EPL,핸디캡,3,H -2.0,뉴캐슬U,본머스,09.05(토) 20:30,"7.9,5.9,1.19",경기전
2026-09-05T00:12:19+00:00,2026,105,9124,sc,EPL,언더오버,2,U 3.5,뉴캐슬U,본머스,09.05(토) 20:30,"1.51,2.17",경기전
2026-09-05T00:12:19+00:00,2026,105,9125,sc,EPL,홀짝,2,,뉴캐슬U,본머스,09.05(토) 20:30,"1.8,1.8",경기전
2026-09-05T00:12:19+00:00,2026,105,9126,bk,여농월드,승패,2,,나이지W,헝가리W,09.05(토) 21:15,"1.55,2.04",경기전
2026-09-05T00:12:19+00:00,2026,105,9127,bk,여농월드,핸디캡,2,H -2.5,나이지W,헝가리W,09.05(토) 21:15,"1.76,1.76",경기전
2026-09-05T00:12:19+00:00,2026,105,9128,bk,여농월드,언더오버,2,U 143.5,나이지W,헝가리W,09.05(토) 21:15,"1.76,1.76",경기전
2026-09-05T00:12:19+00:00,2026,105,9129,bk,여농월드,홀짝,2,,나이지W,헝가리W,09.05(토) 21:15,"1.8,1.8",경기전
2026-09-05T00:12:19+00:00,2026,105,9130,sc,세리에A,승무패,3,,피오렌티,토리노,09.05(토) 22:00,"1.77,3.1,3.8",경기전
2026-09-05T00:12:19+00:00,2026,105,9131,sc,세리에A,핸디캡,3,H -1.0,피오렌티,토리노,09.05(토) 22:00,"3.4,3.25,1.83",경기전
2026-09-05T00:12:19+00:00,2026,105,9132,sc,세리에A,언더오버,2,U 2.5,피오렌티,토리노,09.05(토) 22:00,"1.6,1.96",경기전
2026-09-05T00:12:19+00:00,2026,105,9133,sc,세리에A,홀짝,2,,피오렌티,토리노,09.05(토) 22:00,"1.81,1.79",경기전
2026-09-05T00:12:19+00:00,2026,105,9134,sc,분데스리,승무패,3,,호펜하임,도르트문,09.05(토) 22:30,"2.65,3.65,2.06",경기전
2026-09-05T00:12:19+00:00,2026,105,9135,sc,분데스리,핸디캡,3,H +1.0,호펜하임,도르트문,09.05(토) 22:30,"1.61,3.95,3.65",경기전
2026-09-05T00:12:19+00:00,2026,105,9136,sc,분데스리,핸디캡,3,H +2.0,호펜하임,도르트문,09.05(토) 22:30,"1.18,5.9,7.5",경기전
2026-09-05T00:12:19+00:00,2026,105,9137,sc,분데스리,언더오버,2,U 3.5,호펜하임,도르트문,09.05(토) 22:30,"1.63,1.96",경기전
2026-09-05T00:12:19+00:00,2026,105,9138,sc,분데스리,홀짝,2,,호펜하임,도르트문,09.05(토) 22:30,"1.8,1.8",경기전
2026-09-05T00:12:19+00:00,2026,105,9139,sc,분데스리,승무패,3,,레버쿠젠,U베를린,09.05(토) 22:30,"1.36,4.35,5.8",경기전
2026-09-05T00:12:19+00:00,2026,105,9140,sc,분데스리,핸디캡,3,H -1.0,레버쿠젠,U베를린,09.05(토) 22:30,"2.01,3.55,2.7",경기전
2026-09-05T00:12:19+00:00,2026,105,9141,sc,분데스리,핸디캡,3,H -2.0,레버쿠젠,U베를린,09.05(토) 22:30,"3.3,4.05,1.67",경기전
2026-09-05T00:12:19+00:00,2026,105,9142,sc,분데스리,언더오버,2,U 3.5,레버쿠젠,U베를린,09.05(토) 22:30,"1.65,1.93",경기전
2026-09-05T00:12:19+00:00,2026,105,9143,sc,분데스리,홀짝,2,,레버쿠젠,U베를린,09.05(토) 22:30,"1.8,1.8",경기전
2026-09-05T00:12:19+00:00,2026,105,9144,sc,분데스리,승무패,3,,묀헨글라,엘버스베,09.05(토) 22:30,"1.77,3.55,3.45",경기전
2026-09-05T00:12:19+00:00,2026,105,9145,sc,분데스리,핸디캡,3,H -1.0,묀헨글라,엘버스베,09.05(토) 22:30,"3.0,3.55,1.87",경기전
2026-09-05T00:12:19+00:00,2026,105,9146,sc,분데스리,핸디캡,3,H -2.0,묀헨글라,엘버스베,09.05(토) 22:30,"6.0,5.1,1.27",경기전
2026-09-05T00:12:19+00:00,2026,105,9147,sc,분데스리,언더오버,2,U 2.5,묀헨글라,엘버스베,09.05(토) 22:30,"2.23,1.48",경기전
2026-09-05T00:12:19+00:00,2026,105,9148,sc,분데스리,홀짝,2,,묀헨글라,엘버스베,09.05(토) 22:30,"1.8,1.8",경기전
2026-09-05T00:12:19+00:00,2026,105,9149,sc,분데스리,승무패,3,,브레멘,라이프치,09.05(토) 22:30,"3.6,3.75,1.69",경기전
2026-09-05T00:12:19+00:00,2026,105,9150,sc,분데스리,핸디캡,3,H +1.0,브레멘,라이프치,09.05(토) 22:30,"1.97,3.6,2.75",경기전
2026-09-05T00:12:19+00:00,2026,105,9151,sc,분데스리,핸디캡,3,H +2.0,브레멘,라이프치,09.05(토) 22:30,"1.33,4.85,5.2",경기전
2026-09-05T00:12:19+00:00,2026,105,9152,sc,분데스리,언더오버,2,U 3.5,브레멘,라이프치,09.05(토) 22:30,"1.61,1.99",경기전
2026-09-05T00:12:19+00:00,2026,105,9153,sc,분데스리,홀짝,2,,브레멘,라이프치,09.05(토) 22:30,"1.8,1.8",경기전
2026-09-05T00:12:19+00:00,2026,105,9154,sc,분데스리,승무패,3,,파더보른,프라이부,09.05(토) 22:30,"3.1,3.4,1.92",경기전
2026-09-05T00:12:19+00:00,2026,105,9155,sc,분데스리,핸디캡,3,H +1.0,파더보른,프라이부,09.05(토) 22:30,"1.71,3.6,3.5",경기전
2026-09-05T00:12:19+00:00,2026,105,9156,sc,분데스리,핸디캡,3,H +2.0,파더보른,프라이부,09.05(토) 22:30,"1.2,5.5,7.5",경기전
2026-09-05T00:12:19+00:00,2026,105,9157,sc,분데스리,언더오버,2,U 2.5,파더보른,프라이부,09.05(토) 22:30,"2.11,1.54",경기전
2026-09-05T00:12:19+00:00,2026,105,9158,sc,분데스리,홀짝,2,,파더보른,프라이부,09.05(토) 22:30,"1.8,1.8",경기전
2026-09-05T00:12:19+00:00,2026,105,9159,sc,EFL챔,승무패,3,,번리,브리스C,09.05(토) 23:00,"1.74,3.3,3.7",경기전
2026-09-05T00:12:19+00:00,2026,105,9160,sc,EFL챔,핸디캡,3,H -1.0,번리,브리스C,09.05(토) 23:00,"3.15,3.35,1.87",경기전
2026-09-05T00:12:19+00:00,2026,105,9161,sc,EFL챔,언더오버,2,U 2.5,번리,브리스C,09.05(토) 23:00,"1.82,1.7",경기전
2026-09-05T00:12:19+00:00,2026,105,9162,sc,EFL챔,홀짝,2,,번리,브리스C,09.05(토) 23:00,"1.81,1.79",경기전
2026-09-05T00:12:19+00:00,2026,105,9163,sc,EFL챔,승무패,3,,밀월,볼턴W,09.05(토) 23:00,"1.77,3.15,3.75",경기전
2026-09-05T00:12:19+00:00,2026,105,9164,sc,EFL챔,핸디캡,3,H -1.0,밀월,볼턴W,09.05(토) 23:00,"3.35,3.25,1.84",경기전
2026-09-05T00:12:19+00:00,2026,105,9165,sc,EFL챔,언더오버,2,U 2.5,밀월,볼턴W,09.05(토) 23:00,"1.67,1.86",경기전
2026-09-05T00:12:19+00:00,2026,105,9166,sc,EFL챔,홀짝,2,,밀월,볼턴W,09.05(토) 23:00,"1.81,1.79",경기전
2026-09-05T00:12:19+00:00,2026,105,9167,sc,EFL챔,승무패,3,,포츠머스,카디프C,09.05(토) 23:00,"2.21,3.2,2.6",경기전
2026-09-05T00:12:19+00:00,2026,105,9168,sc,EFL챔,핸디캡,3,H -1.0,포츠머스,카디프C,09.05(토) 23:00,"4.4,3.8,1.52",경기전
2026-09-05T00:12:19+00:00,2026,105,9169,sc,EFL챔,언더오버,2,U 2.5,포츠머스,카디프C,09.05(토) 23:00,"1.9,1.64",경기전
2026-09-05T00:12:19+00:00,2026,105,9170,sc,EFL챔,홀짝,2,,포츠머스,카디프C,09.05(토) 23:00,"1.81,1.79",경기전
2026-09-05T00:12:19+00:00,2026,105,9171,sc,EFL챔,승무패,3,,퀸즈파크,미들즈브,09.05(토) 23:00,"2.9,3.2,2.03",경기전
2026-09-05T00:12:19+00:00,2026,105,9172,sc,EFL챔,핸디캡,3,H +1.0,퀸즈파크,미들즈브,09.05(토) 23:00,"1.62,3.6,3.95",경기전
2026-09-05T00:12:19+00:00,2026,105,9173,sc,EFL챔,언더오버,2,U 2.5,퀸즈파크,미들즈브,09.05(토) 23:00,"1.86,1.67",경기전
2026-09-05T00:12:19+00:00,2026,105,9174,sc,EFL챔,홀짝,2,,퀸즈파크,미들즈브,09.05(토) 23:00,"1.81,1.79",경기전
2026-09-05T00:12:19+00:00,2026,105,9175,sc,EFL챔,승무패,3,,셰필드U,노리치C,09.05(토) 23:00,"2.36,3.15,2.45",경기전
2026-09-05T00:12:19+00:00,2026,105,9176,sc,EFL챔,핸디캡,3,H -1.0,셰필드U,노리치C,09.05(토) 23:00,"4.9,3.9,1.45",경기전
2026-09-05T00:12:19+00:00,2026,105,9177,sc,EFL챔,언더오버,2,U 2.5,셰필드U,노리치C,09.05(토) 23:00,"1.84,1.69",경기전
2026-09-05T00:12:19+00:00,2026,105,9178,sc,EFL챔,홀짝,2,,셰필드U,노리치C,09.05(토) 23:00,"1.81,1.79",경기전
2026-09-05T00:12:19+00:00,2026,105,9179,sc,EFL챔,승무패,3,,웨스브로,왓포드,09.05(토) 23:00,"1.75,3.25,3.7",경기전
2026-09-05T00:12:19+00:00,2026,105,9180,sc,EFL챔,핸디캡,3,H -1.0,웨스브로,왓포드,09.05(토) 23:00,"3.25,3.3,1.86",경기전
2026-09-05T00:12:19+00:00,2026,105,9181,sc,EFL챔,언더오버,2,U 2.5,웨스브로,왓포드,09.05(토) 23:00,"1.76,1.76",경기전
2026-09-05T00:12:19+00:00,2026,105,9182,sc,EFL챔,홀짝,2,,웨스브로,왓포드,09.05(토) 23:00,"1.81,1.79",경기전
2026-09-05T00:12:19+00:00,2026,105,9183,sc,EFL챔,승무패,3,,웨스트햄,더비카운,09.05(토) 23:00,"1.3,4.1,7.3",경기전
2026-09-05T00:12:19+00:00,2026,105,9184,sc,EFL챔,핸디캡,3,H -1.0,웨스트햄,더비카운,09.05(토) 23:00,"2.01,3.2,2.95",경기전
2026-09-05T00:12:19+00:00,2026,105,9185,sc,EFL챔,핸디캡,3,H -2.0,웨스트햄,더비카운,09.05(토) 23:00,"3.55,3.75,1.66",경기전
2026-09-05T00:12:19+00:00,2026,105,9186,sc,EFL챔,핸디캡,2,H -3.5,웨스트햄,더비카운,09.05(토) 23:00,"6.84,1.01",경기전
2026-09-05T00:12:19+00:00,2026,105,9187,sc,EFL챔,언더오버,2,U 2.5,웨스트햄,더비카운,09.05(토) 23:00,"1.91,1.63",경기전
2026-09-05T00:12:19+00:00,2026,105,9188,sc,EFL챔,홀짝,2,,웨스트햄,더비카운,09.05(토) 23:00,"1.81,1.79",경기전
2026-09-05T00:12:19+00:00,2026,105,9189,sc,EPL,승무패,3,,브렌트퍼,선덜랜드,09.05(토) 23:00,"1.57,3.6,4.8",경기전
2026-09-05T00:12:19+00:00,2026,105,9190,sc,EPL,핸디캡,3,H -1.0,브렌트퍼,선덜랜드,09.05(토) 23:00,"2.65,3.25,2.22",경기전
2026-09-05T00:12:19+00:00,2026,105,9191,sc,EPL,핸디캡,3,H -2.0,브렌트퍼,선덜랜드,09.05(토) 23:00,"5.2,4.45,1.39",경기전
2026-09-05T00:12:19+00:00,2026,105,9192,sc,EPL,언더오버,2,U 2.5,브렌트퍼,선덜랜드,09.05(토) 23:00,"1.89,1.68",경기전
2026-09-05T00:12:19+00:00,2026,105,9193,sc,EPL,홀짝,2,,브렌트퍼,선덜랜드,09.05(토) 23:00,"1.81,1.79",경기전
2026-09-05T00:12:19+00:00,2026,105,9194,sc,EPL,승무패,3,,브라이턴,리즈U,09.05(토) 23:00,"1.9,3.3,3.4",경기전
2026-09-05T00:12:19+00:00,2026,105,9195,sc,EPL,핸디캡,3,H -1.0,브라이턴,리즈U,09.05(토) 23:00,"3.55,3.45,1.77",경기전
2026-09-05T00:12:19+00:00,2026,105,9196,sc,EPL,핸디캡,3,H -2.0,브라이턴,리즈U,09.05(토) 23:00,"7.8,5.5,1.21",경기전
2026-09-05T00:12:19+00:00,2026,105,9197,sc,EPL,언더오버,2,U 2.5,브라이턴,리즈U,09.05(토) 23:00,"1.8,1.76",경기전
2026-09-05T00:12:19+00:00,2026,105,9198,sc,EPL,홀짝,2,,브라이턴,리즈U,09.05(토) 23:00,"1.81,1.79",경기전
2026-09-05T00:12:19+00:00,2026,105,9199,sc,EPL,승무패,3,,풀럼,크리스털,09.05(토) 23:00,"2.17,3.2,2.85",경기전
2026-09-05T00:12:19+00:00,2026,105,9200,sc,EPL,핸디캡,3,H -1.0,풀럼,크리스털,09.05(토) 23:00,"4.3,3.7,1.58",경기전
2026-09-05T00:12:19+00:00,2026,105,9201,sc,EPL,핸디캡,3,H -2.0,풀럼,크리스털,09.05(토) 23:00,"10.0,6.3,1.14",경기전
2026-09-05T00:12:19+00:00,2026,105,9202,sc,EPL,언더오버,2,U 2.5,풀럼,크리스털,09.05(토) 23:00,"1.8,1.76",경기전
2026-09-05T00:12:19+00:00,2026,105,9203,sc,EPL,홀짝,2,,풀럼,크리스털,09.05(토) 23:00,"1.81,1.79",경기전
2026-09-05T00:12:19+00:00,2026,105,9204,sc,EPL,승무패,3,,맨체스C,코번트리,09.05(토) 23:00,"1.11,6.9,13.0",경기전
2026-09-05T00:12:19+00:00,2026,105,9205,sc,EPL,핸디캡,3,H -1.0,맨체스C,코번트리,09.05(토) 23:00,"1.4,4.6,4.9",경기전
2026-09-05T00:12:19+00:00,2026,105,9206,sc,EPL,핸디캡,3,H -2.0,맨체스C,코번트리,09.05(토) 23:00,"2.06,3.85,2.55",경기전
2026-09-05T00:12:19+00:00,2026,105,9207,sc,EPL,핸디캡,2,H -3.5,맨체스C,코번트리,09.05(토) 23:00,"3.09,1.23",경기전
2026-09-05T00:12:19+00:00,2026,105,9208,sc,EPL,언더오버,2,U 3.5,맨체스C,코번트리,09.05(토) 23:00,"1.84,1.72",경기전
2026-09-05T00:12:19+00:00,2026,105,9209,sc,EPL,홀짝,2,,맨체스C,코번트리,09.05(토) 23:00,"1.8,1.8",경기전
2026-09-05T00:12:19+00:00,2026,105,9210,sc,EPL,승무패,3,,노팅엄F,토트넘,09.05(토) 23:00,"2.34,3.2,2.6",경기전
2026-09-05T00:12:19+00:00,2026,105,9211,sc,EPL,핸디캡,3,H -1.0,노팅엄F,토트넘,09.05(토) 23:00,"4.75,3.85,1.5",경기전
2026-09-05T00:12:19+00:00,2026,105,9212,sc,EPL,핸디캡,3,H -2.0,노팅엄F,토트넘,09.05(토) 23:00,"12.0,7.0,1.1",경기전
2026-09-05T00:12:19+00:00,2026,105,9213,sc,EPL,언더오버,2,U 2.5,노팅엄F,토트넘,09.05(토) 23:00,"1.79,1.77",경기전
2026-09-05T00:12:19+00:00,2026,105,9214,sc,EPL,홀짝,2,,노팅엄F,토트넘,09.05(토) 23:00,"1.81,1.79",경기전
2026-09-05T00:12:19+00:00,2026,105,9215,sc,라리가,승무패,3,,A빌바오,AT마드,09.05(토) 23:15,"2.7,3.15,2.23",경기전
2026-09-05T00:12:19+00:00,2026,105,9216,sc,라리가,핸디캡,3,H +1.0,A빌바오,AT마드,09.05(토) 23:15,"1.53,3.65,4.5",경기전
2026-09-05T00:12:19+00:00,2026,105,9217,sc,라리가,언더오버,2,U 2.5,A빌바오,AT마드,09.05(토) 23:15,"1.78,1.78",경기전
2026-09-05T00:12:19+00:00,2026,105,9218,sc,라리가,홀짝,2,,A빌바오,AT마드,09.05(토) 23:15,"1.81,1.79",경기전
2026-09-05T00:12:19+00:00,2026,105,9219,sc,에레디비,승무패,3,,네이메헌,페예노르,09.05(토) 23:30,"2.55,3.7,2.05",경기전
2026-09-05T00:12:19+00:00,2026,105,9220,sc,에레디비,핸디캡,3,H +1.0,네이메헌,페예노르,09.05(토) 23:30,"1.57,4.25,3.6",경기전
2026-09-05T00:12:19+00:00,2026,105,9221,sc,에레디비,언더오버,2,U 3.5,네이메헌,페예노르,09.05(토) 23:30,"1.79,1.73",경기전
2026-09-05T00:12:19+00:00,2026,105,9222,sc,에레디비,홀짝,2,,네이메헌,페예노르,09.05(토) 23:30,"1.8,1.8",경기전
2026-09-05T00:12:19+00:00,2026,105,9223,sc,프리그1,승무패,3,,RC랑스,로리앙,09.06(일) 00:15,"1.42,3.85,5.4",경기전
2026-09-05T00:12:19+00:00,2026,105,9224,sc,프리그1,핸디캡,3,H -1.0,RC랑스,로리앙,09.06(일) 00:15,"2.28,3.3,2.45",경기전
2026-09-05T00:12:19+00:00,2026,105,9225,sc,프리그1,언더오버,2,U 2.5,RC랑스,로리앙,09.06(일) 00:15,"2.05,1.54",경기전
2026-09-05T00:12:19+00:00,2026,105,9226,sc,프리그1,홀짝,2,,RC랑스,로리앙,09.06(일) 00:15,"1.8,1.8",경기전
2026-09-05T00:12:19+00:00,2026,105,9227,sc,세리에A,승무패,3,,인테르,나폴리,09.06(일) 01:00,"1.55,3.4,4.75",경기전
2026-09-05T00:12:19+00:00,2026,105,9228,sc,세리에A,핸디캡,3,H -1.0,인테르,나폴리,09.06(일) 01:00,"2.7,3.15,2.17",경기전
2026-09-05T00:12:19+00:00,2026,105,9229,sc,세리에A,언더오버,2,U 2.5,인테르,나폴리,09.06(일) 01:00,"1.71,1.81",경기전
2026-09-05T00:12:19+00:00,2026,105,9230,sc,세리에A,홀짝,2,,인테르,나폴리,09.06(일) 01:00,"1.81,1.79",경기전
2026-09-05T00:12:19+00:00,2026,105,9231,bk,여농월드,승패,2,,독일W,일본W,09.06(일) 01:00,"1.35,2.53",경기전
2026-09-05T00:12:19+00:00,2026,105,9232,bk,여농월드,핸디캡,2,H -4.5,독일W,일본W,09.06(일) 01:00,"1.71,1.81",경기전
2026-09-05T00:12:19+00:00,2026,105,9233,bk,여농월드,언더오버,2,U 151.5,독일W,일본W,09.06(일) 01:00,"1.74,1.78",경기전
2026-09-05T00:12:19+00:00,2026,105,9234,bk,여농월드,홀짝,2,,독일W,일본W,09.06(일) 01:00,"1.8,1.8",경기전
2026-09-05T00:12:19+00:00,2026,105,9235,sc,EPL,승무패,3,,헐시티,A빌라,09.06(일) 01:30,"3.7,3.35,1.8",경기전
2026-09-05T00:12:19+00:00,2026,105,9236,sc,EPL,핸디캡,3,H +1.0,헐시티,A빌라,09.06(일) 01:30,"1.85,3.4,3.3",경기전
2026-09-05T00:12:19+00:00,2026,105,9237,sc,EPL,핸디캡,3,H +2.0,헐시티,A빌라,09.06(일) 01:30,"1.25,5.1,7.1",경기전
2026-09-05T00:12:19+00:00,2026,105,9238,sc,EPL,언더오버,2,U 2.5,헐시티,A빌라,09.06(일) 01:30,"1.8,1.76",경기전
2026-09-05T00:12:19+00:00,2026,105,9239,sc,EPL,홀짝,2,,헐시티,A빌라,09.06(일) 01:30,"1.81,1.79",경기전
2026-09-05T00:12:19+00:00,2026,105,9240,sc,라리가,승무패,3,,라요바예,라싱산탄,09.06(일) 01:30,"2.11,3.2,2.85",경기전
2026-09-05T00:12:19+00:00,2026,105,9241,sc,라리가,핸디캡,3,H -1.0,라요바예,라싱산탄,09.06(일) 01:30,"4.1,3.65,1.58",경기전
2026-09-05T00:12:19+00:00,2026,105,9242,sc,라리가,언더오버,2,U 2.5,라요바예,라싱산탄,09.06(일) 01:30,"1.84,1.72",경기전
2026-09-05T00:12:19+00:00,2026,105,9243,sc,라리가,홀짝,2,,라요바예,라싱산탄,09.06(일) 01:30,"1.81,1.79",경기전
2026-09-05T00:12:19+00:00,2026,105,9244,sc,분데스리,승무패,3,,샬케04,바이뮌헨,09.06(일) 01:30,"11.5,6.4,1.12",경기전
2026-09-05T00:12:19+00:00,2026,105,9245,sc,분데스리,핸디캡,3,H +1.0,샬케04,바이뮌헨,09.06(일) 01:30,"4.75,4.25,1.42",경기전
2026-09-05T00:12:19+00:00,2026,105,9246,sc,분데스리,핸디캡,3,H +2.0,샬케04,바이뮌헨,09.06(일) 01:30,"2.7,3.8,1.94",경기전
2026-09-05T00:12:19+00:00,2026,105,9247,sc,분데스리,핸디캡,2,H +3.5,샬케04,바이뮌헨,09.06(일) 01:30,"1.26,2.92",경기전
2026-09-05T00:12:19+00:00,2026,105,9248,sc,분데스리,언더오버,2,U 3.5,샬케04,바이뮌헨,09.06(일) 01:30,"2.17,1.51",경기전
2026-09-05T00:12:19+00:00,2026,105,9249,sc,분데스리,홀짝,2,,샬케04,바이뮌헨,09.06(일) 01:30,"1.8,1.8",경기전
2026-09-05T00:12:19+00:00,2026,105,9250,sc,에레디비,승무패,3,,위트레흐,고어헤드,09.06(일) 01:45,"1.89,3.5,3.0",경기전
2026-09-05T00:12:19+00:00,2026,105,9251,sc,에레디비,핸디캡,3,H -1.0,위트레흐,고어헤드,09.06(일) 01:45,"3.35,3.7,1.72",경기전
2026-09-05T00:12:19+00:00,2026,105,9252,sc,에레디비,언더오버,2,U 3.5,위트레흐,고어헤드,09.06(일) 01:45,"1.49,2.15",경기전
2026-09-05T00:12:19+00:00,2026,105,9253,sc,에레디비,홀짝,2,,위트레흐,고어헤드,09.06(일) 01:45,"1.8,1.8",경기전
2026-09-05T00:12:19+00:00,2026,105,9254,sc,에레디비,승무패,3,,아약스,PSV,09.06(일) 03:00,"2.4,3.7,2.16",경기전
2026-09-05T00:12:19+00:00,2026,105,9255,sc,에레디비,핸디캡,3,H +1.0,아약스,PSV,09.06(일) 03:00,"1.53,4.25,3.85",경기전
2026-09-05T00:12:19+00:00,2026,105,9256,sc,에레디비,언더오버,2,U 3.5,아약스,PSV,09.06(일) 03:00,"1.82,1.7",경기전
2026-09-05T00:12:19+00:00,2026,105,9257,sc,에레디비,홀짝,2,,아약스,PSV,09.06(일) 03:00,"1.8,1.8",경기전
2026-09-05T00:12:19+00:00,2026,105,9258,sc,세리에A,승무패,3,,AS로마,아탈란타,09.06(일) 03:45,"1.62,3.35,4.3",경기전
2026-09-05T00:12:19+00:00,2026,105,9259,sc,세리에A,핸디캡,3,H -1.0,AS로마,아탈란타,09.06(일) 03:45,"2.9,3.2,2.03",경기전
2026-09-05T00:12:19+00:00,2026,105,9260,sc,세리에A,언더오버,2,U 2.5,AS로마,아탈란타,09.06(일) 03:45,"1.75,1.77",경기전
2026-09-05T00:12:19+00:00,2026,105,9261,sc,세리에A,홀짝,2,,AS로마,아탈란타,09.06(일) 03:45,"1.81,1.79",경기전
2026-09-05T00:12:19+00:00,2026,105,9262,sc,프리그1,승무패,3,,르아브르,브레스투,09.06(일) 03:45,"2.44,2.95,2.5",경기전
2026-09-05T00:12:19+00:00,2026,105,9263,sc,프리그1,핸디캡,3,H -1.0,르아브르,브레스투,09.06(일) 03:45,"5.5,3.75,1.43",경기전
2026-09-05T00:12:19+00:00,2026,105,9264,sc,프리그1,언더오버,2,U 2.5,르아브르,브레스투,09.06(일) 03:45,"1.61,1.94",경기전
2026-09-05T00:12:19+00:00,2026,105,9265,sc,프리그1,홀짝,2,,르아브르,브레스투,09.06(일) 03:45,"1.81,1.79",경기전
2026-09-05T00:12:19+00:00,2026,105,9266,sc,프리그1,승무패,3,,OGC니스,르망FC,09.06(일) 03:45,"1.7,3.3,3.85",경기전
2026-09-05T00:12:19+00:00,2026,105,9267,sc,프리그1,핸디캡,3,H -1.0,OGC니스,르망FC,09.06(일) 03:45,"3.1,3.3,1.91",경기전
2026-09-05T00:12:19+00:00,2026,105,9268,sc,프리그1,언더오버,2,U 2.5,OGC니스,르망FC,09.06(일) 03:45,"1.79,1.73",경기전
2026-09-05T00:12:19+00:00,2026,105,9269,sc,프리그1,홀짝,2,,OGC니스,르망FC,09.06(일) 03:45,"1.81,1.79",경기전
2026-09-05T00:12:19+00:00,2026,105,9270,bk,여농월드,승패,2,,프랑스W,한국W,09.06(일) 03:45,"1.0,1.0",경기전
2026-09-05T00:12:19+00:00,2026,105,9271,bk,여농월드,핸디캡,2,H -27.5,프랑스W,한국W,09.06(일) 03:45,"1.7,1.82",경기전
2026-09-05T00:12:19+00:00,2026,105,9272,bk,여농월드,언더오버,2,U 150.5,프랑스W,한국W,09.06(일) 03:45,"1.76,1.76",경기전
2026-09-05T00:12:19+00:00,2026,105,9273,bk,여농월드,홀짝,2,,프랑스W,한국W,09.06(일) 03:45,"1.8,1.8",경기전
2026-09-05T00:12:19+00:00,2026,105,9274,sc,EFL챔,승무패,3,,스완지C,렉섬,09.06(일) 04:00,"2.05,3.1,2.95",경기전
2026-09-05T00:12:19+00:00,2026,105,9275,sc,EFL챔,핸디캡,3,H -1.0,스완지C,렉섬,09.06(일) 04:00,"4.05,3.55,1.61",경기전
2026-09-05T00:12:19+00:00,2026,105,9276,sc,EFL챔,언더오버,2,U 2.5,스완지C,렉섬,09.06(일) 04:00,"1.73,1.79",경기전
2026-09-05T00:12:19+00:00,2026,105,9277,sc,EFL챔,홀짝,2,,스완지C,렉섬,09.06(일) 04:00,"1.81,1.79",경기전
2026-09-05T00:12:19+00:00,2026,105,9278,sc,라리가,승무패,3,,비야레알,데포아코,09.06(일) 04:00,"1.43,3.85,5.6",경기전
2026-09-05T00:12:19+00:00,2026,105,9279,sc,라리가,핸디캡,3,H -1.0,비야레알,데포아코,09.06(일) 04:00,"2.26,3.25,2.5",경기전
2026-09-05T00:12:19+00:00,2026,105,9280,sc,라리가,언더오버,2,U 2.5,비야레알,데포아코,09.06(일) 04:00,"1.96,1.63",경기전
2026-09-05T00:12:19+00:00,2026,105,9281,sc,라리가,홀짝,2,,비야레알,데포아코,09.06(일) 04:00,"1.81,1.79",경기전
2026-09-05T00:12:19+00:00,2026,105,9282,sc,에레디비,승무패,3,,빌럼II,엑셀시오,09.06(일) 04:00,"2.7,3.3,2.1",경기전
2026-09-05T00:12:19+00:00,2026,105,9283,sc,에레디비,핸디캡,3,H +1.0,빌럼II,엑셀시오,09.06(일) 04:00,"1.58,3.75,4.0",경기전
2026-09-05T00:12:19+00:00,2026,105,9284,sc,에레디비,언더오버,2,U 2.5,빌럼II,엑셀시오,09.06(일) 04:00,"2.07,1.53",경기전
2026-09-05T00:12:19+00:00,2026,105,9285,sc,에레디비,홀짝,2,,빌럼II,엑셀시오,09.06(일) 04:00,"1.8,1.8",경기전
2026-09-05T00:12:19+00:00,2026,105,9346,sc,MLS,승무패,3,,샬럿FC,휴스다이,09.06(일) 08:30,"2.07,3.3,2.75",경기전
2026-09-05T00:12:19+00:00,2026,105,9347,sc,MLS,핸디캡,3,H -1.0,샬럿FC,휴스다이,09.06(일) 08:30,"4.0,3.7,1.59",경기전
2026-09-05T00:12:19+00:00,2026,105,9348,sc,MLS,언더오버,2,U 2.5,샬럿FC,휴스다이,09.06(일) 08:30,"1.99,1.58",경기전
2026-09-05T00:12:19+00:00,2026,105,9349,sc,MLS,홀짝,2,,샬럿FC,휴스다이,09.06(일) 08:30,"1.81,1.79",경기전
2026-09-05T00:12:19+00:00,2026,105,9350,sc,MLS,승무패,3,,FC신시내,DC유나이,09.06(일) 08:30,"1.45,4.2,4.5",경기전
2026-09-05T00:12:19+00:00,2026,105,9351,sc,MLS,핸디캡,3,H -1.0,FC신시내,DC유나이,09.06(일) 08:30,"2.22,3.65,2.35",경기전
2026-09-05T00:12:19+00:00,2026,105,9352,sc,MLS,언더오버,2,U 3.5,FC신시내,DC유나이,09.06(일) 08:30,"1.78,1.74",경기전
2026-09-05T00:12:19+00:00,2026,105,9353,sc,MLS,홀짝,2,,FC신시내,DC유나이,09.06(일) 08:30,"1.8,1.8",경기전
2026-09-05T00:12:19+00:00,2026,105,9354,sc,MLS,승무패,3,,콜럼크루,콜로래피,09.06(일) 08:30,"2.01,3.2,2.95",경기전
2026-09-05T00:12:19+00:00,2026,105,9355,sc,MLS,핸디캡,3,H -1.0,콜럼크루,콜로래피,09.06(일) 08:30,"4.1,3.5,1.61",경기전
2026-09-05T00:12:19+00:00,2026,105,9356,sc,MLS,언더오버,2,U 2.5,콜럼크루,콜로래피,09.06(일) 08:30,"1.89,1.65",경기전
2026-09-05T00:12:19+00:00,2026,105,9357,sc,MLS,홀짝,2,,콜럼크루,콜로래피,09.06(일) 08:30,"1.81,1.79",경기전
2026-09-05T00:12:19+00:00,2026,105,9358,sc,MLS,승무패,3,,인터마이,애틀유나,09.06(일) 08:30,"1.27,5.0,6.2",경기전
2026-09-05T00:12:19+00:00,2026,105,9359,sc,MLS,핸디캡,3,H -1.0,인터마이,애틀유나,09.06(일) 08:30,"1.71,4.15,3.1",경기전
2026-09-05T00:12:19+00:00,2026,105,9360,sc,MLS,언더오버,2,U 3.5,인터마이,애틀유나,09.06(일) 08:30,"2.07,1.53",경기전
2026-09-05T00:12:19+00:00,2026,105,9361,sc,MLS,홀짝,2,,인터마이,애틀유나,09.06(일) 08:30,"1.8,1.8",경기전
2026-09-05T00:12:19+00:00,2026,105,9362,sc,MLS,승무패,3,,올랜시티,샌디에FC,09.06(일) 08:30,"1.95,3.75,2.7",경기전
2026-09-05T00:12:19+00:00,2026,105,9363,sc,MLS,핸디캡,3,H -1.0,올랜시티,샌디에FC,09.06(일) 08:30,"3.4,3.95,1.66",경기전
2026-09-05T00:12:19+00:00,2026,105,9364,sc,MLS,언더오버,2,U 3.5,올랜시티,샌디에FC,09.06(일) 08:30,"1.79,1.73",경기전
2026-09-05T00:12:19+00:00,2026,105,9365,sc,MLS,홀짝,2,,올랜시티,샌디에FC,09.06(일) 08:30,"1.8,1.8",경기전
2026-09-05T00:12:19+00:00,2026,105,9366,sc,MLS,승무패,3,,필라유니,CF몽레알,09.06(일) 08:30,"1.36,4.25,5.6",경기전
2026-09-05T00:12:19+00:00,2026,105,9367,sc,MLS,핸디캡,3,H -1.0,필라유니,CF몽레알,09.06(일) 08:30,"2.06,3.5,2.65",경기전
2026-09-05T00:12:19+00:00,2026,105,9368,sc,MLS,언더오버,2,U 3.5,필라유니,CF몽레알,09.06(일) 08:30,"1.57,2.0",경기전
2026-09-05T00:12:19+00:00,2026,105,9369,sc,MLS,홀짝,2,,필라유니,CF몽레알,09.06(일) 08:30,"1.8,1.8",경기전
2026-09-05T00:12:19+00:00,2026,105,9370,sc,MLS,승무패,3,,토론토FC,시카파이,09.06(일) 08:30,"2.6,3.45,2.11",경기전
2026-09-05T00:12:19+00:00,2026,105,9371,sc,MLS,핸디캡,3,H +1.0,토론토FC,시카파이,09.06(일) 08:30,"1.57,3.85,3.95",경기전
2026-09-05T00:12:19+00:00,2026,105,9372,sc,MLS,언더오버,2,U 3.5,토론토FC,시카파이,09.06(일) 08:30,"1.48,2.17",경기전
2026-09-05T00:12:19+00:00,2026,105,9373,sc,MLS,홀짝,2,,토론토FC,시카파이,09.06(일) 08:30,"1.8,1.8",경기전
2026-09-05T00:12:19+00:00,2026,105,9379,sc,MLS,승무패,3,,오스틴FC,새너어스,09.06(일) 09:30,"2.04,3.55,2.65",경기전
2026-09-05T00:12:19+00:00,2026,105,9380,sc,MLS,핸디캡,3,H -1.0,오스틴FC,새너어스,09.06(일) 09:30,"3.65,3.95,1.61",경기전
2026-09-05T00:12:19+00:00,2026,105,9381,sc,MLS,언더오버,2,U 3.5,오스틴FC,새너어스,09.06(일) 09:30,"1.57,2.0",경기전
2026-09-05T00:12:19+00:00,2026,105,9382,sc,MLS,홀짝,2,,오스틴FC,새너어스,09.06(일) 09:30,"1.8,1.8",경기전
2026-09-05T00:12:19+00:00,2026,105,9383,sc,MLS,승무패,3,,FC댈러스,스포캔자,09.06(일) 09:30,"1.38,4.15,5.4",경기전
2026-09-05T00:12:19+00:00,2026,105,9384,sc,MLS,핸디캡,3,H -1.0,FC댈러스,스포캔자,09.06(일) 09:30,"2.09,3.5,2.6",경기전
2026-09-05T00:12:19+00:00,2026,105,9385,sc,MLS,언더오버,2,U 3.5,FC댈러스,스포캔자,09.06(일) 09:30,"1.59,1.97",경기전
2026-09-05T00:12:19+00:00,2026,105,9386,sc,MLS,홀짝,2,,FC댈러스,스포캔자,09.06(일) 09:30,"1.8,1.8",경기전
2026-09-05T00:12:19+00:00,2026,105,9387,sc,MLS,승무패,3,,시애사운,뉴욕레드,09.06(일) 09:30,"1.8,3.75,3.05",경기전
2026-09-05T00:12:19+00:00,2026,105,9388,sc,MLS,핸디캡,3,H -1.0,시애사운,뉴욕레드,09.06(일) 09:30,"3.05,3.8,1.79",경기전
2026-09-05T00:12:19+00:00,2026,105,9389,sc,MLS,언더오버,2,U 3.5,시애사운,뉴욕레드,09.06(일) 09:30,"1.68,1.85",경기전
2026-09-05T00:12:19+00:00,2026,105,9390,sc,MLS,홀짝,2,,시애사운,뉴욕레드,09.06(일) 09:30,"1.8,1.8",경기전
2026-09-05T00:12:19+00:00,2026,105,9396,sc,MLS,승무패,3,,LA갤럭시,뉴잉레벌,09.06(일) 10:30,"2.12,3.5,2.55",경기전
2026-09-05T00:12:19+00:00,2026,105,9397,sc,MLS,핸디캡,3,H -1.0,LA갤럭시,뉴잉레벌,09.06(일) 10:30,"3.95,3.95,1.56",경기전
2026-09-05T00:12:19+00:00,2026,105,9398,sc,MLS,언더오버,2,U 3.5,LA갤럭시,뉴잉레벌,09.06(일) 10:30,"1.53,2.07",경기전
2026-09-05T00:12:19+00:00,2026,105,9399,sc,MLS,홀짝,2,,LA갤럭시,뉴잉레벌,09.06(일) 10:30,"1.8,1.8",경기전
2026-09-05T00:12:19+00:00,2026,105,9400,sc,MLS,승무패,3,,레알솔트,LAFC,09.06(일) 10:30,"2.55,3.3,2.2",경기전
2026-09-05T00:12:19+00:00,2026,105,9401,sc,MLS,핸디캡,3,H +1.0,레알솔트,LAFC,09.06(일) 10:30,"1.52,3.85,4.3",경기전
2026-09-05T00:12:19+00:00,2026,105,9402,sc,MLS,핸디캡,3,H +2.0,레알솔트,LAFC,09.06(일) 10:30,"1.12,6.4,10.0",경기전
2026-09-05T00:12:19+00:00,2026,105,9403,sc,MLS,언더오버,2,U 2.5,레알솔트,LAFC,09.06(일) 10:30,"2.05,1.54",경기전
2026-09-05T00:12:19+00:00,2026,105,9404,sc,MLS,홀짝,2,,레알솔트,LAFC,09.06(일) 10:30,"1.8,1.8",경기전
2026-09-05T00:12:19+00:00,2026,105,9413,sc,MLS,승무패,3,,포틀팀버,미네유나,09.06(일) 11:30,"1.96,3.55,2.8",경기전
2026-09-05T00:12:19+00:00,2026,105,9414,sc,MLS,핸디캡,3,H -1.0,포틀팀버,미네유나,09.06(일) 11:30,"3.5,3.85,1.66",경기전
2026-09-05T00:12:19+00:00,2026,105,9415,sc,MLS,언더오버,2,U 3.5,포틀팀버,미네유나,09.06(일) 11:30,"1.55,2.04",경기전
2026-09-05T00:12:19+00:00,2026,105,9416,sc,MLS,홀짝,2,,포틀팀버,미네유나,09.06(일) 11:30,"1.8,1.8",경기전
2026-09-05T00:12:19+00:00,2026,105,9417,sc,MLS,승무패,3,,밴쿠화이,세인시티,09.06(일) 11:30,"1.38,4.35,5.1",경기전
2026-09-05T00:12:19+00:00,2026,105,9418,sc,MLS,핸디캡,3,H -1.0,밴쿠화이,세인시티,09.06(일) 11:30,"2.07,3.75,2.5",경기전
2026-09-05T00:12:19+00:00,2026,105,9419,sc,MLS,언더오버,2,U 3.5,밴쿠화이,세인시티,09.06(일) 11:30,"1.66,1.87",경기전
2026-09-05T00:12:19+00:00,2026,105,9420,sc,MLS,홀짝,2,,밴쿠화이,세인시티,09.06(일) 11:30,"1.8,1.8",경기전
2026-09-05T00:12:19+00:00,2026,105,9485,sc,J1리그,승무패,3,,가시마A,우라와R,09.06(일) 18:00,"1.68,3.35,3.9",경기전
2026-09-05T00:12:19+00:00,2026,105,9486,sc,J1리그,핸디캡,3,H -1.0,가시마A,우라와R,09.06(일) 18:00,"3.0,3.3,1.95",경기전
2026-09-05T00:12:19+00:00,2026,105,9487,sc,J1리그,언더오버,2,U 2.5,가시마A,우라와R,09.06(일) 18:00,"1.84,1.69",경기전
2026-09-05T00:12:19+00:00,2026,105,9488,sc,J1리그,홀짝,2,,가시마A,우라와R,09.06(일) 18:00,"1.81,1.79",경기전
2026-09-05T00:12:19+00:00,2026,105,9489,sc,J1리그,승무패,3,,제프유나,G오사카,09.06(일) 18:00,"2.75,3.25,2.09",경기전
2026-09-05T00:12:19+00:00,2026,105,9490,sc,J1리그,핸디캡,3,H +1.0,제프유나,G오사카,09.06(일) 18:00,"1.58,3.7,4.05",경기전
2026-09-05T00:12:19+00:00,2026,105,9491,sc,J1리그,언더오버,2,U 2.5,제프유나,G오사카,09.06(일) 18:00,"1.9,1.64",경기전
2026-09-05T00:12:19+00:00,2026,105,9492,sc,J1리그,홀짝,2,,제프유나,G오사카,09.06(일) 18:00,"1.81,1.79",경기전
2026-09-05T00:12:19+00:00,2026,105,9493,sc,J1리그,승무패,3,,나고야G,마치다Z,09.06(일) 18:00,"2.9,3.15,2.05",경기전
2026-09-05T00:12:19+00:00,2026,105,9494,sc,J1리그,핸디캡,3,H +1.0,나고야G,마치다Z,09.06(일) 18:00,"1.61,3.6,4.0",경기전
2026-09-05T00:12:19+00:00,2026,105,9495,sc,J1리그,언더오버,2,U 2.5,나고야G,마치다Z,09.06(일) 18:00,"1.81,1.71",경기전
2026-09-05T00:12:19+00:00,2026,105,9496,sc,J1리그,홀짝,2,,나고야G,마치다Z,09.06(일) 18:00,"1.81,1.79",경기전
2026-09-05T00:12:19+00:00,2026,105,9497,sc,J1리그,승무패,3,,오카야마,산프히로,09.06(일) 18:00,"3.5,3.3,1.78",경기전
2026-09-05T00:12:19+00:00,2026,105,9498,sc,J1리그,핸디캡,3,H +1.0,오카야마,산프히로,09.06(일) 18:00,"1.83,3.4,3.25",경기전
2026-09-05T00:12:19+00:00,2026,105,9499,sc,J1리그,언더오버,2,U 2.5,오카야마,산프히로,09.06(일) 18:00,"1.84,1.69",경기전
2026-09-05T00:12:19+00:00,2026,105,9500,sc,J1리그,홀짝,2,,오카야마,산프히로,09.06(일) 18:00,"1.81,1.79",경기전
2026-09-05T00:12:19+00:00,2026,105,9523,sc,J1리그,승무패,3,,가시와R,요코마리,09.06(일) 19:00,"1.58,3.5,4.35",경기전
2026-09-05T00:12:19+00:00,2026,105,9524,sc,J1리그,핸디캡,3,H -1.0,가시와R,요코마리,09.06(일) 19:00,"2.7,3.3,2.1",경기전
2026-09-05T00:12:19+00:00,2026,105,9525,sc,J1리그,언더오버,2,U 2.5,가시와R,요코마리,09.06(일) 19:00,"1.9,1.64",경기전
2026-09-05T00:12:19+00:00,2026,105,9526,sc,J1리그,홀짝,2,,가시와R,요코마리,09.06(일) 19:00,"1.81,1.79",경기전
2026-09-05T00:12:19+00:00,2026,105,9527,sc,J1리그,승무패,3,,가와사키,시미즈S,09.06(일) 19:00,"1.73,3.45,3.55",경기전
2026-09-05T00:12:19+00:00,2026,105,9528,sc,J1리그,핸디캡,3,H -1.0,가와사키,시미즈S,09.06(일) 19:00,"3.05,3.45,1.88",경기전
2026-09-05T00:12:19+00:00,2026,105,9529,sc,J1리그,언더오버,2,U 2.5,가와사키,시미즈S,09.06(일) 19:00,"2.05,1.54",경기전
2026-09-05T00:12:19+00:00,2026,105,9530,sc,J1리그,홀짝,2,,가와사키,시미즈S,09.06(일) 19:00,"1.8,1.8",경기전
2026-09-05T00:12:19+00:00,2026,105,9531,sc,J1리그,승무패,3,,C오사카,도쿄베르,09.06(일) 19:00,"1.69,3.25,4.0",경기전
2026-09-05T00:12:19+00:00,2026,105,9532,sc,J1리그,핸디캡,3,H -1.0,C오사카,도쿄베르,09.06(일) 19:00,"3.1,3.25,1.93",경기전
2026-09-05T00:12:19+00:00,2026,105,9533,sc,J1리그,언더오버,2,U 2.5,C오사카,도쿄베르,09.06(일) 19:00,"1.69,1.84",경기전
2026-09-05T00:12:19+00:00,2026,105,9534,sc,J1리그,홀짝,2,,C오사카,도쿄베르,09.06(일) 19:00,"1.81,1.79",경기전
2026-09-05T00:12:19+00:00,2026,105,9535,sc,J1리그,승무패,3,,비셀고베,V바렌나,09.06(일) 19:00,"1.6,3.25,4.6",경기전
2026-09-05T00:12:19+00:00,2026,105,9536,sc,J1리그,핸디캡,3,H -1.0,비셀고베,V바렌나,09.06(일) 19:00,"2.9,3.15,2.05",경기전
2026-09-05T00:12:19+00:00,2026,105,9537,sc,J1리그,언더오버,2,U 2.5,비셀고베,V바렌나,09.06(일) 19:00,"1.63,1.91",경기전
2026-09-05T00:12:19+00:00,2026,105,9538,sc,J1리그,홀짝,2,,비셀고베,V바렌나,09.06(일) 19:00,"1.81,1.79",경기전
2026-09-05T00:12:19+00:00,2026,105,9547,sc,K리그1,승무패,3,,FC안양,강원FC,09.06(일) 19:00,"3.15,3.1,2.07",경기전
2026-09-05T00:12:19+00:00,2026,105,9548,sc,K리그1,핸디캡,3,H +1.0,FC안양,강원FC,09.06(일) 19:00,"1.65,3.5,4.1",경기전
2026-09-05T00:12:19+00:00,2026,105,9549,sc,K리그1,핸디캡,3,H +2.0,FC안양,강원FC,09.06(일) 19:00,"1.15,6.0,10.0",경기전
2026-09-05T00:12:19+00:00,2026,105,9550,sc,K리그1,언더오버,2,U 2.5,FC안양,강원FC,09.06(일) 19:00,"1.67,1.91",경기전
2026-09-05T00:12:19+00:00,2026,105,9551,sc,K리그1,홀짝,2,,FC안양,강원FC,09.06(일) 19:00,"1.81,1.79",경기전
2026-09-05T00:12:19+00:00,2026,105,9552,sc,K리그1,전반승무패,3,h(전반),FC안양,강원FC,09.06(일) 19:00,"3.85,1.93,2.7",경기전
2026-09-05T00:12:19+00:00,2026,105,9553,sc,K리그1,전반핸디캡,3,h H +1.0,FC안양,강원FC,09.06(일) 19:00,"1.32,3.7,8.2",경기전
2026-09-05T00:12:19+00:00,2026,105,9554,sc,K리그1,전반언더오버,2,h U 1.5,FC안양,강원FC,09.06(일) 19:00,"1.31,2.68",경기전
2026-09-05T00:12:19+00:00,2026,105,9555,sc,K리그1,승무패,3,,김천상무,광주FC,09.06(일) 19:00,"1.54,3.55,5.2",경기전
2026-09-05T00:12:19+00:00,2026,105,9556,sc,K리그1,핸디캡,3,H -1.0,김천상무,광주FC,09.06(일) 19:00,"2.65,3.15,2.26",경기전
2026-09-05T00:12:19+00:00,2026,105,9557,sc,K리그1,핸디캡,3,H -2.0,김천상무,광주FC,09.06(일) 19:00,"5.2,4.35,1.4",경기전
2026-09-05T00:12:19+00:00,2026,105,9558,sc,K리그1,언더오버,2,U 2.5,김천상무,광주FC,09.06(일) 19:00,"1.73,1.83",경기전
2026-09-05T00:12:19+00:00,2026,105,9559,sc,K리그1,홀짝,2,,김천상무,광주FC,09.06(일) 19:00,"1.81,1.79",경기전
2026-09-05T00:12:19+00:00,2026,105,9560,sc,K리그1,전반승무패,3,h(전반),김천상무,광주FC,09.06(일) 19:00,"2.05,2.03,5.9",경기전
2026-09-05T00:12:19+00:00,2026,105,9561,sc,K리그1,전반핸디캡,3,h H -1.0,김천상무,광주FC,09.06(일) 19:00,"5.2,3.15,1.56",경기전
2026-09-05T00:12:19+00:00,2026,105,9562,sc,K리그1,전반언더오버,2,h U 1.5,김천상무,광주FC,09.06(일) 19:00,"1.34,2.56",경기전
2026-09-05T00:12:19+00:00,2026,105,9563,sc,K리그2,승무패,3,,수원삼성,충남아산,09.06(일) 19:00,"1.49,3.65,4.9",경기전
2026-09-05T00:12:19+00:00,2026,105,9564,sc,K리그2,핸디캡,3,H -1.0,수원삼성,충남아산,09.06(일) 19:00,"2.45,3.3,2.28",경기전
2026-09-05T00:12:19+00:00,2026,105,9565,sc,K리그2,언더오버,2,U 2.5,수원삼성,충남아산,09.06(일) 19:00,"1.96,1.6",경기전
2026-09-05T00:12:19+00:00,2026,105,9566,sc,K리그2,홀짝,2,,수원삼성,충남아산,09.06(일) 19:00,"1.81,1.79",경기전
2026-09-05T00:12:19+00:00,2026,105,9567,sc,K리그2,승무패,3,,김포FC,성남FC,09.06(일) 19:00,"1.96,3.05,3.2",경기전
2026-09-05T00:12:19+00:00,2026,105,9568,sc,K리그2,핸디캡,3,H -1.0,김포FC,성남FC,09.06(일) 19:00,"3.95,3.4,1.66",경기전
2026-09-05T00:12:19+00:00,2026,105,9569,sc,K리그2,언더오버,2,U 2.5,김포FC,성남FC,09.06(일) 19:00,"1.61,1.94",경기전
2026-09-05T00:12:19+00:00,2026,105,9570,sc,K리그2,홀짝,2,,김포FC,성남FC,09.06(일) 19:00,"1.81,1.79",경기전
2026-09-05T00:12:19+00:00,2026,105,9571,sc,에레디비,승무패,3,,흐로닝언,트벤테,09.06(일) 19:15,"2.95,3.5,1.91",경기전
2026-09-05T00:12:19+00:00,2026,105,9572,sc,에레디비,핸디캡,3,H +1.0,흐로닝언,트벤테,09.06(일) 19:15,"1.71,3.7,3.4",경기전
2026-09-05T00:12:19+00:00,2026,105,9573,sc,에레디비,언더오버,2,U 3.5,흐로닝언,트벤테,09.06(일) 19:15,"1.49,2.15",경기전
2026-09-05T00:12:19+00:00,2026,105,9574,sc,에레디비,홀짝,2,,흐로닝언,트벤테,09.06(일) 19:15,"1.8,1.8",경기전
2026-09-05T00:12:19+00:00,2026,105,9575,sc,J1리그,승무패,3,,FC도쿄,교토상가,09.06(일) 19:30,"1.56,3.45,4.6",경기전
2026-09-05T00:12:19+00:00,2026,105,9576,sc,J1리그,핸디캡,3,H -1.0,FC도쿄,교토상가,09.06(일) 19:30,"2.7,3.2,2.14",경기전
2026-09-05T00:12:19+00:00,2026,105,9577,sc,J1리그,언더오버,2,U 2.5,FC도쿄,교토상가,09.06(일) 19:30,"1.81,1.71",경기전
2026-09-05T00:12:19+00:00,2026,105,9578,sc,J1리그,홀짝,2,,FC도쿄,교토상가,09.06(일) 19:30,"1.81,1.79",경기전
2026-09-05T00:12:19+00:00,2026,105,9579,sc,EFL챔,승무패,3,,버밍엄C,울버햄튼,09.06(일) 20:00,"2.65,3.05,2.25",경기전
2026-09-05T00:12:19+00:00,2026,105,9580,sc,EFL챔,핸디캡,3,H +1.0,버밍엄C,울버햄튼,09.06(일) 20:00,"1.5,3.65,4.8",경기전
2026-09-05T00:12:19+00:00,2026,105,9581,sc,EFL챔,언더오버,2,U 2.5,버밍엄C,울버햄튼,09.06(일) 20:00,"1.63,1.91",경기전
2026-09-05T00:12:19+00:00,2026,105,9582,sc,EFL챔,홀짝,2,,버밍엄C,울버햄튼,09.06(일) 20:00,"1.81,1.79",경기전
2026-09-05T00:12:19+00:00,2026,105,9583,sc,에레디비,승무패,3,,텔스타,캄뷔르,09.06(일) 21:30,"1.53,3.9,4.2",경기전
2026-09-05T00:12:19+00:00,2026,105,9584,sc,에레디비,핸디캡,3,H -1.0,텔스타,캄뷔르,09.06(일) 21:30,"2.45,3.55,2.18",경기전
2026-09-05T00:12:19+00:00,2026,105,9585,sc,에레디비,언더오버,2,U 3.5,텔스타,캄뷔르,09.06(일) 21:30,"1.6,1.96",경기전
2026-09-05T00:12:19+00:00,2026,105,9586,sc,에레디비,홀짝,2,,텔스타,캄뷔르,09.06(일) 21:30,"1.8,1.8",경기전
2026-09-05T00:12:19+00:00,2026,105,9587,sc,에레디비,승무패,3,,헤이렌베,알크마르,09.06(일) 21:30,"3.4,3.7,1.71",경기전
2026-09-05T00:12:19+00:00,2026,105,9588,sc,에레디비,핸디캡,3,H +1.0,헤이렌베,알크마르,09.06(일) 21:30,"1.91,3.65,2.85",경기전
2026-09-05T00:12:19+00:00,2026,105,9589,sc,에레디비,언더오버,2,U 3.5,헤이렌베,알크마르,09.06(일) 21:30,"1.58,1.99",경기전
2026-09-05T00:12:19+00:00,2026,105,9590,sc,에레디비,홀짝,2,,헤이렌베,알크마르,09.06(일) 21:30,"1.8,1.8",경기전
2026-09-05T00:12:19+00:00,2026,105,9595,sc,EPL,승무패,3,,에버턴,맨체스U,09.06(일) 22:00,"2.9,3.4,2.06",경기전
2026-09-05T00:12:19+00:00,2026,105,9596,sc,EPL,핸디캡,3,H +1.0,에버턴,맨체스U,09.06(일) 22:00,"1.65,3.7,3.85",경기전
2026-09-05T00:12:19+00:00,2026,105,9597,sc,EPL,핸디캡,3,H +2.0,에버턴,맨체스U,09.06(일) 22:00,"1.18,5.8,8.6",경기전
2026-09-05T00:12:19+00:00,2026,105,9598,sc,EPL,언더오버,2,U 2.5,에버턴,맨체스U,09.06(일) 22:00,"2.02,1.59",경기전
2026-09-05T00:12:19+00:00,2026,105,9599,sc,EPL,홀짝,2,,에버턴,맨체스U,09.06(일) 22:00,"1.81,1.79",경기전
2026-09-05T00:12:19+00:00,2026,105,9600,sc,세리에A,승무패,3,,프로시노,베네치아,09.06(일) 22:00,"2.45,3.15,2.36",경기전
2026-09-05T00:12:19+00:00,2026,105,9601,sc,세리에A,핸디캡,3,H +1.0,프로시노,베네치아,09.06(일) 22:00,"1.46,3.85,4.9",경기전
2026-09-05T00:12:19+00:00,2026,105,9602,sc,세리에A,언더오버,2,U 2.5,프로시노,베네치아,09.06(일) 22:00,"1.8,1.72",경기전
2026-09-05T00:12:19+00:00,2026,105,9603,sc,세리에A,홀짝,2,,프로시노,베네치아,09.06(일) 22:00,"1.81,1.79",경기전
2026-09-05T00:12:19+00:00,2026,105,9604,sc,세리에A,승무패,3,,파르마,AC몬차,09.06(일) 22:00,"2.34,2.9,2.65",경기전
2026-09-05T00:12:19+00:00,2026,105,9605,sc,세리에A,핸디캡,3,H -1.0,파르마,AC몬차,09.06(일) 22:00,"5.2,3.6,1.47",경기전
2026-09-05T00:12:19+00:00,2026,105,9606,sc,세리에A,언더오버,2,U 2.5,파르마,AC몬차,09.06(일) 22:00,"1.51,2.11",경기전
2026-09-05T00:12:19+00:00,2026,105,9607,sc,세리에A,홀짝,2,,파르마,AC몬차,09.06(일) 22:00,"1.82,1.78",경기전
2026-09-05T00:12:19+00:00,2026,105,9608,sc,프리그1,승무패,3,,트루아AC,RC스트라,09.06(일) 22:00,"2.7,3.1,2.19",경기전
2026-09-05T00:12:19+00:00,2026,105,9609,sc,프리그1,핸디캡,3,H +1.0,트루아AC,RC스트라,09.06(일) 22:00,"1.53,3.65,4.5",경기전
2026-09-05T00:12:19+00:00,2026,105,9610,sc,프리그1,언더오버,2,U 2.5,트루아AC,RC스트라,09.06(일) 22:00,"1.76,1.76",경기전
2026-09-05T00:12:19+00:00,2026,105,9611,sc,프리그1,홀짝,2,,트루아AC,RC스트라,09.06(일) 22:00,"1.81,1.79",경기전
2026-09-05T00:12:19+00:00,2026,105,9612,sc,분데스리,승무패,3,,함부르크,마인츠05,09.06(일) 22:30,"2.6,3.35,2.21",경기전
2026-09-05T00:12:19+00:00,2026,105,9613,sc,분데스리,핸디캡,3,H +1.0,함부르크,마인츠05,09.06(일) 22:30,"1.53,3.85,4.25",경기전
2026-09-05T00:12:19+00:00,2026,105,9614,sc,분데스리,핸디캡,3,H +2.0,함부르크,마인츠05,09.06(일) 22:30,"1.12,6.5,9.7",경기전
2026-09-05T00:12:19+00:00,2026,105,9615,sc,분데스리,언더오버,2,U 2.5,함부르크,마인츠05,09.06(일) 22:30,"2.05,1.57",경기전
2026-09-05T00:12:19+00:00,2026,105,9616,sc,분데스리,홀짝,2,,함부르크,마인츠05,09.06(일) 22:30,"1.8,1.8",경기전
2026-09-05T00:12:19+00:00,2026,105,9617,sc,라리가,승무패,3,,발렌시아,바르셀로,09.06(일) 23:15,"7.2,4.9,1.26",경기전
2026-09-05T00:12:19+00:00,2026,105,9618,sc,라리가,핸디캡,3,H +1.0,발렌시아,바르셀로,09.06(일) 23:15,"3.25,3.65,1.76",경기전
2026-09-05T00:12:19+00:00,2026,105,9619,sc,라리가,핸디캡,3,H +2.0,발렌시아,바르셀로,09.06(일) 23:15,"1.9,3.85,2.75",경기전
2026-09-05T00:12:19+00:00,2026,105,9620,sc,라리가,핸디캡,2,H +3.5,발렌시아,바르셀로,09.06(일) 23:15,"1.08,4.75",경기전
2026-09-05T00:12:19+00:00,2026,105,9621,sc,라리가,언더오버,2,U 3.5,발렌시아,바르셀로,09.06(일) 23:15,"1.74,1.82",경기전
2026-09-05T00:12:19+00:00,2026,105,9622,sc,라리가,홀짝,2,,발렌시아,바르셀로,09.06(일) 23:15,"1.8,1.8",경기전
2026-09-05T00:12:19+00:00,2026,105,9623,sc,에레디비,승무패,3,,덴하흐,F시타르,09.06(일) 23:45,"1.91,3.65,2.85",경기전
2026-09-05T00:12:19+00:00,2026,105,9624,sc,에레디비,핸디캡,3,H -1.0,덴하흐,F시타르,09.06(일) 23:45,"3.35,3.85,1.69",경기전
2026-09-05T00:12:19+00:00,2026,105,9625,sc,에레디비,언더오버,2,U 3.5,덴하흐,F시타르,09.06(일) 23:45,"1.63,1.91",경기전
2026-09-05T00:12:19+00:00,2026,105,9626,sc,에레디비,홀짝,2,,덴하흐,F시타르,09.06(일) 23:45,"1.8,1.8",경기전
2026-09-05T00:12:19+00:00,2026,105,9635,sc,프리그1,승무패,3,,앙제SCO,스타드렌,09.07(월) 00:15,"3.5,3.4,1.76",경기전
2026-09-05T00:12:19+00:00,2026,105,9636,sc,프리그1,핸디캡,3,H +1.0,앙제SCO,스타드렌,09.07(월) 00:15,"1.85,3.5,3.1",경기전
2026-09-05T00:12:19+00:00,2026,105,9637,sc,프리그1,언더오버,2,U 2.5,앙제SCO,스타드렌,09.07(월) 00:15,"2.02,1.56",경기전
2026-09-05T00:12:19+00:00,2026,105,9638,sc,프리그1,홀짝,2,,앙제SCO,스타드렌,09.07(월) 00:15,"1.8,1.8",경기전
2026-09-05T00:12:19+00:00,2026,105,9639,sc,EPL,승무패,3,,아스널,첼시,09.07(월) 00:30,"1.64,3.55,4.3",경기전
2026-09-05T00:12:19+00:00,2026,105,9640,sc,EPL,핸디캡,3,H -1.0,아스널,첼시,09.07(월) 00:30,"2.8,3.35,2.08",경기전
2026-09-05T00:12:19+00:00,2026,105,9641,sc,EPL,핸디캡,3,H -2.0,아스널,첼시,09.07(월) 00:30,"5.6,4.6,1.35",경기전
2026-09-05T00:12:19+00:00,2026,105,9642,sc,EPL,언더오버,2,U 2.5,아스널,첼시,09.07(월) 00:30,"1.91,1.67",경기전
2026-09-05T00:12:19+00:00,2026,105,9643,sc,EPL,홀짝,2,,아스널,첼시,09.07(월) 00:30,"1.81,1.79",경기전
2026-09-05T00:12:19+00:00,2026,105,9644,sc,분데스리,승무패,3,,프랑크푸,아우크스,09.07(월) 00:30,"1.81,3.7,3.2",경기전
2026-09-05T00:12:19+00:00,2026,105,9645,sc,분데스리,핸디캡,3,H -1.0,프랑크푸,아우크스,09.07(월) 00:30,"3.05,3.75,1.8",경기전
2026-09-05T00:12:19+00:00,2026,105,9646,sc,분데스리,핸디캡,3,H -2.0,프랑크푸,아우크스,09.07(월) 00:30,"5.9,5.2,1.27",경기전
2026-09-05T00:12:19+00:00,2026,105,9647,sc,분데스리,언더오버,2,U 3.5,프랑크푸,아우크스,09.07(월) 00:30,"1.63,1.96",경기전
2026-09-05T00:12:19+00:00,2026,105,9648,sc,분데스리,홀짝,2,,프랑크푸,아우크스,09.07(월) 00:30,"1.8,1.8",경기전
2026-09-05T00:12:19+00:00,2026,105,9653,sc,세리에A,승무패,3,,볼로냐,사수올로,09.07(월) 01:00,"1.88,3.1,3.4",경기전
2026-09-05T00:12:19+00:00,2026,105,9654,sc,세리에A,핸디캡,3,H -1.0,볼로냐,사수올로,09.07(월) 01:00,"3.6,3.35,1.74",경기전
2026-09-05T00:12:19+00:00,2026,105,9655,sc,세리에A,언더오버,2,U 2.5,볼로냐,사수올로,09.07(월) 01:00,"1.67,1.86",경기전
2026-09-05T00:12:19+00:00,2026,105,9656,sc,세리에A,홀짝,2,,볼로냐,사수올로,09.07(월) 01:00,"1.81,1.79",경기전
2026-09-05T00:12:19+00:00,2026,105,9662,sc,라리가,승무패,3,,알라베스,오사수나,09.07(월) 01:30,"2.19,2.85,3.05",경기전
2026-09-05T00:12:19+00:00,2026,105,9663,sc,라리가,핸디캡,3,H -1.0,알라베스,오사수나,09.07(월) 01:30,"4.65,3.4,1.56",경기전
2026-09-05T00:12:19+00:00,2026,105,9664,sc,라리가,언더오버,2,U 2.5,알라베스,오사수나,09.07(월) 01:30,"1.46,2.28",경기전
2026-09-05T00:12:19+00:00,2026,105,9665,sc,라리가,홀짝,2,,알라베스,오사수나,09.07(월) 01:30,"1.82,1.78",경기전
2026-09-05T00:12:19+00:00,2026,105,9666,sc,라리가,승무패,3,,말라가,레반테,09.07(월) 01:30,"2.26,3.15,2.65",경기전
2026-09-05T00:12:19+00:00,2026,105,9667,sc,라리가,핸디캡,3,H -1.0,말라가,레반테,09.07(월) 01:30,"4.65,3.75,1.5",경기전
2026-09-05T00:12:19+00:00,2026,105,9668,sc,라리가,언더오버,2,U 2.5,말라가,레반테,09.07(월) 01:30,"1.76,1.8",경기전
2026-09-05T00:12:19+00:00,2026,105,9669,sc,라리가,홀짝,2,,말라가,레반테,09.07(월) 01:30,"1.81,1.79",경기전
2026-09-05T00:12:19+00:00,2026,105,9715,sc,세리에A,승무패,3,,유벤투스,AC밀란,09.07(월) 03:45,"1.93,3.05,3.3",경기전
2026-09-05T00:12:19+00:00,2026,105,9716,sc,세리에A,핸디캡,3,H -1.0,유벤투스,AC밀란,09.07(월) 03:45,"3.8,3.35,1.7",경기전
2026-09-05T00:12:19+00:00,2026,105,9717,sc,세리에A,언더오버,2,U 2.5,유벤투스,AC밀란,09.07(월) 03:45,"1.63,1.91",경기전
2026-09-05T00:12:19+00:00,2026,105,9718,sc,세리에A,홀짝,2,,유벤투스,AC밀란,09.07(월) 03:45,"1.81,1.79",경기전
2026-09-05T00:12:19+00:00,2026,105,9719,sc,프리그1,승무패,3,,마르세유,파리FC,09.07(월) 03:45,"1.67,3.5,3.8",경기전
2026-09-05T00:12:19+00:00,2026,105,9720,sc,프리그1,핸디캡,3,H -1.0,마르세유,파리FC,09.07(월) 03:45,"2.9,3.45,1.94",경기전
2026-09-05T00:12:19+00:00,2026,105,9721,sc,프리그1,핸디캡,3,H -2.0,마르세유,파리FC,09.07(월) 03:45,"5.8,4.8,1.3",경기전
2026-09-05T00:12:19+00:00,2026,105,9722,sc,프리그1,핸디캡,2,H -3.5,마르세유,파리FC,09.07(월) 03:45,"6.84,1.01",경기전
2026-09-05T00:12:19+00:00,2026,105,9723,sc,프리그1,언더오버,2,U 2.5,마르세유,파리FC,09.07(월) 03:45,"2.05,1.54",경기전
2026-09-05T00:12:19+00:00,2026,105,9724,sc,프리그1,홀짝,2,,마르세유,파리FC,09.07(월) 03:45,"1.8,1.8",경기전
2026-09-05T00:12:19+00:00,2026,105,9729,sc,라리가,승무패,3,,에스파뇰,세비야,09.07(월) 04:00,"2.16,2.9,3.05",경기전
2026-09-05T00:12:19+00:00,2026,105,9730,sc,라리가,핸디캡,3,H -1.0,에스파뇰,세비야,09.07(월) 04:00,"4.6,3.45,1.56",경기전
2026-09-05T00:12:19+00:00,2026,105,9731,sc,라리가,언더오버,2,U 2.5,에스파뇰,세비야,09.07(월) 04:00,"1.49,2.21",경기전
2026-09-05T00:12:19+00:00,2026,105,9732,sc,라리가,홀짝,2,,에스파뇰,세비야,09.07(월) 04:00,"1.82,1.78",경기전
2026-09-05T00:45:11+00:00,2026,105,8705,bs,MLB,승패,2,,시카컵스 2,1 밀워브루,09.04(금) 08:15,"1.9,1.64",홈승
2026-09-05T00:45:11+00:00,2026,105,8706,bs,MLB,승①패,3,승①패,시카컵스 2,1 밀워브루,09.04(금) 08:15,"2.7,3.4,2.06",①
2026-09-05T00:45:11+00:00,2026,105,8707,bs,MLB,핸디캡,2,H +2.5,시카컵스 4.5,1 밀워브루,09.04(금) 08:15,"1.26,2.92",핸디승
2026-09-05T00:45:11+00:00,2026,105,8708,bs,MLB,언더오버,2,U 8.5,시카컵스,밀워브루,09.04(금) 08:15,"1.66,1.87",언더
2026-09-05T00:45:11+00:00,2026,105,8709,bs,MLB,홀짝,2,,시카컵스,밀워브루,09.04(금) 08:15,"1.58,2.09",홀
2026-09-05T00:45:11+00:00,2026,105,8710,bs,MLB,승패,2,,볼티오리 5,6 보스레드,09.04(금) 08:15,"1.93,1.62",홈패
2026-09-05T00:45:11+00:00,2026,105,8711,bs,MLB,승①패,3,승①패,볼티오리 5,6 보스레드,09.04(금) 08:15,"2.85,3.3,2.02",①
2026-09-05T00:45:11+00:00,2026,105,8712,bs,MLB,핸디캡,2,H +2.5,볼티오리 7.5,6 보스레드,09.04(금) 08:15,"1.32,2.64",핸디승
2026-09-05T00:45:11+00:00,2026,105,8713,bs,MLB,언더오버,2,U 8.5,볼티오리,보스레드,09.04(금) 08:15,"1.74,1.78",오버
2026-09-05T00:45:11+00:00,2026,105,8714,bs,MLB,홀짝,2,,볼티오리,보스레드,09.04(금) 08:15,"1.59,2.07",홀
2026-09-05T00:45:11+00:00,2026,105,8715,bs,MLB,승패,2,,캔자로얄 7,3 마이말린,09.04(금) 08:40,"1.8,1.72",홈승
2026-09-05T00:45:11+00:00,2026,105,8716,bs,MLB,승①패,3,승①패,캔자로얄 7,3 마이말린,09.04(금) 08:40,"2.6,3.35,2.14",홈승
2026-09-05T00:45:11+00:00,2026,105,8717,bs,MLB,핸디캡,2,H +2.5,캔자로얄 9.5,3 마이말린,09.04(금) 08:40,"1.27,2.87",핸디승
2026-09-05T00:45:11+00:00,2026,105,8718,bs,MLB,언더오버,2,U 9.5,캔자로얄,마이말린,09.04(금) 08:40,"1.61,1.94",오버
2026-09-05T00:45:11+00:00,2026,105,8719,bs,MLB,홀짝,2,,캔자로얄,마이말린,09.04(금) 08:40,"1.59,2.07",짝
2026-09-05T00:45:11+00:00,2026,105,8720,bs,MLB,승패,2,,텍사레인 6,0 탬파레이,09.04(금) 09:05,"1.93,1.62",홈승
2026-09-05T00:45:11+00:00,2026,105,8721,bs,MLB,승①패,3,승①패,텍사레인 6,0 탬파레이,09.04(금) 09:05,"2.9,3.2,2.03",홈승
2026-09-05T00:45:11+00:00,2026,105,8722,bs,MLB,핸디캡,2,H +2.5,텍사레인 8.5,0 탬파레이,09.04(금) 09:05,"1.31,2.68",핸디승
2026-09-05T00:45:11+00:00,2026,105,8723,bs,MLB,언더오버,2,U 7.5,텍사레인,탬파레이,09.04(금) 09:05,"1.78,1.74",언더
2026-09-05T00:45:11+00:00,2026,105,8724,bs,MLB,홀짝,2,,텍사레인,탬파레이,09.04(금) 09:05,"1.58,2.09",짝
2026-09-05T00:45:11+00:00,2026,105,8725,bs,MLB,승패,2,,시애매리 4,7 애슬레틱,09.04(금) 10:40,"1.34,2.56",홈패
2026-09-05T00:45:11+00:00,2026,105,8726,bs,MLB,승①패,3,승①패,시애매리 4,7 애슬레틱,09.04(금) 10:40,"1.8,3.35,3.4",홈패
2026-09-05T00:45:11+00:00,2026,105,8727,bs,MLB,핸디캡,2,H -2.5,시애매리 1.5,7 애슬레틱,09.04(금) 10:40,"2.37,1.4",핸디패
2026-09-05T00:45:11+00:00,2026,105,8728,bs,MLB,언더오버,2,U 7.5,시애매리,애슬레틱,09.04(금) 10:40,"1.79,1.73",오버
2026-09-05T00:45:11+00:00,2026,105,8729,bs,MLB,홀짝,2,,시애매리,애슬레틱,09.04(금) 10:40,"1.59,2.07",홀
2026-09-05T00:45:11+00:00,2026,105,8730,bs,MLB,승패,2,,LA다저스 3,2 세인카디,09.04(금) 11:10,"1.24,3.03",홈승
2026-09-05T00:45:11+00:00,2026,105,8731,bs,MLB,승①패,3,승①패,LA다저스 3,2 세인카디,09.04(금) 11:10,"1.58,3.65,4.1",①
2026-09-05T00:45:11+00:00,2026,105,8732,bs,MLB,핸디캡,2,H -2.5,LA다저스 0.5,2 세인카디,09.04(금) 11:10,"1.94,1.61",핸디패
2026-09-05T00:45:11+00:00,2026,105,8733,bs,MLB,언더오버,2,U 7.5,LA다저스,세인카디,09.04(금) 11:10,"1.89,1.65",언더
2026-09-05T00:45:11+00:00,2026,105,8734,bs,MLB,홀짝,2,,LA다저스,세인카디,09.04(금) 11:10,"1.61,2.04",홀
2026-09-05T00:45:11+00:00,2026,105,8735,bs,MLB,전반승무패,3,h(전반),LA다저스 1,2 세인카디,09.04(금) 11:10,"1.42,5.8,3.65",홈패
2026-09-05T00:45:11+00:00,2026,105,8736,bs,MLB,전반핸디캡,2,h H -1.5,LA다저스 -0.5,2 세인카디,09.04(금) 11:10,"1.89,1.65",핸디패
2026-09-05T00:45:11+00:00,2026,105,8737,bs,MLB,전반언더오버,2,h U 4.5,LA다저스,세인카디,09.04(금) 11:10,"1.63,1.91",언더
2026-09-05T00:45:11+00:00,2026,105,8738,vl,남배아선,승패,2,,한국M 3,1 대만M,09.04(금) 16:00,"1.16,3.65",홈승
2026-09-05T00:45:11+00:00,2026,105,8739,vl,남배아선,핸디캡,2,H -1.5,한국M 1.5,1 대만M,09.04(금) 16:00,"1.41,2.34",핸디승
2026-09-05T00:45:11+00:00,2026,105,8740,vl,남배아선,언더오버,2,U 179.5,한국M,대만M,09.04(금) 16:00,"1.76,1.76",오버
2026-09-05T00:45:11+00:00,2026,105,8741,vl,남배아선,홀짝,2,,한국M,대만M,09.04(금) 16:00,"1.8,1.8",짝
2026-09-05T00:45:11+00:00,2026,105,8742,bs,NPB,승패,2,,야쿠르트 1,1 주니치,09.04(금) 18:00,"1.0,1.0",무승부
2026-09-05T00:45:11+00:00,2026,105,8743,bs,NPB,승①패,3,승①패,야쿠르트 1,1 주니치,09.04(금) 18:00,"2.85,2.95,2.18",①
2026-09-05T00:45:11+00:00,2026,105,8744,bs,NPB,핸디캡,2,H +2.5,야쿠르트 3.5,1 주니치,09.04(금) 18:00,"1.26,2.92",핸디승
2026-09-05T00:45:11+00:00,2026,105,8745,bs,NPB,언더오버,2,U 7.5,야쿠르트,주니치,09.04(금) 18:00,"1.66,1.87",언더
2026-09-05T00:45:11+00:00,2026,105,8746,bs,NPB,홀짝,2,,야쿠르트,주니치,09.04(금) 18:00,"1.64,1.99",짝
2026-09-05T00:45:11+00:00,2026,105,8747,bs,NPB,승패,2,,히로카프 1,3 요미우리,09.04(금) 18:00,"1.91,1.63",홈패
2026-09-05T00:45:11+00:00,2026,105,8748,bs,NPB,승①패,3,승①패,히로카프 1,3 요미우리,09.04(금) 18:00,"3.1,2.7,2.19",홈패
2026-09-05T00:45:11+00:00,2026,105,8749,bs,NPB,핸디캡,2,H +2.5,히로카프 3.5,3 요미우리,09.04(금) 18:00,"1.24,3.03",핸디승
2026-09-05T00:45:11+00:00,2026,105,8750,bs,NPB,언더오버,2,U 6.5,히로카프,요미우리,09.04(금) 18:00,"1.74,1.78",언더
2026-09-05T00:45:11+00:00,2026,105,8751,bs,NPB,홀짝,2,,히로카프,요미우리,09.04(금) 18:00,"1.64,1.99",짝
2026-09-05T00:45:11+00:00,2026,105,8752,bs,NPB,승패,2,,라쿠텐 2,5 닛폰햄,09.04(금) 18:00,"2.31,1.42",홈패
2026-09-05T00:45:11+00:00,2026,105,8753,bs,NPB,승①패,3,승①패,라쿠텐 2,5 닛폰햄,09.04(금) 18:00,"3.8,2.85,1.87",홈패
2026-09-05T00:45:11+00:00,2026,105,8754,bs,NPB,핸디캡,2,H +2.5,라쿠텐 4.5,5 닛폰햄,09.04(금) 18:00,"1.32,2.64",핸디패
2026-09-05T00:45:11+00:00,2026,105,8755,bs,NPB,언더오버,2,U 6.5,라쿠텐,닛폰햄,09.04(금) 18:00,"1.76,1.76",오버
2026-09-05T00:45:11+00:00,2026,105,8756,bs,NPB,홀짝,2,,라쿠텐,닛폰햄,09.04(금) 18:00,"1.65,1.98",홀
2026-09-05T00:45:11+00:00,2026,105,8757,bs,NPB,승패,2,,오릭스 3,1 지바롯데,09.04(금) 18:00,"1.82,1.7",홈승
2026-09-05T00:45:11+00:00,2026,105,8758,bs,NPB,승①패,3,승①패,오릭스 3,1 지바롯데,09.04(금) 18:00,"2.85,2.8,2.27",홈승
2026-09-05T00:45:11+00:00,2026,105,8759,bs,NPB,핸디캡,2,H +2.5,오릭스 5.5,1 지바롯데,09.04(금) 18:00,"1.22,3.16",핸디승
2026-09-05T00:45:11+00:00,2026,105,8760,bs,NPB,언더오버,2,U 6.5,오릭스,지바롯데,09.04(금) 18:00,"1.96,1.6",언더
2026-09-05T00:45:11+00:00,2026,105,8761,bs,NPB,홀짝,2,,오릭스,지바롯데,09.04(금) 18:00,"1.64,1.99",짝
2026-09-05T00:45:11+00:00,2026,105,8762,bs,NPB,승패,2,,소프트뱅 8,2 세이부,09.04(금) 18:00,"1.29,2.77",홈승
2026-09-05T00:45:11+00:00,2026,105,8763,bs,NPB,승①패,3,승①패,소프트뱅 8,2 세이부,09.04(금) 18:00,"1.75,3.1,3.9",홈승
2026-09-05T00:45:11+00:00,2026,105,8764,bs,NPB,핸디캡,2,H -2.5,소프트뱅 5.5,2 세이부,09.04(금) 18:00,"2.31,1.42",핸디승
2026-09-05T00:45:11+00:00,2026,105,8765,bs,NPB,언더오버,2,U 7.5,소프트뱅,세이부,09.04(금) 18:00,"1.6,1.96",오버
2026-09-05T00:45:11+00:00,2026,105,8766,bs,NPB,홀짝,2,,소프트뱅,세이부,09.04(금) 18:00,"1.65,1.98",짝
2026-09-05T00:45:11+00:00,2026,105,8767,bs,KBO,승패,2,,LG 4,3 삼성,09.04(금) 18:30,"1.82,1.7",홈승
2026-09-05T00:45:11+00:00,2026,105,8768,bs,KBO,승①패,3,승①패,LG 4,3 삼성,09.04(금) 18:30,"2.6,3.3,2.17",①
2026-09-05T00:45:11+00:00,2026,105,8769,bs,KBO,핸디캡,2,H +2.5,LG 6.5,3 삼성,09.04(금) 18:30,"1.28,2.82",핸디승
2026-09-05T00:45:11+00:00,2026,105,8770,bs,KBO,언더오버,2,U 9.5,LG,삼성,09.04(금) 18:30,"1.62,1.93",언더
2026-09-05T00:45:11+00:00,2026,105,8771,bs,KBO,홀짝,2,,LG,삼성,09.04(금) 18:30,"1.62,2.03",홀
2026-09-05T00:45:11+00:00,2026,105,8772,bs,KBO,전반승무패,3,h(전반),LG 0,2 삼성,09.04(금) 18:30,"2.2,4.85,2.05",홈패
2026-09-05T00:45:11+00:00,2026,105,8773,bs,KBO,전반핸디캡,2,h H +1.5,LG 1.5,2 삼성,09.04(금) 18:30,"1.29,2.77",핸디패
2026-09-05T00:45:11+00:00,2026,105,8774,bs,KBO,전반언더오버,2,h U 4.5,LG,삼성,09.04(금) 18:30,"1.66,1.87",언더
2026-09-05T00:45:11+00:00,2026,105,8775,bs,KBO,승패,2,,롯데 4,14 한화,09.04(금) 18:30,"1.59,1.97",홈패
2026-09-05T00:45:11+00:00,2026,105,8776,bs,KBO,승①패,3,승①패,롯데 4,14 한화,09.04(금) 18:30,"2.18,3.45,2.5",홈패
2026-09-05T00:45:11+00:00,2026,105,8777,bs,KBO,핸디캡,2,H -2.5,롯데 1.5,14 한화,09.04(금) 18:30,"2.82,1.28",핸디패
2026-09-05T00:45:11+00:00,2026,105,8778,bs,KBO,언더오버,2,U 9.5,롯데,한화,09.04(금) 18:30,"2.0,1.57",오버
2026-09-05T00:45:11+00:00,2026,105,8779,bs,KBO,홀짝,2,,롯데,한화,09.04(금) 18:30,"1.61,2.04",짝
2026-09-05T00:45:11+00:00,2026,105,8780,bs,KBO,전반승무패,3,h(전반),롯데 3,4 한화,09.04(금) 18:30,"1.88,6.6,2.15",홈패
2026-09-05T00:45:11+00:00,2026,105,8781,bs,KBO,전반핸디캡,2,h H -1.5,롯데 1.5,4 한화,09.04(금) 18:30,"2.53,1.35",핸디패
2026-09-05T00:45:11+00:00,2026,105,8782,bs,KBO,전반언더오버,2,h U 5.5,롯데,한화,09.04(금) 18:30,"1.73,1.79",오버
2026-09-05T00:45:11+00:00,2026,105,8783,bs,KBO,승패,2,,SSG 4,0 두산,09.04(금) 18:30,"1.47,2.19",홈승
2026-09-05T00:45:11+00:00,2026,105,8784,bs,KBO,승①패,3,승①패,SSG 4,0 두산,09.04(금) 18:30,"1.97,3.6,2.75",홈승
2026-09-05T00:45:11+00:00,2026,105,8785,bs,KBO,핸디캡,2,H -2.5,SSG 1.5,0 두산,09.04(금) 18:30,"2.4,1.39",핸디승
2026-09-05T00:45:11+00:00,2026,105,8786,bs,KBO,언더오버,2,U 10.5,SSG,두산,09.04(금) 18:30,"1.64,1.9",언더
2026-09-05T00:45:11+00:00,2026,105,8787,bs,KBO,홀짝,2,,SSG,두산,09.04(금) 18:30,"1.61,2.04",짝
2026-09-05T00:45:11+00:00,2026,105,8788,bs,KBO,전반승무패,3,h(전반),SSG 3,0 두산,09.04(금) 18:30,"1.6,6.8,2.65",홈승
2026-09-05T00:45:11+00:00,2026,105,8789,bs,KBO,전반핸디캡,2,h H -1.5,SSG 1.5,0 두산,09.04(금) 18:30,"2.17,1.48",핸디승
2026-09-05T00:45:11+00:00,2026,105,8790,bs,KBO,전반언더오버,2,h U 5.5,SSG,두산,09.04(금) 18:30,"1.82,1.7",언더
2026-09-05T00:45:11+00:00,2026,105,8791,bs,KBO,승패,2,,KIA 4,3 KT,09.04(금) 18:30,"1.47,2.19",홈승
2026-09-05T00:45:11+00:00,2026,105,8792,bs,KBO,승①패,3,승①패,KIA 4,3 KT,09.04(금) 18:30,"1.91,3.55,2.9",①
2026-09-05T00:45:11+00:00,2026,105,8793,bs,KBO,핸디캡,2,H -2.5,KIA 1.5,3 KT,09.04(금) 18:30,"2.56,1.34",핸디패
2026-09-05T00:45:11+00:00,2026,105,8794,bs,KBO,언더오버,2,U 9.5,KIA,KT,09.04(금) 18:30,"1.76,1.76",언더
2026-09-05T00:45:11+00:00,2026,105,8795,bs,KBO,홀짝,2,,KIA,KT,09.04(금) 18:30,"1.62,2.03",홀
2026-09-05T00:45:11+00:00,2026,105,8796,bs,KBO,전반승무패,3,h(전반),KIA 0,0 KT,09.04(금) 18:30,"1.71,6.4,2.45",무승부
2026-09-05T00:45:11+00:00,2026,105,8797,bs,KBO,전반핸디캡,2,h H -1.5,KIA -1.5,0 KT,09.04(금) 18:30,"2.15,1.49",핸디패
2026-09-05T00:45:11+00:00,2026,105,8798,bs,KBO,전반언더오버,2,h U 5.5,KIA,KT,09.04(금) 18:30,"1.64,1.9",언더
2026-09-05T00:45:11+00:00,2026,105,8799,bs,KBO,승패,2,,키움 1,6 NC,09.04(금) 18:30,"2.13,1.5",홈패
2026-09-05T00:45:11+00:00,2026,105,8800,bs,KBO,승①패,3,승①패,키움 1,6 NC,09.04(금) 18:30,"3.25,3.15,1.91",홈패
2026-09-05T00:45:11+00:00,2026,105,8801,bs,KBO,핸디캡,2,H +2.5,키움 3.5,6 NC,09.04(금) 18:30,"1.33,2.6",핸디패
2026-09-05T00:45:11+00:00,2026,105,8802,bs,KBO,언더오버,2,U 7.5,키움,NC,09.04(금) 18:30,"1.67,1.86",언더
2026-09-05T00:45:11+00:00,2026,105,8803,bs,KBO,홀짝,2,,키움,NC,09.04(금) 18:30,"1.63,2.01",홀
2026-09-05T00:45:11+00:00,2026,105,8804,bs,KBO,전반승무패,3,h(전반),키움 1,4 NC,09.04(금) 18:30,"2.5,4.8,1.85",홈패
2026-09-05T00:45:11+00:00,2026,105,8805,bs,KBO,전반핸디캡,2,h H +1.5,키움 2.5,4 NC,09.04(금) 18:30,"1.33,2.6",핸디패
2026-09-05T00:45:11+00:00,2026,105,8806,bs,KBO,전반언더오버,2,h U 3.5,키움,NC,09.04(금) 18:30,"1.76,1.76",오버
2026-09-05T00:45:11+00:00,2026,105,8807,bk,여농월드,승패,2,,일본W 102,97 말리W,09.04(금) 18:30,"1.04,5.72",홈승
2026-09-05T00:45:11+00:00,2026,105,8808,bk,여농월드,핸디캡,2,H -13.5,일본W 88.5,97 말리W,09.04(금) 18:30,"1.75,1.77",핸디패
2026-09-05T00:45:11+00:00,2026,105,8809,bk,여농월드,언더오버,2,U 148.5,일본W,말리W,09.04(금) 18:30,"1.79,1.73",오버
2026-09-05T00:45:11+00:00,2026,105,8810,bk,여농월드,홀짝,2,,일본W,말리W,09.04(금) 18:30,"1.8,1.8",홀
2026-09-05T00:45:11+00:00,2026,105,8811,bk,여농월드,승패,2,,호주W 70,54 푸에르W,09.04(금) 18:30,"1.0,1.0",홈승
2026-09-05T00:45:11+00:00,2026,105,8812,bk,여농월드,핸디캡,2,H -24.5,호주W 45.5,54 푸에르W,09.04(금) 18:30,"1.77,1.75",핸디패
2026-09-05T00:45:11+00:00,2026,105,8813,bk,여농월드,언더오버,2,U 145.5,호주W,푸에르W,09.04(금) 18:30,"1.77,1.75",언더
2026-09-05T00:45:11+00:00,2026,105,8814,bk,여농월드,홀짝,2,,호주W,푸에르W,09.04(금) 18:30,"1.8,1.8",짝
2026-09-05T00:45:11+00:00,2026,105,8815,sc,K리그2,승무패,3,,충북청주 0,2 서울이랜,09.04(금) 19:30,"3.9,3.2,1.72",홈패
2026-09-05T00:45:11+00:00,2026,105,8816,sc,K리그2,핸디캡,3,H +1.0,충북청주 1,2 서울이랜,09.04(금) 19:30,"1.99,3.2,3.0",핸디패
2026-09-05T00:45:11+00:00,2026,105,8817,sc,K리그2,언더오버,2,U 2.5,충북청주,서울이랜,09.04(금) 19:30,"2.15,1.49",언더
2026-09-05T00:45:11+00:00,2026,105,8818,sc,K리그2,홀짝,2,,충북청주,서울이랜,09.04(금) 19:30,"1.81,1.79",짝
2026-09-05T00:45:11+00:00,2026,105,8819,sc,K리그2,승무패,3,,파주프런 0,0 대구FC,09.04(금) 19:30,"4.65,3.75,1.5",무승부
2026-09-05T00:45:11+00:00,2026,105,8820,sc,K리그2,핸디캡,3,H +1.0,파주프런 1,0 대구FC,09.04(금) 19:30,"2.29,3.2,2.5",핸디승
2026-09-05T00:45:11+00:00,2026,105,8821,sc,K리그2,언더오버,2,U 2.5,파주프런,대구FC,09.04(금) 19:30,"2.13,1.5",언더
2026-09-05T00:45:11+00:00,2026,105,8822,sc,K리그2,홀짝,2,,파주프런,대구FC,09.04(금) 19:30,"1.8,1.8",짝
2026-09-05T00:45:11+00:00,2026,105,8823,bk,여농월드,승패,2,,미국W 94,61 중국W,09.04(금) 21:15,"1.0,1.0",홈승
2026-09-05T00:45:11+00:00,2026,105,8824,bk,여농월드,핸디캡,2,H -29.5,미국W 64.5,61 중국W,09.04(금) 21:15,"1.81,1.71",핸디승
2026-09-05T00:45:11+00:00,2026,105,8825,bk,여농월드,언더오버,2,U 159.5,미국W,중국W,09.04(금) 21:15,"1.77,1.75",언더
2026-09-05T00:45:11+00:00,2026,105,8826,bk,여농월드,홀짝,2,,미국W,중국W,09.04(금) 21:15,"1.8,1.8",홀
2026-09-05T00:45:11+00:00,2026,105,8827,bk,여농월드,승패,2,,한국W 99,81 나이지W,09.04(금) 21:30,"3.75,1.15",홈승
2026-09-05T00:45:11+00:00,2026,105,8828,bk,여농월드,핸디캡,2,H +10.5,한국W 109.5,81 나이지W,09.04(금) 21:30,"1.75,1.77",핸디승
2026-09-05T00:45:11+00:00,2026,105,8829,bk,여농월드,언더오버,2,U 143.5,한국W,나이지W,09.04(금) 21:30,"1.76,1.76",오버
2026-09-05T00:45:11+00:00,2026,105,8830,bk,여농월드,홀짝,2,,한국W,나이지W,09.04(금) 21:30,"1.8,1.8",짝
2026-09-05T00:45:11+00:00,2026,105,8831,bk,여농월드,승패,2,,벨기에W 89,75 튀르키W,09.05(토) 00:30,"1.07,4.96",홈승
2026-09-05T00:45:11+00:00,2026,105,8832,bk,여농월드,핸디캡,2,H -12.5,벨기에W 76.5,75 튀르키W,09.05(토) 00:30,"1.75,1.77",핸디승
2026-09-05T00:45:11+00:00,2026,105,8833,bk,여농월드,언더오버,2,U 146.5,벨기에W,튀르키W,09.05(토) 00:30,"1.77,1.75",오버
2026-09-05T00:45:11+00:00,2026,105,8834,bk,여농월드,홀짝,2,,벨기에W,튀르키W,09.05(토) 00:30,"1.8,1.8",짝
2026-09-05T00:45:11+00:00,2026,105,8835,bk,여농월드,승패,2,,스페인W 83,53 독일W,09.05(토) 00:45,"1.27,2.87",홈승
2026-09-05T00:45:11+00:00,2026,105,8836,bk,여농월드,핸디캡,2,H -7.5,스페인W 75.5,53 독일W,09.05(토) 00:45,"1.72,1.8",핸디승
2026-09-05T00:45:11+00:00,2026,105,8837,bk,여농월드,언더오버,2,U 139.5,스페인W,독일W,09.05(토) 00:45,"1.74,1.78",언더
2026-09-05T00:45:11+00:00,2026,105,8838,bk,여농월드,홀짝,2,,스페인W,독일W,09.05(토) 00:45,"1.8,1.8",짝
2026-09-05T00:45:11+00:00,2026,105,8839,sc,프리그1,승무패,3,,리옹 3,1 AJ오세르,09.05(토) 02:00,"1.33,4.15,6.4",홈승
2026-09-05T00:45:11+00:00,2026,105,8840,sc,프리그1,핸디캡,3,H -1.0,리옹 2,1 AJ오세르,09.05(토) 02:00,"2.06,3.2,2.85",핸디승
2026-09-05T00:45:11+00:00,2026,105,8841,sc,프리그1,언더오버,2,U 2.5,리옹,AJ오세르,09.05(토) 02:00,"2.22,1.46",오버
2026-09-05T00:45:11+00:00,2026,105,8842,sc,프리그1,홀짝,2,,리옹,AJ오세르,09.05(토) 02:00,"1.81,1.79",짝
2026-09-05T00:45:11+00:00,2026,105,8843,sc,에레디비,승무패,3,,스파로테 2,2 즈볼러,09.05(토) 03:00,"1.78,3.5,3.3",무승부
2026-09-05T00:45:11+00:00,2026,105,8844,sc,에레디비,핸디캡,3,H -1.0,스파로테 1,2 즈볼러,09.05(토) 03:00,"3.2,3.55,1.8",핸디패
2026-09-05T00:45:11+00:00,2026,105,8845,sc,에레디비,언더오버,2,U 3.5,스파로테,즈볼러,09.05(토) 03:00,"1.49,2.15",오버
2026-09-05T00:45:11+00:00,2026,105,8846,sc,에레디비,홀짝,2,,스파로테,즈볼러,09.05(토) 03:00,"1.8,1.8",짝
2026-09-05T00:45:11+00:00,2026,105,8847,bs,MLB,승패,2,,클리가디 7,6 디트타이,09.05(토) 03:10,"1.65,1.89",홈승
2026-09-05T00:45:11+00:00,2026,105,8848,bs,MLB,승①패,3,승①패,클리가디 7,6 디트타이,09.05(토) 03:10,"2.35,3.25,2.4",①
2026-09-05T00:45:11+00:00,2026,105,8849,bs,MLB,핸디캡,2,H -2.5,클리가디 4.5,6 디트타이,09.05(토) 03:10,"3.23,1.21",핸디패
2026-09-05T00:45:11+00:00,2026,105,8850,bs,MLB,언더오버,2,U 8.5,클리가디,디트타이,09.05(토) 03:10,"1.69,1.84",오버
2026-09-05T00:45:11+00:00,2026,105,8851,bs,MLB,홀짝,2,,클리가디,디트타이,09.05(토) 03:10,"1.59,2.07",홀
2026-09-05T00:45:11+00:00,2026,105,8852,bk,여농월드,승패,2,,체코W 54,63 이탈리W,09.05(토) 03:15,"4.96,1.07",홈패
2026-09-05T00:45:11+00:00,2026,105,8853,bk,여농월드,핸디캡,2,H +12.5,체코W 66.5,63 이탈리W,09.05(토) 03:15,"1.77,1.75",핸디승
2026-09-05T00:45:11+00:00,2026,105,8854,bk,여농월드,언더오버,2,U 138.5,체코W,이탈리W,09.05(토) 03:15,"1.74,1.78",언더
2026-09-05T00:45:11+00:00,2026,105,8855,bk,여농월드,홀짝,2,,체코W,이탈리W,09.05(토) 03:15,"1.8,1.8",홀
2026-09-05T00:45:11+00:00,2026,105,8856,sc,분데스리,승무패,3,,슈투트가 4,1 쾰른,09.05(토) 03:30,"1.43,4.25,4.95",홈승
2026-09-05T00:45:11+00:00,2026,105,8857,sc,분데스리,핸디캡,3,H -1.0,슈투트가 3,1 쾰른,09.05(토) 03:30,"2.16,3.6,2.45",핸디승
2026-09-05T00:45:11+00:00,2026,105,8858,sc,분데스리,핸디캡,3,H -2.0,슈투트가 2,1 쾰른,09.05(토) 03:30,"3.6,4.25,1.57",핸디승
2026-09-05T00:45:11+00:00,2026,105,8859,sc,분데스리,핸디캡,2,H -3.5,슈투트가 0.5,1 쾰른,09.05(토) 03:30,"6.84,1.01",핸디패
2026-09-05T00:45:11+00:00,2026,105,8860,sc,분데스리,언더오버,2,U 3.5,슈투트가,쾰른,09.05(토) 03:30,"1.74,1.82",오버
2026-09-05T00:45:11+00:00,2026,105,8861,sc,분데스리,홀짝,2,,슈투트가,쾰른,09.05(토) 03:30,"1.8,1.8",홀
2026-09-05T00:45:11+00:00,2026,105,8862,sc,세리에A,승무패,3,,제노아 1,4 코모1907,09.05(토) 03:45,"4.55,3.2,1.62",홈패
2026-09-05T00:45:11+00:00,2026,105,8863,sc,세리에A,핸디캡,3,H +1.0,제노아 2,4 코모1907,09.05(토) 03:45,"2.03,3.05,3.05",핸디패
2026-09-05T00:45:11+00:00,2026,105,8864,sc,세리에A,언더오버,2,U 2.5,제노아,코모1907,09.05(토) 03:45,"1.63,1.91",오버
2026-09-05T00:45:11+00:00,2026,105,8865,sc,세리에A,홀짝,2,,제노아,코모1907,09.05(토) 03:45,"1.82,1.78",홀
2026-09-05T00:45:11+00:00,2026,105,8866,sc,EPL,승무패,3,,입스위치 0,2 리버풀,09.05(토) 04:00,"5.6,4.55,1.38",홈패
2026-09-05T00:45:11+00:00,2026,105,8867,sc,EPL,핸디캡,3,H +1.0,입스위치 1,2 리버풀,09.05(토) 04:00,"2.65,3.75,2.03",핸디패
2026-09-05T00:45:11+00:00,2026,105,8868,sc,EPL,핸디캡,3,H +2.0,입스위치 2,2 리버풀,09.05(토) 04:00,"1.63,4.0,3.65",핸디무
2026-09-05T00:45:11+00:00,2026,105,8869,sc,EPL,핸디캡,2,H +3.5,입스위치 3.5,2 리버풀,09.05(토) 04:00,"1.01,6.84",핸디승
2026-09-05T00:45:11+00:00,2026,105,8870,sc,EPL,언더오버,2,U 3.5,입스위치,리버풀,09.05(토) 04:00,"1.75,1.81",언더
2026-09-05T00:45:11+00:00,2026,105,8871,sc,EPL,홀짝,2,,입스위치,리버풀,09.05(토) 04:00,"1.8,1.8",짝
2026-09-05T00:45:11+00:00,2026,105,8872,sc,라리가,승무패,3,,베티스 1,0 레알마드,09.05(토) 04:00,"6.2,4.6,1.32",홈승
2026-09-05T00:45:11+00:00,2026,105,8873,sc,라리가,핸디캡,3,H +1.0,베티스 2,0 레알마드,09.05(토) 04:00,"2.85,3.65,1.91",핸디승
2026-09-05T00:45:11+00:00,2026,105,8874,sc,라리가,언더오버,2,U 3.5,베티스,레알마드,09.05(토) 04:00,"1.76,1.8",언더
2026-09-05T00:45:11+00:00,2026,105,8875,sc,라리가,홀짝,2,,베티스,레알마드,09.05(토) 04:00,"1.8,1.8",홀
2026-09-05T00:45:11+00:00,2026,105,8876,bk,여농월드,승패,2,,헝가리W 53,99 프랑스W,09.05(토) 04:00,"1.0,1.0",홈패
2026-09-05T00:45:11+00:00,2026,105,8877,bk,여농월드,핸디캡,2,H +21.5,헝가리W 74.5,99 프랑스W,09.05(토) 04:00,"1.76,1.76",핸디패
2026-09-05T00:45:11+00:00,2026,105,8878,bk,여농월드,언더오버,2,U 146.5,헝가리W,프랑스W,09.05(토) 04:00,"1.79,1.73",오버
2026-09-05T00:45:11+00:00,2026,105,8879,bk,여농월드,홀짝,2,,헝가리W,프랑스W,09.05(토) 04:00,"1.8,1.8",짝
2026-09-05T00:45:11+00:00,2026,105,8880,sc,프리그1,승무패,3,,PSG 1,2 AS모나코,09.05(토) 04:05,"1.25,4.75,7.2",홈패
2026-09-05T00:45:11+00:00,2026,105,8881,sc,프리그1,핸디캡,3,H -1.0,PSG 0,2 AS모나코,09.05(토) 04:05,"1.8,3.7,3.1",핸디패
2026-09-05T00:45:11+00:00,2026,105,8882,sc,프리그1,핸디캡,3,H -2.0,PSG -1,2 AS모나코,09.05(토) 04:05,"2.85,3.85,1.86",핸디패
2026-09-05T00:45:11+00:00,2026,105,8883,sc,프리그1,핸디캡,2,H -3.5,PSG -2.5,2 AS모나코,09.05(토) 04:05,"5.18,1.06",핸디패
2026-09-05T00:45:11+00:00,2026,105,8884,sc,프리그1,언더오버,2,U 3.5,PSG,AS모나코,09.05(토) 04:05,"1.77,1.75",언더
2026-09-05T00:45:11+00:00,2026,105,8885,sc,프리그1,홀짝,2,,PSG,AS모나코,09.05(토) 04:05,"1.8,1.8",홀
2026-09-05T00:45:11+00:00,2026,105,8886,bs,MLB,승패,2,,신시레즈 6,9 밀워브루,09.05(토) 07:10,"2.11,1.51",5회말
2026-09-05T00:45:11+00:00,2026,105,8887,bs,MLB,승①패,3,승①패,신시레즈 6,9 밀워브루,09.05(토) 07:10,"3.2,3.45,1.83",5회말
2026-09-05T00:45:11+00:00,2026,105,8888,bs,MLB,핸디캡,2,H +2.5,신시레즈 8.5,9 밀워브루,09.05(토) 07:10,"1.4,2.37",5회말
2026-09-05T00:45:11+00:00,2026,105,8889,bs,MLB,언더오버,2,U 9.5,신시레즈,밀워브루,09.05(토) 07:10,"1.76,1.76",5회말
2026-09-05T00:45:11+00:00,2026,105,8890,bs,MLB,홀짝,2,,신시레즈,밀워브루,09.05(토) 07:10,"1.6,2.06",5회말
2026-09-05T00:45:11+00:00,2026,105,8891,bs,MLB,승패,2,,필라필리 2,3 애틀브레,09.05(토) 07:40,"1.71,1.81",7회말
2026-09-05T00:45:11+00:00,2026,105,8892,bs,MLB,승①패,3,승①패,필라필리 2,3 애틀브레,09.05(토) 07:40,"2.5,3.1,2.34",7회말
2026-09-05T00:45:11+00:00,2026,105,8893,bs,MLB,핸디캡,2,H -2.5,필라필리 -0.5,3 애틀브레,09.05(토) 07:40,"3.55,1.17",7회말
2026-09-05T00:45:11+00:00,2026,105,8894,bs,MLB,언더오버,2,U 6.5,필라필리,애틀브레,09.05(토) 07:40,"1.82,1.7",7회말
2026-09-05T00:45:11+00:00,2026,105,8895,bs,MLB,홀짝,2,,필라필리,애틀브레,09.05(토) 07:40,"1.57,2.11",7회말
2026-09-05T00:45:11+00:00,2026,105,8896,bs,MLB,승패,2,,피츠파이 1,0 LA에인절,09.05(토) 07:45,"1.41,2.34",6회말
2026-09-05T00:45:11+00:00,2026,105,8897,bs,MLB,승①패,3,승①패,피츠파이 1,0 LA에인절,09.05(토) 07:45,"1.88,3.45,3.05",6회말
2026-09-05T00:45:11+00:00,2026,105,8898,bs,MLB,핸디캡,2,H -2.5,피츠파이 -1.5,0 LA에인절,09.05(토) 07:45,"2.49,1.36",6회말
2026-09-05T00:45:11+00:00,2026,105,8899,bs,MLB,언더오버,2,U 8.5,피츠파이,LA에인절,09.05(토) 07:45,"1.72,1.8",6회말
2026-09-05T00:45:11+00:00,2026,105,8900,bs,MLB,홀짝,2,,피츠파이,LA에인절,09.05(토) 07:45,"1.59,2.07",6회말
2026-09-05T00:45:11+00:00,2026,105,8901,bs,MLB,승패,2,,볼티오리 0,1 보스레드,09.05(토) 08:05,"1.82,1.7",7회초
2026-09-05T00:45:11+00:00,2026,105,8902,bs,MLB,승①패,3,승①패,볼티오리 0,1 보스레드,09.05(토) 08:05,"2.65,3.25,2.15",7회초
2026-09-05T00:45:11+00:00,2026,105,8903,bs,MLB,핸디캡,2,H +2.5,볼티오리 2.5,1 보스레드,09.05(토) 08:05,"1.27,2.87",7회초
2026-09-05T00:45:11+00:00,2026,105,8904,bs,MLB,언더오버,2,U 8.5,볼티오리,보스레드,09.05(토) 08:05,"1.69,1.84",7회초
2026-09-05T00:45:11+00:00,2026,105,8905,bs,MLB,홀짝,2,,볼티오리,보스레드,09.05(토) 08:05,"1.59,2.07",7회초
2026-09-05T00:45:11+00:00,2026,105,8906,bs,MLB,승패,2,,뉴욕메츠 7,2 샌프자이,09.05(토) 08:10,"1.45,2.24",6회초
2026-09-05T00:45:11+00:00,2026,105,8907,bs,MLB,승①패,3,승①패,뉴욕메츠 7,2 샌프자이,09.05(토) 08:10,"1.98,3.35,2.9",6회초
2026-09-05T00:45:11+00:00,2026,105,8908,bs,MLB,핸디캡,2,H -2.5,뉴욕메츠 4.5,2 샌프자이,09.05(토) 08:10,"2.64,1.32",6회초
2026-09-05T00:45:11+00:00,2026,105,8909,bs,MLB,언더오버,2,U 7.5,뉴욕메츠,샌프자이,09.05(토) 08:10,"1.91,1.63",6회초
2026-09-05T00:45:11+00:00,2026,105,8910,bs,MLB,홀짝,2,,뉴욕메츠,샌프자이,09.05(토) 08:10,"1.59,2.07",6회초
2026-09-05T00:45:11+00:00,2026,105,8911,bs,MLB,승패,2,,마이말린 0,2 시카컵스,09.05(토) 08:10,"2.05,1.54",6회초
2026-09-05T00:45:11+00:00,2026,105,8912,bs,MLB,승①패,3,승①패,마이말린 0,2 시카컵스,09.05(토) 08:10,"2.95,3.4,1.94",6회초
2026-09-05T00:45:11+00:00,2026,105,8913,bs,MLB,핸디캡,2,H +2.5,마이말린 2.5,2 시카컵스,09.05(토) 08:10,"1.38,2.43",6회초
2026-09-05T00:45:11+00:00,2026,105,8914,bs,MLB,언더오버,2,U 7.5,마이말린,시카컵스,09.05(토) 08:10,"1.82,1.7",6회초
2026-09-05T00:45:11+00:00,2026,105,8915,bs,MLB,홀짝,2,,마이말린,시카컵스,09.05(토) 08:10,"1.58,2.09",6회초
2026-09-05T00:45:11+00:00,2026,105,8916,sc,MLS,승무패,3,,뉴욕시티 0,0 내슈빌SC,09.05(토) 08:30,"2.8,3.25,2.06",47'
2026-09-05T00:45:11+00:00,2026,105,8917,sc,MLS,핸디캡,3,H +1.0,뉴욕시티 1,0 내슈빌SC,09.05(토) 08:30,"1.6,3.65,4.0",47'
2026-09-05T00:45:11+00:00,2026,105,8918,sc,MLS,언더오버,2,U 2.5,뉴욕시티,내슈빌SC,09.05(토) 08:30,"1.91,1.63",47'
2026-09-05T00:45:11+00:00,2026,105,8919,sc,MLS,홀짝,2,,뉴욕시티,내슈빌SC,09.05(토) 08:30,"1.81,1.79",47'
2026-09-05T00:45:11+00:00,2026,105,8920,bs,MLB,승패,2,,시카화이 2,0 미네트윈,09.05(토) 08:40,"1.68,1.85",4회말
2026-09-05T00:45:11+00:00,2026,105,8921,bs,MLB,승①패,3,승①패,시카화이 2,0 미네트윈,09.05(토) 08:40,"2.35,3.4,2.33",4회말
2026-09-05T00:45:11+00:00,2026,105,8922,bs,MLB,핸디캡,2,H -2.5,시카화이 -0.5,0 미네트윈,09.05(토) 08:40,"3.23,1.21",4회말
2026-09-05T00:45:11+00:00,2026,105,8923,bs,MLB,언더오버,2,U 9.5,시카화이,미네트윈,09.05(토) 08:40,"1.71,1.81",4회말
2026-09-05T00:45:11+00:00,2026,105,8924,bs,MLB,홀짝,2,,시카화이,미네트윈,09.05(토) 08:40,"1.59,2.07",4회말
2026-09-05T00:45:11+00:00,2026,105,8925,bs,MLB,승패,2,,텍사레인 1,0 탬파레이,09.05(토) 09:05,"1.89,1.65",3회초
2026-09-05T00:45:11+00:00,2026,105,8926,bs,MLB,승①패,3,승①패,텍사레인 1,0 탬파레이,09.05(토) 09:05,"2.8,3.25,2.06",3회초
2026-09-05T00:45:11+00:00,2026,105,8927,bs,MLB,핸디캡,2,H +2.5,텍사레인 3.5,0 탬파레이,09.05(토) 09:05,"1.3,2.72",3회초
2026-09-05T00:45:11+00:00,2026,105,8928,bs,MLB,언더오버,2,U 7.5,텍사레인,탬파레이,09.05(토) 09:05,"1.9,1.64",3회초
2026-09-05T00:45:11+00:00,2026,105,8929,bs,MLB,홀짝,2,,텍사레인,탬파레이,09.05(토) 09:05,"1.58,2.09",3회초
2026-09-05T00:45:11+00:00,2026,105,8930,bs,MLB,승패,2,,캔자로얄 1,5 토론블루,09.05(토) 09:10,"1.67,1.86",2회말
2026-09-05T00:45:11+00:00,2026,105,8931,bs,MLB,승①패,3,승①패,캔자로얄 1,5 토론블루,09.05(토) 09:10,"2.35,3.4,2.33",2회말
2026-09-05T00:45:11+00:00,2026,105,8932,bs,MLB,핸디캡,2,H -2.5,캔자로얄 -1.5,5 토론블루,09.05(토) 09:10,"3.23,1.21",2회말
2026-09-05T00:45:11+00:00,2026,105,8933,bs,MLB,언더오버,2,U 9.5,캔자로얄,토론블루,09.05(토) 09:10,"1.82,1.7",2회말
2026-09-05T00:45:11+00:00,2026,105,8934,bs,MLB,홀짝,2,,캔자로얄,토론블루,09.05(토) 09:10,"1.59,2.07",2회말
2026-09-05T00:45:11+00:00,2026,105,8935,bs,MLB,승패,2,,휴스애스 0,0 애리다이,09.05(토) 09:10,"1.65,1.89",3회초
2026-09-05T00:45:11+00:00,2026,105,8936,bs,MLB,승①패,3,승①패,휴스애스 0,0 애리다이,09.05(토) 09:10,"2.3,3.35,2.4",3회초
2026-09-05T00:45:11+00:00,2026,105,8937,bs,MLB,핸디캡,2,H -2.5,휴스애스 -2.5,0 애리다이,09.05(토) 09:10,"3.16,1.22",3회초
2026-09-05T00:45:11+00:00,2026,105,8938,bs,MLB,언더오버,2,U 8.5,휴스애스,애리다이,09.05(토) 09:10,"1.91,1.63",3회초
2026-09-05T00:45:11+00:00,2026,105,8939,bs,MLB,홀짝,2,,휴스애스,애리다이,09.05(토) 09:10,"1.59,2.07",3회초
2026-09-05T00:45:11+00:00,2026,105,8940,bs,MLB,승패,2,,콜로로키 0,0 세인카디,09.05(토) 09:40,"1.96,1.6",1회초
2026-09-05T00:45:11+00:00,2026,105,8941,bs,MLB,승①패,3,승①패,콜로로키 0,0 세인카디,09.05(토) 09:40,"2.9,3.45,1.94",1회초
2026-09-05T00:45:11+00:00,2026,105,8942,bs,MLB,핸디캡,2,H +2.5,콜로로키 2.5,0 세인카디,09.05(토) 09:40,"1.36,2.49",1회초
2026-09-05T00:45:11+00:00,2026,105,8943,bs,MLB,언더오버,2,U 11.5,콜로로키,세인카디,09.05(토) 09:40,"1.73,1.79",1회초
2026-09-05T00:45:11+00:00,2026,105,8944,bs,MLB,홀짝,2,,콜로로키,세인카디,09.05(토) 09:40,"1.6,2.06",1회초
2026-09-05T00:45:11+00:00,2026,105,8945,bs,MLB,승패,2,,샌디파드,뉴욕양키,09.05(토) 10:40,"1.94,1.61",경기전
2026-09-05T00:45:11+00:00,2026,105,8946,bs,MLB,승①패,3,승①패,샌디파드,뉴욕양키,09.05(토) 10:40,"2.9,3.2,2.03",경기전
2026-09-05T00:45:11+00:00,2026,105,8947,bs,MLB,핸디캡,2,H +2.5,샌디파드,뉴욕양키,09.05(토) 10:40,"1.31,2.68",경기전
2026-09-05T00:45:11+00:00,2026,105,8948,bs,MLB,언더오버,2,U 7.5,샌디파드,뉴욕양키,09.05(토) 10:40,"1.69,1.84",경기전
2026-09-05T00:45:11+00:00,2026,105,8949,bs,MLB,홀짝,2,,샌디파드,뉴욕양키,09.05(토) 10:40,"1.58,2.09",경기전
2026-09-05T00:45:11+00:00,2026,105,8950,bs,MLB,승패,2,,시애매리,애슬레틱,09.05(토) 11:10,"1.36,2.49",경기전
2026-09-05T00:45:11+00:00,2026,105,8951,bs,MLB,승①패,3,승①패,시애매리,애슬레틱,09.05(토) 11:10,"1.74,3.5,3.45",경기전
2026-09-05T00:45:11+00:00,2026,105,8952,bs,MLB,핸디캡,2,H -2.5,시애매리,애슬레틱,09.05(토) 11:10,"2.43,1.38",경기전
2026-09-05T00:45:11+00:00,2026,105,8953,bs,MLB,언더오버,2,U 7.5,시애매리,애슬레틱,09.05(토) 11:10,"1.64,1.9",경기전
2026-09-05T00:45:11+00:00,2026,105,8954,bs,MLB,홀짝,2,,시애매리,애슬레틱,09.05(토) 11:10,"1.59,2.07",경기전
2026-09-05T00:45:11+00:00,2026,105,8955,bs,MLB,전반승무패,3,h(전반),시애매리,애슬레틱,09.05(토) 11:10,"1.65,5.2,2.85",경기전
2026-09-05T00:45:11+00:00,2026,105,8956,bs,MLB,전반핸디캡,2,h H -1.5,시애매리,애슬레틱,09.05(토) 11:10,"2.24,1.45",경기전
2026-09-05T00:45:11+00:00,2026,105,8957,bs,MLB,전반언더오버,2,h U 3.5,시애매리,애슬레틱,09.05(토) 11:10,"1.86,1.67",경기전
2026-09-05T00:45:11+00:00,2026,105,8958,bs,MLB,승패,2,,LA다저스,워싱내셔,09.05(토) 11:10,"1.26,2.92",경기전
2026-09-05T00:45:11+00:00,2026,105,8959,bs,MLB,승①패,3,승①패,LA다저스,워싱내셔,09.05(토) 11:10,"1.61,3.7,3.9",경기전
2026-09-05T00:45:11+00:00,2026,105,8960,bs,MLB,핸디캡,2,H -2.5,LA다저스,워싱내셔,09.05(토) 11:10,"2.05,1.54",경기전
2026-09-05T00:45:11+00:00,2026,105,8961,bs,MLB,언더오버,2,U 8.5,LA다저스,워싱내셔,09.05(토) 11:10,"1.68,1.85",경기전
2026-09-05T00:45:11+00:00,2026,105,8962,bs,MLB,홀짝,2,,LA다저스,워싱내셔,09.05(토) 11:10,"1.61,2.04",경기전
2026-09-05T00:45:11+00:00,2026,105,8963,bs,NPB,승패,2,,오릭스,지바롯데,09.05(토) 14:00,"1.59,1.97",경기전
2026-09-05T00:45:11+00:00,2026,105,8964,bs,NPB,승①패,3,승①패,오릭스,지바롯데,09.05(토) 14:00,"2.41,2.75,2.7",경기전
2026-09-05T00:45:11+00:00,2026,105,8965,bs,NPB,핸디캡,2,H -2.5,오릭스,지바롯데,09.05(토) 14:00,"3.38,1.19",경기전
2026-09-05T00:45:11+00:00,2026,105,8966,bs,NPB,언더오버,2,U 6.5,오릭스,지바롯데,09.05(토) 14:00,"1.79,1.73",경기전
2026-09-05T00:45:11+00:00,2026,105,8967,bs,NPB,홀짝,2,,오릭스,지바롯데,09.05(토) 14:00,"1.64,1.99",경기전
2026-09-05T00:45:11+00:00,2026,105,8968,bs,NPB,승패,2,,소프트뱅,세이부,09.05(토) 14:00,"1.52,2.09",경기전
2026-09-05T00:45:11+00:00,2026,105,8969,bs,NPB,승①패,3,승①패,소프트뱅,세이부,09.05(토) 14:00,"2.27,2.75,2.9",경기전
2026-09-05T00:45:11+00:00,2026,105,8970,bs,NPB,핸디캡,2,H -2.5,소프트뱅,세이부,09.05(토) 14:00,"3.09,1.23",경기전
2026-09-05T00:45:11+00:00,2026,105,8971,bs,NPB,언더오버,2,U 6.5,소프트뱅,세이부,09.05(토) 14:00,"1.78,1.74",경기전
2026-09-05T00:45:11+00:00,2026,105,8972,bs,NPB,홀짝,2,,소프트뱅,세이부,09.05(토) 14:00,"1.64,1.99",경기전
2026-09-05T00:45:11+00:00,2026,105,8973,bs,KBO,승패,2,,LG,삼성,09.05(토) 17:00,"1.53,2.07",경기전
2026-09-05T00:45:11+00:00,2026,105,8974,bs,KBO,승①패,3,승①패,LG,삼성,09.05(토) 17:00,"2.06,3.4,2.7",경기전
2026-09-05T00:45:11+00:00,2026,105,8975,bs,KBO,핸디캡,2,H -2.5,LG,삼성,09.05(토) 17:00,"2.72,1.3",경기전
2026-09-05T00:45:11+00:00,2026,105,8976,bs,KBO,언더오버,2,U 9.5,LG,삼성,09.05(토) 17:00,"1.79,1.73",경기전
2026-09-05T00:45:11+00:00,2026,105,8977,bs,KBO,홀짝,2,,LG,삼성,09.05(토) 17:00,"1.61,2.04",경기전
2026-09-05T00:45:11+00:00,2026,105,8978,bs,KBO,전반승무패,3,h(전반),LG,삼성,09.05(토) 17:00,"1.78,6.5,2.3",경기전
2026-09-05T00:45:11+00:00,2026,105,8979,bs,KBO,전반핸디캡,2,h H -1.5,LG,삼성,09.05(토) 17:00,"2.37,1.4",경기전
2026-09-05T00:45:11+00:00,2026,105,8980,bs,KBO,전반언더오버,2,h U 5.5,LG,삼성,09.05(토) 17:00,"1.71,1.81",경기전
2026-09-05T00:45:11+00:00,2026,105,8981,bs,KBO,승패,2,,롯데,한화,09.05(토) 17:00,"1.68,1.85",경기전
2026-09-05T00:45:11+00:00,2026,105,8982,bs,KBO,승①패,3,승①패,롯데,한화,09.05(토) 17:00,"2.33,3.4,2.35",경기전
2026-09-05T00:45:11+00:00,2026,105,8983,bs,KBO,핸디캡,2,H -2.5,롯데,한화,09.05(토) 17:00,"3.09,1.23",경기전
2026-09-05T00:45:11+00:00,2026,105,8984,bs,KBO,언더오버,2,U 10.5,롯데,한화,09.05(토) 17:00,"1.68,1.85",경기전
2026-09-05T00:45:11+00:00,2026,105,8985,bs,KBO,홀짝,2,,롯데,한화,09.05(토) 17:00,"1.61,2.04",경기전
2026-09-05T00:45:11+00:00,2026,105,8986,bs,KBO,전반승무패,3,h(전반),롯데,한화,09.05(토) 17:00,"1.94,6.8,2.05",경기전
2026-09-05T00:45:11+00:00,2026,105,8987,bs,KBO,전반핸디캡,2,h H -1.5,롯데,한화,09.05(토) 17:00,"2.6,1.33",경기전
2026-09-05T00:45:11+00:00,2026,105,8988,bs,KBO,전반언더오버,2,h U 6.5,롯데,한화,09.05(토) 17:00,"1.6,1.96",경기전
2026-09-05T00:45:11+00:00,2026,105,8989,bs,KBO,승패,2,,SSG,두산,09.05(토) 17:00,"1.86,1.67",경기전
2026-09-05T00:45:11+00:00,2026,105,8990,bs,KBO,승①패,3,승①패,SSG,두산,09.05(토) 17:00,"2.65,3.4,2.09",경기전
2026-09-05T00:45:11+00:00,2026,105,8991,bs,KBO,핸디캡,2,H +2.5,SSG,두산,09.05(토) 17:00,"1.3,2.72",경기전
2026-09-05T00:45:11+00:00,2026,105,8992,bs,KBO,언더오버,2,U 9.5,SSG,두산,09.05(토) 17:00,"1.87,1.66",경기전
2026-09-05T00:45:11+00:00,2026,105,8993,bs,KBO,홀짝,2,,SSG,두산,09.05(토) 17:00,"1.61,2.04",경기전
2026-09-05T00:45:11+00:00,2026,105,8994,bs,KBO,전반승무패,3,h(전반),SSG,두산,09.05(토) 17:00,"2.15,6.6,1.88",경기전
2026-09-05T00:45:11+00:00,2026,105,8995,bs,KBO,전반핸디캡,2,h H +1.5,SSG,두산,09.05(토) 17:00,"1.35,2.53",경기전
2026-09-05T00:45:11+00:00,2026,105,8996,bs,KBO,전반언더오버,2,h U 5.5,SSG,두산,09.05(토) 17:00,"1.82,1.7",경기전
2026-09-05T00:45:11+00:00,2026,105,8997,bs,KBO,승패,2,,KIA,KT,09.05(토) 17:00,"1.87,1.66",경기전
2026-09-05T00:45:11+00:00,2026,105,8998,bs,KBO,승①패,3,승①패,KIA,KT,09.05(토) 17:00,"2.7,3.35,2.08",경기전
2026-09-05T00:45:11+00:00,2026,105,8999,bs,KBO,핸디캡,2,H +2.5,KIA,KT,09.05(토) 17:00,"1.3,2.72",경기전
2026-09-05T00:45:11+00:00,2026,105,9000,bs,KBO,언더오버,2,U 9.5,KIA,KT,09.05(토) 17:00,"1.72,1.8",경기전
2026-09-05T00:45:11+00:00,2026,105,9001,bs,KBO,홀짝,2,,KIA,KT,09.05(토) 17:00,"1.61,2.04",경기전
2026-09-05T00:45:11+00:00,2026,105,9002,bs,KBO,전반승무패,3,h(전반),KIA,KT,09.05(토) 17:00,"2.15,6.3,1.9",경기전
2026-09-05T00:45:11+00:00,2026,105,9003,bs,KBO,전반핸디캡,2,h H +1.5,KIA,KT,09.05(토) 17:00,"1.34,2.56",경기전
2026-09-05T00:45:11+00:00,2026,105,9004,bs,KBO,전반언더오버,2,h U 5.5,KIA,KT,09.05(토) 17:00,"1.64,1.9",경기전
2026-09-05T00:45:11+00:00,2026,105,9005,bs,KBO,승패,2,,키움,NC,09.05(토) 17:00,"2.15,1.49",경기전
2026-09-05T00:45:11+00:00,2026,105,9006,bs,KBO,승①패,3,승①패,키움,NC,09.05(토) 17:00,"3.2,3.4,1.84",경기전
2026-09-05T00:45:11+00:00,2026,105,9007,bs,KBO,핸디캡,2,H +2.5,키움,NC,09.05(토) 17:00,"1.41,2.34",경기전
2026-09-05T00:45:11+00:00,2026,105,9008,bs,KBO,언더오버,2,U 9.5,키움,NC,09.05(토) 17:00,"1.72,1.8",경기전
2026-09-05T00:45:11+00:00,2026,105,9009,bs,KBO,홀짝,2,,키움,NC,09.05(토) 17:00,"1.62,2.03",경기전
2026-09-05T00:45:11+00:00,2026,105,9010,bs,KBO,전반승무패,3,h(전반),키움,NC,09.05(토) 17:00,"2.45,6.4,1.71",경기전
2026-09-05T00:45:11+00:00,2026,105,9011,bs,KBO,전반핸디캡,2,h H +1.5,키움,NC,09.05(토) 17:00,"1.43,2.29",경기전
2026-09-05T00:45:11+00:00,2026,105,9012,bs,KBO,전반언더오버,2,h U 5.5,키움,NC,09.05(토) 17:00,"1.64,1.9",경기전
2026-09-05T00:45:11+00:00,2026,105,9013,bs,NPB,승패,2,,야쿠르트,주니치,09.05(토) 18:00,"1.91,1.63",경기전
2026-09-05T00:45:11+00:00,2026,105,9014,bs,NPB,승①패,3,승①패,야쿠르트,주니치,09.05(토) 18:00,"3.05,2.8,2.15",경기전
2026-09-05T00:45:11+00:00,2026,105,9015,bs,NPB,핸디캡,2,H +2.5,야쿠르트,주니치,09.05(토) 18:00,"1.26,2.92",경기전
2026-09-05T00:45:11+00:00,2026,105,9016,bs,NPB,언더오버,2,U 7.5,야쿠르트,주니치,09.05(토) 18:00,"1.62,1.93",경기전
2026-09-05T00:45:11+00:00,2026,105,9017,bs,NPB,홀짝,2,,야쿠르트,주니치,09.05(토) 18:00,"1.64,1.99",경기전
2026-09-05T00:45:11+00:00,2026,105,9018,bs,NPB,승패,2,,한신,요코베이,09.05(토) 18:00,"1.44,2.26",경기전
2026-09-05T00:45:11+00:00,2026,105,9019,bs,NPB,승①패,3,승①패,한신,요코베이,09.05(토) 18:00,"2.19,2.6,3.25",경기전
2026-09-05T00:45:11+00:00,2026,105,9020,bs,NPB,핸디캡,2,H -2.5,한신,요코베이,09.05(토) 18:00,"3.03,1.24",경기전
2026-09-05T00:45:11+00:00,2026,105,9021,bs,NPB,언더오버,2,U 5.5,한신,요코베이,09.05(토) 18:00,"1.75,1.77",경기전
2026-09-05T00:45:11+00:00,2026,105,9022,bs,NPB,홀짝,2,,한신,요코베이,09.05(토) 18:00,"1.65,1.98",경기전
2026-09-05T00:45:11+00:00,2026,105,9023,bs,NPB,승패,2,,히로카프,요미우리,09.05(토) 18:00,"1.68,1.85",경기전
2026-09-05T00:45:11+00:00,2026,105,9024,bs,NPB,승①패,3,승①패,히로카프,요미우리,09.05(토) 18:00,"2.6,2.7,2.54",경기전
2026-09-05T00:45:11+00:00,2026,105,9025,bs,NPB,핸디캡,2,H -2.5,히로카프,요미우리,09.05(토) 18:00,"3.65,1.16",경기전
2026-09-05T00:45:11+00:00,2026,105,9026,bs,NPB,언더오버,2,U 6.5,히로카프,요미우리,09.05(토) 18:00,"1.71,1.81",경기전
2026-09-05T00:45:11+00:00,2026,105,9027,bs,NPB,홀짝,2,,히로카프,요미우리,09.05(토) 18:00,"1.64,1.99",경기전
2026-09-05T00:45:11+00:00,2026,105,9028,bs,NPB,승패,2,,라쿠텐,닛폰햄,09.05(토) 18:00,"2.02,1.56",경기전
2026-09-05T00:45:11+00:00,2026,105,9029,bs,NPB,승①패,3,승①패,라쿠텐,닛폰햄,09.05(토) 18:00,"3.35,2.75,2.05",경기전
2026-09-05T00:45:11+00:00,2026,105,9030,bs,NPB,핸디캡,2,H +2.5,라쿠텐,닛폰햄,09.05(토) 18:00,"1.28,2.82",경기전
2026-09-05T00:45:11+00:00,2026,105,9031,bs,NPB,언더오버,2,U 6.5,라쿠텐,닛폰햄,09.05(토) 18:00,"1.77,1.75",경기전
2026-09-05T00:45:11+00:00,2026,105,9032,bs,NPB,홀짝,2,,라쿠텐,닛폰햄,09.05(토) 18:00,"1.64,1.99",경기전
2026-09-05T00:45:11+00:00,2026,105,9033,sc,J2리그,승무패,3,,후지에다,하치노헤,09.05(토) 18:30,"2.1,2.95,3.0",경기전
2026-09-05T00:45:11+00:00,2026,105,9034,sc,J2리그,핸디캡,3,H -1.0,후지에다,하치노헤,09.05(토) 18:30,"4.4,3.45,1.58",경기전
2026-09-05T00:45:11+00:00,2026,105,9035,sc,J2리그,언더오버,2,U 2.5,후지에다,하치노헤,09.05(토) 18:30,"1.57,2.0",경기전
2026-09-05T00:45:11+00:00,2026,105,9036,sc,J2리그,홀짝,2,,후지에다,하치노헤,09.05(토) 18:30,"1.81,1.79",경기전
2026-09-05T00:45:11+00:00,2026,105,9037,bk,여농월드,승패,2,,말리W,스페인W,09.05(토) 18:30,"1.0,1.0",경기전
2026-09-05T00:45:11+00:00,2026,105,9038,bk,여농월드,핸디캡,2,H +23.5,말리W,스페인W,09.05(토) 18:30,"1.71,1.81",경기전
2026-09-05T00:45:11+00:00,2026,105,9039,bk,여농월드,언더오버,2,U 144.5,말리W,스페인W,09.05(토) 18:30,"1.76,1.76",경기전
2026-09-05T00:45:11+00:00,2026,105,9040,bk,여농월드,홀짝,2,,말리W,스페인W,09.05(토) 18:30,"1.8,1.8",경기전
2026-09-05T00:45:11+00:00,2026,105,9041,sc,J1리그,승무패,3,,후쿠오카,미토홀리,09.05(토) 19:00,"1.9,3.05,3.4",경기전
2026-09-05T00:45:11+00:00,2026,105,9042,sc,J1리그,핸디캡,3,H -1.0,후쿠오카,미토홀리,09.05(토) 19:00,"3.75,3.35,1.71",경기전
2026-09-05T00:45:11+00:00,2026,105,9043,sc,J1리그,언더오버,2,U 2.5,후쿠오카,미토홀리,09.05(토) 19:00,"1.6,1.96",경기전
2026-09-05T00:45:11+00:00,2026,105,9044,sc,J1리그,홀짝,2,,후쿠오카,미토홀리,09.05(토) 19:00,"1.81,1.79",경기전
2026-09-05T00:45:11+00:00,2026,105,9045,sc,J2리그,승무패,3,,야마가타,V고후,09.05(토) 19:00,"1.88,3.1,3.4",경기전
2026-09-05T00:45:11+00:00,2026,105,9046,sc,J2리그,핸디캡,3,H -1.0,야마가타,V고후,09.05(토) 19:00,"3.65,3.35,1.73",경기전
2026-09-05T00:45:11+00:00,2026,105,9047,sc,J2리그,언더오버,2,U 2.5,야마가타,V고후,09.05(토) 19:00,"1.66,1.87",경기전
2026-09-05T00:45:11+00:00,2026,105,9048,sc,J2리그,홀짝,2,,야마가타,V고후,09.05(토) 19:00,"1.81,1.79",경기전
2026-09-05T00:45:11+00:00,2026,105,9049,sc,J2리그,승무패,3,,쇼난벨마,V센다이,09.05(토) 19:00,"2.7,2.9,2.3",경기전
2026-09-05T00:45:11+00:00,2026,105,9050,sc,J2리그,핸디캡,3,H +1.0,쇼난벨마,V센다이,09.05(토) 19:00,"1.48,3.65,5.0",경기전
2026-09-05T00:45:11+00:00,2026,105,9051,sc,J2리그,언더오버,2,U 2.5,쇼난벨마,V센다이,09.05(토) 19:00,"1.55,2.04",경기전
2026-09-05T00:45:11+00:00,2026,105,9052,sc,J2리그,홀짝,2,,쇼난벨마,V센다이,09.05(토) 19:00,"1.81,1.79",경기전
2026-09-05T00:45:11+00:00,2026,105,9053,sc,J2리그,승무패,3,,도쿠시마,이와키,09.05(토) 19:00,"2.2,2.9,2.85",경기전
2026-09-05T00:45:11+00:00,2026,105,9054,sc,J2리그,핸디캡,3,H -1.0,도쿠시마,이와키,09.05(토) 19:00,"4.65,3.55,1.53",경기전
2026-09-05T00:45:11+00:00,2026,105,9055,sc,J2리그,언더오버,2,U 2.5,도쿠시마,이와키,09.05(토) 19:00,"1.53,2.07",경기전
2026-09-05T00:45:11+00:00,2026,105,9056,sc,J2리그,홀짝,2,,도쿠시마,이와키,09.05(토) 19:00,"1.82,1.78",경기전
2026-09-05T00:45:11+00:00,2026,105,9057,sc,J2리그,승무패,3,,사간도스,미야자키,09.05(토) 19:00,"2.21,2.95,2.8",경기전
2026-09-05T00:45:11+00:00,2026,105,9058,sc,J2리그,핸디캡,3,H -1.0,사간도스,미야자키,09.05(토) 19:00,"4.75,3.55,1.52",경기전
2026-09-05T00:45:11+00:00,2026,105,9059,sc,J2리그,언더오버,2,U 2.5,사간도스,미야자키,09.05(토) 19:00,"1.56,2.02",경기전
2026-09-05T00:45:11+00:00,2026,105,9060,sc,J2리그,홀짝,2,,사간도스,미야자키,09.05(토) 19:00,"1.81,1.79",경기전
2026-09-05T00:45:11+00:00,2026,105,9061,sc,K리그1,승무패,3,,부천FC,대전하나,09.05(토) 19:00,"3.75,3.25,1.82",경기전
2026-09-05T00:45:11+00:00,2026,105,9062,sc,K리그1,핸디캡,3,H +1.0,부천FC,대전하나,09.05(토) 19:00,"1.85,3.35,3.35",경기전
2026-09-05T00:45:11+00:00,2026,105,9063,sc,K리그1,핸디캡,3,H +2.0,부천FC,대전하나,09.05(토) 19:00,"1.24,5.2,7.3",경기전
2026-09-05T00:45:11+00:00,2026,105,9064,sc,K리그1,언더오버,2,U 2.5,부천FC,대전하나,09.05(토) 19:00,"1.74,1.82",경기전
2026-09-05T00:45:11+00:00,2026,105,9065,sc,K리그1,홀짝,2,,부천FC,대전하나,09.05(토) 19:00,"1.81,1.79",경기전
2026-09-05T00:45:11+00:00,2026,105,9066,sc,K리그1,전반승무패,3,h(전반),부천FC,대전하나,09.05(토) 19:00,"4.4,1.98,2.4",경기전
2026-09-05T00:45:11+00:00,2026,105,9067,sc,K리그1,전반핸디캡,3,h H +1.0,부천FC,대전하나,09.05(토) 19:00,"1.41,3.45,6.7",경기전
2026-09-05T00:45:11+00:00,2026,105,9068,sc,K리그1,전반언더오버,2,h U 1.5,부천FC,대전하나,09.05(토) 19:00,"1.34,2.56",경기전
2026-09-05T00:45:11+00:00,2026,105,9069,sc,K리그1,승무패,3,,FC서울,인천유나,09.05(토) 19:00,"1.81,3.25,3.8",경기전
2026-09-05T00:45:11+00:00,2026,105,9070,sc,K리그1,핸디캡,3,H -1.0,FC서울,인천유나,09.05(토) 19:00,"3.35,3.3,1.87",경기전
2026-09-05T00:45:11+00:00,2026,105,9071,sc,K리그1,핸디캡,3,H -2.0,FC서울,인천유나,09.05(토) 19:00,"7.5,5.1,1.24",경기전
2026-09-05T00:45:11+00:00,2026,105,9072,sc,K리그1,언더오버,2,U 2.5,FC서울,인천유나,09.05(토) 19:00,"1.68,1.89",경기전
2026-09-05T00:45:11+00:00,2026,105,9073,sc,K리그1,홀짝,2,,FC서울,인천유나,09.05(토) 19:00,"1.81,1.79",경기전
2026-09-05T00:45:11+00:00,2026,105,9074,sc,K리그1,전반승무패,3,h(전반),FC서울,인천유나,09.05(토) 19:00,"2.4,1.96,4.5",경기전
2026-09-05T00:45:11+00:00,2026,105,9075,sc,K리그1,전반핸디캡,3,h H -1.0,FC서울,인천유나,09.05(토) 19:00,"6.7,3.45,1.41",경기전
2026-09-05T00:45:11+00:00,2026,105,9076,sc,K리그1,전반언더오버,2,h U 1.5,FC서울,인천유나,09.05(토) 19:00,"1.32,2.64",경기전
2026-09-05T00:45:11+00:00,2026,105,9077,sc,K리그1,승무패,3,,전북현대,포항스틸,09.05(토) 19:00,"1.78,3.25,3.95",경기전
2026-09-05T00:45:11+00:00,2026,105,9078,sc,K리그1,핸디캡,3,H -1.0,전북현대,포항스틸,09.05(토) 19:00,"3.3,3.3,1.89",경기전
2026-09-05T00:45:11+00:00,2026,105,9079,sc,K리그1,핸디캡,3,H -2.0,전북현대,포항스틸,09.05(토) 19:00,"7.3,5.2,1.24",경기전
2026-09-05T00:45:11+00:00,2026,105,9080,sc,K리그1,언더오버,2,U 2.5,전북현대,포항스틸,09.05(토) 19:00,"1.66,1.92",경기전
2026-09-05T00:45:11+00:00,2026,105,9081,sc,K리그1,홀짝,2,,전북현대,포항스틸,09.05(토) 19:00,"1.81,1.79",경기전
2026-09-05T00:45:11+00:00,2026,105,9082,sc,K리그1,전반승무패,3,h(전반),전북현대,포항스틸,09.05(토) 19:00,"2.35,1.96,4.7",경기전
2026-09-05T00:45:11+00:00,2026,105,9083,sc,K리그1,전반핸디캡,3,h H -1.0,전북현대,포항스틸,09.05(토) 19:00,"6.6,3.4,1.42",경기전
2026-09-05T00:45:11+00:00,2026,105,9084,sc,K리그1,전반언더오버,2,h U 1.5,전북현대,포항스틸,09.05(토) 19:00,"1.31,2.68",경기전
2026-09-05T00:45:11+00:00,2026,105,9085,sc,K리그1,승무패,3,,제주SKFC,울산HDFC,09.05(토) 19:00,"2.9,3.2,2.14",경기전
2026-09-05T00:45:11+00:00,2026,105,9086,sc,K리그1,핸디캡,3,H +1.0,제주SKFC,울산HDFC,09.05(토) 19:00,"1.6,3.7,4.15",경기전
2026-09-05T00:45:11+00:00,2026,105,9087,sc,K리그1,핸디캡,3,H +2.0,제주SKFC,울산HDFC,09.05(토) 19:00,"1.15,6.1,9.7",경기전
2026-09-05T00:45:11+00:00,2026,105,9088,sc,K리그1,언더오버,2,U 2.5,제주SKFC,울산HDFC,09.05(토) 19:00,"1.83,1.73",경기전
2026-09-05T00:45:11+00:00,2026,105,9089,sc,K리그1,홀짝,2,,제주SKFC,울산HDFC,09.05(토) 19:00,"1.81,1.79",경기전
2026-09-05T00:45:11+00:00,2026,105,9090,sc,K리그1,전반승무패,3,h(전반),제주SKFC,울산HDFC,09.05(토) 19:00,"3.5,2.0,2.75",경기전
2026-09-05T00:45:11+00:00,2026,105,9091,sc,K리그1,전반핸디캡,3,h H +1.0,제주SKFC,울산HDFC,09.05(토) 19:00,"1.32,3.8,7.8",경기전
2026-09-05T00:45:11+00:00,2026,105,9092,sc,K리그1,전반언더오버,2,h U 1.5,제주SKFC,울산HDFC,09.05(토) 19:00,"1.38,2.43",경기전
2026-09-05T00:45:11+00:00,2026,105,9093,sc,K리그2,승무패,3,,부산아이,안산그리,09.05(토) 19:00,"1.38,4.0,5.7",경기전
2026-09-05T00:45:11+00:00,2026,105,9094,sc,K리그2,핸디캡,3,H -1.0,부산아이,안산그리,09.05(토) 19:00,"2.17,3.3,2.6",경기전
2026-09-05T00:45:11+00:00,2026,105,9095,sc,K리그2,언더오버,2,U 2.5,부산아이,안산그리,09.05(토) 19:00,"2.13,1.5",경기전
2026-09-05T00:45:11+00:00,2026,105,9096,sc,K리그2,홀짝,2,,부산아이,안산그리,09.05(토) 19:00,"1.8,1.8",경기전
2026-09-05T00:45:11+00:00,2026,105,9097,sc,K리그2,승무패,3,,천안시티,화성FC,09.05(토) 19:00,"3.3,3.2,1.87",경기전
2026-09-05T00:45:11+00:00,2026,105,9098,sc,K리그2,핸디캡,3,H +1.0,천안시티,화성FC,09.05(토) 19:00,"1.73,3.45,3.55",경기전
2026-09-05T00:45:11+00:00,2026,105,9099,sc,K리그2,언더오버,2,U 2.5,천안시티,화성FC,09.05(토) 19:00,"1.77,1.75",경기전
2026-09-05T00:45:11+00:00,2026,105,9100,sc,K리그2,홀짝,2,,천안시티,화성FC,09.05(토) 19:00,"1.81,1.79",경기전
2026-09-05T00:45:11+00:00,2026,105,9101,sc,K리그2,승무패,3,,용인FC,수원FC,09.05(토) 19:00,"3.4,3.45,1.77",경기전
2026-09-05T00:45:11+00:00,2026,105,9102,sc,K리그2,핸디캡,3,H +1.0,용인FC,수원FC,09.05(토) 19:00,"1.83,3.5,3.15",경기전
2026-09-05T00:45:11+00:00,2026,105,9103,sc,K리그2,언더오버,2,U 2.5,용인FC,수원FC,09.05(토) 19:00,"2.05,1.54",경기전
2026-09-05T00:45:11+00:00,2026,105,9104,sc,K리그2,홀짝,2,,용인FC,수원FC,09.05(토) 19:00,"1.8,1.8",경기전
2026-09-05T00:45:11+00:00,2026,105,9105,sc,K리그2,승무패,3,,김해FC,전남드래,09.05(토) 19:00,"2.75,3.15,2.14",경기전
2026-09-05T00:45:11+00:00,2026,105,9106,sc,K리그2,핸디캡,3,H +1.0,김해FC,전남드래,09.05(토) 19:00,"1.56,3.65,4.25",경기전
2026-09-05T00:45:11+00:00,2026,105,9107,sc,K리그2,언더오버,2,U 2.5,김해FC,전남드래,09.05(토) 19:00,"1.79,1.73",경기전
2026-09-05T00:45:11+00:00,2026,105,9108,sc,K리그2,홀짝,2,,김해FC,전남드래,09.05(토) 19:00,"1.81,1.79",경기전
2026-09-05T00:45:11+00:00,2026,105,9109,sc,EFL챔,승무패,3,,링컨시티,사우샘프,09.05(토) 20:30,"3.6,3.35,1.74",경기전
2026-09-05T00:45:11+00:00,2026,105,9110,sc,EFL챔,핸디캡,3,H +1.0,링컨시티,사우샘프,09.05(토) 20:30,"1.86,3.4,3.15",경기전
2026-09-05T00:45:11+00:00,2026,105,9111,sc,EFL챔,언더오버,2,U 2.5,링컨시티,사우샘프,09.05(토) 20:30,"1.91,1.63",경기전
2026-09-05T00:45:11+00:00,2026,105,9112,sc,EFL챔,홀짝,2,,링컨시티,사우샘프,09.05(토) 20:30,"1.81,1.79",경기전
2026-09-05T00:45:11+00:00,2026,105,9113,sc,EFL챔,승무패,3,,프레스턴,블랙번R,09.05(토) 20:30,"2.29,3.05,2.6",경기전
2026-09-05T00:45:11+00:00,2026,105,9114,sc,EFL챔,핸디캡,3,H -1.0,프레스턴,블랙번R,09.05(토) 20:30,"4.85,3.75,1.48",경기전
2026-09-05T00:45:11+00:00,2026,105,9115,sc,EFL챔,언더오버,2,U 2.5,프레스턴,블랙번R,09.05(토) 20:30,"1.67,1.86",경기전
2026-09-05T00:45:11+00:00,2026,105,9116,sc,EFL챔,홀짝,2,,프레스턴,블랙번R,09.05(토) 20:30,"1.81,1.79",경기전
2026-09-05T00:45:11+00:00,2026,105,9117,sc,EFL챔,승무패,3,,스토크C,찰턴A,09.05(토) 20:30,"1.95,3.05,3.25",경기전
2026-09-05T00:45:11+00:00,2026,105,9118,sc,EFL챔,핸디캡,3,H -1.0,스토크C,찰턴A,09.05(토) 20:30,"3.9,3.4,1.67",경기전
2026-09-05T00:45:11+00:00,2026,105,9119,sc,EFL챔,언더오버,2,U 2.5,스토크C,찰턴A,09.05(토) 20:30,"1.62,1.93",경기전
2026-09-05T00:45:11+00:00,2026,105,9120,sc,EFL챔,홀짝,2,,스토크C,찰턴A,09.05(토) 20:30,"1.81,1.79",경기전
2026-09-05T00:45:11+00:00,2026,105,9121,sc,EPL,승무패,3,,뉴캐슬U,본머스,09.05(토) 20:30,"2.06,3.55,2.8",경기전
2026-09-05T00:45:11+00:00,2026,105,9122,sc,EPL,핸디캡,3,H -1.0,뉴캐슬U,본머스,09.05(토) 20:30,"3.7,3.85,1.65",경기전
2026-09-05T00:45:11+00:00,2026,105,9123,sc,EPL,핸디캡,3,H -2.0,뉴캐슬U,본머스,09.05(토) 20:30,"7.9,5.9,1.19",경기전
2026-09-05T00:45:11+00:00,2026,105,9124,sc,EPL,언더오버,2,U 3.5,뉴캐슬U,본머스,09.05(토) 20:30,"1.51,2.17",경기전
2026-09-05T00:45:11+00:00,2026,105,9125,sc,EPL,홀짝,2,,뉴캐슬U,본머스,09.05(토) 20:30,"1.8,1.8",경기전
2026-09-05T00:45:11+00:00,2026,105,9126,bk,여농월드,승패,2,,나이지W,헝가리W,09.05(토) 21:15,"1.55,2.04",경기전
2026-09-05T00:45:11+00:00,2026,105,9127,bk,여농월드,핸디캡,2,H -2.5,나이지W,헝가리W,09.05(토) 21:15,"1.76,1.76",경기전
2026-09-05T00:45:11+00:00,2026,105,9128,bk,여농월드,언더오버,2,U 143.5,나이지W,헝가리W,09.05(토) 21:15,"1.76,1.76",경기전
2026-09-05T00:45:11+00:00,2026,105,9129,bk,여농월드,홀짝,2,,나이지W,헝가리W,09.05(토) 21:15,"1.8,1.8",경기전
2026-09-05T00:45:11+00:00,2026,105,9130,sc,세리에A,승무패,3,,피오렌티,토리노,09.05(토) 22:00,"1.77,3.1,3.8",경기전
2026-09-05T00:45:11+00:00,2026,105,9131,sc,세리에A,핸디캡,3,H -1.0,피오렌티,토리노,09.05(토) 22:00,"3.4,3.25,1.83",경기전
2026-09-05T00:45:11+00:00,2026,105,9132,sc,세리에A,언더오버,2,U 2.5,피오렌티,토리노,09.05(토) 22:00,"1.6,1.96",경기전
2026-09-05T00:45:11+00:00,2026,105,9133,sc,세리에A,홀짝,2,,피오렌티,토리노,09.05(토) 22:00,"1.81,1.79",경기전
2026-09-05T00:45:11+00:00,2026,105,9134,sc,분데스리,승무패,3,,호펜하임,도르트문,09.05(토) 22:30,"2.65,3.65,2.06",경기전
2026-09-05T00:45:11+00:00,2026,105,9135,sc,분데스리,핸디캡,3,H +1.0,호펜하임,도르트문,09.05(토) 22:30,"1.61,3.95,3.65",경기전
2026-09-05T00:45:11+00:00,2026,105,9136,sc,분데스리,핸디캡,3,H +2.0,호펜하임,도르트문,09.05(토) 22:30,"1.18,5.9,7.5",경기전
2026-09-05T00:45:11+00:00,2026,105,9137,sc,분데스리,언더오버,2,U 3.5,호펜하임,도르트문,09.05(토) 22:30,"1.63,1.96",경기전
2026-09-05T00:45:11+00:00,2026,105,9138,sc,분데스리,홀짝,2,,호펜하임,도르트문,09.05(토) 22:30,"1.8,1.8",경기전
2026-09-05T00:45:11+00:00,2026,105,9139,sc,분데스리,승무패,3,,레버쿠젠,U베를린,09.05(토) 22:30,"1.36,4.35,5.8",경기전
2026-09-05T00:45:11+00:00,2026,105,9140,sc,분데스리,핸디캡,3,H -1.0,레버쿠젠,U베를린,09.05(토) 22:30,"2.01,3.55,2.7",경기전
2026-09-05T00:45:11+00:00,2026,105,9141,sc,분데스리,핸디캡,3,H -2.0,레버쿠젠,U베를린,09.05(토) 22:30,"3.3,4.05,1.67",경기전
2026-09-05T00:45:11+00:00,2026,105,9142,sc,분데스리,언더오버,2,U 3.5,레버쿠젠,U베를린,09.05(토) 22:30,"1.65,1.93",경기전
2026-09-05T00:45:11+00:00,2026,105,9143,sc,분데스리,홀짝,2,,레버쿠젠,U베를린,09.05(토) 22:30,"1.8,1.8",경기전
2026-09-05T00:45:11+00:00,2026,105,9144,sc,분데스리,승무패,3,,묀헨글라,엘버스베,09.05(토) 22:30,"1.77,3.55,3.45",경기전
2026-09-05T00:45:11+00:00,2026,105,9145,sc,분데스리,핸디캡,3,H -1.0,묀헨글라,엘버스베,09.05(토) 22:30,"3.0,3.55,1.87",경기전
2026-09-05T00:45:11+00:00,2026,105,9146,sc,분데스리,핸디캡,3,H -2.0,묀헨글라,엘버스베,09.05(토) 22:30,"6.0,5.1,1.27",경기전
2026-09-05T00:45:11+00:00,2026,105,9147,sc,분데스리,언더오버,2,U 2.5,묀헨글라,엘버스베,09.05(토) 22:30,"2.23,1.48",경기전
2026-09-05T00:45:11+00:00,2026,105,9148,sc,분데스리,홀짝,2,,묀헨글라,엘버스베,09.05(토) 22:30,"1.8,1.8",경기전
2026-09-05T00:45:11+00:00,2026,105,9149,sc,분데스리,승무패,3,,브레멘,라이프치,09.05(토) 22:30,"3.6,3.75,1.69",경기전
2026-09-05T00:45:11+00:00,2026,105,9150,sc,분데스리,핸디캡,3,H +1.0,브레멘,라이프치,09.05(토) 22:30,"1.97,3.6,2.75",경기전
2026-09-05T00:45:11+00:00,2026,105,9151,sc,분데스리,핸디캡,3,H +2.0,브레멘,라이프치,09.05(토) 22:30,"1.33,4.85,5.2",경기전
2026-09-05T00:45:11+00:00,2026,105,9152,sc,분데스리,언더오버,2,U 3.5,브레멘,라이프치,09.05(토) 22:30,"1.61,1.99",경기전
2026-09-05T00:45:11+00:00,2026,105,9153,sc,분데스리,홀짝,2,,브레멘,라이프치,09.05(토) 22:30,"1.8,1.8",경기전
2026-09-05T00:45:11+00:00,2026,105,9154,sc,분데스리,승무패,3,,파더보른,프라이부,09.05(토) 22:30,"3.1,3.4,1.92",경기전
2026-09-05T00:45:11+00:00,2026,105,9155,sc,분데스리,핸디캡,3,H +1.0,파더보른,프라이부,09.05(토) 22:30,"1.71,3.6,3.5",경기전
2026-09-05T00:45:11+00:00,2026,105,9156,sc,분데스리,핸디캡,3,H +2.0,파더보른,프라이부,09.05(토) 22:30,"1.2,5.5,7.5",경기전
2026-09-05T00:45:11+00:00,2026,105,9157,sc,분데스리,언더오버,2,U 2.5,파더보른,프라이부,09.05(토) 22:30,"2.11,1.54",경기전
2026-09-05T00:45:11+00:00,2026,105,9158,sc,분데스리,홀짝,2,,파더보른,프라이부,09.05(토) 22:30,"1.8,1.8",경기전
2026-09-05T00:45:11+00:00,2026,105,9159,sc,EFL챔,승무패,3,,번리,브리스C,09.05(토) 23:00,"1.74,3.3,3.7",경기전
2026-09-05T00:45:11+00:00,2026,105,9160,sc,EFL챔,핸디캡,3,H -1.0,번리,브리스C,09.05(토) 23:00,"3.15,3.35,1.87",경기전
2026-09-05T00:45:11+00:00,2026,105,9161,sc,EFL챔,언더오버,2,U 2.5,번리,브리스C,09.05(토) 23:00,"1.82,1.7",경기전
2026-09-05T00:45:11+00:00,2026,105,9162,sc,EFL챔,홀짝,2,,번리,브리스C,09.05(토) 23:00,"1.81,1.79",경기전
2026-09-05T00:45:11+00:00,2026,105,9163,sc,EFL챔,승무패,3,,밀월,볼턴W,09.05(토) 23:00,"1.77,3.15,3.75",경기전
2026-09-05T00:45:11+00:00,2026,105,9164,sc,EFL챔,핸디캡,3,H -1.0,밀월,볼턴W,09.05(토) 23:00,"3.35,3.25,1.84",경기전
2026-09-05T00:45:11+00:00,2026,105,9165,sc,EFL챔,언더오버,2,U 2.5,밀월,볼턴W,09.05(토) 23:00,"1.67,1.86",경기전
2026-09-05T00:45:11+00:00,2026,105,9166,sc,EFL챔,홀짝,2,,밀월,볼턴W,09.05(토) 23:00,"1.81,1.79",경기전
2026-09-05T00:45:11+00:00,2026,105,9167,sc,EFL챔,승무패,3,,포츠머스,카디프C,09.05(토) 23:00,"2.21,3.2,2.6",경기전
2026-09-05T00:45:11+00:00,2026,105,9168,sc,EFL챔,핸디캡,3,H -1.0,포츠머스,카디프C,09.05(토) 23:00,"4.4,3.8,1.52",경기전
2026-09-05T00:45:11+00:00,2026,105,9169,sc,EFL챔,언더오버,2,U 2.5,포츠머스,카디프C,09.05(토) 23:00,"1.9,1.64",경기전
2026-09-05T00:45:11+00:00,2026,105,9170,sc,EFL챔,홀짝,2,,포츠머스,카디프C,09.05(토) 23:00,"1.81,1.79",경기전
2026-09-05T00:45:11+00:00,2026,105,9171,sc,EFL챔,승무패,3,,퀸즈파크,미들즈브,09.05(토) 23:00,"2.9,3.2,2.03",경기전
2026-09-05T00:45:11+00:00,2026,105,9172,sc,EFL챔,핸디캡,3,H +1.0,퀸즈파크,미들즈브,09.05(토) 23:00,"1.62,3.6,3.95",경기전
2026-09-05T00:45:11+00:00,2026,105,9173,sc,EFL챔,언더오버,2,U 2.5,퀸즈파크,미들즈브,09.05(토) 23:00,"1.86,1.67",경기전
2026-09-05T00:45:11+00:00,2026,105,9174,sc,EFL챔,홀짝,2,,퀸즈파크,미들즈브,09.05(토) 23:00,"1.81,1.79",경기전
2026-09-05T00:45:11+00:00,2026,105,9175,sc,EFL챔,승무패,3,,셰필드U,노리치C,09.05(토) 23:00,"2.36,3.15,2.45",경기전
2026-09-05T00:45:11+00:00,2026,105,9176,sc,EFL챔,핸디캡,3,H -1.0,셰필드U,노리치C,09.05(토) 23:00,"4.9,3.9,1.45",경기전
2026-09-05T00:45:11+00:00,2026,105,9177,sc,EFL챔,언더오버,2,U 2.5,셰필드U,노리치C,09.05(토) 23:00,"1.84,1.69",경기전
2026-09-05T00:45:11+00:00,2026,105,9178,sc,EFL챔,홀짝,2,,셰필드U,노리치C,09.05(토) 23:00,"1.81,1.79",경기전
2026-09-05T00:45:11+00:00,2026,105,9179,sc,EFL챔,승무패,3,,웨스브로,왓포드,09.05(토) 23:00,"1.75,3.25,3.7",경기전
2026-09-05T00:45:11+00:00,2026,105,9180,sc,EFL챔,핸디캡,3,H -1.0,웨스브로,왓포드,09.05(토) 23:00,"3.25,3.3,1.86",경기전
2026-09-05T00:45:11+00:00,2026,105,9181,sc,EFL챔,언더오버,2,U 2.5,웨스브로,왓포드,09.05(토) 23:00,"1.76,1.76",경기전
2026-09-05T00:45:11+00:00,2026,105,9182,sc,EFL챔,홀짝,2,,웨스브로,왓포드,09.05(토) 23:00,"1.81,1.79",경기전
2026-09-05T00:45:11+00:00,2026,105,9183,sc,EFL챔,승무패,3,,웨스트햄,더비카운,09.05(토) 23:00,"1.3,4.1,7.3",경기전
2026-09-05T00:45:11+00:00,2026,105,9184,sc,EFL챔,핸디캡,3,H -1.0,웨스트햄,더비카운,09.05(토) 23:00,"2.01,3.2,2.95",경기전
2026-09-05T00:45:11+00:00,2026,105,9185,sc,EFL챔,핸디캡,3,H -2.0,웨스트햄,더비카운,09.05(토) 23:00,"3.55,3.75,1.66",경기전
2026-09-05T00:45:11+00:00,2026,105,9186,sc,EFL챔,핸디캡,2,H -3.5,웨스트햄,더비카운,09.05(토) 23:00,"6.84,1.01",경기전
2026-09-05T00:45:11+00:00,2026,105,9187,sc,EFL챔,언더오버,2,U 2.5,웨스트햄,더비카운,09.05(토) 23:00,"1.91,1.63",경기전
2026-09-05T00:45:11+00:00,2026,105,9188,sc,EFL챔,홀짝,2,,웨스트햄,더비카운,09.05(토) 23:00,"1.81,1.79",경기전
2026-09-05T00:45:11+00:00,2026,105,9189,sc,EPL,승무패,3,,브렌트퍼,선덜랜드,09.05(토) 23:00,"1.57,3.6,4.8",경기전
2026-09-05T00:45:11+00:00,2026,105,9190,sc,EPL,핸디캡,3,H -1.0,브렌트퍼,선덜랜드,09.05(토) 23:00,"2.65,3.25,2.22",경기전
2026-09-05T00:45:11+00:00,2026,105,9191,sc,EPL,핸디캡,3,H -2.0,브렌트퍼,선덜랜드,09.05(토) 23:00,"5.2,4.45,1.39",경기전
2026-09-05T00:45:11+00:00,2026,105,9192,sc,EPL,언더오버,2,U 2.5,브렌트퍼,선덜랜드,09.05(토) 23:00,"1.89,1.68",경기전
2026-09-05T00:45:11+00:00,2026,105,9193,sc,EPL,홀짝,2,,브렌트퍼,선덜랜드,09.05(토) 23:00,"1.81,1.79",경기전
2026-09-05T00:45:11+00:00,2026,105,9194,sc,EPL,승무패,3,,브라이턴,리즈U,09.05(토) 23:00,"1.9,3.3,3.4",경기전
2026-09-05T00:45:11+00:00,2026,105,9195,sc,EPL,핸디캡,3,H -1.0,브라이턴,리즈U,09.05(토) 23:00,"3.55,3.45,1.77",경기전
2026-09-05T00:45:11+00:00,2026,105,9196,sc,EPL,핸디캡,3,H -2.0,브라이턴,리즈U,09.05(토) 23:00,"7.8,5.5,1.21",경기전
2026-09-05T00:45:11+00:00,2026,105,9197,sc,EPL,언더오버,2,U 2.5,브라이턴,리즈U,09.05(토) 23:00,"1.8,1.76",경기전
2026-09-05T00:45:11+00:00,2026,105,9198,sc,EPL,홀짝,2,,브라이턴,리즈U,09.05(토) 23:00,"1.81,1.79",경기전
2026-09-05T00:45:11+00:00,2026,105,9199,sc,EPL,승무패,3,,풀럼,크리스털,09.05(토) 23:00,"2.17,3.2,2.85",경기전
2026-09-05T00:45:11+00:00,2026,105,9200,sc,EPL,핸디캡,3,H -1.0,풀럼,크리스털,09.05(토) 23:00,"4.3,3.7,1.58",경기전
2026-09-05T00:45:11+00:00,2026,105,9201,sc,EPL,핸디캡,3,H -2.0,풀럼,크리스털,09.05(토) 23:00,"10.0,6.3,1.14",경기전
2026-09-05T00:45:11+00:00,2026,105,9202,sc,EPL,언더오버,2,U 2.5,풀럼,크리스털,09.05(토) 23:00,"1.8,1.76",경기전
2026-09-05T00:45:11+00:00,2026,105,9203,sc,EPL,홀짝,2,,풀럼,크리스털,09.05(토) 23:00,"1.81,1.79",경기전
2026-09-05T00:45:11+00:00,2026,105,9204,sc,EPL,승무패,3,,맨체스C,코번트리,09.05(토) 23:00,"1.11,6.9,13.0",경기전
2026-09-05T00:45:11+00:00,2026,105,9205,sc,EPL,핸디캡,3,H -1.0,맨체스C,코번트리,09.05(토) 23:00,"1.4,4.6,4.9",경기전
2026-09-05T00:45:11+00:00,2026,105,9206,sc,EPL,핸디캡,3,H -2.0,맨체스C,코번트리,09.05(토) 23:00,"2.06,3.85,2.55",경기전
2026-09-05T00:45:11+00:00,2026,105,9207,sc,EPL,핸디캡,2,H -3.5,맨체스C,코번트리,09.05(토) 23:00,"3.09,1.23",경기전
2026-09-05T00:45:11+00:00,2026,105,9208,sc,EPL,언더오버,2,U 3.5,맨체스C,코번트리,09.05(토) 23:00,"1.84,1.72",경기전
2026-09-05T00:45:11+00:00,2026,105,9209,sc,EPL,홀짝,2,,맨체스C,코번트리,09.05(토) 23:00,"1.8,1.8",경기전
2026-09-05T00:45:11+00:00,2026,105,9210,sc,EPL,승무패,3,,노팅엄F,토트넘,09.05(토) 23:00,"2.34,3.2,2.6",경기전
2026-09-05T00:45:11+00:00,2026,105,9211,sc,EPL,핸디캡,3,H -1.0,노팅엄F,토트넘,09.05(토) 23:00,"4.75,3.85,1.5",경기전
2026-09-05T00:45:11+00:00,2026,105,9212,sc,EPL,핸디캡,3,H -2.0,노팅엄F,토트넘,09.05(토) 23:00,"12.0,7.0,1.1",경기전
2026-09-05T00:45:11+00:00,2026,105,9213,sc,EPL,언더오버,2,U 2.5,노팅엄F,토트넘,09.05(토) 23:00,"1.79,1.77",경기전
2026-09-05T00:45:11+00:00,2026,105,9214,sc,EPL,홀짝,2,,노팅엄F,토트넘,09.05(토) 23:00,"1.81,1.79",경기전
2026-09-05T00:45:11+00:00,2026,105,9215,sc,라리가,승무패,3,,A빌바오,AT마드,09.05(토) 23:15,"2.7,3.15,2.23",경기전
2026-09-05T00:45:11+00:00,2026,105,9216,sc,라리가,핸디캡,3,H +1.0,A빌바오,AT마드,09.05(토) 23:15,"1.53,3.65,4.5",경기전
2026-09-05T00:45:11+00:00,2026,105,9217,sc,라리가,언더오버,2,U 2.5,A빌바오,AT마드,09.05(토) 23:15,"1.78,1.78",경기전
2026-09-05T00:45:11+00:00,2026,105,9218,sc,라리가,홀짝,2,,A빌바오,AT마드,09.05(토) 23:15,"1.81,1.79",경기전
2026-09-05T00:45:11+00:00,2026,105,9219,sc,에레디비,승무패,3,,네이메헌,페예노르,09.05(토) 23:30,"2.55,3.7,2.05",경기전
2026-09-05T00:45:11+00:00,2026,105,9220,sc,에레디비,핸디캡,3,H +1.0,네이메헌,페예노르,09.05(토) 23:30,"1.57,4.25,3.6",경기전
2026-09-05T00:45:11+00:00,2026,105,9221,sc,에레디비,언더오버,2,U 3.5,네이메헌,페예노르,09.05(토) 23:30,"1.79,1.73",경기전
2026-09-05T00:45:11+00:00,2026,105,9222,sc,에레디비,홀짝,2,,네이메헌,페예노르,09.05(토) 23:30,"1.8,1.8",경기전
2026-09-05T00:45:11+00:00,2026,105,9223,sc,프리그1,승무패,3,,RC랑스,로리앙,09.06(일) 00:15,"1.42,3.85,5.4",경기전
2026-09-05T00:45:11+00:00,2026,105,9224,sc,프리그1,핸디캡,3,H -1.0,RC랑스,로리앙,09.06(일) 00:15,"2.28,3.3,2.45",경기전
2026-09-05T00:45:11+00:00,2026,105,9225,sc,프리그1,언더오버,2,U 2.5,RC랑스,로리앙,09.06(일) 00:15,"2.05,1.54",경기전
2026-09-05T00:45:11+00:00,2026,105,9226,sc,프리그1,홀짝,2,,RC랑스,로리앙,09.06(일) 00:15,"1.8,1.8",경기전
2026-09-05T00:45:11+00:00,2026,105,9227,sc,세리에A,승무패,3,,인테르,나폴리,09.06(일) 01:00,"1.55,3.4,4.75",경기전
2026-09-05T00:45:11+00:00,2026,105,9228,sc,세리에A,핸디캡,3,H -1.0,인테르,나폴리,09.06(일) 01:00,"2.7,3.15,2.17",경기전
2026-09-05T00:45:11+00:00,2026,105,9229,sc,세리에A,언더오버,2,U 2.5,인테르,나폴리,09.06(일) 01:00,"1.71,1.81",경기전
2026-09-05T00:45:11+00:00,2026,105,9230,sc,세리에A,홀짝,2,,인테르,나폴리,09.06(일) 01:00,"1.81,1.79",경기전
2026-09-05T00:45:11+00:00,2026,105,9231,bk,여농월드,승패,2,,독일W,일본W,09.06(일) 01:00,"1.35,2.53",경기전
2026-09-05T00:45:11+00:00,2026,105,9232,bk,여농월드,핸디캡,2,H -4.5,독일W,일본W,09.06(일) 01:00,"1.71,1.81",경기전
2026-09-05T00:45:11+00:00,2026,105,9233,bk,여농월드,언더오버,2,U 151.5,독일W,일본W,09.06(일) 01:00,"1.74,1.78",경기전
2026-09-05T00:45:11+00:00,2026,105,9234,bk,여농월드,홀짝,2,,독일W,일본W,09.06(일) 01:00,"1.8,1.8",경기전
2026-09-05T00:45:11+00:00,2026,105,9235,sc,EPL,승무패,3,,헐시티,A빌라,09.06(일) 01:30,"3.7,3.35,1.8",경기전
2026-09-05T00:45:11+00:00,2026,105,9236,sc,EPL,핸디캡,3,H +1.0,헐시티,A빌라,09.06(일) 01:30,"1.85,3.4,3.3",경기전
2026-09-05T00:45:11+00:00,2026,105,9237,sc,EPL,핸디캡,3,H +2.0,헐시티,A빌라,09.06(일) 01:30,"1.25,5.1,7.1",경기전
2026-09-05T00:45:11+00:00,2026,105,9238,sc,EPL,언더오버,2,U 2.5,헐시티,A빌라,09.06(일) 01:30,"1.8,1.76",경기전
2026-09-05T00:45:11+00:00,2026,105,9239,sc,EPL,홀짝,2,,헐시티,A빌라,09.06(일) 01:30,"1.81,1.79",경기전
2026-09-05T00:45:11+00:00,2026,105,9240,sc,라리가,승무패,3,,라요바예,라싱산탄,09.06(일) 01:30,"2.11,3.2,2.85",경기전
2026-09-05T00:45:11+00:00,2026,105,9241,sc,라리가,핸디캡,3,H -1.0,라요바예,라싱산탄,09.06(일) 01:30,"4.1,3.65,1.58",경기전
2026-09-05T00:45:11+00:00,2026,105,9242,sc,라리가,언더오버,2,U 2.5,라요바예,라싱산탄,09.06(일) 01:30,"1.84,1.72",경기전
2026-09-05T00:45:11+00:00,2026,105,9243,sc,라리가,홀짝,2,,라요바예,라싱산탄,09.06(일) 01:30,"1.81,1.79",경기전
2026-09-05T00:45:11+00:00,2026,105,9244,sc,분데스리,승무패,3,,샬케04,바이뮌헨,09.06(일) 01:30,"11.5,6.4,1.12",경기전
2026-09-05T00:45:11+00:00,2026,105,9245,sc,분데스리,핸디캡,3,H +1.0,샬케04,바이뮌헨,09.06(일) 01:30,"4.75,4.25,1.42",경기전
2026-09-05T00:45:11+00:00,2026,105,9246,sc,분데스리,핸디캡,3,H +2.0,샬케04,바이뮌헨,09.06(일) 01:30,"2.7,3.8,1.94",경기전
2026-09-05T00:45:11+00:00,2026,105,9247,sc,분데스리,핸디캡,2,H +3.5,샬케04,바이뮌헨,09.06(일) 01:30,"1.26,2.92",경기전
2026-09-05T00:45:11+00:00,2026,105,9248,sc,분데스리,언더오버,2,U 3.5,샬케04,바이뮌헨,09.06(일) 01:30,"2.17,1.51",경기전
2026-09-05T00:45:11+00:00,2026,105,9249,sc,분데스리,홀짝,2,,샬케04,바이뮌헨,09.06(일) 01:30,"1.8,1.8",경기전
2026-09-05T00:45:11+00:00,2026,105,9250,sc,에레디비,승무패,3,,위트레흐,고어헤드,09.06(일) 01:45,"1.89,3.5,3.0",경기전
2026-09-05T00:45:11+00:00,2026,105,9251,sc,에레디비,핸디캡,3,H -1.0,위트레흐,고어헤드,09.06(일) 01:45,"3.35,3.7,1.72",경기전
2026-09-05T00:45:11+00:00,2026,105,9252,sc,에레디비,언더오버,2,U 3.5,위트레흐,고어헤드,09.06(일) 01:45,"1.49,2.15",경기전
2026-09-05T00:45:11+00:00,2026,105,9253,sc,에레디비,홀짝,2,,위트레흐,고어헤드,09.06(일) 01:45,"1.8,1.8",경기전
2026-09-05T00:45:11+00:00,2026,105,9254,sc,에레디비,승무패,3,,아약스,PSV,09.06(일) 03:00,"2.4,3.7,2.16",경기전
2026-09-05T00:45:11+00:00,2026,105,9255,sc,에레디비,핸디캡,3,H +1.0,아약스,PSV,09.06(일) 03:00,"1.53,4.25,3.85",경기전
2026-09-05T00:45:11+00:00,2026,105,9256,sc,에레디비,언더오버,2,U 3.5,아약스,PSV,09.06(일) 03:00,"1.82,1.7",경기전
2026-09-05T00:45:11+00:00,2026,105,9257,sc,에레디비,홀짝,2,,아약스,PSV,09.06(일) 03:00,"1.8,1.8",경기전
2026-09-05T00:45:11+00:00,2026,105,9258,sc,세리에A,승무패,3,,AS로마,아탈란타,09.06(일) 03:45,"1.62,3.35,4.3",경기전
2026-09-05T00:45:11+00:00,2026,105,9259,sc,세리에A,핸디캡,3,H -1.0,AS로마,아탈란타,09.06(일) 03:45,"2.9,3.2,2.03",경기전
2026-09-05T00:45:11+00:00,2026,105,9260,sc,세리에A,언더오버,2,U 2.5,AS로마,아탈란타,09.06(일) 03:45,"1.75,1.77",경기전
2026-09-05T00:45:11+00:00,2026,105,9261,sc,세리에A,홀짝,2,,AS로마,아탈란타,09.06(일) 03:45,"1.81,1.79",경기전
2026-09-05T00:45:11+00:00,2026,105,9262,sc,프리그1,승무패,3,,르아브르,브레스투,09.06(일) 03:45,"2.44,2.95,2.5",경기전
2026-09-05T00:45:11+00:00,2026,105,9263,sc,프리그1,핸디캡,3,H -1.0,르아브르,브레스투,09.06(일) 03:45,"5.5,3.75,1.43",경기전
2026-09-05T00:45:11+00:00,2026,105,9264,sc,프리그1,언더오버,2,U 2.5,르아브르,브레스투,09.06(일) 03:45,"1.61,1.94",경기전
2026-09-05T00:45:11+00:00,2026,105,9265,sc,프리그1,홀짝,2,,르아브르,브레스투,09.06(일) 03:45,"1.81,1.79",경기전
2026-09-05T00:45:11+00:00,2026,105,9266,sc,프리그1,승무패,3,,OGC니스,르망FC,09.06(일) 03:45,"1.7,3.3,3.85",경기전
2026-09-05T00:45:11+00:00,2026,105,9267,sc,프리그1,핸디캡,3,H -1.0,OGC니스,르망FC,09.06(일) 03:45,"3.1,3.3,1.91",경기전
2026-09-05T00:45:11+00:00,2026,105,9268,sc,프리그1,언더오버,2,U 2.5,OGC니스,르망FC,09.06(일) 03:45,"1.79,1.73",경기전
2026-09-05T00:45:11+00:00,2026,105,9269,sc,프리그1,홀짝,2,,OGC니스,르망FC,09.06(일) 03:45,"1.81,1.79",경기전
2026-09-05T00:45:11+00:00,2026,105,9270,bk,여농월드,승패,2,,프랑스W,한국W,09.06(일) 03:45,"1.0,1.0",경기전
2026-09-05T00:45:11+00:00,2026,105,9271,bk,여농월드,핸디캡,2,H -24.5,프랑스W,한국W,09.06(일) 03:45,"1.76,1.76",경기전
2026-09-05T00:45:11+00:00,2026,105,9272,bk,여농월드,언더오버,2,U 150.5,프랑스W,한국W,09.06(일) 03:45,"1.76,1.76",경기전
2026-09-05T00:45:11+00:00,2026,105,9273,bk,여농월드,홀짝,2,,프랑스W,한국W,09.06(일) 03:45,"1.8,1.8",경기전
2026-09-05T00:45:11+00:00,2026,105,9274,sc,EFL챔,승무패,3,,스완지C,렉섬,09.06(일) 04:00,"2.05,3.1,2.95",경기전
2026-09-05T00:45:11+00:00,2026,105,9275,sc,EFL챔,핸디캡,3,H -1.0,스완지C,렉섬,09.06(일) 04:00,"4.05,3.55,1.61",경기전
2026-09-05T00:45:11+00:00,2026,105,9276,sc,EFL챔,언더오버,2,U 2.5,스완지C,렉섬,09.06(일) 04:00,"1.73,1.79",경기전
2026-09-05T00:45:11+00:00,2026,105,9277,sc,EFL챔,홀짝,2,,스완지C,렉섬,09.06(일) 04:00,"1.81,1.79",경기전
2026-09-05T00:45:11+00:00,2026,105,9278,sc,라리가,승무패,3,,비야레알,데포아코,09.06(일) 04:00,"1.43,3.85,5.6",경기전
2026-09-05T00:45:11+00:00,2026,105,9279,sc,라리가,핸디캡,3,H -1.0,비야레알,데포아코,09.06(일) 04:00,"2.26,3.25,2.5",경기전
2026-09-05T00:45:11+00:00,2026,105,9280,sc,라리가,언더오버,2,U 2.5,비야레알,데포아코,09.06(일) 04:00,"1.96,1.63",경기전
2026-09-05T00:45:11+00:00,2026,105,9281,sc,라리가,홀짝,2,,비야레알,데포아코,09.06(일) 04:00,"1.81,1.79",경기전
2026-09-05T00:45:11+00:00,2026,105,9282,sc,에레디비,승무패,3,,빌럼II,엑셀시오,09.06(일) 04:00,"2.7,3.3,2.1",경기전
2026-09-05T00:45:11+00:00,2026,105,9283,sc,에레디비,핸디캡,3,H +1.0,빌럼II,엑셀시오,09.06(일) 04:00,"1.58,3.75,4.0",경기전
2026-09-05T00:45:11+00:00,2026,105,9284,sc,에레디비,언더오버,2,U 2.5,빌럼II,엑셀시오,09.06(일) 04:00,"2.07,1.53",경기전
2026-09-05T00:45:11+00:00,2026,105,9285,sc,에레디비,홀짝,2,,빌럼II,엑셀시오,09.06(일) 04:00,"1.8,1.8",경기전
2026-09-05T00:45:11+00:00,2026,105,9346,sc,MLS,승무패,3,,샬럿FC,휴스다이,09.06(일) 08:30,"2.07,3.3,2.75",경기전
2026-09-05T00:45:11+00:00,2026,105,9347,sc,MLS,핸디캡,3,H -1.0,샬럿FC,휴스다이,09.06(일) 08:30,"4.0,3.7,1.59",경기전
2026-09-05T00:45:11+00:00,2026,105,9348,sc,MLS,언더오버,2,U 2.5,샬럿FC,휴스다이,09.06(일) 08:30,"1.99,1.58",경기전
2026-09-05T00:45:11+00:00,2026,105,9349,sc,MLS,홀짝,2,,샬럿FC,휴스다이,09.06(일) 08:30,"1.81,1.79",경기전
2026-09-05T00:45:11+00:00,2026,105,9350,sc,MLS,승무패,3,,FC신시내,DC유나이,09.06(일) 08:30,"1.45,4.2,4.5",경기전
2026-09-05T00:45:11+00:00,2026,105,9351,sc,MLS,핸디캡,3,H -1.0,FC신시내,DC유나이,09.06(일) 08:30,"2.22,3.65,2.35",경기전
2026-09-05T00:45:11+00:00,2026,105,9352,sc,MLS,언더오버,2,U 3.5,FC신시내,DC유나이,09.06(일) 08:30,"1.78,1.74",경기전
2026-09-05T00:45:11+00:00,2026,105,9353,sc,MLS,홀짝,2,,FC신시내,DC유나이,09.06(일) 08:30,"1.8,1.8",경기전
2026-09-05T00:45:11+00:00,2026,105,9354,sc,MLS,승무패,3,,콜럼크루,콜로래피,09.06(일) 08:30,"2.01,3.2,2.95",경기전
2026-09-05T00:45:11+00:00,2026,105,9355,sc,MLS,핸디캡,3,H -1.0,콜럼크루,콜로래피,09.06(일) 08:30,"4.1,3.5,1.61",경기전
2026-09-05T00:45:11+00:00,2026,105,9356,sc,MLS,언더오버,2,U 2.5,콜럼크루,콜로래피,09.06(일) 08:30,"1.89,1.65",경기전
2026-09-05T00:45:11+00:00,2026,105,9357,sc,MLS,홀짝,2,,콜럼크루,콜로래피,09.06(일) 08:30,"1.81,1.79",경기전
2026-09-05T00:45:11+00:00,2026,105,9358,sc,MLS,승무패,3,,인터마이,애틀유나,09.06(일) 08:30,"1.27,5.0,6.2",경기전
2026-09-05T00:45:11+00:00,2026,105,9359,sc,MLS,핸디캡,3,H -1.0,인터마이,애틀유나,09.06(일) 08:30,"1.71,4.15,3.1",경기전
2026-09-05T00:45:11+00:00,2026,105,9360,sc,MLS,언더오버,2,U 3.5,인터마이,애틀유나,09.06(일) 08:30,"2.07,1.53",경기전
2026-09-05T00:45:11+00:00,2026,105,9361,sc,MLS,홀짝,2,,인터마이,애틀유나,09.06(일) 08:30,"1.8,1.8",경기전
2026-09-05T00:45:11+00:00,2026,105,9362,sc,MLS,승무패,3,,올랜시티,샌디에FC,09.06(일) 08:30,"1.95,3.75,2.7",경기전
2026-09-05T00:45:11+00:00,2026,105,9363,sc,MLS,핸디캡,3,H -1.0,올랜시티,샌디에FC,09.06(일) 08:30,"3.4,3.95,1.66",경기전
2026-09-05T00:45:11+00:00,2026,105,9364,sc,MLS,언더오버,2,U 3.5,올랜시티,샌디에FC,09.06(일) 08:30,"1.79,1.73",경기전
2026-09-05T00:45:11+00:00,2026,105,9365,sc,MLS,홀짝,2,,올랜시티,샌디에FC,09.06(일) 08:30,"1.8,1.8",경기전
2026-09-05T00:45:11+00:00,2026,105,9366,sc,MLS,승무패,3,,필라유니,CF몽레알,09.06(일) 08:30,"1.36,4.25,5.6",경기전
2026-09-05T00:45:11+00:00,2026,105,9367,sc,MLS,핸디캡,3,H -1.0,필라유니,CF몽레알,09.06(일) 08:30,"2.06,3.5,2.65",경기전
2026-09-05T00:45:11+00:00,2026,105,9368,sc,MLS,언더오버,2,U 3.5,필라유니,CF몽레알,09.06(일) 08:30,"1.57,2.0",경기전
2026-09-05T00:45:11+00:00,2026,105,9369,sc,MLS,홀짝,2,,필라유니,CF몽레알,09.06(일) 08:30,"1.8,1.8",경기전
2026-09-05T00:45:11+00:00,2026,105,9370,sc,MLS,승무패,3,,토론토FC,시카파이,09.06(일) 08:30,"2.6,3.45,2.11",경기전
2026-09-05T00:45:11+00:00,2026,105,9371,sc,MLS,핸디캡,3,H +1.0,토론토FC,시카파이,09.06(일) 08:30,"1.57,3.85,3.95",경기전
2026-09-05T00:45:11+00:00,2026,105,9372,sc,MLS,언더오버,2,U 3.5,토론토FC,시카파이,09.06(일) 08:30,"1.48,2.17",경기전
2026-09-05T00:45:11+00:00,2026,105,9373,sc,MLS,홀짝,2,,토론토FC,시카파이,09.06(일) 08:30,"1.8,1.8",경기전
2026-09-05T00:45:11+00:00,2026,105,9379,sc,MLS,승무패,3,,오스틴FC,새너어스,09.06(일) 09:30,"2.04,3.55,2.65",경기전
2026-09-05T00:45:11+00:00,2026,105,9380,sc,MLS,핸디캡,3,H -1.0,오스틴FC,새너어스,09.06(일) 09:30,"3.65,3.95,1.61",경기전
2026-09-05T00:45:11+00:00,2026,105,9381,sc,MLS,언더오버,2,U 3.5,오스틴FC,새너어스,09.06(일) 09:30,"1.57,2.0",경기전
2026-09-05T00:45:11+00:00,2026,105,9382,sc,MLS,홀짝,2,,오스틴FC,새너어스,09.06(일) 09:30,"1.8,1.8",경기전
2026-09-05T00:45:11+00:00,2026,105,9383,sc,MLS,승무패,3,,FC댈러스,스포캔자,09.06(일) 09:30,"1.38,4.15,5.4",경기전
2026-09-05T00:45:11+00:00,2026,105,9384,sc,MLS,핸디캡,3,H -1.0,FC댈러스,스포캔자,09.06(일) 09:30,"2.09,3.5,2.6",경기전
2026-09-05T00:45:11+00:00,2026,105,9385,sc,MLS,언더오버,2,U 3.5,FC댈러스,스포캔자,09.06(일) 09:30,"1.59,1.97",경기전
2026-09-05T00:45:11+00:00,2026,105,9386,sc,MLS,홀짝,2,,FC댈러스,스포캔자,09.06(일) 09:30,"1.8,1.8",경기전
2026-09-05T00:45:11+00:00,2026,105,9387,sc,MLS,승무패,3,,시애사운,뉴욕레드,09.06(일) 09:30,"1.8,3.75,3.05",경기전
2026-09-05T00:45:11+00:00,2026,105,9388,sc,MLS,핸디캡,3,H -1.0,시애사운,뉴욕레드,09.06(일) 09:30,"3.05,3.8,1.79",경기전
2026-09-05T00:45:11+00:00,2026,105,9389,sc,MLS,언더오버,2,U 3.5,시애사운,뉴욕레드,09.06(일) 09:30,"1.68,1.85",경기전
2026-09-05T00:45:11+00:00,2026,105,9390,sc,MLS,홀짝,2,,시애사운,뉴욕레드,09.06(일) 09:30,"1.8,1.8",경기전
2026-09-05T00:45:11+00:00,2026,105,9396,sc,MLS,승무패,3,,LA갤럭시,뉴잉레벌,09.06(일) 10:30,"2.12,3.5,2.55",경기전
2026-09-05T00:45:11+00:00,2026,105,9397,sc,MLS,핸디캡,3,H -1.0,LA갤럭시,뉴잉레벌,09.06(일) 10:30,"3.95,3.95,1.56",경기전
2026-09-05T00:45:11+00:00,2026,105,9398,sc,MLS,언더오버,2,U 3.5,LA갤럭시,뉴잉레벌,09.06(일) 10:30,"1.53,2.07",경기전
2026-09-05T00:45:11+00:00,2026,105,9399,sc,MLS,홀짝,2,,LA갤럭시,뉴잉레벌,09.06(일) 10:30,"1.8,1.8",경기전
2026-09-05T00:45:11+00:00,2026,105,9400,sc,MLS,승무패,3,,레알솔트,LAFC,09.06(일) 10:30,"2.55,3.3,2.2",경기전
2026-09-05T00:45:11+00:00,2026,105,9401,sc,MLS,핸디캡,3,H +1.0,레알솔트,LAFC,09.06(일) 10:30,"1.52,3.85,4.3",경기전
2026-09-05T00:45:11+00:00,2026,105,9402,sc,MLS,핸디캡,3,H +2.0,레알솔트,LAFC,09.06(일) 10:30,"1.12,6.4,10.0",경기전
2026-09-05T00:45:11+00:00,2026,105,9403,sc,MLS,언더오버,2,U 2.5,레알솔트,LAFC,09.06(일) 10:30,"2.05,1.54",경기전
2026-09-05T00:45:11+00:00,2026,105,9404,sc,MLS,홀짝,2,,레알솔트,LAFC,09.06(일) 10:30,"1.8,1.8",경기전
2026-09-05T00:45:11+00:00,2026,105,9413,sc,MLS,승무패,3,,포틀팀버,미네유나,09.06(일) 11:30,"1.96,3.55,2.8",경기전
2026-09-05T00:45:11+00:00,2026,105,9414,sc,MLS,핸디캡,3,H -1.0,포틀팀버,미네유나,09.06(일) 11:30,"3.5,3.85,1.66",경기전
2026-09-05T00:45:11+00:00,2026,105,9415,sc,MLS,언더오버,2,U 3.5,포틀팀버,미네유나,09.06(일) 11:30,"1.55,2.04",경기전
2026-09-05T00:45:11+00:00,2026,105,9416,sc,MLS,홀짝,2,,포틀팀버,미네유나,09.06(일) 11:30,"1.8,1.8",경기전
2026-09-05T00:45:11+00:00,2026,105,9417,sc,MLS,승무패,3,,밴쿠화이,세인시티,09.06(일) 11:30,"1.38,4.35,5.1",경기전
2026-09-05T00:45:11+00:00,2026,105,9418,sc,MLS,핸디캡,3,H -1.0,밴쿠화이,세인시티,09.06(일) 11:30,"2.07,3.75,2.5",경기전
2026-09-05T00:45:11+00:00,2026,105,9419,sc,MLS,언더오버,2,U 3.5,밴쿠화이,세인시티,09.06(일) 11:30,"1.66,1.87",경기전
2026-09-05T00:45:11+00:00,2026,105,9420,sc,MLS,홀짝,2,,밴쿠화이,세인시티,09.06(일) 11:30,"1.8,1.8",경기전
2026-09-05T00:45:11+00:00,2026,105,9485,sc,J1리그,승무패,3,,가시마A,우라와R,09.06(일) 18:00,"1.68,3.35,3.9",경기전
2026-09-05T00:45:11+00:00,2026,105,9486,sc,J1리그,핸디캡,3,H -1.0,가시마A,우라와R,09.06(일) 18:00,"3.0,3.3,1.95",경기전
2026-09-05T00:45:11+00:00,2026,105,9487,sc,J1리그,언더오버,2,U 2.5,가시마A,우라와R,09.06(일) 18:00,"1.84,1.69",경기전
2026-09-05T00:45:11+00:00,2026,105,9488,sc,J1리그,홀짝,2,,가시마A,우라와R,09.06(일) 18:00,"1.81,1.79",경기전
2026-09-05T00:45:11+00:00,2026,105,9489,sc,J1리그,승무패,3,,제프유나,G오사카,09.06(일) 18:00,"2.75,3.25,2.09",경기전
2026-09-05T00:45:11+00:00,2026,105,9490,sc,J1리그,핸디캡,3,H +1.0,제프유나,G오사카,09.06(일) 18:00,"1.58,3.7,4.05",경기전
2026-09-05T00:45:11+00:00,2026,105,9491,sc,J1리그,언더오버,2,U 2.5,제프유나,G오사카,09.06(일) 18:00,"1.9,1.64",경기전
2026-09-05T00:45:11+00:00,2026,105,9492,sc,J1리그,홀짝,2,,제프유나,G오사카,09.06(일) 18:00,"1.81,1.79",경기전
2026-09-05T00:45:11+00:00,2026,105,9493,sc,J1리그,승무패,3,,나고야G,마치다Z,09.06(일) 18:00,"2.9,3.15,2.05",경기전
2026-09-05T00:45:11+00:00,2026,105,9494,sc,J1리그,핸디캡,3,H +1.0,나고야G,마치다Z,09.06(일) 18:00,"1.61,3.6,4.0",경기전
2026-09-05T00:45:11+00:00,2026,105,9495,sc,J1리그,언더오버,2,U 2.5,나고야G,마치다Z,09.06(일) 18:00,"1.81,1.71",경기전
2026-09-05T00:45:11+00:00,2026,105,9496,sc,J1리그,홀짝,2,,나고야G,마치다Z,09.06(일) 18:00,"1.81,1.79",경기전
2026-09-05T00:45:11+00:00,2026,105,9497,sc,J1리그,승무패,3,,오카야마,산프히로,09.06(일) 18:00,"3.5,3.3,1.78",경기전
2026-09-05T00:45:11+00:00,2026,105,9498,sc,J1리그,핸디캡,3,H +1.0,오카야마,산프히로,09.06(일) 18:00,"1.83,3.4,3.25",경기전
2026-09-05T00:45:11+00:00,2026,105,9499,sc,J1리그,언더오버,2,U 2.5,오카야마,산프히로,09.06(일) 18:00,"1.84,1.69",경기전
2026-09-05T00:45:11+00:00,2026,105,9500,sc,J1리그,홀짝,2,,오카야마,산프히로,09.06(일) 18:00,"1.81,1.79",경기전
2026-09-05T00:45:11+00:00,2026,105,9523,sc,J1리그,승무패,3,,가시와R,요코마리,09.06(일) 19:00,"1.58,3.5,4.35",경기전
2026-09-05T00:45:11+00:00,2026,105,9524,sc,J1리그,핸디캡,3,H -1.0,가시와R,요코마리,09.06(일) 19:00,"2.7,3.3,2.1",경기전
2026-09-05T00:45:11+00:00,2026,105,9525,sc,J1리그,언더오버,2,U 2.5,가시와R,요코마리,09.06(일) 19:00,"1.9,1.64",경기전
2026-09-05T00:45:11+00:00,2026,105,9526,sc,J1리그,홀짝,2,,가시와R,요코마리,09.06(일) 19:00,"1.81,1.79",경기전
2026-09-05T00:45:11+00:00,2026,105,9527,sc,J1리그,승무패,3,,가와사키,시미즈S,09.06(일) 19:00,"1.73,3.45,3.55",경기전
2026-09-05T00:45:11+00:00,2026,105,9528,sc,J1리그,핸디캡,3,H -1.0,가와사키,시미즈S,09.06(일) 19:00,"3.05,3.45,1.88",경기전
2026-09-05T00:45:11+00:00,2026,105,9529,sc,J1리그,언더오버,2,U 2.5,가와사키,시미즈S,09.06(일) 19:00,"2.05,1.54",경기전
2026-09-05T00:45:11+00:00,2026,105,9530,sc,J1리그,홀짝,2,,가와사키,시미즈S,09.06(일) 19:00,"1.8,1.8",경기전
2026-09-05T00:45:11+00:00,2026,105,9531,sc,J1리그,승무패,3,,C오사카,도쿄베르,09.06(일) 19:00,"1.69,3.25,4.0",경기전
2026-09-05T00:45:11+00:00,2026,105,9532,sc,J1리그,핸디캡,3,H -1.0,C오사카,도쿄베르,09.06(일) 19:00,"3.1,3.25,1.93",경기전
2026-09-05T00:45:11+00:00,2026,105,9533,sc,J1리그,언더오버,2,U 2.5,C오사카,도쿄베르,09.06(일) 19:00,"1.69,1.84",경기전
2026-09-05T00:45:11+00:00,2026,105,9534,sc,J1리그,홀짝,2,,C오사카,도쿄베르,09.06(일) 19:00,"1.81,1.79",경기전
2026-09-05T00:45:11+00:00,2026,105,9535,sc,J1리그,승무패,3,,비셀고베,V바렌나,09.06(일) 19:00,"1.6,3.25,4.6",경기전
2026-09-05T00:45:11+00:00,2026,105,9536,sc,J1리그,핸디캡,3,H -1.0,비셀고베,V바렌나,09.06(일) 19:00,"2.9,3.15,2.05",경기전
2026-09-05T00:45:11+00:00,2026,105,9537,sc,J1리그,언더오버,2,U 2.5,비셀고베,V바렌나,09.06(일) 19:00,"1.63,1.91",경기전
2026-09-05T00:45:11+00:00,2026,105,9538,sc,J1리그,홀짝,2,,비셀고베,V바렌나,09.06(일) 19:00,"1.81,1.79",경기전
2026-09-05T00:45:11+00:00,2026,105,9547,sc,K리그1,승무패,3,,FC안양,강원FC,09.06(일) 19:00,"3.15,3.1,2.07",경기전
2026-09-05T00:45:11+00:00,2026,105,9548,sc,K리그1,핸디캡,3,H +1.0,FC안양,강원FC,09.06(일) 19:00,"1.65,3.5,4.1",경기전
2026-09-05T00:45:11+00:00,2026,105,9549,sc,K리그1,핸디캡,3,H +2.0,FC안양,강원FC,09.06(일) 19:00,"1.15,6.0,10.0",경기전
2026-09-05T00:45:11+00:00,2026,105,9550,sc,K리그1,언더오버,2,U 2.5,FC안양,강원FC,09.06(일) 19:00,"1.67,1.91",경기전
2026-09-05T00:45:11+00:00,2026,105,9551,sc,K리그1,홀짝,2,,FC안양,강원FC,09.06(일) 19:00,"1.81,1.79",경기전
2026-09-05T00:45:11+00:00,2026,105,9552,sc,K리그1,전반승무패,3,h(전반),FC안양,강원FC,09.06(일) 19:00,"3.85,1.93,2.7",경기전
2026-09-05T00:45:11+00:00,2026,105,9553,sc,K리그1,전반핸디캡,3,h H +1.0,FC안양,강원FC,09.06(일) 19:00,"1.32,3.7,8.2",경기전
2026-09-05T00:45:11+00:00,2026,105,9554,sc,K리그1,전반언더오버,2,h U 1.5,FC안양,강원FC,09.06(일) 19:00,"1.31,2.68",경기전
2026-09-05T00:45:11+00:00,2026,105,9555,sc,K리그1,승무패,3,,김천상무,광주FC,09.06(일) 19:00,"1.54,3.55,5.2",경기전
2026-09-05T00:45:11+00:00,2026,105,9556,sc,K리그1,핸디캡,3,H -1.0,김천상무,광주FC,09.06(일) 19:00,"2.65,3.15,2.26",경기전
2026-09-05T00:45:11+00:00,2026,105,9557,sc,K리그1,핸디캡,3,H -2.0,김천상무,광주FC,09.06(일) 19:00,"5.2,4.35,1.4",경기전
2026-09-05T00:45:11+00:00,2026,105,9558,sc,K리그1,언더오버,2,U 2.5,김천상무,광주FC,09.06(일) 19:00,"1.73,1.83",경기전
2026-09-05T00:45:11+00:00,2026,105,9559,sc,K리그1,홀짝,2,,김천상무,광주FC,09.06(일) 19:00,"1.81,1.79",경기전
2026-09-05T00:45:11+00:00,2026,105,9560,sc,K리그1,전반승무패,3,h(전반),김천상무,광주FC,09.06(일) 19:00,"2.05,2.03,5.9",경기전
2026-09-05T00:45:11+00:00,2026,105,9561,sc,K리그1,전반핸디캡,3,h H -1.0,김천상무,광주FC,09.06(일) 19:00,"5.2,3.15,1.56",경기전
2026-09-05T00:45:11+00:00,2026,105,9562,sc,K리그1,전반언더오버,2,h U 1.5,김천상무,광주FC,09.06(일) 19:00,"1.34,2.56",경기전
2026-09-05T00:45:11+00:00,2026,105,9563,sc,K리그2,승무패,3,,수원삼성,충남아산,09.06(일) 19:00,"1.49,3.65,4.9",경기전
2026-09-05T00:45:11+00:00,2026,105,9564,sc,K리그2,핸디캡,3,H -1.0,수원삼성,충남아산,09.06(일) 19:00,"2.45,3.3,2.28",경기전
2026-09-05T00:45:11+00:00,2026,105,9565,sc,K리그2,언더오버,2,U 2.5,수원삼성,충남아산,09.06(일) 19:00,"1.96,1.6",경기전
2026-09-05T00:45:11+00:00,2026,105,9566,sc,K리그2,홀짝,2,,수원삼성,충남아산,09.06(일) 19:00,"1.81,1.79",경기전
2026-09-05T00:45:11+00:00,2026,105,9567,sc,K리그2,승무패,3,,김포FC,성남FC,09.06(일) 19:00,"1.96,3.05,3.2",경기전
2026-09-05T00:45:11+00:00,2026,105,9568,sc,K리그2,핸디캡,3,H -1.0,김포FC,성남FC,09.06(일) 19:00,"3.95,3.4,1.66",경기전
2026-09-05T00:45:11+00:00,2026,105,9569,sc,K리그2,언더오버,2,U 2.5,김포FC,성남FC,09.06(일) 19:00,"1.61,1.94",경기전
2026-09-05T00:45:11+00:00,2026,105,9570,sc,K리그2,홀짝,2,,김포FC,성남FC,09.06(일) 19:00,"1.81,1.79",경기전
2026-09-05T00:45:11+00:00,2026,105,9571,sc,에레디비,승무패,3,,흐로닝언,트벤테,09.06(일) 19:15,"2.95,3.5,1.91",경기전
2026-09-05T00:45:11+00:00,2026,105,9572,sc,에레디비,핸디캡,3,H +1.0,흐로닝언,트벤테,09.06(일) 19:15,"1.71,3.7,3.4",경기전
2026-09-05T00:45:11+00:00,2026,105,9573,sc,에레디비,언더오버,2,U 3.5,흐로닝언,트벤테,09.06(일) 19:15,"1.49,2.15",경기전
2026-09-05T00:45:11+00:00,2026,105,9574,sc,에레디비,홀짝,2,,흐로닝언,트벤테,09.06(일) 19:15,"1.8,1.8",경기전
2026-09-05T00:45:11+00:00,2026,105,9575,sc,J1리그,승무패,3,,FC도쿄,교토상가,09.06(일) 19:30,"1.56,3.45,4.6",경기전
2026-09-05T00:45:11+00:00,2026,105,9576,sc,J1리그,핸디캡,3,H -1.0,FC도쿄,교토상가,09.06(일) 19:30,"2.7,3.2,2.14",경기전
2026-09-05T00:45:11+00:00,2026,105,9577,sc,J1리그,언더오버,2,U 2.5,FC도쿄,교토상가,09.06(일) 19:30,"1.81,1.71",경기전
2026-09-05T00:45:11+00:00,2026,105,9578,sc,J1리그,홀짝,2,,FC도쿄,교토상가,09.06(일) 19:30,"1.81,1.79",경기전
2026-09-05T00:45:11+00:00,2026,105,9579,sc,EFL챔,승무패,3,,버밍엄C,울버햄튼,09.06(일) 20:00,"2.65,3.05,2.25",경기전
2026-09-05T00:45:11+00:00,2026,105,9580,sc,EFL챔,핸디캡,3,H +1.0,버밍엄C,울버햄튼,09.06(일) 20:00,"1.5,3.65,4.8",경기전
2026-09-05T00:45:11+00:00,2026,105,9581,sc,EFL챔,언더오버,2,U 2.5,버밍엄C,울버햄튼,09.06(일) 20:00,"1.63,1.91",경기전
2026-09-05T00:45:11+00:00,2026,105,9582,sc,EFL챔,홀짝,2,,버밍엄C,울버햄튼,09.06(일) 20:00,"1.81,1.79",경기전
2026-09-05T00:45:11+00:00,2026,105,9583,sc,에레디비,승무패,3,,텔스타,캄뷔르,09.06(일) 21:30,"1.53,3.9,4.2",경기전
2026-09-05T00:45:11+00:00,2026,105,9584,sc,에레디비,핸디캡,3,H -1.0,텔스타,캄뷔르,09.06(일) 21:30,"2.45,3.55,2.18",경기전
2026-09-05T00:45:11+00:00,2026,105,9585,sc,에레디비,언더오버,2,U 3.5,텔스타,캄뷔르,09.06(일) 21:30,"1.6,1.96",경기전
2026-09-05T00:45:11+00:00,2026,105,9586,sc,에레디비,홀짝,2,,텔스타,캄뷔르,09.06(일) 21:30,"1.8,1.8",경기전
2026-09-05T00:45:11+00:00,2026,105,9587,sc,에레디비,승무패,3,,헤이렌베,알크마르,09.06(일) 21:30,"3.4,3.7,1.71",경기전
2026-09-05T00:45:11+00:00,2026,105,9588,sc,에레디비,핸디캡,3,H +1.0,헤이렌베,알크마르,09.06(일) 21:30,"1.91,3.65,2.85",경기전
2026-09-05T00:45:11+00:00,2026,105,9589,sc,에레디비,언더오버,2,U 3.5,헤이렌베,알크마르,09.06(일) 21:30,"1.58,1.99",경기전
2026-09-05T00:45:11+00:00,2026,105,9590,sc,에레디비,홀짝,2,,헤이렌베,알크마르,09.06(일) 21:30,"1.8,1.8",경기전
2026-09-05T00:45:11+00:00,2026,105,9595,sc,EPL,승무패,3,,에버턴,맨체스U,09.06(일) 22:00,"2.9,3.4,2.06",경기전
2026-09-05T00:45:11+00:00,2026,105,9596,sc,EPL,핸디캡,3,H +1.0,에버턴,맨체스U,09.06(일) 22:00,"1.65,3.7,3.85",경기전
2026-09-05T00:45:11+00:00,2026,105,9597,sc,EPL,핸디캡,3,H +2.0,에버턴,맨체스U,09.06(일) 22:00,"1.18,5.8,8.6",경기전
2026-09-05T00:45:11+00:00,2026,105,9598,sc,EPL,언더오버,2,U 2.5,에버턴,맨체스U,09.06(일) 22:00,"2.02,1.59",경기전
2026-09-05T00:45:11+00:00,2026,105,9599,sc,EPL,홀짝,2,,에버턴,맨체스U,09.06(일) 22:00,"1.81,1.79",경기전
2026-09-05T00:45:11+00:00,2026,105,9600,sc,세리에A,승무패,3,,프로시노,베네치아,09.06(일) 22:00,"2.45,3.15,2.36",경기전
2026-09-05T00:45:11+00:00,2026,105,9601,sc,세리에A,핸디캡,3,H +1.0,프로시노,베네치아,09.06(일) 22:00,"1.46,3.85,4.9",경기전
2026-09-05T00:45:11+00:00,2026,105,9602,sc,세리에A,언더오버,2,U 2.5,프로시노,베네치아,09.06(일) 22:00,"1.8,1.72",경기전
2026-09-05T00:45:11+00:00,2026,105,9603,sc,세리에A,홀짝,2,,프로시노,베네치아,09.06(일) 22:00,"1.81,1.79",경기전
2026-09-05T00:45:11+00:00,2026,105,9604,sc,세리에A,승무패,3,,파르마,AC몬차,09.06(일) 22:00,"2.34,2.9,2.65",경기전
2026-09-05T00:45:11+00:00,2026,105,9605,sc,세리에A,핸디캡,3,H -1.0,파르마,AC몬차,09.06(일) 22:00,"5.2,3.6,1.47",경기전
2026-09-05T00:45:11+00:00,2026,105,9606,sc,세리에A,언더오버,2,U 2.5,파르마,AC몬차,09.06(일) 22:00,"1.51,2.11",경기전
2026-09-05T00:45:11+00:00,2026,105,9607,sc,세리에A,홀짝,2,,파르마,AC몬차,09.06(일) 22:00,"1.82,1.78",경기전
2026-09-05T00:45:11+00:00,2026,105,9608,sc,프리그1,승무패,3,,트루아AC,RC스트라,09.06(일) 22:00,"2.7,3.1,2.19",경기전
2026-09-05T00:45:11+00:00,2026,105,9609,sc,프리그1,핸디캡,3,H +1.0,트루아AC,RC스트라,09.06(일) 22:00,"1.53,3.65,4.5",경기전
2026-09-05T00:45:11+00:00,2026,105,9610,sc,프리그1,언더오버,2,U 2.5,트루아AC,RC스트라,09.06(일) 22:00,"1.76,1.76",경기전
2026-09-05T00:45:11+00:00,2026,105,9611,sc,프리그1,홀짝,2,,트루아AC,RC스트라,09.06(일) 22:00,"1.81,1.79",경기전
2026-09-05T00:45:11+00:00,2026,105,9612,sc,분데스리,승무패,3,,함부르크,마인츠05,09.06(일) 22:30,"2.6,3.35,2.21",경기전
2026-09-05T00:45:11+00:00,2026,105,9613,sc,분데스리,핸디캡,3,H +1.0,함부르크,마인츠05,09.06(일) 22:30,"1.53,3.85,4.25",경기전
2026-09-05T00:45:11+00:00,2026,105,9614,sc,분데스리,핸디캡,3,H +2.0,함부르크,마인츠05,09.06(일) 22:30,"1.12,6.5,9.7",경기전
2026-09-05T00:45:11+00:00,2026,105,9615,sc,분데스리,언더오버,2,U 2.5,함부르크,마인츠05,09.06(일) 22:30,"2.05,1.57",경기전
2026-09-05T00:45:11+00:00,2026,105,9616,sc,분데스리,홀짝,2,,함부르크,마인츠05,09.06(일) 22:30,"1.8,1.8",경기전
2026-09-05T00:45:11+00:00,2026,105,9617,sc,라리가,승무패,3,,발렌시아,바르셀로,09.06(일) 23:15,"7.2,4.9,1.26",경기전
2026-09-05T00:45:11+00:00,2026,105,9618,sc,라리가,핸디캡,3,H +1.0,발렌시아,바르셀로,09.06(일) 23:15,"3.25,3.65,1.76",경기전
2026-09-05T00:45:11+00:00,2026,105,9619,sc,라리가,핸디캡,3,H +2.0,발렌시아,바르셀로,09.06(일) 23:15,"1.9,3.85,2.75",경기전
2026-09-05T00:45:11+00:00,2026,105,9620,sc,라리가,핸디캡,2,H +3.5,발렌시아,바르셀로,09.06(일) 23:15,"1.08,4.75",경기전
2026-09-05T00:45:11+00:00,2026,105,9621,sc,라리가,언더오버,2,U 3.5,발렌시아,바르셀로,09.06(일) 23:15,"1.74,1.82",경기전
2026-09-05T00:45:11+00:00,2026,105,9622,sc,라리가,홀짝,2,,발렌시아,바르셀로,09.06(일) 23:15,"1.8,1.8",경기전
2026-09-05T00:45:11+00:00,2026,105,9623,sc,에레디비,승무패,3,,덴하흐,F시타르,09.06(일) 23:45,"1.91,3.65,2.85",경기전
2026-09-05T00:45:11+00:00,2026,105,9624,sc,에레디비,핸디캡,3,H -1.0,덴하흐,F시타르,09.06(일) 23:45,"3.35,3.85,1.69",경기전
2026-09-05T00:45:11+00:00,2026,105,9625,sc,에레디비,언더오버,2,U 3.5,덴하흐,F시타르,09.06(일) 23:45,"1.63,1.91",경기전
2026-09-05T00:45:11+00:00,2026,105,9626,sc,에레디비,홀짝,2,,덴하흐,F시타르,09.06(일) 23:45,"1.8,1.8",경기전
2026-09-05T00:45:11+00:00,2026,105,9635,sc,프리그1,승무패,3,,앙제SCO,스타드렌,09.07(월) 00:15,"3.5,3.4,1.76",경기전
2026-09-05T00:45:11+00:00,2026,105,9636,sc,프리그1,핸디캡,3,H +1.0,앙제SCO,스타드렌,09.07(월) 00:15,"1.85,3.5,3.1",경기전
2026-09-05T00:45:11+00:00,2026,105,9637,sc,프리그1,언더오버,2,U 2.5,앙제SCO,스타드렌,09.07(월) 00:15,"2.02,1.56",경기전
2026-09-05T00:45:11+00:00,2026,105,9638,sc,프리그1,홀짝,2,,앙제SCO,스타드렌,09.07(월) 00:15,"1.8,1.8",경기전
2026-09-05T00:45:11+00:00,2026,105,9639,sc,EPL,승무패,3,,아스널,첼시,09.07(월) 00:30,"1.64,3.55,4.3",경기전
2026-09-05T00:45:11+00:00,2026,105,9640,sc,EPL,핸디캡,3,H -1.0,아스널,첼시,09.07(월) 00:30,"2.8,3.35,2.08",경기전
2026-09-05T00:45:11+00:00,2026,105,9641,sc,EPL,핸디캡,3,H -2.0,아스널,첼시,09.07(월) 00:30,"5.6,4.6,1.35",경기전
2026-09-05T00:45:11+00:00,2026,105,9642,sc,EPL,언더오버,2,U 2.5,아스널,첼시,09.07(월) 00:30,"1.91,1.67",경기전
2026-09-05T00:45:11+00:00,2026,105,9643,sc,EPL,홀짝,2,,아스널,첼시,09.07(월) 00:30,"1.81,1.79",경기전
2026-09-05T00:45:11+00:00,2026,105,9644,sc,분데스리,승무패,3,,프랑크푸,아우크스,09.07(월) 00:30,"1.81,3.7,3.2",경기전
2026-09-05T00:45:11+00:00,2026,105,9645,sc,분데스리,핸디캡,3,H -1.0,프랑크푸,아우크스,09.07(월) 00:30,"3.05,3.75,1.8",경기전
2026-09-05T00:45:11+00:00,2026,105,9646,sc,분데스리,핸디캡,3,H -2.0,프랑크푸,아우크스,09.07(월) 00:30,"5.9,5.2,1.27",경기전
2026-09-05T00:45:11+00:00,2026,105,9647,sc,분데스리,언더오버,2,U 3.5,프랑크푸,아우크스,09.07(월) 00:30,"1.63,1.96",경기전
2026-09-05T00:45:11+00:00,2026,105,9648,sc,분데스리,홀짝,2,,프랑크푸,아우크스,09.07(월) 00:30,"1.8,1.8",경기전
2026-09-05T00:45:11+00:00,2026,105,9653,sc,세리에A,승무패,3,,볼로냐,사수올로,09.07(월) 01:00,"1.88,3.1,3.4",경기전
2026-09-05T00:45:11+00:00,2026,105,9654,sc,세리에A,핸디캡,3,H -1.0,볼로냐,사수올로,09.07(월) 01:00,"3.6,3.35,1.74",경기전
2026-09-05T00:45:11+00:00,2026,105,9655,sc,세리에A,언더오버,2,U 2.5,볼로냐,사수올로,09.07(월) 01:00,"1.67,1.86",경기전
2026-09-05T00:45:11+00:00,2026,105,9656,sc,세리에A,홀짝,2,,볼로냐,사수올로,09.07(월) 01:00,"1.81,1.79",경기전
2026-09-05T00:45:11+00:00,2026,105,9662,sc,라리가,승무패,3,,알라베스,오사수나,09.07(월) 01:30,"2.19,2.85,3.05",경기전
2026-09-05T00:45:11+00:00,2026,105,9663,sc,라리가,핸디캡,3,H -1.0,알라베스,오사수나,09.07(월) 01:30,"4.65,3.4,1.56",경기전
2026-09-05T00:45:11+00:00,2026,105,9664,sc,라리가,언더오버,2,U 2.5,알라베스,오사수나,09.07(월) 01:30,"1.46,2.28",경기전
2026-09-05T00:45:11+00:00,2026,105,9665,sc,라리가,홀짝,2,,알라베스,오사수나,09.07(월) 01:30,"1.82,1.78",경기전
2026-09-05T00:45:11+00:00,2026,105,9666,sc,라리가,승무패,3,,말라가,레반테,09.07(월) 01:30,"2.26,3.15,2.65",경기전
2026-09-05T00:45:11+00:00,2026,105,9667,sc,라리가,핸디캡,3,H -1.0,말라가,레반테,09.07(월) 01:30,"4.65,3.75,1.5",경기전
2026-09-05T00:45:11+00:00,2026,105,9668,sc,라리가,언더오버,2,U 2.5,말라가,레반테,09.07(월) 01:30,"1.76,1.8",경기전
2026-09-05T00:45:11+00:00,2026,105,9669,sc,라리가,홀짝,2,,말라가,레반테,09.07(월) 01:30,"1.81,1.79",경기전
2026-09-05T00:45:11+00:00,2026,105,9715,sc,세리에A,승무패,3,,유벤투스,AC밀란,09.07(월) 03:45,"1.93,3.05,3.3",경기전
2026-09-05T00:45:11+00:00,2026,105,9716,sc,세리에A,핸디캡,3,H -1.0,유벤투스,AC밀란,09.07(월) 03:45,"3.8,3.35,1.7",경기전
2026-09-05T00:45:11+00:00,2026,105,9717,sc,세리에A,언더오버,2,U 2.5,유벤투스,AC밀란,09.07(월) 03:45,"1.63,1.91",경기전
2026-09-05T00:45:11+00:00,2026,105,9718,sc,세리에A,홀짝,2,,유벤투스,AC밀란,09.07(월) 03:45,"1.81,1.79",경기전
2026-09-05T00:45:11+00:00,2026,105,9719,sc,프리그1,승무패,3,,마르세유,파리FC,09.07(월) 03:45,"1.67,3.5,3.8",경기전
2026-09-05T00:45:11+00:00,2026,105,9720,sc,프리그1,핸디캡,3,H -1.0,마르세유,파리FC,09.07(월) 03:45,"2.9,3.45,1.94",경기전
2026-09-05T00:45:11+00:00,2026,105,9721,sc,프리그1,핸디캡,3,H -2.0,마르세유,파리FC,09.07(월) 03:45,"5.8,4.8,1.3",경기전
2026-09-05T00:45:11+00:00,2026,105,9722,sc,프리그1,핸디캡,2,H -3.5,마르세유,파리FC,09.07(월) 03:45,"6.84,1.01",경기전
2026-09-05T00:45:11+00:00,2026,105,9723,sc,프리그1,언더오버,2,U 2.5,마르세유,파리FC,09.07(월) 03:45,"2.05,1.54",경기전
2026-09-05T00:45:11+00:00,2026,105,9724,sc,프리그1,홀짝,2,,마르세유,파리FC,09.07(월) 03:45,"1.8,1.8",경기전
2026-09-05T00:45:11+00:00,2026,105,9729,sc,라리가,승무패,3,,에스파뇰,세비야,09.07(월) 04:00,"2.16,2.9,3.05",경기전
2026-09-05T00:45:11+00:00,2026,105,9730,sc,라리가,핸디캡,3,H -1.0,에스파뇰,세비야,09.07(월) 04:00,"4.6,3.45,1.56",경기전
2026-09-05T00:45:11+00:00,2026,105,9731,sc,라리가,언더오버,2,U 2.5,에스파뇰,세비야,09.07(월) 04:00,"1.49,2.21",경기전
2026-09-05T00:45:11+00:00,2026,105,9732,sc,라리가,홀짝,2,,에스파뇰,세비야,09.07(월) 04:00,"1.82,1.78",경기전
2026-09-05T01:12:16+00:00,2026,105,8705,bs,MLB,승패,2,,시카컵스 2,1 밀워브루,09.04(금) 08:15,"1.9,1.64",홈승
2026-09-05T01:12:16+00:00,2026,105,8706,bs,MLB,승①패,3,승①패,시카컵스 2,1 밀워브루,09.04(금) 08:15,"2.7,3.4,2.06",①
2026-09-05T01:12:16+00:00,2026,105,8707,bs,MLB,핸디캡,2,H +2.5,시카컵스 4.5,1 밀워브루,09.04(금) 08:15,"1.26,2.92",핸디승
2026-09-05T01:12:16+00:00,2026,105,8708,bs,MLB,언더오버,2,U 8.5,시카컵스,밀워브루,09.04(금) 08:15,"1.66,1.87",언더
2026-09-05T01:12:16+00:00,2026,105,8709,bs,MLB,홀짝,2,,시카컵스,밀워브루,09.04(금) 08:15,"1.58,2.09",홀
2026-09-05T01:12:16+00:00,2026,105,8710,bs,MLB,승패,2,,볼티오리 5,6 보스레드,09.04(금) 08:15,"1.93,1.62",홈패
2026-09-05T01:12:16+00:00,2026,105,8711,bs,MLB,승①패,3,승①패,볼티오리 5,6 보스레드,09.04(금) 08:15,"2.85,3.3,2.02",①
2026-09-05T01:12:16+00:00,2026,105,8712,bs,MLB,핸디캡,2,H +2.5,볼티오리 7.5,6 보스레드,09.04(금) 08:15,"1.32,2.64",핸디승
2026-09-05T01:12:16+00:00,2026,105,8713,bs,MLB,언더오버,2,U 8.5,볼티오리,보스레드,09.04(금) 08:15,"1.74,1.78",오버
2026-09-05T01:12:16+00:00,2026,105,8714,bs,MLB,홀짝,2,,볼티오리,보스레드,09.04(금) 08:15,"1.59,2.07",홀
2026-09-05T01:12:16+00:00,2026,105,8715,bs,MLB,승패,2,,캔자로얄 7,3 마이말린,09.04(금) 08:40,"1.8,1.72",홈승
2026-09-05T01:12:16+00:00,2026,105,8716,bs,MLB,승①패,3,승①패,캔자로얄 7,3 마이말린,09.04(금) 08:40,"2.6,3.35,2.14",홈승
2026-09-05T01:12:16+00:00,2026,105,8717,bs,MLB,핸디캡,2,H +2.5,캔자로얄 9.5,3 마이말린,09.04(금) 08:40,"1.27,2.87",핸디승
2026-09-05T01:12:16+00:00,2026,105,8718,bs,MLB,언더오버,2,U 9.5,캔자로얄,마이말린,09.04(금) 08:40,"1.61,1.94",오버
2026-09-05T01:12:16+00:00,2026,105,8719,bs,MLB,홀짝,2,,캔자로얄,마이말린,09.04(금) 08:40,"1.59,2.07",짝
2026-09-05T01:12:16+00:00,2026,105,8720,bs,MLB,승패,2,,텍사레인 6,0 탬파레이,09.04(금) 09:05,"1.93,1.62",홈승
2026-09-05T01:12:16+00:00,2026,105,8721,bs,MLB,승①패,3,승①패,텍사레인 6,0 탬파레이,09.04(금) 09:05,"2.9,3.2,2.03",홈승
2026-09-05T01:12:16+00:00,2026,105,8722,bs,MLB,핸디캡,2,H +2.5,텍사레인 8.5,0 탬파레이,09.04(금) 09:05,"1.31,2.68",핸디승
2026-09-05T01:12:16+00:00,2026,105,8723,bs,MLB,언더오버,2,U 7.5,텍사레인,탬파레이,09.04(금) 09:05,"1.78,1.74",언더
2026-09-05T01:12:16+00:00,2026,105,8724,bs,MLB,홀짝,2,,텍사레인,탬파레이,09.04(금) 09:05,"1.58,2.09",짝
2026-09-05T01:12:16+00:00,2026,105,8725,bs,MLB,승패,2,,시애매리 4,7 애슬레틱,09.04(금) 10:40,"1.34,2.56",홈패
2026-09-05T01:12:16+00:00,2026,105,8726,bs,MLB,승①패,3,승①패,시애매리 4,7 애슬레틱,09.04(금) 10:40,"1.8,3.35,3.4",홈패
2026-09-05T01:12:16+00:00,2026,105,8727,bs,MLB,핸디캡,2,H -2.5,시애매리 1.5,7 애슬레틱,09.04(금) 10:40,"2.37,1.4",핸디패
2026-09-05T01:12:16+00:00,2026,105,8728,bs,MLB,언더오버,2,U 7.5,시애매리,애슬레틱,09.04(금) 10:40,"1.79,1.73",오버
2026-09-05T01:12:16+00:00,2026,105,8729,bs,MLB,홀짝,2,,시애매리,애슬레틱,09.04(금) 10:40,"1.59,2.07",홀
2026-09-05T01:12:16+00:00,2026,105,8730,bs,MLB,승패,2,,LA다저스 3,2 세인카디,09.04(금) 11:10,"1.24,3.03",홈승
2026-09-05T01:12:16+00:00,2026,105,8731,bs,MLB,승①패,3,승①패,LA다저스 3,2 세인카디,09.04(금) 11:10,"1.58,3.65,4.1",①
2026-09-05T01:12:16+00:00,2026,105,8732,bs,MLB,핸디캡,2,H -2.5,LA다저스 0.5,2 세인카디,09.04(금) 11:10,"1.94,1.61",핸디패
2026-09-05T01:12:16+00:00,2026,105,8733,bs,MLB,언더오버,2,U 7.5,LA다저스,세인카디,09.04(금) 11:10,"1.89,1.65",언더
2026-09-05T01:12:16+00:00,2026,105,8734,bs,MLB,홀짝,2,,LA다저스,세인카디,09.04(금) 11:10,"1.61,2.04",홀
2026-09-05T01:12:16+00:00,2026,105,8735,bs,MLB,전반승무패,3,h(전반),LA다저스 1,2 세인카디,09.04(금) 11:10,"1.42,5.8,3.65",홈패
2026-09-05T01:12:16+00:00,2026,105,8736,bs,MLB,전반핸디캡,2,h H -1.5,LA다저스 -0.5,2 세인카디,09.04(금) 11:10,"1.89,1.65",핸디패
2026-09-05T01:12:16+00:00,2026,105,8737,bs,MLB,전반언더오버,2,h U 4.5,LA다저스,세인카디,09.04(금) 11:10,"1.63,1.91",언더
2026-09-05T01:12:16+00:00,2026,105,8738,vl,남배아선,승패,2,,한국M 3,1 대만M,09.04(금) 16:00,"1.16,3.65",홈승
2026-09-05T01:12:16+00:00,2026,105,8739,vl,남배아선,핸디캡,2,H -1.5,한국M 1.5,1 대만M,09.04(금) 16:00,"1.41,2.34",핸디승
2026-09-05T01:12:16+00:00,2026,105,8740,vl,남배아선,언더오버,2,U 179.5,한국M,대만M,09.04(금) 16:00,"1.76,1.76",오버
2026-09-05T01:12:16+00:00,2026,105,8741,vl,남배아선,홀짝,2,,한국M,대만M,09.04(금) 16:00,"1.8,1.8",짝
2026-09-05T01:12:16+00:00,2026,105,8742,bs,NPB,승패,2,,야쿠르트 1,1 주니치,09.04(금) 18:00,"1.0,1.0",무승부
2026-09-05T01:12:16+00:00,2026,105,8743,bs,NPB,승①패,3,승①패,야쿠르트 1,1 주니치,09.04(금) 18:00,"2.85,2.95,2.18",①
2026-09-05T01:12:16+00:00,2026,105,8744,bs,NPB,핸디캡,2,H +2.5,야쿠르트 3.5,1 주니치,09.04(금) 18:00,"1.26,2.92",핸디승
2026-09-05T01:12:16+00:00,2026,105,8745,bs,NPB,언더오버,2,U 7.5,야쿠르트,주니치,09.04(금) 18:00,"1.66,1.87",언더
2026-09-05T01:12:16+00:00,2026,105,8746,bs,NPB,홀짝,2,,야쿠르트,주니치,09.04(금) 18:00,"1.64,1.99",짝
2026-09-05T01:12:16+00:00,2026,105,8747,bs,NPB,승패,2,,히로카프 1,3 요미우리,09.04(금) 18:00,"1.91,1.63",홈패
2026-09-05T01:12:16+00:00,2026,105,8748,bs,NPB,승①패,3,승①패,히로카프 1,3 요미우리,09.04(금) 18:00,"3.1,2.7,2.19",홈패
2026-09-05T01:12:16+00:00,2026,105,8749,bs,NPB,핸디캡,2,H +2.5,히로카프 3.5,3 요미우리,09.04(금) 18:00,"1.24,3.03",핸디승
2026-09-05T01:12:16+00:00,2026,105,8750,bs,NPB,언더오버,2,U 6.5,히로카프,요미우리,09.04(금) 18:00,"1.74,1.78",언더
2026-09-05T01:12:16+00:00,2026,105,8751,bs,NPB,홀짝,2,,히로카프,요미우리,09.04(금) 18:00,"1.64,1.99",짝
2026-09-05T01:12:16+00:00,2026,105,8752,bs,NPB,승패,2,,라쿠텐 2,5 닛폰햄,09.04(금) 18:00,"2.31,1.42",홈패
2026-09-05T01:12:16+00:00,2026,105,8753,bs,NPB,승①패,3,승①패,라쿠텐 2,5 닛폰햄,09.04(금) 18:00,"3.8,2.85,1.87",홈패
2026-09-05T01:12:16+00:00,2026,105,8754,bs,NPB,핸디캡,2,H +2.5,라쿠텐 4.5,5 닛폰햄,09.04(금) 18:00,"1.32,2.64",핸디패
2026-09-05T01:12:16+00:00,2026,105,8755,bs,NPB,언더오버,2,U 6.5,라쿠텐,닛폰햄,09.04(금) 18:00,"1.76,1.76",오버
2026-09-05T01:12:16+00:00,2026,105,8756,bs,NPB,홀짝,2,,라쿠텐,닛폰햄,09.04(금) 18:00,"1.65,1.98",홀
2026-09-05T01:12:16+00:00,2026,105,8757,bs,NPB,승패,2,,오릭스 3,1 지바롯데,09.04(금) 18:00,"1.82,1.7",홈승
2026-09-05T01:12:16+00:00,2026,105,8758,bs,NPB,승①패,3,승①패,오릭스 3,1 지바롯데,09.04(금) 18:00,"2.85,2.8,2.27",홈승
2026-09-05T01:12:16+00:00,2026,105,8759,bs,NPB,핸디캡,2,H +2.5,오릭스 5.5,1 지바롯데,09.04(금) 18:00,"1.22,3.16",핸디승
2026-09-05T01:12:16+00:00,2026,105,8760,bs,NPB,언더오버,2,U 6.5,오릭스,지바롯데,09.04(금) 18:00,"1.96,1.6",언더
2026-09-05T01:12:16+00:00,2026,105,8761,bs,NPB,홀짝,2,,오릭스,지바롯데,09.04(금) 18:00,"1.64,1.99",짝
2026-09-05T01:12:16+00:00,2026,105,8762,bs,NPB,승패,2,,소프트뱅 8,2 세이부,09.04(금) 18:00,"1.29,2.77",홈승
2026-09-05T01:12:16+00:00,2026,105,8763,bs,NPB,승①패,3,승①패,소프트뱅 8,2 세이부,09.04(금) 18:00,"1.75,3.1,3.9",홈승
2026-09-05T01:12:16+00:00,2026,105,8764,bs,NPB,핸디캡,2,H -2.5,소프트뱅 5.5,2 세이부,09.04(금) 18:00,"2.31,1.42",핸디승
2026-09-05T01:12:16+00:00,2026,105,8765,bs,NPB,언더오버,2,U 7.5,소프트뱅,세이부,09.04(금) 18:00,"1.6,1.96",오버
2026-09-05T01:12:16+00:00,2026,105,8766,bs,NPB,홀짝,2,,소프트뱅,세이부,09.04(금) 18:00,"1.65,1.98",짝
2026-09-05T01:12:16+00:00,2026,105,8767,bs,KBO,승패,2,,LG 4,3 삼성,09.04(금) 18:30,"1.82,1.7",홈승
2026-09-05T01:12:16+00:00,2026,105,8768,bs,KBO,승①패,3,승①패,LG 4,3 삼성,09.04(금) 18:30,"2.6,3.3,2.17",①
2026-09-05T01:12:16+00:00,2026,105,8769,bs,KBO,핸디캡,2,H +2.5,LG 6.5,3 삼성,09.04(금) 18:30,"1.28,2.82",핸디승
2026-09-05T01:12:16+00:00,2026,105,8770,bs,KBO,언더오버,2,U 9.5,LG,삼성,09.04(금) 18:30,"1.62,1.93",언더
2026-09-05T01:12:16+00:00,2026,105,8771,bs,KBO,홀짝,2,,LG,삼성,09.04(금) 18:30,"1.62,2.03",홀
2026-09-05T01:12:16+00:00,2026,105,8772,bs,KBO,전반승무패,3,h(전반),LG 0,2 삼성,09.04(금) 18:30,"2.2,4.85,2.05",홈패
2026-09-05T01:12:16+00:00,2026,105,8773,bs,KBO,전반핸디캡,2,h H +1.5,LG 1.5,2 삼성,09.04(금) 18:30,"1.29,2.77",핸디패
2026-09-05T01:12:16+00:00,2026,105,8774,bs,KBO,전반언더오버,2,h U 4.5,LG,삼성,09.04(금) 18:30,"1.66,1.87",언더
2026-09-05T01:12:16+00:00,2026,105,8775,bs,KBO,승패,2,,롯데 4,14 한화,09.04(금) 18:30,"1.59,1.97",홈패
2026-09-05T01:12:16+00:00,2026,105,8776,bs,KBO,승①패,3,승①패,롯데 4,14 한화,09.04(금) 18:30,"2.18,3.45,2.5",홈패
2026-09-05T01:12:16+00:00,2026,105,8777,bs,KBO,핸디캡,2,H -2.5,롯데 1.5,14 한화,09.04(금) 18:30,"2.82,1.28",핸디패
2026-09-05T01:12:16+00:00,2026,105,8778,bs,KBO,언더오버,2,U 9.5,롯데,한화,09.04(금) 18:30,"2.0,1.57",오버
2026-09-05T01:12:16+00:00,2026,105,8779,bs,KBO,홀짝,2,,롯데,한화,09.04(금) 18:30,"1.61,2.04",짝
2026-09-05T01:12:16+00:00,2026,105,8780,bs,KBO,전반승무패,3,h(전반),롯데 3,4 한화,09.04(금) 18:30,"1.88,6.6,2.15",홈패
2026-09-05T01:12:16+00:00,2026,105,8781,bs,KBO,전반핸디캡,2,h H -1.5,롯데 1.5,4 한화,09.04(금) 18:30,"2.53,1.35",핸디패
2026-09-05T01:12:16+00:00,2026,105,8782,bs,KBO,전반언더오버,2,h U 5.5,롯데,한화,09.04(금) 18:30,"1.73,1.79",오버
2026-09-05T01:12:16+00:00,2026,105,8783,bs,KBO,승패,2,,SSG 4,0 두산,09.04(금) 18:30,"1.47,2.19",홈승
2026-09-05T01:12:16+00:00,2026,105,8784,bs,KBO,승①패,3,승①패,SSG 4,0 두산,09.04(금) 18:30,"1.97,3.6,2.75",홈승
2026-09-05T01:12:16+00:00,2026,105,8785,bs,KBO,핸디캡,2,H -2.5,SSG 1.5,0 두산,09.04(금) 18:30,"2.4,1.39",핸디승
2026-09-05T01:12:16+00:00,2026,105,8786,bs,KBO,언더오버,2,U 10.5,SSG,두산,09.04(금) 18:30,"1.64,1.9",언더
2026-09-05T01:12:16+00:00,2026,105,8787,bs,KBO,홀짝,2,,SSG,두산,09.04(금) 18:30,"1.61,2.04",짝
2026-09-05T01:12:16+00:00,2026,105,8788,bs,KBO,전반승무패,3,h(전반),SSG 3,0 두산,09.04(금) 18:30,"1.6,6.8,2.65",홈승
2026-09-05T01:12:16+00:00,2026,105,8789,bs,KBO,전반핸디캡,2,h H -1.5,SSG 1.5,0 두산,09.04(금) 18:30,"2.17,1.48",핸디승
2026-09-05T01:12:16+00:00,2026,105,8790,bs,KBO,전반언더오버,2,h U 5.5,SSG,두산,09.04(금) 18:30,"1.82,1.7",언더
2026-09-05T01:12:16+00:00,2026,105,8791,bs,KBO,승패,2,,KIA 4,3 KT,09.04(금) 18:30,"1.47,2.19",홈승
2026-09-05T01:12:16+00:00,2026,105,8792,bs,KBO,승①패,3,승①패,KIA 4,3 KT,09.04(금) 18:30,"1.91,3.55,2.9",①
2026-09-05T01:12:16+00:00,2026,105,8793,bs,KBO,핸디캡,2,H -2.5,KIA 1.5,3 KT,09.04(금) 18:30,"2.56,1.34",핸디패
2026-09-05T01:12:16+00:00,2026,105,8794,bs,KBO,언더오버,2,U 9.5,KIA,KT,09.04(금) 18:30,"1.76,1.76",언더
2026-09-05T01:12:16+00:00,2026,105,8795,bs,KBO,홀짝,2,,KIA,KT,09.04(금) 18:30,"1.62,2.03",홀
2026-09-05T01:12:16+00:00,2026,105,8796,bs,KBO,전반승무패,3,h(전반),KIA 0,0 KT,09.04(금) 18:30,"1.71,6.4,2.45",무승부
2026-09-05T01:12:16+00:00,2026,105,8797,bs,KBO,전반핸디캡,2,h H -1.5,KIA -1.5,0 KT,09.04(금) 18:30,"2.15,1.49",핸디패
2026-09-05T01:12:16+00:00,2026,105,8798,bs,KBO,전반언더오버,2,h U 5.5,KIA,KT,09.04(금) 18:30,"1.64,1.9",언더
2026-09-05T01:12:16+00:00,2026,105,8799,bs,KBO,승패,2,,키움 1,6 NC,09.04(금) 18:30,"2.13,1.5",홈패
2026-09-05T01:12:16+00:00,2026,105,8800,bs,KBO,승①패,3,승①패,키움 1,6 NC,09.04(금) 18:30,"3.25,3.15,1.91",홈패
2026-09-05T01:12:16+00:00,2026,105,8801,bs,KBO,핸디캡,2,H +2.5,키움 3.5,6 NC,09.04(금) 18:30,"1.33,2.6",핸디패
2026-09-05T01:12:16+00:00,2026,105,8802,bs,KBO,언더오버,2,U 7.5,키움,NC,09.04(금) 18:30,"1.67,1.86",언더
2026-09-05T01:12:16+00:00,2026,105,8803,bs,KBO,홀짝,2,,키움,NC,09.04(금) 18:30,"1.63,2.01",홀
2026-09-05T01:12:16+00:00,2026,105,8804,bs,KBO,전반승무패,3,h(전반),키움 1,4 NC,09.04(금) 18:30,"2.5,4.8,1.85",홈패
2026-09-05T01:12:16+00:00,2026,105,8805,bs,KBO,전반핸디캡,2,h H +1.5,키움 2.5,4 NC,09.04(금) 18:30,"1.33,2.6",핸디패
2026-09-05T01:12:16+00:00,2026,105,8806,bs,KBO,전반언더오버,2,h U 3.5,키움,NC,09.04(금) 18:30,"1.76,1.76",오버
2026-09-05T01:12:16+00:00,2026,105,8807,bk,여농월드,승패,2,,일본W 102,97 말리W,09.04(금) 18:30,"1.04,5.72",홈승
2026-09-05T01:12:16+00:00,2026,105,8808,bk,여농월드,핸디캡,2,H -13.5,일본W 88.5,97 말리W,09.04(금) 18:30,"1.75,1.77",핸디패
2026-09-05T01:12:16+00:00,2026,105,8809,bk,여농월드,언더오버,2,U 148.5,일본W,말리W,09.04(금) 18:30,"1.79,1.73",오버
2026-09-05T01:12:16+00:00,2026,105,8810,bk,여농월드,홀짝,2,,일본W,말리W,09.04(금) 18:30,"1.8,1.8",홀
2026-09-05T01:12:16+00:00,2026,105,8811,bk,여농월드,승패,2,,호주W 70,54 푸에르W,09.04(금) 18:30,"1.0,1.0",홈승
2026-09-05T01:12:16+00:00,2026,105,8812,bk,여농월드,핸디캡,2,H -24.5,호주W 45.5,54 푸에르W,09.04(금) 18:30,"1.77,1.75",핸디패
2026-09-05T01:12:16+00:00,2026,105,8813,bk,여농월드,언더오버,2,U 145.5,호주W,푸에르W,09.04(금) 18:30,"1.77,1.75",언더
2026-09-05T01:12:16+00:00,2026,105,8814,bk,여농월드,홀짝,2,,호주W,푸에르W,09.04(금) 18:30,"1.8,1.8",짝
2026-09-05T01:12:16+00:00,2026,105,8815,sc,K리그2,승무패,3,,충북청주 0,2 서울이랜,09.04(금) 19:30,"3.9,3.2,1.72",홈패
2026-09-05T01:12:16+00:00,2026,105,8816,sc,K리그2,핸디캡,3,H +1.0,충북청주 1,2 서울이랜,09.04(금) 19:30,"1.99,3.2,3.0",핸디패
2026-09-05T01:12:16+00:00,2026,105,8817,sc,K리그2,언더오버,2,U 2.5,충북청주,서울이랜,09.04(금) 19:30,"2.15,1.49",언더
2026-09-05T01:12:16+00:00,2026,105,8818,sc,K리그2,홀짝,2,,충북청주,서울이랜,09.04(금) 19:30,"1.81,1.79",짝
2026-09-05T01:12:16+00:00,2026,105,8819,sc,K리그2,승무패,3,,파주프런 0,0 대구FC,09.04(금) 19:30,"4.65,3.75,1.5",무승부
2026-09-05T01:12:16+00:00,2026,105,8820,sc,K리그2,핸디캡,3,H +1.0,파주프런 1,0 대구FC,09.04(금) 19:30,"2.29,3.2,2.5",핸디승
2026-09-05T01:12:16+00:00,2026,105,8821,sc,K리그2,언더오버,2,U 2.5,파주프런,대구FC,09.04(금) 19:30,"2.13,1.5",언더
2026-09-05T01:12:16+00:00,2026,105,8822,sc,K리그2,홀짝,2,,파주프런,대구FC,09.04(금) 19:30,"1.8,1.8",짝
2026-09-05T01:12:16+00:00,2026,105,8823,bk,여농월드,승패,2,,미국W 94,61 중국W,09.04(금) 21:15,"1.0,1.0",홈승
2026-09-05T01:12:16+00:00,2026,105,8824,bk,여농월드,핸디캡,2,H -29.5,미국W 64.5,61 중국W,09.04(금) 21:15,"1.81,1.71",핸디승
2026-09-05T01:12:16+00:00,2026,105,8825,bk,여농월드,언더오버,2,U 159.5,미국W,중국W,09.04(금) 21:15,"1.77,1.75",언더
2026-09-05T01:12:16+00:00,2026,105,8826,bk,여농월드,홀짝,2,,미국W,중국W,09.04(금) 21:15,"1.8,1.8",홀
2026-09-05T01:12:16+00:00,2026,105,8827,bk,여농월드,승패,2,,한국W 99,81 나이지W,09.04(금) 21:30,"3.75,1.15",홈승
2026-09-05T01:12:16+00:00,2026,105,8828,bk,여농월드,핸디캡,2,H +10.5,한국W 109.5,81 나이지W,09.04(금) 21:30,"1.75,1.77",핸디승
2026-09-05T01:12:16+00:00,2026,105,8829,bk,여농월드,언더오버,2,U 143.5,한국W,나이지W,09.04(금) 21:30,"1.76,1.76",오버
2026-09-05T01:12:16+00:00,2026,105,8830,bk,여농월드,홀짝,2,,한국W,나이지W,09.04(금) 21:30,"1.8,1.8",짝
2026-09-05T01:12:16+00:00,2026,105,8831,bk,여농월드,승패,2,,벨기에W 89,75 튀르키W,09.05(토) 00:30,"1.07,4.96",홈승
2026-09-05T01:12:16+00:00,2026,105,8832,bk,여농월드,핸디캡,2,H -12.5,벨기에W 76.5,75 튀르키W,09.05(토) 00:30,"1.75,1.77",핸디승
2026-09-05T01:12:16+00:00,2026,105,8833,bk,여농월드,언더오버,2,U 146.5,벨기에W,튀르키W,09.05(토) 00:30,"1.77,1.75",오버
2026-09-05T01:12:16+00:00,2026,105,8834,bk,여농월드,홀짝,2,,벨기에W,튀르키W,09.05(토) 00:30,"1.8,1.8",짝
2026-09-05T01:12:16+00:00,2026,105,8835,bk,여농월드,승패,2,,스페인W 83,53 독일W,09.05(토) 00:45,"1.27,2.87",홈승
2026-09-05T01:12:16+00:00,2026,105,8836,bk,여농월드,핸디캡,2,H -7.5,스페인W 75.5,53 독일W,09.05(토) 00:45,"1.72,1.8",핸디승
2026-09-05T01:12:16+00:00,2026,105,8837,bk,여농월드,언더오버,2,U 139.5,스페인W,독일W,09.05(토) 00:45,"1.74,1.78",언더
2026-09-05T01:12:16+00:00,2026,105,8838,bk,여농월드,홀짝,2,,스페인W,독일W,09.05(토) 00:45,"1.8,1.8",짝
2026-09-05T01:12:16+00:00,2026,105,8839,sc,프리그1,승무패,3,,리옹 3,1 AJ오세르,09.05(토) 02:00,"1.33,4.15,6.4",홈승
2026-09-05T01:12:16+00:00,2026,105,8840,sc,프리그1,핸디캡,3,H -1.0,리옹 2,1 AJ오세르,09.05(토) 02:00,"2.06,3.2,2.85",핸디승
2026-09-05T01:12:16+00:00,2026,105,8841,sc,프리그1,언더오버,2,U 2.5,리옹,AJ오세르,09.05(토) 02:00,"2.22,1.46",오버
2026-09-05T01:12:16+00:00,2026,105,8842,sc,프리그1,홀짝,2,,리옹,AJ오세르,09.05(토) 02:00,"1.81,1.79",짝
2026-09-05T01:12:16+00:00,2026,105,8843,sc,에레디비,승무패,3,,스파로테 2,2 즈볼러,09.05(토) 03:00,"1.78,3.5,3.3",무승부
2026-09-05T01:12:16+00:00,2026,105,8844,sc,에레디비,핸디캡,3,H -1.0,스파로테 1,2 즈볼러,09.05(토) 03:00,"3.2,3.55,1.8",핸디패
2026-09-05T01:12:16+00:00,2026,105,8845,sc,에레디비,언더오버,2,U 3.5,스파로테,즈볼러,09.05(토) 03:00,"1.49,2.15",오버
2026-09-05T01:12:16+00:00,2026,105,8846,sc,에레디비,홀짝,2,,스파로테,즈볼러,09.05(토) 03:00,"1.8,1.8",짝
2026-09-05T01:12:16+00:00,2026,105,8847,bs,MLB,승패,2,,클리가디 7,6 디트타이,09.05(토) 03:10,"1.65,1.89",홈승
2026-09-05T01:12:16+00:00,2026,105,8848,bs,MLB,승①패,3,승①패,클리가디 7,6 디트타이,09.05(토) 03:10,"2.35,3.25,2.4",①
2026-09-05T01:12:16+00:00,2026,105,8849,bs,MLB,핸디캡,2,H -2.5,클리가디 4.5,6 디트타이,09.05(토) 03:10,"3.23,1.21",핸디패
2026-09-05T01:12:16+00:00,2026,105,8850,bs,MLB,언더오버,2,U 8.5,클리가디,디트타이,09.05(토) 03:10,"1.69,1.84",오버
2026-09-05T01:12:16+00:00,2026,105,8851,bs,MLB,홀짝,2,,클리가디,디트타이,09.05(토) 03:10,"1.59,2.07",홀
2026-09-05T01:12:16+00:00,2026,105,8852,bk,여농월드,승패,2,,체코W 54,63 이탈리W,09.05(토) 03:15,"4.96,1.07",홈패
2026-09-05T01:12:16+00:00,2026,105,8853,bk,여농월드,핸디캡,2,H +12.5,체코W 66.5,63 이탈리W,09.05(토) 03:15,"1.77,1.75",핸디승
2026-09-05T01:12:16+00:00,2026,105,8854,bk,여농월드,언더오버,2,U 138.5,체코W,이탈리W,09.05(토) 03:15,"1.74,1.78",언더
2026-09-05T01:12:16+00:00,2026,105,8855,bk,여농월드,홀짝,2,,체코W,이탈리W,09.05(토) 03:15,"1.8,1.8",홀
2026-09-05T01:12:16+00:00,2026,105,8856,sc,분데스리,승무패,3,,슈투트가 4,1 쾰른,09.05(토) 03:30,"1.43,4.25,4.95",홈승
2026-09-05T01:12:16+00:00,2026,105,8857,sc,분데스리,핸디캡,3,H -1.0,슈투트가 3,1 쾰른,09.05(토) 03:30,"2.16,3.6,2.45",핸디승
2026-09-05T01:12:16+00:00,2026,105,8858,sc,분데스리,핸디캡,3,H -2.0,슈투트가 2,1 쾰른,09.05(토) 03:30,"3.6,4.25,1.57",핸디승
2026-09-05T01:12:16+00:00,2026,105,8859,sc,분데스리,핸디캡,2,H -3.5,슈투트가 0.5,1 쾰른,09.05(토) 03:30,"6.84,1.01",핸디패
2026-09-05T01:12:16+00:00,2026,105,8860,sc,분데스리,언더오버,2,U 3.5,슈투트가,쾰른,09.05(토) 03:30,"1.74,1.82",오버
2026-09-05T01:12:16+00:00,2026,105,8861,sc,분데스리,홀짝,2,,슈투트가,쾰른,09.05(토) 03:30,"1.8,1.8",홀
2026-09-05T01:12:16+00:00,2026,105,8862,sc,세리에A,승무패,3,,제노아 1,4 코모1907,09.05(토) 03:45,"4.55,3.2,1.62",홈패
2026-09-05T01:12:16+00:00,2026,105,8863,sc,세리에A,핸디캡,3,H +1.0,제노아 2,4 코모1907,09.05(토) 03:45,"2.03,3.05,3.05",핸디패
2026-09-05T01:12:16+00:00,2026,105,8864,sc,세리에A,언더오버,2,U 2.5,제노아,코모1907,09.05(토) 03:45,"1.63,1.91",오버
2026-09-05T01:12:16+00:00,2026,105,8865,sc,세리에A,홀짝,2,,제노아,코모1907,09.05(토) 03:45,"1.82,1.78",홀
2026-09-05T01:12:16+00:00,2026,105,8866,sc,EPL,승무패,3,,입스위치 0,2 리버풀,09.05(토) 04:00,"5.6,4.55,1.38",홈패
2026-09-05T01:12:16+00:00,2026,105,8867,sc,EPL,핸디캡,3,H +1.0,입스위치 1,2 리버풀,09.05(토) 04:00,"2.65,3.75,2.03",핸디패
2026-09-05T01:12:16+00:00,2026,105,8868,sc,EPL,핸디캡,3,H +2.0,입스위치 2,2 리버풀,09.05(토) 04:00,"1.63,4.0,3.65",핸디무
2026-09-05T01:12:16+00:00,2026,105,8869,sc,EPL,핸디캡,2,H +3.5,입스위치 3.5,2 리버풀,09.05(토) 04:00,"1.01,6.84",핸디승
2026-09-05T01:12:16+00:00,2026,105,8870,sc,EPL,언더오버,2,U 3.5,입스위치,리버풀,09.05(토) 04:00,"1.75,1.81",언더
2026-09-05T01:12:16+00:00,2026,105,8871,sc,EPL,홀짝,2,,입스위치,리버풀,09.05(토) 04:00,"1.8,1.8",짝
2026-09-05T01:12:16+00:00,2026,105,8872,sc,라리가,승무패,3,,베티스 1,0 레알마드,09.05(토) 04:00,"6.2,4.6,1.32",홈승
2026-09-05T01:12:16+00:00,2026,105,8873,sc,라리가,핸디캡,3,H +1.0,베티스 2,0 레알마드,09.05(토) 04:00,"2.85,3.65,1.91",핸디승
2026-09-05T01:12:16+00:00,2026,105,8874,sc,라리가,언더오버,2,U 3.5,베티스,레알마드,09.05(토) 04:00,"1.76,1.8",언더
2026-09-05T01:12:16+00:00,2026,105,8875,sc,라리가,홀짝,2,,베티스,레알마드,09.05(토) 04:00,"1.8,1.8",홀
2026-09-05T01:12:16+00:00,2026,105,8876,bk,여농월드,승패,2,,헝가리W 53,99 프랑스W,09.05(토) 04:00,"1.0,1.0",홈패
2026-09-05T01:12:16+00:00,2026,105,8877,bk,여농월드,핸디캡,2,H +21.5,헝가리W 74.5,99 프랑스W,09.05(토) 04:00,"1.76,1.76",핸디패
2026-09-05T01:12:16+00:00,2026,105,8878,bk,여농월드,언더오버,2,U 146.5,헝가리W,프랑스W,09.05(토) 04:00,"1.79,1.73",오버
2026-09-05T01:12:16+00:00,2026,105,8879,bk,여농월드,홀짝,2,,헝가리W,프랑스W,09.05(토) 04:00,"1.8,1.8",짝
2026-09-05T01:12:16+00:00,2026,105,8880,sc,프리그1,승무패,3,,PSG 1,2 AS모나코,09.05(토) 04:05,"1.25,4.75,7.2",홈패
2026-09-05T01:12:16+00:00,2026,105,8881,sc,프리그1,핸디캡,3,H -1.0,PSG 0,2 AS모나코,09.05(토) 04:05,"1.8,3.7,3.1",핸디패
2026-09-05T01:12:16+00:00,2026,105,8882,sc,프리그1,핸디캡,3,H -2.0,PSG -1,2 AS모나코,09.05(토) 04:05,"2.85,3.85,1.86",핸디패
2026-09-05T01:12:16+00:00,2026,105,8883,sc,프리그1,핸디캡,2,H -3.5,PSG -2.5,2 AS모나코,09.05(토) 04:05,"5.18,1.06",핸디패
2026-09-05T01:12:16+00:00,2026,105,8884,sc,프리그1,언더오버,2,U 3.5,PSG,AS모나코,09.05(토) 04:05,"1.77,1.75",언더
2026-09-05T01:12:16+00:00,2026,105,8885,sc,프리그1,홀짝,2,,PSG,AS모나코,09.05(토) 04:05,"1.8,1.8",홀
2026-09-05T01:12:16+00:00,2026,105,8886,bs,MLB,승패,2,,신시레즈 6,10 밀워브루,09.05(토) 07:10,"2.11,1.51",6회말
2026-09-05T01:12:16+00:00,2026,105,8887,bs,MLB,승①패,3,승①패,신시레즈 6,10 밀워브루,09.05(토) 07:10,"3.2,3.45,1.83",6회말
2026-09-05T01:12:16+00:00,2026,105,8888,bs,MLB,핸디캡,2,H +2.5,신시레즈 8.5,10 밀워브루,09.05(토) 07:10,"1.4,2.37",6회말
2026-09-05T01:12:16+00:00,2026,105,8889,bs,MLB,언더오버,2,U 9.5,신시레즈,밀워브루,09.05(토) 07:10,"1.76,1.76",6회말
2026-09-05T01:12:16+00:00,2026,105,8890,bs,MLB,홀짝,2,,신시레즈,밀워브루,09.05(토) 07:10,"1.6,2.06",6회말
2026-09-05T01:12:16+00:00,2026,105,8891,bs,MLB,승패,2,,필라필리 2,5 애틀브레,09.05(토) 07:40,"1.71,1.81",9회말
2026-09-05T01:12:16+00:00,2026,105,8892,bs,MLB,승①패,3,승①패,필라필리 2,5 애틀브레,09.05(토) 07:40,"2.5,3.1,2.34",9회말
2026-09-05T01:12:16+00:00,2026,105,8893,bs,MLB,핸디캡,2,H -2.5,필라필리 -0.5,5 애틀브레,09.05(토) 07:40,"3.55,1.17",9회말
2026-09-05T01:12:16+00:00,2026,105,8894,bs,MLB,언더오버,2,U 6.5,필라필리,애틀브레,09.05(토) 07:40,"1.82,1.7",9회말
2026-09-05T01:12:16+00:00,2026,105,8895,bs,MLB,홀짝,2,,필라필리,애틀브레,09.05(토) 07:40,"1.57,2.11",9회말
2026-09-05T01:12:16+00:00,2026,105,8896,bs,MLB,승패,2,,피츠파이 1,0 LA에인절,09.05(토) 07:45,"1.41,2.34",8회초
2026-09-05T01:12:16+00:00,2026,105,8897,bs,MLB,승①패,3,승①패,피츠파이 1,0 LA에인절,09.05(토) 07:45,"1.88,3.45,3.05",8회초
2026-09-05T01:12:16+00:00,2026,105,8898,bs,MLB,핸디캡,2,H -2.5,피츠파이 -1.5,0 LA에인절,09.05(토) 07:45,"2.49,1.36",8회초
2026-09-05T01:12:16+00:00,2026,105,8899,bs,MLB,언더오버,2,U 8.5,피츠파이,LA에인절,09.05(토) 07:45,"1.72,1.8",8회초
2026-09-05T01:12:16+00:00,2026,105,8900,bs,MLB,홀짝,2,,피츠파이,LA에인절,09.05(토) 07:45,"1.59,2.07",8회초
2026-09-05T01:12:16+00:00,2026,105,8901,bs,MLB,승패,2,,볼티오리 0,1 보스레드,09.05(토) 08:05,"1.82,1.7",8회초
2026-09-05T01:12:16+00:00,2026,105,8902,bs,MLB,승①패,3,승①패,볼티오리 0,1 보스레드,09.05(토) 08:05,"2.65,3.25,2.15",8회초
2026-09-05T01:12:16+00:00,2026,105,8903,bs,MLB,핸디캡,2,H +2.5,볼티오리 2.5,1 보스레드,09.05(토) 08:05,"1.27,2.87",8회초
2026-09-05T01:12:16+00:00,2026,105,8904,bs,MLB,언더오버,2,U 8.5,볼티오리,보스레드,09.05(토) 08:05,"1.69,1.84",8회초
2026-09-05T01:12:16+00:00,2026,105,8905,bs,MLB,홀짝,2,,볼티오리,보스레드,09.05(토) 08:05,"1.59,2.07",8회초
2026-09-05T01:12:16+00:00,2026,105,8906,bs,MLB,승패,2,,뉴욕메츠 9,3 샌프자이,09.05(토) 08:10,"1.45,2.24",7회초
2026-09-05T01:12:16+00:00,2026,105,8907,bs,MLB,승①패,3,승①패,뉴욕메츠 9,3 샌프자이,09.05(토) 08:10,"1.98,3.35,2.9",7회초
2026-09-05T01:12:16+00:00,2026,105,8908,bs,MLB,핸디캡,2,H -2.5,뉴욕메츠 6.5,3 샌프자이,09.05(토) 08:10,"2.64,1.32",7회초
2026-09-05T01:12:16+00:00,2026,105,8909,bs,MLB,언더오버,2,U 7.5,뉴욕메츠,샌프자이,09.05(토) 08:10,"1.91,1.63",7회초
2026-09-05T01:12:16+00:00,2026,105,8910,bs,MLB,홀짝,2,,뉴욕메츠,샌프자이,09.05(토) 08:10,"1.59,2.07",7회초
2026-09-05T01:12:16+00:00,2026,105,8911,bs,MLB,승패,2,,마이말린 0,5 시카컵스,09.05(토) 08:10,"2.05,1.54",7회초
2026-09-05T01:12:16+00:00,2026,105,8912,bs,MLB,승①패,3,승①패,마이말린 0,5 시카컵스,09.05(토) 08:10,"2.95,3.4,1.94",7회초
2026-09-05T01:12:16+00:00,2026,105,8913,bs,MLB,핸디캡,2,H +2.5,마이말린 2.5,5 시카컵스,09.05(토) 08:10,"1.38,2.43",7회초
2026-09-05T01:12:16+00:00,2026,105,8914,bs,MLB,언더오버,2,U 7.5,마이말린,시카컵스,09.05(토) 08:10,"1.82,1.7",7회초
2026-09-05T01:12:16+00:00,2026,105,8915,bs,MLB,홀짝,2,,마이말린,시카컵스,09.05(토) 08:10,"1.58,2.09",7회초
2026-09-05T01:12:16+00:00,2026,105,8916,sc,MLS,승무패,3,,뉴욕시티 0,0 내슈빌SC,09.05(토) 08:30,"2.8,3.25,2.06",74'
2026-09-05T01:12:16+00:00,2026,105,8917,sc,MLS,핸디캡,3,H +1.0,뉴욕시티 1,0 내슈빌SC,09.05(토) 08:30,"1.6,3.65,4.0",74'
2026-09-05T01:12:16+00:00,2026,105,8918,sc,MLS,언더오버,2,U 2.5,뉴욕시티,내슈빌SC,09.05(토) 08:30,"1.91,1.63",74'
2026-09-05T01:12:16+00:00,2026,105,8919,sc,MLS,홀짝,2,,뉴욕시티,내슈빌SC,09.05(토) 08:30,"1.81,1.79",74'
2026-09-05T01:12:16+00:00,2026,105,8920,bs,MLB,승패,2,,시카화이 4,0 미네트윈,09.05(토) 08:40,"1.68,1.85",6회초
2026-09-05T01:12:16+00:00,2026,105,8921,bs,MLB,승①패,3,승①패,시카화이 4,0 미네트윈,09.05(토) 08:40,"2.35,3.4,2.33",6회초
2026-09-05T01:12:16+00:00,2026,105,8922,bs,MLB,핸디캡,2,H -2.5,시카화이 1.5,0 미네트윈,09.05(토) 08:40,"3.23,1.21",6회초
2026-09-05T01:12:16+00:00,2026,105,8923,bs,MLB,언더오버,2,U 9.5,시카화이,미네트윈,09.05(토) 08:40,"1.71,1.81",6회초
2026-09-05T01:12:16+00:00,2026,105,8924,bs,MLB,홀짝,2,,시카화이,미네트윈,09.05(토) 08:40,"1.59,2.07",6회초
2026-09-05T01:12:16+00:00,2026,105,8925,bs,MLB,승패,2,,텍사레인 1,2 탬파레이,09.05(토) 09:05,"1.89,1.65",4회말
2026-09-05T01:12:16+00:00,2026,105,8926,bs,MLB,승①패,3,승①패,텍사레인 1,2 탬파레이,09.05(토) 09:05,"2.8,3.25,2.06",4회말
2026-09-05T01:12:16+00:00,2026,105,8927,bs,MLB,핸디캡,2,H +2.5,텍사레인 3.5,2 탬파레이,09.05(토) 09:05,"1.3,2.72",4회말
2026-09-05T01:12:16+00:00,2026,105,8928,bs,MLB,언더오버,2,U 7.5,텍사레인,탬파레이,09.05(토) 09:05,"1.9,1.64",4회말
2026-09-05T01:12:16+00:00,2026,105,8929,bs,MLB,홀짝,2,,텍사레인,탬파레이,09.05(토) 09:05,"1.58,2.09",4회말
2026-09-05T01:12:16+00:00,2026,105,8930,bs,MLB,승패,2,,캔자로얄 1,5 토론블루,09.05(토) 09:10,"1.67,1.86",5회초
2026-09-05T01:12:16+00:00,2026,105,8931,bs,MLB,승①패,3,승①패,캔자로얄 1,5 토론블루,09.05(토) 09:10,"2.35,3.4,2.33",5회초
2026-09-05T01:12:16+00:00,2026,105,8932,bs,MLB,핸디캡,2,H -2.5,캔자로얄 -1.5,5 토론블루,09.05(토) 09:10,"3.23,1.21",5회초
2026-09-05T01:12:16+00:00,2026,105,8933,bs,MLB,언더오버,2,U 9.5,캔자로얄,토론블루,09.05(토) 09:10,"1.82,1.7",5회초
2026-09-05T01:12:16+00:00,2026,105,8934,bs,MLB,홀짝,2,,캔자로얄,토론블루,09.05(토) 09:10,"1.59,2.07",5회초
2026-09-05T01:12:16+00:00,2026,105,8935,bs,MLB,승패,2,,휴스애스 3,1 애리다이,09.05(토) 09:10,"1.65,1.89",4회초
2026-09-05T01:12:16+00:00,2026,105,8936,bs,MLB,승①패,3,승①패,휴스애스 3,1 애리다이,09.05(토) 09:10,"2.3,3.35,2.4",4회초
2026-09-05T01:12:16+00:00,2026,105,8937,bs,MLB,핸디캡,2,H -2.5,휴스애스 0.5,1 애리다이,09.05(토) 09:10,"3.16,1.22",4회초
2026-09-05T01:12:16+00:00,2026,105,8938,bs,MLB,언더오버,2,U 8.5,휴스애스,애리다이,09.05(토) 09:10,"1.91,1.63",4회초
2026-09-05T01:12:16+00:00,2026,105,8939,bs,MLB,홀짝,2,,휴스애스,애리다이,09.05(토) 09:10,"1.59,2.07",4회초
2026-09-05T01:12:16+00:00,2026,105,8940,bs,MLB,승패,2,,콜로로키 1,2 세인카디,09.05(토) 09:40,"1.96,1.6",2회말
2026-09-05T01:12:16+00:00,2026,105,8941,bs,MLB,승①패,3,승①패,콜로로키 1,2 세인카디,09.05(토) 09:40,"2.9,3.45,1.94",2회말
2026-09-05T01:12:16+00:00,2026,105,8942,bs,MLB,핸디캡,2,H +2.5,콜로로키 3.5,2 세인카디,09.05(토) 09:40,"1.36,2.49",2회말
2026-09-05T01:12:16+00:00,2026,105,8943,bs,MLB,언더오버,2,U 11.5,콜로로키,세인카디,09.05(토) 09:40,"1.73,1.79",2회말
2026-09-05T01:12:16+00:00,2026,105,8944,bs,MLB,홀짝,2,,콜로로키,세인카디,09.05(토) 09:40,"1.6,2.06",2회말
2026-09-05T01:12:16+00:00,2026,105,8945,bs,MLB,승패,2,,샌디파드,뉴욕양키,09.05(토) 10:40,"1.94,1.61",경기전
2026-09-05T01:12:16+00:00,2026,105,8946,bs,MLB,승①패,3,승①패,샌디파드,뉴욕양키,09.05(토) 10:40,"2.9,3.2,2.03",경기전
2026-09-05T01:12:16+00:00,2026,105,8947,bs,MLB,핸디캡,2,H +2.5,샌디파드,뉴욕양키,09.05(토) 10:40,"1.31,2.68",경기전
2026-09-05T01:12:16+00:00,2026,105,8948,bs,MLB,언더오버,2,U 7.5,샌디파드,뉴욕양키,09.05(토) 10:40,"1.69,1.84",경기전
2026-09-05T01:12:16+00:00,2026,105,8949,bs,MLB,홀짝,2,,샌디파드,뉴욕양키,09.05(토) 10:40,"1.58,2.09",경기전
2026-09-05T01:12:16+00:00,2026,105,8950,bs,MLB,승패,2,,시애매리,애슬레틱,09.05(토) 11:10,"1.36,2.49",경기전
2026-09-05T01:12:16+00:00,2026,105,8951,bs,MLB,승①패,3,승①패,시애매리,애슬레틱,09.05(토) 11:10,"1.74,3.5,3.45",경기전
2026-09-05T01:12:16+00:00,2026,105,8952,bs,MLB,핸디캡,2,H -2.5,시애매리,애슬레틱,09.05(토) 11:10,"2.43,1.38",경기전
2026-09-05T01:12:16+00:00,2026,105,8953,bs,MLB,언더오버,2,U 7.5,시애매리,애슬레틱,09.05(토) 11:10,"1.64,1.9",경기전
2026-09-05T01:12:16+00:00,2026,105,8954,bs,MLB,홀짝,2,,시애매리,애슬레틱,09.05(토) 11:10,"1.59,2.07",경기전
2026-09-05T01:12:16+00:00,2026,105,8955,bs,MLB,전반승무패,3,h(전반),시애매리,애슬레틱,09.05(토) 11:10,"1.65,5.2,2.85",경기전
2026-09-05T01:12:16+00:00,2026,105,8956,bs,MLB,전반핸디캡,2,h H -1.5,시애매리,애슬레틱,09.05(토) 11:10,"2.24,1.45",경기전
2026-09-05T01:12:16+00:00,2026,105,8957,bs,MLB,전반언더오버,2,h U 3.5,시애매리,애슬레틱,09.05(토) 11:10,"1.86,1.67",경기전
2026-09-05T01:12:16+00:00,2026,105,8958,bs,MLB,승패,2,,LA다저스,워싱내셔,09.05(토) 11:10,"1.26,2.92",경기전
2026-09-05T01:12:16+00:00,2026,105,8959,bs,MLB,승①패,3,승①패,LA다저스,워싱내셔,09.05(토) 11:10,"1.61,3.7,3.9",경기전
2026-09-05T01:12:16+00:00,2026,105,8960,bs,MLB,핸디캡,2,H -2.5,LA다저스,워싱내셔,09.05(토) 11:10,"2.05,1.54",경기전
2026-09-05T01:12:16+00:00,2026,105,8961,bs,MLB,언더오버,2,U 8.5,LA다저스,워싱내셔,09.05(토) 11:10,"1.68,1.85",경기전
2026-09-05T01:12:16+00:00,2026,105,8962,bs,MLB,홀짝,2,,LA다저스,워싱내셔,09.05(토) 11:10,"1.61,2.04",경기전
2026-09-05T01:12:16+00:00,2026,105,8963,bs,NPB,승패,2,,오릭스,지바롯데,09.05(토) 14:00,"1.59,1.97",경기전
2026-09-05T01:12:16+00:00,2026,105,8964,bs,NPB,승①패,3,승①패,오릭스,지바롯데,09.05(토) 14:00,"2.41,2.75,2.7",경기전
2026-09-05T01:12:16+00:00,2026,105,8965,bs,NPB,핸디캡,2,H -2.5,오릭스,지바롯데,09.05(토) 14:00,"3.38,1.19",경기전
2026-09-05T01:12:16+00:00,2026,105,8966,bs,NPB,언더오버,2,U 6.5,오릭스,지바롯데,09.05(토) 14:00,"1.79,1.73",경기전
2026-09-05T01:12:16+00:00,2026,105,8967,bs,NPB,홀짝,2,,오릭스,지바롯데,09.05(토) 14:00,"1.64,1.99",경기전
2026-09-05T01:12:16+00:00,2026,105,8968,bs,NPB,승패,2,,소프트뱅,세이부,09.05(토) 14:00,"1.52,2.09",경기전
2026-09-05T01:12:16+00:00,2026,105,8969,bs,NPB,승①패,3,승①패,소프트뱅,세이부,09.05(토) 14:00,"2.27,2.75,2.9",경기전
2026-09-05T01:12:16+00:00,2026,105,8970,bs,NPB,핸디캡,2,H -2.5,소프트뱅,세이부,09.05(토) 14:00,"3.09,1.23",경기전
2026-09-05T01:12:16+00:00,2026,105,8971,bs,NPB,언더오버,2,U 6.5,소프트뱅,세이부,09.05(토) 14:00,"1.78,1.74",경기전
2026-09-05T01:12:16+00:00,2026,105,8972,bs,NPB,홀짝,2,,소프트뱅,세이부,09.05(토) 14:00,"1.64,1.99",경기전
2026-09-05T01:12:16+00:00,2026,105,8973,bs,KBO,승패,2,,LG,삼성,09.05(토) 17:00,"1.53,2.07",경기전
2026-09-05T01:12:16+00:00,2026,105,8974,bs,KBO,승①패,3,승①패,LG,삼성,09.05(토) 17:00,"2.06,3.4,2.7",경기전
2026-09-05T01:12:16+00:00,2026,105,8975,bs,KBO,핸디캡,2,H -2.5,LG,삼성,09.05(토) 17:00,"2.72,1.3",경기전
2026-09-05T01:12:16+00:00,2026,105,8976,bs,KBO,언더오버,2,U 9.5,LG,삼성,09.05(토) 17:00,"1.79,1.73",경기전
2026-09-05T01:12:16+00:00,2026,105,8977,bs,KBO,홀짝,2,,LG,삼성,09.05(토) 17:00,"1.61,2.04",경기전
2026-09-05T01:12:16+00:00,2026,105,8978,bs,KBO,전반승무패,3,h(전반),LG,삼성,09.05(토) 17:00,"1.78,6.5,2.3",경기전
2026-09-05T01:12:16+00:00,2026,105,8979,bs,KBO,전반핸디캡,2,h H -1.5,LG,삼성,09.05(토) 17:00,"2.37,1.4",경기전
2026-09-05T01:12:16+00:00,2026,105,8980,bs,KBO,전반언더오버,2,h U 5.5,LG,삼성,09.05(토) 17:00,"1.71,1.81",경기전
2026-09-05T01:12:16+00:00,2026,105,8981,bs,KBO,승패,2,,롯데,한화,09.05(토) 17:00,"1.68,1.85",경기전
2026-09-05T01:12:16+00:00,2026,105,8982,bs,KBO,승①패,3,승①패,롯데,한화,09.05(토) 17:00,"2.33,3.4,2.35",경기전
2026-09-05T01:12:16+00:00,2026,105,8983,bs,KBO,핸디캡,2,H -2.5,롯데,한화,09.05(토) 17:00,"3.09,1.23",경기전
2026-09-05T01:12:16+00:00,2026,105,8984,bs,KBO,언더오버,2,U 10.5,롯데,한화,09.05(토) 17:00,"1.68,1.85",경기전
2026-09-05T01:12:16+00:00,2026,105,8985,bs,KBO,홀짝,2,,롯데,한화,09.05(토) 17:00,"1.61,2.04",경기전
2026-09-05T01:12:16+00:00,2026,105,8986,bs,KBO,전반승무패,3,h(전반),롯데,한화,09.05(토) 17:00,"1.94,6.8,2.05",경기전
2026-09-05T01:12:16+00:00,2026,105,8987,bs,KBO,전반핸디캡,2,h H -1.5,롯데,한화,09.05(토) 17:00,"2.6,1.33",경기전
2026-09-05T01:12:16+00:00,2026,105,8988,bs,KBO,전반언더오버,2,h U 6.5,롯데,한화,09.05(토) 17:00,"1.6,1.96",경기전
2026-09-05T01:12:16+00:00,2026,105,8989,bs,KBO,승패,2,,SSG,두산,09.05(토) 17:00,"1.86,1.67",경기전
2026-09-05T01:12:16+00:00,2026,105,8990,bs,KBO,승①패,3,승①패,SSG,두산,09.05(토) 17:00,"2.65,3.4,2.09",경기전
2026-09-05T01:12:16+00:00,2026,105,8991,bs,KBO,핸디캡,2,H +2.5,SSG,두산,09.05(토) 17:00,"1.3,2.72",경기전
2026-09-05T01:12:16+00:00,2026,105,8992,bs,KBO,언더오버,2,U 9.5,SSG,두산,09.05(토) 17:00,"1.87,1.66",경기전
2026-09-05T01:12:16+00:00,2026,105,8993,bs,KBO,홀짝,2,,SSG,두산,09.05(토) 17:00,"1.61,2.04",경기전
2026-09-05T01:12:16+00:00,2026,105,8994,bs,KBO,전반승무패,3,h(전반),SSG,두산,09.05(토) 17:00,"2.15,6.6,1.88",경기전
2026-09-05T01:12:16+00:00,2026,105,8995,bs,KBO,전반핸디캡,2,h H +1.5,SSG,두산,09.05(토) 17:00,"1.35,2.53",경기전
2026-09-05T01:12:16+00:00,2026,105,8996,bs,KBO,전반언더오버,2,h U 5.5,SSG,두산,09.05(토) 17:00,"1.82,1.7",경기전
2026-09-05T01:12:16+00:00,2026,105,8997,bs,KBO,승패,2,,KIA,KT,09.05(토) 17:00,"1.87,1.66",경기전
2026-09-05T01:12:16+00:00,2026,105,8998,bs,KBO,승①패,3,승①패,KIA,KT,09.05(토) 17:00,"2.7,3.35,2.08",경기전
2026-09-05T01:12:16+00:00,2026,105,8999,bs,KBO,핸디캡,2,H +2.5,KIA,KT,09.05(토) 17:00,"1.3,2.72",경기전
2026-09-05T01:12:16+00:00,2026,105,9000,bs,KBO,언더오버,2,U 9.5,KIA,KT,09.05(토) 17:00,"1.72,1.8",경기전
2026-09-05T01:12:16+00:00,2026,105,9001,bs,KBO,홀짝,2,,KIA,KT,09.05(토) 17:00,"1.61,2.04",경기전
2026-09-05T01:12:16+00:00,2026,105,9002,bs,KBO,전반승무패,3,h(전반),KIA,KT,09.05(토) 17:00,"2.15,6.3,1.9",경기전
2026-09-05T01:12:16+00:00,2026,105,9003,bs,KBO,전반핸디캡,2,h H +1.5,KIA,KT,09.05(토) 17:00,"1.34,2.56",경기전
2026-09-05T01:12:16+00:00,2026,105,9004,bs,KBO,전반언더오버,2,h U 5.5,KIA,KT,09.05(토) 17:00,"1.64,1.9",경기전
2026-09-05T01:12:16+00:00,2026,105,9005,bs,KBO,승패,2,,키움,NC,09.05(토) 17:00,"2.15,1.49",경기전
2026-09-05T01:12:16+00:00,2026,105,9006,bs,KBO,승①패,3,승①패,키움,NC,09.05(토) 17:00,"3.2,3.4,1.84",경기전
2026-09-05T01:12:16+00:00,2026,105,9007,bs,KBO,핸디캡,2,H +2.5,키움,NC,09.05(토) 17:00,"1.41,2.34",경기전
2026-09-05T01:12:16+00:00,2026,105,9008,bs,KBO,언더오버,2,U 9.5,키움,NC,09.05(토) 17:00,"1.72,1.8",경기전
2026-09-05T01:12:16+00:00,2026,105,9009,bs,KBO,홀짝,2,,키움,NC,09.05(토) 17:00,"1.62,2.03",경기전
2026-09-05T01:12:16+00:00,2026,105,9010,bs,KBO,전반승무패,3,h(전반),키움,NC,09.05(토) 17:00,"2.45,6.4,1.71",경기전
2026-09-05T01:12:16+00:00,2026,105,9011,bs,KBO,전반핸디캡,2,h H +1.5,키움,NC,09.05(토) 17:00,"1.43,2.29",경기전
2026-09-05T01:12:16+00:00,2026,105,9012,bs,KBO,전반언더오버,2,h U 5.5,키움,NC,09.05(토) 17:00,"1.64,1.9",경기전
2026-09-05T01:12:16+00:00,2026,105,9013,bs,NPB,승패,2,,야쿠르트,주니치,09.05(토) 18:00,"1.91,1.63",경기전
2026-09-05T01:12:16+00:00,2026,105,9014,bs,NPB,승①패,3,승①패,야쿠르트,주니치,09.05(토) 18:00,"3.05,2.8,2.15",경기전
2026-09-05T01:12:16+00:00,2026,105,9015,bs,NPB,핸디캡,2,H +2.5,야쿠르트,주니치,09.05(토) 18:00,"1.26,2.92",경기전
2026-09-05T01:12:16+00:00,2026,105,9016,bs,NPB,언더오버,2,U 7.5,야쿠르트,주니치,09.05(토) 18:00,"1.62,1.93",경기전
2026-09-05T01:12:16+00:00,2026,105,9017,bs,NPB,홀짝,2,,야쿠르트,주니치,09.05(토) 18:00,"1.64,1.99",경기전
2026-09-05T01:12:16+00:00,2026,105,9018,bs,NPB,승패,2,,한신,요코베이,09.05(토) 18:00,"1.44,2.26",경기전
2026-09-05T01:12:16+00:00,2026,105,9019,bs,NPB,승①패,3,승①패,한신,요코베이,09.05(토) 18:00,"2.19,2.6,3.25",경기전
2026-09-05T01:12:16+00:00,2026,105,9020,bs,NPB,핸디캡,2,H -2.5,한신,요코베이,09.05(토) 18:00,"3.03,1.24",경기전
2026-09-05T01:12:16+00:00,2026,105,9021,bs,NPB,언더오버,2,U 5.5,한신,요코베이,09.05(토) 18:00,"1.75,1.77",경기전
2026-09-05T01:12:16+00:00,2026,105,9022,bs,NPB,홀짝,2,,한신,요코베이,09.05(토) 18:00,"1.65,1.98",경기전
2026-09-05T01:12:16+00:00,2026,105,9023,bs,NPB,승패,2,,히로카프,요미우리,09.05(토) 18:00,"1.68,1.85",경기전
2026-09-05T01:12:16+00:00,2026,105,9024,bs,NPB,승①패,3,승①패,히로카프,요미우리,09.05(토) 18:00,"2.6,2.7,2.54",경기전
2026-09-05T01:12:16+00:00,2026,105,9025,bs,NPB,핸디캡,2,H -2.5,히로카프,요미우리,09.05(토) 18:00,"3.65,1.16",경기전
2026-09-05T01:12:16+00:00,2026,105,9026,bs,NPB,언더오버,2,U 6.5,히로카프,요미우리,09.05(토) 18:00,"1.71,1.81",경기전
2026-09-05T01:12:16+00:00,2026,105,9027,bs,NPB,홀짝,2,,히로카프,요미우리,09.05(토) 18:00,"1.64,1.99",경기전
2026-09-05T01:12:16+00:00,2026,105,9028,bs,NPB,승패,2,,라쿠텐,닛폰햄,09.05(토) 18:00,"2.02,1.56",경기전
2026-09-05T01:12:16+00:00,2026,105,9029,bs,NPB,승①패,3,승①패,라쿠텐,닛폰햄,09.05(토) 18:00,"3.35,2.75,2.05",경기전
2026-09-05T01:12:16+00:00,2026,105,9030,bs,NPB,핸디캡,2,H +2.5,라쿠텐,닛폰햄,09.05(토) 18:00,"1.28,2.82",경기전
2026-09-05T01:12:16+00:00,2026,105,9031,bs,NPB,언더오버,2,U 6.5,라쿠텐,닛폰햄,09.05(토) 18:00,"1.77,1.75",경기전
2026-09-05T01:12:16+00:00,2026,105,9032,bs,NPB,홀짝,2,,라쿠텐,닛폰햄,09.05(토) 18:00,"1.64,1.99",경기전
2026-09-05T01:12:16+00:00,2026,105,9033,sc,J2리그,승무패,3,,후지에다,하치노헤,09.05(토) 18:30,"2.1,2.95,3.0",경기전
2026-09-05T01:12:16+00:00,2026,105,9034,sc,J2리그,핸디캡,3,H -1.0,후지에다,하치노헤,09.05(토) 18:30,"4.4,3.45,1.58",경기전
2026-09-05T01:12:16+00:00,2026,105,9035,sc,J2리그,언더오버,2,U 2.5,후지에다,하치노헤,09.05(토) 18:30,"1.57,2.0",경기전
2026-09-05T01:12:16+00:00,2026,105,9036,sc,J2리그,홀짝,2,,후지에다,하치노헤,09.05(토) 18:30,"1.81,1.79",경기전
2026-09-05T01:12:16+00:00,2026,105,9037,bk,여농월드,승패,2,,말리W,스페인W,09.05(토) 18:30,"1.0,1.0",경기전
2026-09-05T01:12:16+00:00,2026,105,9038,bk,여농월드,핸디캡,2,H +23.5,말리W,스페인W,09.05(토) 18:30,"1.71,1.81",경기전
2026-09-05T01:12:16+00:00,2026,105,9039,bk,여농월드,언더오버,2,U 144.5,말리W,스페인W,09.05(토) 18:30,"1.76,1.76",경기전
2026-09-05T01:12:16+00:00,2026,105,9040,bk,여농월드,홀짝,2,,말리W,스페인W,09.05(토) 18:30,"1.8,1.8",경기전
2026-09-05T01:12:16+00:00,2026,105,9041,sc,J1리그,승무패,3,,후쿠오카,미토홀리,09.05(토) 19:00,"1.9,3.05,3.4",경기전
2026-09-05T01:12:16+00:00,2026,105,9042,sc,J1리그,핸디캡,3,H -1.0,후쿠오카,미토홀리,09.05(토) 19:00,"3.75,3.35,1.71",경기전
2026-09-05T01:12:16+00:00,2026,105,9043,sc,J1리그,언더오버,2,U 2.5,후쿠오카,미토홀리,09.05(토) 19:00,"1.6,1.96",경기전
2026-09-05T01:12:16+00:00,2026,105,9044,sc,J1리그,홀짝,2,,후쿠오카,미토홀리,09.05(토) 19:00,"1.81,1.79",경기전
2026-09-05T01:12:16+00:00,2026,105,9045,sc,J2리그,승무패,3,,야마가타,V고후,09.05(토) 19:00,"1.88,3.1,3.4",경기전
2026-09-05T01:12:16+00:00,2026,105,9046,sc,J2리그,핸디캡,3,H -1.0,야마가타,V고후,09.05(토) 19:00,"3.65,3.35,1.73",경기전
2026-09-05T01:12:16+00:00,2026,105,9047,sc,J2리그,언더오버,2,U 2.5,야마가타,V고후,09.05(토) 19:00,"1.66,1.87",경기전
2026-09-05T01:12:16+00:00,2026,105,9048,sc,J2리그,홀짝,2,,야마가타,V고후,09.05(토) 19:00,"1.81,1.79",경기전
2026-09-05T01:12:16+00:00,2026,105,9049,sc,J2리그,승무패,3,,쇼난벨마,V센다이,09.05(토) 19:00,"2.7,2.9,2.3",경기전
2026-09-05T01:12:16+00:00,2026,105,9050,sc,J2리그,핸디캡,3,H +1.0,쇼난벨마,V센다이,09.05(토) 19:00,"1.48,3.65,5.0",경기전
2026-09-05T01:12:16+00:00,2026,105,9051,sc,J2리그,언더오버,2,U 2.5,쇼난벨마,V센다이,09.05(토) 19:00,"1.55,2.04",경기전
2026-09-05T01:12:16+00:00,2026,105,9052,sc,J2리그,홀짝,2,,쇼난벨마,V센다이,09.05(토) 19:00,"1.81,1.79",경기전
2026-09-05T01:12:16+00:00,2026,105,9053,sc,J2리그,승무패,3,,도쿠시마,이와키,09.05(토) 19:00,"2.2,2.9,2.85",경기전
2026-09-05T01:12:16+00:00,2026,105,9054,sc,J2리그,핸디캡,3,H -1.0,도쿠시마,이와키,09.05(토) 19:00,"4.65,3.55,1.53",경기전
2026-09-05T01:12:16+00:00,2026,105,9055,sc,J2리그,언더오버,2,U 2.5,도쿠시마,이와키,09.05(토) 19:00,"1.53,2.07",경기전
2026-09-05T01:12:16+00:00,2026,105,9056,sc,J2리그,홀짝,2,,도쿠시마,이와키,09.05(토) 19:00,"1.82,1.78",경기전
2026-09-05T01:12:16+00:00,2026,105,9057,sc,J2리그,승무패,3,,사간도스,미야자키,09.05(토) 19:00,"2.21,2.95,2.8",경기전
2026-09-05T01:12:16+00:00,2026,105,9058,sc,J2리그,핸디캡,3,H -1.0,사간도스,미야자키,09.05(토) 19:00,"4.75,3.55,1.52",경기전
2026-09-05T01:12:16+00:00,2026,105,9059,sc,J2리그,언더오버,2,U 2.5,사간도스,미야자키,09.05(토) 19:00,"1.56,2.02",경기전
2026-09-05T01:12:16+00:00,2026,105,9060,sc,J2리그,홀짝,2,,사간도스,미야자키,09.05(토) 19:00,"1.81,1.79",경기전
2026-09-05T01:12:16+00:00,2026,105,9061,sc,K리그1,승무패,3,,부천FC,대전하나,09.05(토) 19:00,"3.75,3.25,1.82",경기전
2026-09-05T01:12:16+00:00,2026,105,9062,sc,K리그1,핸디캡,3,H +1.0,부천FC,대전하나,09.05(토) 19:00,"1.85,3.35,3.35",경기전
2026-09-05T01:12:16+00:00,2026,105,9063,sc,K리그1,핸디캡,3,H +2.0,부천FC,대전하나,09.05(토) 19:00,"1.24,5.2,7.3",경기전
2026-09-05T01:12:16+00:00,2026,105,9064,sc,K리그1,언더오버,2,U 2.5,부천FC,대전하나,09.05(토) 19:00,"1.74,1.82",경기전
2026-09-05T01:12:16+00:00,2026,105,9065,sc,K리그1,홀짝,2,,부천FC,대전하나,09.05(토) 19:00,"1.81,1.79",경기전
2026-09-05T01:12:16+00:00,2026,105,9066,sc,K리그1,전반승무패,3,h(전반),부천FC,대전하나,09.05(토) 19:00,"4.4,1.98,2.4",경기전
2026-09-05T01:12:16+00:00,2026,105,9067,sc,K리그1,전반핸디캡,3,h H +1.0,부천FC,대전하나,09.05(토) 19:00,"1.41,3.45,6.7",경기전
2026-09-05T01:12:16+00:00,2026,105,9068,sc,K리그1,전반언더오버,2,h U 1.5,부천FC,대전하나,09.05(토) 19:00,"1.34,2.56",경기전
2026-09-05T01:12:16+00:00,2026,105,9069,sc,K리그1,승무패,3,,FC서울,인천유나,09.05(토) 19:00,"1.81,3.25,3.8",경기전
2026-09-05T01:12:16+00:00,2026,105,9070,sc,K리그1,핸디캡,3,H -1.0,FC서울,인천유나,09.05(토) 19:00,"3.35,3.3,1.87",경기전
2026-09-05T01:12:16+00:00,2026,105,9071,sc,K리그1,핸디캡,3,H -2.0,FC서울,인천유나,09.05(토) 19:00,"7.5,5.1,1.24",경기전
2026-09-05T01:12:16+00:00,2026,105,9072,sc,K리그1,언더오버,2,U 2.5,FC서울,인천유나,09.05(토) 19:00,"1.68,1.89",경기전
2026-09-05T01:12:16+00:00,2026,105,9073,sc,K리그1,홀짝,2,,FC서울,인천유나,09.05(토) 19:00,"1.81,1.79",경기전
2026-09-05T01:12:16+00:00,2026,105,9074,sc,K리그1,전반승무패,3,h(전반),FC서울,인천유나,09.05(토) 19:00,"2.4,1.96,4.5",경기전
2026-09-05T01:12:16+00:00,2026,105,9075,sc,K리그1,전반핸디캡,3,h H -1.0,FC서울,인천유나,09.05(토) 19:00,"6.7,3.45,1.41",경기전
2026-09-05T01:12:16+00:00,2026,105,9076,sc,K리그1,전반언더오버,2,h U 1.5,FC서울,인천유나,09.05(토) 19:00,"1.32,2.64",경기전
2026-09-05T01:12:16+00:00,2026,105,9077,sc,K리그1,승무패,3,,전북현대,포항스틸,09.05(토) 19:00,"1.78,3.25,3.95",경기전
2026-09-05T01:12:16+00:00,2026,105,9078,sc,K리그1,핸디캡,3,H -1.0,전북현대,포항스틸,09.05(토) 19:00,"3.3,3.3,1.89",경기전
2026-09-05T01:12:16+00:00,2026,105,9079,sc,K리그1,핸디캡,3,H -2.0,전북현대,포항스틸,09.05(토) 19:00,"7.3,5.2,1.24",경기전
2026-09-05T01:12:16+00:00,2026,105,9080,sc,K리그1,언더오버,2,U 2.5,전북현대,포항스틸,09.05(토) 19:00,"1.66,1.92",경기전
2026-09-05T01:12:16+00:00,2026,105,9081,sc,K리그1,홀짝,2,,전북현대,포항스틸,09.05(토) 19:00,"1.81,1.79",경기전
2026-09-05T01:12:16+00:00,2026,105,9082,sc,K리그1,전반승무패,3,h(전반),전북현대,포항스틸,09.05(토) 19:00,"2.35,1.96,4.7",경기전
2026-09-05T01:12:16+00:00,2026,105,9083,sc,K리그1,전반핸디캡,3,h H -1.0,전북현대,포항스틸,09.05(토) 19:00,"6.6,3.4,1.42",경기전
2026-09-05T01:12:16+00:00,2026,105,9084,sc,K리그1,전반언더오버,2,h U 1.5,전북현대,포항스틸,09.05(토) 19:00,"1.31,2.68",경기전
2026-09-05T01:12:16+00:00,2026,105,9085,sc,K리그1,승무패,3,,제주SKFC,울산HDFC,09.05(토) 19:00,"2.9,3.2,2.14",경기전
2026-09-05T01:12:16+00:00,2026,105,9086,sc,K리그1,핸디캡,3,H +1.0,제주SKFC,울산HDFC,09.05(토) 19:00,"1.6,3.7,4.15",경기전
2026-09-05T01:12:16+00:00,2026,105,9087,sc,K리그1,핸디캡,3,H +2.0,제주SKFC,울산HDFC,09.05(토) 19:00,"1.15,6.1,9.7",경기전
2026-09-05T01:12:16+00:00,2026,105,9088,sc,K리그1,언더오버,2,U 2.5,제주SKFC,울산HDFC,09.05(토) 19:00,"1.83,1.73",경기전
2026-09-05T01:12:16+00:00,2026,105,9089,sc,K리그1,홀짝,2,,제주SKFC,울산HDFC,09.05(토) 19:00,"1.81,1.79",경기전
2026-09-05T01:12:16+00:00,2026,105,9090,sc,K리그1,전반승무패,3,h(전반),제주SKFC,울산HDFC,09.05(토) 19:00,"3.5,2.0,2.75",경기전
2026-09-05T01:12:16+00:00,2026,105,9091,sc,K리그1,전반핸디캡,3,h H +1.0,제주SKFC,울산HDFC,09.05(토) 19:00,"1.32,3.8,7.8",경기전
2026-09-05T01:12:16+00:00,2026,105,9092,sc,K리그1,전반언더오버,2,h U 1.5,제주SKFC,울산HDFC,09.05(토) 19:00,"1.38,2.43",경기전
2026-09-05T01:12:16+00:00,2026,105,9093,sc,K리그2,승무패,3,,부산아이,안산그리,09.05(토) 19:00,"1.38,4.0,5.7",경기전
2026-09-05T01:12:16+00:00,2026,105,9094,sc,K리그2,핸디캡,3,H -1.0,부산아이,안산그리,09.05(토) 19:00,"2.17,3.3,2.6",경기전
2026-09-05T01:12:16+00:00,2026,105,9095,sc,K리그2,언더오버,2,U 2.5,부산아이,안산그리,09.05(토) 19:00,"2.13,1.5",경기전
2026-09-05T01:12:16+00:00,2026,105,9096,sc,K리그2,홀짝,2,,부산아이,안산그리,09.05(토) 19:00,"1.8,1.8",경기전
2026-09-05T01:12:16+00:00,2026,105,9097,sc,K리그2,승무패,3,,천안시티,화성FC,09.05(토) 19:00,"3.3,3.2,1.87",경기전
2026-09-05T01:12:16+00:00,2026,105,9098,sc,K리그2,핸디캡,3,H +1.0,천안시티,화성FC,09.05(토) 19:00,"1.73,3.45,3.55",경기전
2026-09-05T01:12:16+00:00,2026,105,9099,sc,K리그2,언더오버,2,U 2.5,천안시티,화성FC,09.05(토) 19:00,"1.77,1.75",경기전
2026-09-05T01:12:16+00:00,2026,105,9100,sc,K리그2,홀짝,2,,천안시티,화성FC,09.05(토) 19:00,"1.81,1.79",경기전
2026-09-05T01:12:16+00:00,2026,105,9101,sc,K리그2,승무패,3,,용인FC,수원FC,09.05(토) 19:00,"3.4,3.45,1.77",경기전
2026-09-05T01:12:16+00:00,2026,105,9102,sc,K리그2,핸디캡,3,H +1.0,용인FC,수원FC,09.05(토) 19:00,"1.83,3.5,3.15",경기전
2026-09-05T01:12:16+00:00,2026,105,9103,sc,K리그2,언더오버,2,U 2.5,용인FC,수원FC,09.05(토) 19:00,"2.05,1.54",경기전
2026-09-05T01:12:16+00:00,2026,105,9104,sc,K리그2,홀짝,2,,용인FC,수원FC,09.05(토) 19:00,"1.8,1.8",경기전
2026-09-05T01:12:16+00:00,2026,105,9105,sc,K리그2,승무패,3,,김해FC,전남드래,09.05(토) 19:00,"2.75,3.15,2.14",경기전
2026-09-05T01:12:16+00:00,2026,105,9106,sc,K리그2,핸디캡,3,H +1.0,김해FC,전남드래,09.05(토) 19:00,"1.56,3.65,4.25",경기전
2026-09-05T01:12:16+00:00,2026,105,9107,sc,K리그2,언더오버,2,U 2.5,김해FC,전남드래,09.05(토) 19:00,"1.79,1.73",경기전
2026-09-05T01:12:16+00:00,2026,105,9108,sc,K리그2,홀짝,2,,김해FC,전남드래,09.05(토) 19:00,"1.81,1.79",경기전
2026-09-05T01:12:16+00:00,2026,105,9109,sc,EFL챔,승무패,3,,링컨시티,사우샘프,09.05(토) 20:30,"3.6,3.35,1.74",경기전
2026-09-05T01:12:16+00:00,2026,105,9110,sc,EFL챔,핸디캡,3,H +1.0,링컨시티,사우샘프,09.05(토) 20:30,"1.86,3.4,3.15",경기전
2026-09-05T01:12:16+00:00,2026,105,9111,sc,EFL챔,언더오버,2,U 2.5,링컨시티,사우샘프,09.05(토) 20:30,"1.91,1.63",경기전
2026-09-05T01:12:16+00:00,2026,105,9112,sc,EFL챔,홀짝,2,,링컨시티,사우샘프,09.05(토) 20:30,"1.81,1.79",경기전
2026-09-05T01:12:16+00:00,2026,105,9113,sc,EFL챔,승무패,3,,프레스턴,블랙번R,09.05(토) 20:30,"2.29,3.05,2.6",경기전
2026-09-05T01:12:16+00:00,2026,105,9114,sc,EFL챔,핸디캡,3,H -1.0,프레스턴,블랙번R,09.05(토) 20:30,"4.85,3.75,1.48",경기전
2026-09-05T01:12:16+00:00,2026,105,9115,sc,EFL챔,언더오버,2,U 2.5,프레스턴,블랙번R,09.05(토) 20:30,"1.67,1.86",경기전
2026-09-05T01:12:16+00:00,2026,105,9116,sc,EFL챔,홀짝,2,,프레스턴,블랙번R,09.05(토) 20:30,"1.81,1.79",경기전
2026-09-05T01:12:16+00:00,2026,105,9117,sc,EFL챔,승무패,3,,스토크C,찰턴A,09.05(토) 20:30,"1.95,3.05,3.25",경기전
2026-09-05T01:12:16+00:00,2026,105,9118,sc,EFL챔,핸디캡,3,H -1.0,스토크C,찰턴A,09.05(토) 20:30,"3.9,3.4,1.67",경기전
2026-09-05T01:12:16+00:00,2026,105,9119,sc,EFL챔,언더오버,2,U 2.5,스토크C,찰턴A,09.05(토) 20:30,"1.62,1.93",경기전
2026-09-05T01:12:16+00:00,2026,105,9120,sc,EFL챔,홀짝,2,,스토크C,찰턴A,09.05(토) 20:30,"1.81,1.79",경기전
2026-09-05T01:12:16+00:00,2026,105,9121,sc,EPL,승무패,3,,뉴캐슬U,본머스,09.05(토) 20:30,"2.06,3.55,2.8",경기전
2026-09-05T01:12:16+00:00,2026,105,9122,sc,EPL,핸디캡,3,H -1.0,뉴캐슬U,본머스,09.05(토) 20:30,"3.7,3.85,1.65",경기전
2026-09-05T01:12:16+00:00,2026,105,9123,sc,EPL,핸디캡,3,H -2.0,뉴캐슬U,본머스,09.05(토) 20:30,"7.9,5.9,1.19",경기전
2026-09-05T01:12:16+00:00,2026,105,9124,sc,EPL,언더오버,2,U 3.5,뉴캐슬U,본머스,09.05(토) 20:30,"1.51,2.17",경기전
2026-09-05T01:12:16+00:00,2026,105,9125,sc,EPL,홀짝,2,,뉴캐슬U,본머스,09.05(토) 20:30,"1.8,1.8",경기전
2026-09-05T01:12:16+00:00,2026,105,9126,bk,여농월드,승패,2,,나이지W,헝가리W,09.05(토) 21:15,"1.55,2.04",경기전
2026-09-05T01:12:16+00:00,2026,105,9127,bk,여농월드,핸디캡,2,H -2.5,나이지W,헝가리W,09.05(토) 21:15,"1.76,1.76",경기전
2026-09-05T01:12:16+00:00,2026,105,9128,bk,여농월드,언더오버,2,U 143.5,나이지W,헝가리W,09.05(토) 21:15,"1.76,1.76",경기전
2026-09-05T01:12:16+00:00,2026,105,9129,bk,여농월드,홀짝,2,,나이지W,헝가리W,09.05(토) 21:15,"1.8,1.8",경기전
2026-09-05T01:12:16+00:00,2026,105,9130,sc,세리에A,승무패,3,,피오렌티,토리노,09.05(토) 22:00,"1.77,3.1,3.8",경기전
2026-09-05T01:12:16+00:00,2026,105,9131,sc,세리에A,핸디캡,3,H -1.0,피오렌티,토리노,09.05(토) 22:00,"3.4,3.25,1.83",경기전
2026-09-05T01:12:16+00:00,2026,105,9132,sc,세리에A,언더오버,2,U 2.5,피오렌티,토리노,09.05(토) 22:00,"1.6,1.96",경기전
2026-09-05T01:12:16+00:00,2026,105,9133,sc,세리에A,홀짝,2,,피오렌티,토리노,09.05(토) 22:00,"1.81,1.79",경기전
2026-09-05T01:12:16+00:00,2026,105,9134,sc,분데스리,승무패,3,,호펜하임,도르트문,09.05(토) 22:30,"2.65,3.65,2.06",경기전
2026-09-05T01:12:16+00:00,2026,105,9135,sc,분데스리,핸디캡,3,H +1.0,호펜하임,도르트문,09.05(토) 22:30,"1.61,3.95,3.65",경기전
2026-09-05T01:12:16+00:00,2026,105,9136,sc,분데스리,핸디캡,3,H +2.0,호펜하임,도르트문,09.05(토) 22:30,"1.18,5.9,7.5",경기전
2026-09-05T01:12:16+00:00,2026,105,9137,sc,분데스리,언더오버,2,U 3.5,호펜하임,도르트문,09.05(토) 22:30,"1.63,1.96",경기전
2026-09-05T01:12:16+00:00,2026,105,9138,sc,분데스리,홀짝,2,,호펜하임,도르트문,09.05(토) 22:30,"1.8,1.8",경기전
2026-09-05T01:12:16+00:00,2026,105,9139,sc,분데스리,승무패,3,,레버쿠젠,U베를린,09.05(토) 22:30,"1.36,4.35,5.8",경기전
2026-09-05T01:12:16+00:00,2026,105,9140,sc,분데스리,핸디캡,3,H -1.0,레버쿠젠,U베를린,09.05(토) 22:30,"2.01,3.55,2.7",경기전
2026-09-05T01:12:16+00:00,2026,105,9141,sc,분데스리,핸디캡,3,H -2.0,레버쿠젠,U베를린,09.05(토) 22:30,"3.3,4.05,1.67",경기전
2026-09-05T01:12:16+00:00,2026,105,9142,sc,분데스리,언더오버,2,U 3.5,레버쿠젠,U베를린,09.05(토) 22:30,"1.65,1.93",경기전
2026-09-05T01:12:16+00:00,2026,105,9143,sc,분데스리,홀짝,2,,레버쿠젠,U베를린,09.05(토) 22:30,"1.8,1.8",경기전
2026-09-05T01:12:16+00:00,2026,105,9144,sc,분데스리,승무패,3,,묀헨글라,엘버스베,09.05(토) 22:30,"1.77,3.55,3.45",경기전
2026-09-05T01:12:16+00:00,2026,105,9145,sc,분데스리,핸디캡,3,H -1.0,묀헨글라,엘버스베,09.05(토) 22:30,"3.0,3.55,1.87",경기전
2026-09-05T01:12:16+00:00,2026,105,9146,sc,분데스리,핸디캡,3,H -2.0,묀헨글라,엘버스베,09.05(토) 22:30,"6.0,5.1,1.27",경기전
2026-09-05T01:12:16+00:00,2026,105,9147,sc,분데스리,언더오버,2,U 2.5,묀헨글라,엘버스베,09.05(토) 22:30,"2.23,1.48",경기전
2026-09-05T01:12:16+00:00,2026,105,9148,sc,분데스리,홀짝,2,,묀헨글라,엘버스베,09.05(토) 22:30,"1.8,1.8",경기전
2026-09-05T01:12:16+00:00,2026,105,9149,sc,분데스리,승무패,3,,브레멘,라이프치,09.05(토) 22:30,"3.6,3.75,1.69",경기전
2026-09-05T01:12:16+00:00,2026,105,9150,sc,분데스리,핸디캡,3,H +1.0,브레멘,라이프치,09.05(토) 22:30,"1.97,3.6,2.75",경기전
2026-09-05T01:12:16+00:00,2026,105,9151,sc,분데스리,핸디캡,3,H +2.0,브레멘,라이프치,09.05(토) 22:30,"1.33,4.85,5.2",경기전
2026-09-05T01:12:16+00:00,2026,105,9152,sc,분데스리,언더오버,2,U 3.5,브레멘,라이프치,09.05(토) 22:30,"1.61,1.99",경기전
2026-09-05T01:12:16+00:00,2026,105,9153,sc,분데스리,홀짝,2,,브레멘,라이프치,09.05(토) 22:30,"1.8,1.8",경기전
2026-09-05T01:12:16+00:00,2026,105,9154,sc,분데스리,승무패,3,,파더보른,프라이부,09.05(토) 22:30,"3.1,3.4,1.92",경기전
2026-09-05T01:12:16+00:00,2026,105,9155,sc,분데스리,핸디캡,3,H +1.0,파더보른,프라이부,09.05(토) 22:30,"1.71,3.6,3.5",경기전
2026-09-05T01:12:16+00:00,2026,105,9156,sc,분데스리,핸디캡,3,H +2.0,파더보른,프라이부,09.05(토) 22:30,"1.2,5.5,7.5",경기전
2026-09-05T01:12:16+00:00,2026,105,9157,sc,분데스리,언더오버,2,U 2.5,파더보른,프라이부,09.05(토) 22:30,"2.11,1.54",경기전
2026-09-05T01:12:16+00:00,2026,105,9158,sc,분데스리,홀짝,2,,파더보른,프라이부,09.05(토) 22:30,"1.8,1.8",경기전
2026-09-05T01:12:16+00:00,2026,105,9159,sc,EFL챔,승무패,3,,번리,브리스C,09.05(토) 23:00,"1.74,3.3,3.7",경기전
2026-09-05T01:12:16+00:00,2026,105,9160,sc,EFL챔,핸디캡,3,H -1.0,번리,브리스C,09.05(토) 23:00,"3.15,3.35,1.87",경기전
2026-09-05T01:12:16+00:00,2026,105,9161,sc,EFL챔,언더오버,2,U 2.5,번리,브리스C,09.05(토) 23:00,"1.82,1.7",경기전
2026-09-05T01:12:16+00:00,2026,105,9162,sc,EFL챔,홀짝,2,,번리,브리스C,09.05(토) 23:00,"1.81,1.79",경기전
2026-09-05T01:12:16+00:00,2026,105,9163,sc,EFL챔,승무패,3,,밀월,볼턴W,09.05(토) 23:00,"1.77,3.15,3.75",경기전
2026-09-05T01:12:16+00:00,2026,105,9164,sc,EFL챔,핸디캡,3,H -1.0,밀월,볼턴W,09.05(토) 23:00,"3.35,3.25,1.84",경기전
2026-09-05T01:12:16+00:00,2026,105,9165,sc,EFL챔,언더오버,2,U 2.5,밀월,볼턴W,09.05(토) 23:00,"1.67,1.86",경기전
2026-09-05T01:12:16+00:00,2026,105,9166,sc,EFL챔,홀짝,2,,밀월,볼턴W,09.05(토) 23:00,"1.81,1.79",경기전
2026-09-05T01:12:16+00:00,2026,105,9167,sc,EFL챔,승무패,3,,포츠머스,카디프C,09.05(토) 23:00,"2.21,3.2,2.6",경기전
2026-09-05T01:12:16+00:00,2026,105,9168,sc,EFL챔,핸디캡,3,H -1.0,포츠머스,카디프C,09.05(토) 23:00,"4.4,3.8,1.52",경기전
2026-09-05T01:12:16+00:00,2026,105,9169,sc,EFL챔,언더오버,2,U 2.5,포츠머스,카디프C,09.05(토) 23:00,"1.9,1.64",경기전
2026-09-05T01:12:16+00:00,2026,105,9170,sc,EFL챔,홀짝,2,,포츠머스,카디프C,09.05(토) 23:00,"1.81,1.79",경기전
2026-09-05T01:12:16+00:00,2026,105,9171,sc,EFL챔,승무패,3,,퀸즈파크,미들즈브,09.05(토) 23:00,"2.9,3.2,2.03",경기전
2026-09-05T01:12:16+00:00,2026,105,9172,sc,EFL챔,핸디캡,3,H +1.0,퀸즈파크,미들즈브,09.05(토) 23:00,"1.62,3.6,3.95",경기전
2026-09-05T01:12:16+00:00,2026,105,9173,sc,EFL챔,언더오버,2,U 2.5,퀸즈파크,미들즈브,09.05(토) 23:00,"1.86,1.67",경기전
2026-09-05T01:12:16+00:00,2026,105,9174,sc,EFL챔,홀짝,2,,퀸즈파크,미들즈브,09.05(토) 23:00,"1.81,1.79",경기전
2026-09-05T01:12:16+00:00,2026,105,9175,sc,EFL챔,승무패,3,,셰필드U,노리치C,09.05(토) 23:00,"2.36,3.15,2.45",경기전
2026-09-05T01:12:16+00:00,2026,105,9176,sc,EFL챔,핸디캡,3,H -1.0,셰필드U,노리치C,09.05(토) 23:00,"4.9,3.9,1.45",경기전
2026-09-05T01:12:16+00:00,2026,105,9177,sc,EFL챔,언더오버,2,U 2.5,셰필드U,노리치C,09.05(토) 23:00,"1.84,1.69",경기전
2026-09-05T01:12:16+00:00,2026,105,9178,sc,EFL챔,홀짝,2,,셰필드U,노리치C,09.05(토) 23:00,"1.81,1.79",경기전
2026-09-05T01:12:16+00:00,2026,105,9179,sc,EFL챔,승무패,3,,웨스브로,왓포드,09.05(토) 23:00,"1.75,3.25,3.7",경기전
2026-09-05T01:12:16+00:00,2026,105,9180,sc,EFL챔,핸디캡,3,H -1.0,웨스브로,왓포드,09.05(토) 23:00,"3.25,3.3,1.86",경기전
2026-09-05T01:12:16+00:00,2026,105,9181,sc,EFL챔,언더오버,2,U 2.5,웨스브로,왓포드,09.05(토) 23:00,"1.76,1.76",경기전
2026-09-05T01:12:16+00:00,2026,105,9182,sc,EFL챔,홀짝,2,,웨스브로,왓포드,09.05(토) 23:00,"1.81,1.79",경기전
2026-09-05T01:12:16+00:00,2026,105,9183,sc,EFL챔,승무패,3,,웨스트햄,더비카운,09.05(토) 23:00,"1.3,4.1,7.3",경기전
2026-09-05T01:12:16+00:00,2026,105,9184,sc,EFL챔,핸디캡,3,H -1.0,웨스트햄,더비카운,09.05(토) 23:00,"2.01,3.2,2.95",경기전
2026-09-05T01:12:16+00:00,2026,105,9185,sc,EFL챔,핸디캡,3,H -2.0,웨스트햄,더비카운,09.05(토) 23:00,"3.55,3.75,1.66",경기전
2026-09-05T01:12:16+00:00,2026,105,9186,sc,EFL챔,핸디캡,2,H -3.5,웨스트햄,더비카운,09.05(토) 23:00,"6.84,1.01",경기전
2026-09-05T01:12:16+00:00,2026,105,9187,sc,EFL챔,언더오버,2,U 2.5,웨스트햄,더비카운,09.05(토) 23:00,"1.91,1.63",경기전
2026-09-05T01:12:16+00:00,2026,105,9188,sc,EFL챔,홀짝,2,,웨스트햄,더비카운,09.05(토) 23:00,"1.81,1.79",경기전
2026-09-05T01:12:16+00:00,2026,105,9189,sc,EPL,승무패,3,,브렌트퍼,선덜랜드,09.05(토) 23:00,"1.57,3.6,4.8",경기전
2026-09-05T01:12:16+00:00,2026,105,9190,sc,EPL,핸디캡,3,H -1.0,브렌트퍼,선덜랜드,09.05(토) 23:00,"2.65,3.25,2.22",경기전
2026-09-05T01:12:16+00:00,2026,105,9191,sc,EPL,핸디캡,3,H -2.0,브렌트퍼,선덜랜드,09.05(토) 23:00,"5.2,4.45,1.39",경기전
2026-09-05T01:12:16+00:00,2026,105,9192,sc,EPL,언더오버,2,U 2.5,브렌트퍼,선덜랜드,09.05(토) 23:00,"1.89,1.68",경기전
2026-09-05T01:12:16+00:00,2026,105,9193,sc,EPL,홀짝,2,,브렌트퍼,선덜랜드,09.05(토) 23:00,"1.81,1.79",경기전
2026-09-05T01:12:16+00:00,2026,105,9194,sc,EPL,승무패,3,,브라이턴,리즈U,09.05(토) 23:00,"1.9,3.3,3.4",경기전
2026-09-05T01:12:16+00:00,2026,105,9195,sc,EPL,핸디캡,3,H -1.0,브라이턴,리즈U,09.05(토) 23:00,"3.55,3.45,1.77",경기전
2026-09-05T01:12:16+00:00,2026,105,9196,sc,EPL,핸디캡,3,H -2.0,브라이턴,리즈U,09.05(토) 23:00,"7.8,5.5,1.21",경기전
2026-09-05T01:12:16+00:00,2026,105,9197,sc,EPL,언더오버,2,U 2.5,브라이턴,리즈U,09.05(토) 23:00,"1.8,1.76",경기전
2026-09-05T01:12:16+00:00,2026,105,9198,sc,EPL,홀짝,2,,브라이턴,리즈U,09.05(토) 23:00,"1.81,1.79",경기전
2026-09-05T01:12:16+00:00,2026,105,9199,sc,EPL,승무패,3,,풀럼,크리스털,09.05(토) 23:00,"2.17,3.2,2.85",경기전
2026-09-05T01:12:16+00:00,2026,105,9200,sc,EPL,핸디캡,3,H -1.0,풀럼,크리스털,09.05(토) 23:00,"4.3,3.7,1.58",경기전
2026-09-05T01:12:16+00:00,2026,105,9201,sc,EPL,핸디캡,3,H -2.0,풀럼,크리스털,09.05(토) 23:00,"10.0,6.3,1.14",경기전
2026-09-05T01:12:16+00:00,2026,105,9202,sc,EPL,언더오버,2,U 2.5,풀럼,크리스털,09.05(토) 23:00,"1.8,1.76",경기전
2026-09-05T01:12:16+00:00,2026,105,9203,sc,EPL,홀짝,2,,풀럼,크리스털,09.05(토) 23:00,"1.81,1.79",경기전
2026-09-05T01:12:16+00:00,2026,105,9204,sc,EPL,승무패,3,,맨체스C,코번트리,09.05(토) 23:00,"1.11,6.9,13.0",경기전
2026-09-05T01:12:16+00:00,2026,105,9205,sc,EPL,핸디캡,3,H -1.0,맨체스C,코번트리,09.05(토) 23:00,"1.4,4.6,4.9",경기전
2026-09-05T01:12:16+00:00,2026,105,9206,sc,EPL,핸디캡,3,H -2.0,맨체스C,코번트리,09.05(토) 23:00,"2.06,3.85,2.55",경기전
2026-09-05T01:12:16+00:00,2026,105,9207,sc,EPL,핸디캡,2,H -3.5,맨체스C,코번트리,09.05(토) 23:00,"3.09,1.23",경기전
2026-09-05T01:12:16+00:00,2026,105,9208,sc,EPL,언더오버,2,U 3.5,맨체스C,코번트리,09.05(토) 23:00,"1.84,1.72",경기전
2026-09-05T01:12:16+00:00,2026,105,9209,sc,EPL,홀짝,2,,맨체스C,코번트리,09.05(토) 23:00,"1.8,1.8",경기전
2026-09-05T01:12:16+00:00,2026,105,9210,sc,EPL,승무패,3,,노팅엄F,토트넘,09.05(토) 23:00,"2.34,3.2,2.6",경기전
2026-09-05T01:12:16+00:00,2026,105,9211,sc,EPL,핸디캡,3,H -1.0,노팅엄F,토트넘,09.05(토) 23:00,"4.75,3.85,1.5",경기전
2026-09-05T01:12:16+00:00,2026,105,9212,sc,EPL,핸디캡,3,H -2.0,노팅엄F,토트넘,09.05(토) 23:00,"12.0,7.0,1.1",경기전
2026-09-05T01:12:16+00:00,2026,105,9213,sc,EPL,언더오버,2,U 2.5,노팅엄F,토트넘,09.05(토) 23:00,"1.79,1.77",경기전
2026-09-05T01:12:16+00:00,2026,105,9214,sc,EPL,홀짝,2,,노팅엄F,토트넘,09.05(토) 23:00,"1.81,1.79",경기전
2026-09-05T01:12:16+00:00,2026,105,9215,sc,라리가,승무패,3,,A빌바오,AT마드,09.05(토) 23:15,"2.7,3.15,2.23",경기전
2026-09-05T01:12:16+00:00,2026,105,9216,sc,라리가,핸디캡,3,H +1.0,A빌바오,AT마드,09.05(토) 23:15,"1.53,3.65,4.5",경기전
2026-09-05T01:12:16+00:00,2026,105,9217,sc,라리가,언더오버,2,U 2.5,A빌바오,AT마드,09.05(토) 23:15,"1.78,1.78",경기전
2026-09-05T01:12:16+00:00,2026,105,9218,sc,라리가,홀짝,2,,A빌바오,AT마드,09.05(토) 23:15,"1.81,1.79",경기전
2026-09-05T01:12:16+00:00,2026,105,9219,sc,에레디비,승무패,3,,네이메헌,페예노르,09.05(토) 23:30,"2.55,3.7,2.05",경기전
2026-09-05T01:12:16+00:00,2026,105,9220,sc,에레디비,핸디캡,3,H +1.0,네이메헌,페예노르,09.05(토) 23:30,"1.57,4.25,3.6",경기전
2026-09-05T01:12:16+00:00,2026,105,9221,sc,에레디비,언더오버,2,U 3.5,네이메헌,페예노르,09.05(토) 23:30,"1.79,1.73",경기전
2026-09-05T01:12:16+00:00,2026,105,9222,sc,에레디비,홀짝,2,,네이메헌,페예노르,09.05(토) 23:30,"1.8,1.8",경기전
2026-09-05T01:12:16+00:00,2026,105,9223,sc,프리그1,승무패,3,,RC랑스,로리앙,09.06(일) 00:15,"1.42,3.85,5.4",경기전
2026-09-05T01:12:16+00:00,2026,105,9224,sc,프리그1,핸디캡,3,H -1.0,RC랑스,로리앙,09.06(일) 00:15,"2.28,3.3,2.45",경기전
2026-09-05T01:12:16+00:00,2026,105,9225,sc,프리그1,언더오버,2,U 2.5,RC랑스,로리앙,09.06(일) 00:15,"2.05,1.54",경기전
2026-09-05T01:12:16+00:00,2026,105,9226,sc,프리그1,홀짝,2,,RC랑스,로리앙,09.06(일) 00:15,"1.8,1.8",경기전
2026-09-05T01:12:16+00:00,2026,105,9227,sc,세리에A,승무패,3,,인테르,나폴리,09.06(일) 01:00,"1.55,3.4,4.75",경기전
2026-09-05T01:12:16+00:00,2026,105,9228,sc,세리에A,핸디캡,3,H -1.0,인테르,나폴리,09.06(일) 01:00,"2.7,3.15,2.17",경기전
2026-09-05T01:12:16+00:00,2026,105,9229,sc,세리에A,언더오버,2,U 2.5,인테르,나폴리,09.06(일) 01:00,"1.71,1.81",경기전
2026-09-05T01:12:16+00:00,2026,105,9230,sc,세리에A,홀짝,2,,인테르,나폴리,09.06(일) 01:00,"1.81,1.79",경기전
2026-09-05T01:12:16+00:00,2026,105,9231,bk,여농월드,승패,2,,독일W,일본W,09.06(일) 01:00,"1.35,2.53",경기전
2026-09-05T01:12:16+00:00,2026,105,9232,bk,여농월드,핸디캡,2,H -4.5,독일W,일본W,09.06(일) 01:00,"1.71,1.81",경기전
2026-09-05T01:12:16+00:00,2026,105,9233,bk,여농월드,언더오버,2,U 151.5,독일W,일본W,09.06(일) 01:00,"1.74,1.78",경기전
2026-09-05T01:12:16+00:00,2026,105,9234,bk,여농월드,홀짝,2,,독일W,일본W,09.06(일) 01:00,"1.8,1.8",경기전
2026-09-05T01:12:16+00:00,2026,105,9235,sc,EPL,승무패,3,,헐시티,A빌라,09.06(일) 01:30,"3.7,3.35,1.8",경기전
2026-09-05T01:12:16+00:00,2026,105,9236,sc,EPL,핸디캡,3,H +1.0,헐시티,A빌라,09.06(일) 01:30,"1.85,3.4,3.3",경기전
2026-09-05T01:12:16+00:00,2026,105,9237,sc,EPL,핸디캡,3,H +2.0,헐시티,A빌라,09.06(일) 01:30,"1.25,5.1,7.1",경기전
2026-09-05T01:12:16+00:00,2026,105,9238,sc,EPL,언더오버,2,U 2.5,헐시티,A빌라,09.06(일) 01:30,"1.8,1.76",경기전
2026-09-05T01:12:16+00:00,2026,105,9239,sc,EPL,홀짝,2,,헐시티,A빌라,09.06(일) 01:30,"1.81,1.79",경기전
2026-09-05T01:12:16+00:00,2026,105,9240,sc,라리가,승무패,3,,라요바예,라싱산탄,09.06(일) 01:30,"2.11,3.2,2.85",경기전
2026-09-05T01:12:16+00:00,2026,105,9241,sc,라리가,핸디캡,3,H -1.0,라요바예,라싱산탄,09.06(일) 01:30,"4.1,3.65,1.58",경기전
2026-09-05T01:12:16+00:00,2026,105,9242,sc,라리가,언더오버,2,U 2.5,라요바예,라싱산탄,09.06(일) 01:30,"1.84,1.72",경기전
2026-09-05T01:12:16+00:00,2026,105,9243,sc,라리가,홀짝,2,,라요바예,라싱산탄,09.06(일) 01:30,"1.81,1.79",경기전
2026-09-05T01:12:16+00:00,2026,105,9244,sc,분데스리,승무패,3,,샬케04,바이뮌헨,09.06(일) 01:30,"11.5,6.4,1.12",경기전
2026-09-05T01:12:16+00:00,2026,105,9245,sc,분데스리,핸디캡,3,H +1.0,샬케04,바이뮌헨,09.06(일) 01:30,"4.75,4.25,1.42",경기전
2026-09-05T01:12:16+00:00,2026,105,9246,sc,분데스리,핸디캡,3,H +2.0,샬케04,바이뮌헨,09.06(일) 01:30,"2.7,3.8,1.94",경기전
2026-09-05T01:12:16+00:00,2026,105,9247,sc,분데스리,핸디캡,2,H +3.5,샬케04,바이뮌헨,09.06(일) 01:30,"1.26,2.92",경기전
2026-09-05T01:12:16+00:00,2026,105,9248,sc,분데스리,언더오버,2,U 3.5,샬케04,바이뮌헨,09.06(일) 01:30,"2.17,1.51",경기전
2026-09-05T01:12:16+00:00,2026,105,9249,sc,분데스리,홀짝,2,,샬케04,바이뮌헨,09.06(일) 01:30,"1.8,1.8",경기전
2026-09-05T01:12:16+00:00,2026,105,9250,sc,에레디비,승무패,3,,위트레흐,고어헤드,09.06(일) 01:45,"1.89,3.5,3.0",경기전
2026-09-05T01:12:16+00:00,2026,105,9251,sc,에레디비,핸디캡,3,H -1.0,위트레흐,고어헤드,09.06(일) 01:45,"3.35,3.7,1.72",경기전
2026-09-05T01:12:16+00:00,2026,105,9252,sc,에레디비,언더오버,2,U 3.5,위트레흐,고어헤드,09.06(일) 01:45,"1.49,2.15",경기전
2026-09-05T01:12:16+00:00,2026,105,9253,sc,에레디비,홀짝,2,,위트레흐,고어헤드,09.06(일) 01:45,"1.8,1.8",경기전
2026-09-05T01:12:16+00:00,2026,105,9254,sc,에레디비,승무패,3,,아약스,PSV,09.06(일) 03:00,"2.4,3.7,2.16",경기전
2026-09-05T01:12:16+00:00,2026,105,9255,sc,에레디비,핸디캡,3,H +1.0,아약스,PSV,09.06(일) 03:00,"1.53,4.25,3.85",경기전
2026-09-05T01:12:16+00:00,2026,105,9256,sc,에레디비,언더오버,2,U 3.5,아약스,PSV,09.06(일) 03:00,"1.82,1.7",경기전
2026-09-05T01:12:16+00:00,2026,105,9257,sc,에레디비,홀짝,2,,아약스,PSV,09.06(일) 03:00,"1.8,1.8",경기전
2026-09-05T01:12:16+00:00,2026,105,9258,sc,세리에A,승무패,3,,AS로마,아탈란타,09.06(일) 03:45,"1.62,3.35,4.3",경기전
2026-09-05T01:12:16+00:00,2026,105,9259,sc,세리에A,핸디캡,3,H -1.0,AS로마,아탈란타,09.06(일) 03:45,"2.9,3.2,2.03",경기전
2026-09-05T01:12:16+00:00,2026,105,9260,sc,세리에A,언더오버,2,U 2.5,AS로마,아탈란타,09.06(일) 03:45,"1.75,1.77",경기전
2026-09-05T01:12:16+00:00,2026,105,9261,sc,세리에A,홀짝,2,,AS로마,아탈란타,09.06(일) 03:45,"1.81,1.79",경기전
2026-09-05T01:12:16+00:00,2026,105,9262,sc,프리그1,승무패,3,,르아브르,브레스투,09.06(일) 03:45,"2.44,2.95,2.5",경기전
2026-09-05T01:12:16+00:00,2026,105,9263,sc,프리그1,핸디캡,3,H -1.0,르아브르,브레스투,09.06(일) 03:45,"5.5,3.75,1.43",경기전
2026-09-05T01:12:16+00:00,2026,105,9264,sc,프리그1,언더오버,2,U 2.5,르아브르,브레스투,09.06(일) 03:45,"1.61,1.94",경기전
2026-09-05T01:12:16+00:00,2026,105,9265,sc,프리그1,홀짝,2,,르아브르,브레스투,09.06(일) 03:45,"1.81,1.79",경기전
2026-09-05T01:12:16+00:00,2026,105,9266,sc,프리그1,승무패,3,,OGC니스,르망FC,09.06(일) 03:45,"1.7,3.3,3.85",경기전
2026-09-05T01:12:16+00:00,2026,105,9267,sc,프리그1,핸디캡,3,H -1.0,OGC니스,르망FC,09.06(일) 03:45,"3.1,3.3,1.91",경기전
2026-09-05T01:12:16+00:00,2026,105,9268,sc,프리그1,언더오버,2,U 2.5,OGC니스,르망FC,09.06(일) 03:45,"1.79,1.73",경기전
2026-09-05T01:12:16+00:00,2026,105,9269,sc,프리그1,홀짝,2,,OGC니스,르망FC,09.06(일) 03:45,"1.81,1.79",경기전
2026-09-05T01:12:16+00:00,2026,105,9270,bk,여농월드,승패,2,,프랑스W,한국W,09.06(일) 03:45,"1.0,1.0",경기전
2026-09-05T01:12:16+00:00,2026,105,9271,bk,여농월드,핸디캡,2,H -24.5,프랑스W,한국W,09.06(일) 03:45,"1.76,1.76",경기전
2026-09-05T01:12:16+00:00,2026,105,9272,bk,여농월드,언더오버,2,U 150.5,프랑스W,한국W,09.06(일) 03:45,"1.76,1.76",경기전
2026-09-05T01:12:16+00:00,2026,105,9273,bk,여농월드,홀짝,2,,프랑스W,한국W,09.06(일) 03:45,"1.8,1.8",경기전
2026-09-05T01:12:16+00:00,2026,105,9274,sc,EFL챔,승무패,3,,스완지C,렉섬,09.06(일) 04:00,"2.05,3.1,2.95",경기전
2026-09-05T01:12:16+00:00,2026,105,9275,sc,EFL챔,핸디캡,3,H -1.0,스완지C,렉섬,09.06(일) 04:00,"4.05,3.55,1.61",경기전
2026-09-05T01:12:16+00:00,2026,105,9276,sc,EFL챔,언더오버,2,U 2.5,스완지C,렉섬,09.06(일) 04:00,"1.73,1.79",경기전
2026-09-05T01:12:16+00:00,2026,105,9277,sc,EFL챔,홀짝,2,,스완지C,렉섬,09.06(일) 04:00,"1.81,1.79",경기전
2026-09-05T01:12:16+00:00,2026,105,9278,sc,라리가,승무패,3,,비야레알,데포아코,09.06(일) 04:00,"1.43,3.85,5.6",경기전
2026-09-05T01:12:16+00:00,2026,105,9279,sc,라리가,핸디캡,3,H -1.0,비야레알,데포아코,09.06(일) 04:00,"2.26,3.25,2.5",경기전
2026-09-05T01:12:16+00:00,2026,105,9280,sc,라리가,언더오버,2,U 2.5,비야레알,데포아코,09.06(일) 04:00,"1.96,1.63",경기전
2026-09-05T01:12:16+00:00,2026,105,9281,sc,라리가,홀짝,2,,비야레알,데포아코,09.06(일) 04:00,"1.81,1.79",경기전
2026-09-05T01:12:16+00:00,2026,105,9282,sc,에레디비,승무패,3,,빌럼II,엑셀시오,09.06(일) 04:00,"2.7,3.3,2.1",경기전
2026-09-05T01:12:16+00:00,2026,105,9283,sc,에레디비,핸디캡,3,H +1.0,빌럼II,엑셀시오,09.06(일) 04:00,"1.58,3.75,4.0",경기전
2026-09-05T01:12:16+00:00,2026,105,9284,sc,에레디비,언더오버,2,U 2.5,빌럼II,엑셀시오,09.06(일) 04:00,"2.07,1.53",경기전
2026-09-05T01:12:16+00:00,2026,105,9285,sc,에레디비,홀짝,2,,빌럼II,엑셀시오,09.06(일) 04:00,"1.8,1.8",경기전
2026-09-05T01:12:16+00:00,2026,105,9346,sc,MLS,승무패,3,,샬럿FC,휴스다이,09.06(일) 08:30,"2.07,3.3,2.75",경기전
2026-09-05T01:12:16+00:00,2026,105,9347,sc,MLS,핸디캡,3,H -1.0,샬럿FC,휴스다이,09.06(일) 08:30,"4.0,3.7,1.59",경기전
2026-09-05T01:12:16+00:00,2026,105,9348,sc,MLS,언더오버,2,U 2.5,샬럿FC,휴스다이,09.06(일) 08:30,"1.99,1.58",경기전
2026-09-05T01:12:16+00:00,2026,105,9349,sc,MLS,홀짝,2,,샬럿FC,휴스다이,09.06(일) 08:30,"1.81,1.79",경기전
2026-09-05T01:12:16+00:00,2026,105,9350,sc,MLS,승무패,3,,FC신시내,DC유나이,09.06(일) 08:30,"1.45,4.2,4.5",경기전
2026-09-05T01:12:16+00:00,2026,105,9351,sc,MLS,핸디캡,3,H -1.0,FC신시내,DC유나이,09.06(일) 08:30,"2.22,3.65,2.35",경기전
2026-09-05T01:12:16+00:00,2026,105,9352,sc,MLS,언더오버,2,U 3.5,FC신시내,DC유나이,09.06(일) 08:30,"1.78,1.74",경기전
2026-09-05T01:12:16+00:00,2026,105,9353,sc,MLS,홀짝,2,,FC신시내,DC유나이,09.06(일) 08:30,"1.8,1.8",경기전
2026-09-05T01:12:16+00:00,2026,105,9354,sc,MLS,승무패,3,,콜럼크루,콜로래피,09.06(일) 08:30,"2.01,3.2,2.95",경기전
2026-09-05T01:12:16+00:00,2026,105,9355,sc,MLS,핸디캡,3,H -1.0,콜럼크루,콜로래피,09.06(일) 08:30,"4.1,3.5,1.61",경기전
2026-09-05T01:12:16+00:00,2026,105,9356,sc,MLS,언더오버,2,U 2.5,콜럼크루,콜로래피,09.06(일) 08:30,"1.89,1.65",경기전
2026-09-05T01:12:16+00:00,2026,105,9357,sc,MLS,홀짝,2,,콜럼크루,콜로래피,09.06(일) 08:30,"1.81,1.79",경기전
2026-09-05T01:12:16+00:00,2026,105,9358,sc,MLS,승무패,3,,인터마이,애틀유나,09.06(일) 08:30,"1.27,5.0,6.2",경기전
2026-09-05T01:12:16+00:00,2026,105,9359,sc,MLS,핸디캡,3,H -1.0,인터마이,애틀유나,09.06(일) 08:30,"1.71,4.15,3.1",경기전
2026-09-05T01:12:16+00:00,2026,105,9360,sc,MLS,언더오버,2,U 3.5,인터마이,애틀유나,09.06(일) 08:30,"2.07,1.53",경기전
2026-09-05T01:12:16+00:00,2026,105,9361,sc,MLS,홀짝,2,,인터마이,애틀유나,09.06(일) 08:30,"1.8,1.8",경기전
2026-09-05T01:12:16+00:00,2026,105,9362,sc,MLS,승무패,3,,올랜시티,샌디에FC,09.06(일) 08:30,"1.95,3.75,2.7",경기전
2026-09-05T01:12:16+00:00,2026,105,9363,sc,MLS,핸디캡,3,H -1.0,올랜시티,샌디에FC,09.06(일) 08:30,"3.4,3.95,1.66",경기전
2026-09-05T01:12:16+00:00,2026,105,9364,sc,MLS,언더오버,2,U 3.5,올랜시티,샌디에FC,09.06(일) 08:30,"1.79,1.73",경기전
2026-09-05T01:12:16+00:00,2026,105,9365,sc,MLS,홀짝,2,,올랜시티,샌디에FC,09.06(일) 08:30,"1.8,1.8",경기전
2026-09-05T01:12:16+00:00,2026,105,9366,sc,MLS,승무패,3,,필라유니,CF몽레알,09.06(일) 08:30,"1.36,4.25,5.6",경기전
2026-09-05T01:12:16+00:00,2026,105,9367,sc,MLS,핸디캡,3,H -1.0,필라유니,CF몽레알,09.06(일) 08:30,"2.06,3.5,2.65",경기전
2026-09-05T01:12:16+00:00,2026,105,9368,sc,MLS,언더오버,2,U 3.5,필라유니,CF몽레알,09.06(일) 08:30,"1.57,2.0",경기전
2026-09-05T01:12:16+00:00,2026,105,9369,sc,MLS,홀짝,2,,필라유니,CF몽레알,09.06(일) 08:30,"1.8,1.8",경기전
2026-09-05T01:12:16+00:00,2026,105,9370,sc,MLS,승무패,3,,토론토FC,시카파이,09.06(일) 08:30,"2.6,3.45,2.11",경기전
2026-09-05T01:12:16+00:00,2026,105,9371,sc,MLS,핸디캡,3,H +1.0,토론토FC,시카파이,09.06(일) 08:30,"1.57,3.85,3.95",경기전
2026-09-05T01:12:16+00:00,2026,105,9372,sc,MLS,언더오버,2,U 3.5,토론토FC,시카파이,09.06(일) 08:30,"1.48,2.17",경기전
2026-09-05T01:12:16+00:00,2026,105,9373,sc,MLS,홀짝,2,,토론토FC,시카파이,09.06(일) 08:30,"1.8,1.8",경기전
2026-09-05T01:12:16+00:00,2026,105,9379,sc,MLS,승무패,3,,오스틴FC,새너어스,09.06(일) 09:30,"2.04,3.55,2.65",경기전
2026-09-05T01:12:16+00:00,2026,105,9380,sc,MLS,핸디캡,3,H -1.0,오스틴FC,새너어스,09.06(일) 09:30,"3.65,3.95,1.61",경기전
2026-09-05T01:12:16+00:00,2026,105,9381,sc,MLS,언더오버,2,U 3.5,오스틴FC,새너어스,09.06(일) 09:30,"1.57,2.0",경기전
2026-09-05T01:12:16+00:00,2026,105,9382,sc,MLS,홀짝,2,,오스틴FC,새너어스,09.06(일) 09:30,"1.8,1.8",경기전
2026-09-05T01:12:16+00:00,2026,105,9383,sc,MLS,승무패,3,,FC댈러스,스포캔자,09.06(일) 09:30,"1.38,4.15,5.4",경기전
2026-09-05T01:12:16+00:00,2026,105,9384,sc,MLS,핸디캡,3,H -1.0,FC댈러스,스포캔자,09.06(일) 09:30,"2.09,3.5,2.6",경기전
2026-09-05T01:12:16+00:00,2026,105,9385,sc,MLS,언더오버,2,U 3.5,FC댈러스,스포캔자,09.06(일) 09:30,"1.59,1.97",경기전
2026-09-05T01:12:16+00:00,2026,105,9386,sc,MLS,홀짝,2,,FC댈러스,스포캔자,09.06(일) 09:30,"1.8,1.8",경기전
2026-09-05T01:12:16+00:00,2026,105,9387,sc,MLS,승무패,3,,시애사운,뉴욕레드,09.06(일) 09:30,"1.8,3.75,3.05",경기전
2026-09-05T01:12:16+00:00,2026,105,9388,sc,MLS,핸디캡,3,H -1.0,시애사운,뉴욕레드,09.06(일) 09:30,"3.05,3.8,1.79",경기전
2026-09-05T01:12:16+00:00,2026,105,9389,sc,MLS,언더오버,2,U 3.5,시애사운,뉴욕레드,09.06(일) 09:30,"1.68,1.85",경기전
2026-09-05T01:12:16+00:00,2026,105,9390,sc,MLS,홀짝,2,,시애사운,뉴욕레드,09.06(일) 09:30,"1.8,1.8",경기전
2026-09-05T01:12:16+00:00,2026,105,9396,sc,MLS,승무패,3,,LA갤럭시,뉴잉레벌,09.06(일) 10:30,"2.12,3.5,2.55",경기전
2026-09-05T01:12:16+00:00,2026,105,9397,sc,MLS,핸디캡,3,H -1.0,LA갤럭시,뉴잉레벌,09.06(일) 10:30,"3.95,3.95,1.56",경기전
2026-09-05T01:12:16+00:00,2026,105,9398,sc,MLS,언더오버,2,U 3.5,LA갤럭시,뉴잉레벌,09.06(일) 10:30,"1.53,2.07",경기전
2026-09-05T01:12:16+00:00,2026,105,9399,sc,MLS,홀짝,2,,LA갤럭시,뉴잉레벌,09.06(일) 10:30,"1.8,1.8",경기전
2026-09-05T01:12:16+00:00,2026,105,9400,sc,MLS,승무패,3,,레알솔트,LAFC,09.06(일) 10:30,"2.55,3.3,2.2",경기전
2026-09-05T01:12:16+00:00,2026,105,9401,sc,MLS,핸디캡,3,H +1.0,레알솔트,LAFC,09.06(일) 10:30,"1.52,3.85,4.3",경기전
2026-09-05T01:12:16+00:00,2026,105,9402,sc,MLS,핸디캡,3,H +2.0,레알솔트,LAFC,09.06(일) 10:30,"1.12,6.4,10.0",경기전
2026-09-05T01:12:16+00:00,2026,105,9403,sc,MLS,언더오버,2,U 2.5,레알솔트,LAFC,09.06(일) 10:30,"2.05,1.54",경기전
2026-09-05T01:12:16+00:00,2026,105,9404,sc,MLS,홀짝,2,,레알솔트,LAFC,09.06(일) 10:30,"1.8,1.8",경기전
2026-09-05T01:12:16+00:00,2026,105,9413,sc,MLS,승무패,3,,포틀팀버,미네유나,09.06(일) 11:30,"1.96,3.55,2.8",경기전
2026-09-05T01:12:16+00:00,2026,105,9414,sc,MLS,핸디캡,3,H -1.0,포틀팀버,미네유나,09.06(일) 11:30,"3.5,3.85,1.66",경기전
2026-09-05T01:12:16+00:00,2026,105,9415,sc,MLS,언더오버,2,U 3.5,포틀팀버,미네유나,09.06(일) 11:30,"1.55,2.04",경기전
2026-09-05T01:12:16+00:00,2026,105,9416,sc,MLS,홀짝,2,,포틀팀버,미네유나,09.06(일) 11:30,"1.8,1.8",경기전
2026-09-05T01:12:16+00:00,2026,105,9417,sc,MLS,승무패,3,,밴쿠화이,세인시티,09.06(일) 11:30,"1.38,4.35,5.1",경기전
2026-09-05T01:12:16+00:00,2026,105,9418,sc,MLS,핸디캡,3,H -1.0,밴쿠화이,세인시티,09.06(일) 11:30,"2.07,3.75,2.5",경기전
2026-09-05T01:12:16+00:00,2026,105,9419,sc,MLS,언더오버,2,U 3.5,밴쿠화이,세인시티,09.06(일) 11:30,"1.66,1.87",경기전
2026-09-05T01:12:16+00:00,2026,105,9420,sc,MLS,홀짝,2,,밴쿠화이,세인시티,09.06(일) 11:30,"1.8,1.8",경기전
2026-09-05T01:12:16+00:00,2026,105,9485,sc,J1리그,승무패,3,,가시마A,우라와R,09.06(일) 18:00,"1.68,3.35,3.9",경기전
2026-09-05T01:12:16+00:00,2026,105,9486,sc,J1리그,핸디캡,3,H -1.0,가시마A,우라와R,09.06(일) 18:00,"3.0,3.3,1.95",경기전
2026-09-05T01:12:16+00:00,2026,105,9487,sc,J1리그,언더오버,2,U 2.5,가시마A,우라와R,09.06(일) 18:00,"1.84,1.69",경기전
2026-09-05T01:12:16+00:00,2026,105,9488,sc,J1리그,홀짝,2,,가시마A,우라와R,09.06(일) 18:00,"1.81,1.79",경기전
2026-09-05T01:12:16+00:00,2026,105,9489,sc,J1리그,승무패,3,,제프유나,G오사카,09.06(일) 18:00,"2.75,3.25,2.09",경기전
2026-09-05T01:12:16+00:00,2026,105,9490,sc,J1리그,핸디캡,3,H +1.0,제프유나,G오사카,09.06(일) 18:00,"1.58,3.7,4.05",경기전
2026-09-05T01:12:16+00:00,2026,105,9491,sc,J1리그,언더오버,2,U 2.5,제프유나,G오사카,09.06(일) 18:00,"1.9,1.64",경기전
2026-09-05T01:12:16+00:00,2026,105,9492,sc,J1리그,홀짝,2,,제프유나,G오사카,09.06(일) 18:00,"1.81,1.79",경기전
2026-09-05T01:12:16+00:00,2026,105,9493,sc,J1리그,승무패,3,,나고야G,마치다Z,09.06(일) 18:00,"2.9,3.15,2.05",경기전
2026-09-05T01:12:16+00:00,2026,105,9494,sc,J1리그,핸디캡,3,H +1.0,나고야G,마치다Z,09.06(일) 18:00,"1.61,3.6,4.0",경기전
2026-09-05T01:12:16+00:00,2026,105,9495,sc,J1리그,언더오버,2,U 2.5,나고야G,마치다Z,09.06(일) 18:00,"1.81,1.71",경기전
2026-09-05T01:12:16+00:00,2026,105,9496,sc,J1리그,홀짝,2,,나고야G,마치다Z,09.06(일) 18:00,"1.81,1.79",경기전
2026-09-05T01:12:16+00:00,2026,105,9497,sc,J1리그,승무패,3,,오카야마,산프히로,09.06(일) 18:00,"3.5,3.3,1.78",경기전
2026-09-05T01:12:16+00:00,2026,105,9498,sc,J1리그,핸디캡,3,H +1.0,오카야마,산프히로,09.06(일) 18:00,"1.83,3.4,3.25",경기전
2026-09-05T01:12:16+00:00,2026,105,9499,sc,J1리그,언더오버,2,U 2.5,오카야마,산프히로,09.06(일) 18:00,"1.84,1.69",경기전
2026-09-05T01:12:16+00:00,2026,105,9500,sc,J1리그,홀짝,2,,오카야마,산프히로,09.06(일) 18:00,"1.81,1.79",경기전
2026-09-05T01:12:16+00:00,2026,105,9523,sc,J1리그,승무패,3,,가시와R,요코마리,09.06(일) 19:00,"1.58,3.5,4.35",경기전
2026-09-05T01:12:16+00:00,2026,105,9524,sc,J1리그,핸디캡,3,H -1.0,가시와R,요코마리,09.06(일) 19:00,"2.7,3.3,2.1",경기전
2026-09-05T01:12:16+00:00,2026,105,9525,sc,J1리그,언더오버,2,U 2.5,가시와R,요코마리,09.06(일) 19:00,"1.9,1.64",경기전
2026-09-05T01:12:16+00:00,2026,105,9526,sc,J1리그,홀짝,2,,가시와R,요코마리,09.06(일) 19:00,"1.81,1.79",경기전
2026-09-05T01:12:16+00:00,2026,105,9527,sc,J1리그,승무패,3,,가와사키,시미즈S,09.06(일) 19:00,"1.73,3.45,3.55",경기전
2026-09-05T01:12:16+00:00,2026,105,9528,sc,J1리그,핸디캡,3,H -1.0,가와사키,시미즈S,09.06(일) 19:00,"3.05,3.45,1.88",경기전
2026-09-05T01:12:16+00:00,2026,105,9529,sc,J1리그,언더오버,2,U 2.5,가와사키,시미즈S,09.06(일) 19:00,"2.05,1.54",경기전
2026-09-05T01:12:16+00:00,2026,105,9530,sc,J1리그,홀짝,2,,가와사키,시미즈S,09.06(일) 19:00,"1.8,1.8",경기전
2026-09-05T01:12:16+00:00,2026,105,9531,sc,J1리그,승무패,3,,C오사카,도쿄베르,09.06(일) 19:00,"1.69,3.25,4.0",경기전
2026-09-05T01:12:16+00:00,2026,105,9532,sc,J1리그,핸디캡,3,H -1.0,C오사카,도쿄베르,09.06(일) 19:00,"3.1,3.25,1.93",경기전
2026-09-05T01:12:16+00:00,2026,105,9533,sc,J1리그,언더오버,2,U 2.5,C오사카,도쿄베르,09.06(일) 19:00,"1.69,1.84",경기전
2026-09-05T01:12:16+00:00,2026,105,9534,sc,J1리그,홀짝,2,,C오사카,도쿄베르,09.06(일) 19:00,"1.81,1.79",경기전
2026-09-05T01:12:16+00:00,2026,105,9535,sc,J1리그,승무패,3,,비셀고베,V바렌나,09.06(일) 19:00,"1.6,3.25,4.6",경기전
2026-09-05T01:12:16+00:00,2026,105,9536,sc,J1리그,핸디캡,3,H -1.0,비셀고베,V바렌나,09.06(일) 19:00,"2.9,3.15,2.05",경기전
2026-09-05T01:12:16+00:00,2026,105,9537,sc,J1리그,언더오버,2,U 2.5,비셀고베,V바렌나,09.06(일) 19:00,"1.63,1.91",경기전
2026-09-05T01:12:16+00:00,2026,105,9538,sc,J1리그,홀짝,2,,비셀고베,V바렌나,09.06(일) 19:00,"1.81,1.79",경기전
2026-09-05T01:12:16+00:00,2026,105,9547,sc,K리그1,승무패,3,,FC안양,강원FC,09.06(일) 19:00,"3.15,3.1,2.07",경기전
2026-09-05T01:12:16+00:00,2026,105,9548,sc,K리그1,핸디캡,3,H +1.0,FC안양,강원FC,09.06(일) 19:00,"1.65,3.5,4.1",경기전
2026-09-05T01:12:16+00:00,2026,105,9549,sc,K리그1,핸디캡,3,H +2.0,FC안양,강원FC,09.06(일) 19:00,"1.15,6.0,10.0",경기전
2026-09-05T01:12:16+00:00,2026,105,9550,sc,K리그1,언더오버,2,U 2.5,FC안양,강원FC,09.06(일) 19:00,"1.67,1.91",경기전
2026-09-05T01:12:16+00:00,2026,105,9551,sc,K리그1,홀짝,2,,FC안양,강원FC,09.06(일) 19:00,"1.81,1.79",경기전
2026-09-05T01:12:16+00:00,2026,105,9552,sc,K리그1,전반승무패,3,h(전반),FC안양,강원FC,09.06(일) 19:00,"3.85,1.93,2.7",경기전
2026-09-05T01:12:16+00:00,2026,105,9553,sc,K리그1,전반핸디캡,3,h H +1.0,FC안양,강원FC,09.06(일) 19:00,"1.32,3.7,8.2",경기전
2026-09-05T01:12:16+00:00,2026,105,9554,sc,K리그1,전반언더오버,2,h U 1.5,FC안양,강원FC,09.06(일) 19:00,"1.31,2.68",경기전
2026-09-05T01:12:16+00:00,2026,105,9555,sc,K리그1,승무패,3,,김천상무,광주FC,09.06(일) 19:00,"1.54,3.55,5.2",경기전
2026-09-05T01:12:16+00:00,2026,105,9556,sc,K리그1,핸디캡,3,H -1.0,김천상무,광주FC,09.06(일) 19:00,"2.65,3.15,2.26",경기전
2026-09-05T01:12:16+00:00,2026,105,9557,sc,K리그1,핸디캡,3,H -2.0,김천상무,광주FC,09.06(일) 19:00,"5.2,4.35,1.4",경기전
2026-09-05T01:12:16+00:00,2026,105,9558,sc,K리그1,언더오버,2,U 2.5,김천상무,광주FC,09.06(일) 19:00,"1.73,1.83",경기전
2026-09-05T01:12:16+00:00,2026,105,9559,sc,K리그1,홀짝,2,,김천상무,광주FC,09.06(일) 19:00,"1.81,1.79",경기전
2026-09-05T01:12:16+00:00,2026,105,9560,sc,K리그1,전반승무패,3,h(전반),김천상무,광주FC,09.06(일) 19:00,"2.05,2.03,5.9",경기전
2026-09-05T01:12:16+00:00,2026,105,9561,sc,K리그1,전반핸디캡,3,h H -1.0,김천상무,광주FC,09.06(일) 19:00,"5.2,3.15,1.56",경기전
2026-09-05T01:12:16+00:00,2026,105,9562,sc,K리그1,전반언더오버,2,h U 1.5,김천상무,광주FC,09.06(일) 19:00,"1.34,2.56",경기전
2026-09-05T01:12:16+00:00,2026,105,9563,sc,K리그2,승무패,3,,수원삼성,충남아산,09.06(일) 19:00,"1.49,3.65,4.9",경기전
2026-09-05T01:12:16+00:00,2026,105,9564,sc,K리그2,핸디캡,3,H -1.0,수원삼성,충남아산,09.06(일) 19:00,"2.45,3.3,2.28",경기전
2026-09-05T01:12:16+00:00,2026,105,9565,sc,K리그2,언더오버,2,U 2.5,수원삼성,충남아산,09.06(일) 19:00,"1.96,1.6",경기전
2026-09-05T01:12:16+00:00,2026,105,9566,sc,K리그2,홀짝,2,,수원삼성,충남아산,09.06(일) 19:00,"1.81,1.79",경기전
2026-09-05T01:12:16+00:00,2026,105,9567,sc,K리그2,승무패,3,,김포FC,성남FC,09.06(일) 19:00,"1.96,3.05,3.2",경기전
2026-09-05T01:12:16+00:00,2026,105,9568,sc,K리그2,핸디캡,3,H -1.0,김포FC,성남FC,09.06(일) 19:00,"3.95,3.4,1.66",경기전
2026-09-05T01:12:16+00:00,2026,105,9569,sc,K리그2,언더오버,2,U 2.5,김포FC,성남FC,09.06(일) 19:00,"1.61,1.94",경기전
2026-09-05T01:12:16+00:00,2026,105,9570,sc,K리그2,홀짝,2,,김포FC,성남FC,09.06(일) 19:00,"1.81,1.79",경기전
2026-09-05T01:12:16+00:00,2026,105,9571,sc,에레디비,승무패,3,,흐로닝언,트벤테,09.06(일) 19:15,"2.95,3.5,1.91",경기전
2026-09-05T01:12:16+00:00,2026,105,9572,sc,에레디비,핸디캡,3,H +1.0,흐로닝언,트벤테,09.06(일) 19:15,"1.71,3.7,3.4",경기전
2026-09-05T01:12:16+00:00,2026,105,9573,sc,에레디비,언더오버,2,U 3.5,흐로닝언,트벤테,09.06(일) 19:15,"1.49,2.15",경기전
2026-09-05T01:12:16+00:00,2026,105,9574,sc,에레디비,홀짝,2,,흐로닝언,트벤테,09.06(일) 19:15,"1.8,1.8",경기전
2026-09-05T01:12:16+00:00,2026,105,9575,sc,J1리그,승무패,3,,FC도쿄,교토상가,09.06(일) 19:30,"1.56,3.45,4.6",경기전
2026-09-05T01:12:16+00:00,2026,105,9576,sc,J1리그,핸디캡,3,H -1.0,FC도쿄,교토상가,09.06(일) 19:30,"2.7,3.2,2.14",경기전
2026-09-05T01:12:16+00:00,2026,105,9577,sc,J1리그,언더오버,2,U 2.5,FC도쿄,교토상가,09.06(일) 19:30,"1.81,1.71",경기전
2026-09-05T01:12:16+00:00,2026,105,9578,sc,J1리그,홀짝,2,,FC도쿄,교토상가,09.06(일) 19:30,"1.81,1.79",경기전
2026-09-05T01:12:16+00:00,2026,105,9579,sc,EFL챔,승무패,3,,버밍엄C,울버햄튼,09.06(일) 20:00,"2.65,3.05,2.25",경기전
2026-09-05T01:12:16+00:00,2026,105,9580,sc,EFL챔,핸디캡,3,H +1.0,버밍엄C,울버햄튼,09.06(일) 20:00,"1.5,3.65,4.8",경기전
2026-09-05T01:12:16+00:00,2026,105,9581,sc,EFL챔,언더오버,2,U 2.5,버밍엄C,울버햄튼,09.06(일) 20:00,"1.63,1.91",경기전
2026-09-05T01:12:16+00:00,2026,105,9582,sc,EFL챔,홀짝,2,,버밍엄C,울버햄튼,09.06(일) 20:00,"1.81,1.79",경기전
2026-09-05T01:12:16+00:00,2026,105,9583,sc,에레디비,승무패,3,,텔스타,캄뷔르,09.06(일) 21:30,"1.53,3.9,4.2",경기전
2026-09-05T01:12:16+00:00,2026,105,9584,sc,에레디비,핸디캡,3,H -1.0,텔스타,캄뷔르,09.06(일) 21:30,"2.45,3.55,2.18",경기전
2026-09-05T01:12:16+00:00,2026,105,9585,sc,에레디비,언더오버,2,U 3.5,텔스타,캄뷔르,09.06(일) 21:30,"1.6,1.96",경기전
2026-09-05T01:12:16+00:00,2026,105,9586,sc,에레디비,홀짝,2,,텔스타,캄뷔르,09.06(일) 21:30,"1.8,1.8",경기전
2026-09-05T01:12:16+00:00,2026,105,9587,sc,에레디비,승무패,3,,헤이렌베,알크마르,09.06(일) 21:30,"3.4,3.7,1.71",경기전
2026-09-05T01:12:16+00:00,2026,105,9588,sc,에레디비,핸디캡,3,H +1.0,헤이렌베,알크마르,09.06(일) 21:30,"1.91,3.65,2.85",경기전
2026-09-05T01:12:16+00:00,2026,105,9589,sc,에레디비,언더오버,2,U 3.5,헤이렌베,알크마르,09.06(일) 21:30,"1.58,1.99",경기전
2026-09-05T01:12:16+00:00,2026,105,9590,sc,에레디비,홀짝,2,,헤이렌베,알크마르,09.06(일) 21:30,"1.8,1.8",경기전
2026-09-05T01:12:16+00:00,2026,105,9595,sc,EPL,승무패,3,,에버턴,맨체스U,09.06(일) 22:00,"2.9,3.4,2.06",경기전
2026-09-05T01:12:16+00:00,2026,105,9596,sc,EPL,핸디캡,3,H +1.0,에버턴,맨체스U,09.06(일) 22:00,"1.65,3.7,3.85",경기전
2026-09-05T01:12:16+00:00,2026,105,9597,sc,EPL,핸디캡,3,H +2.0,에버턴,맨체스U,09.06(일) 22:00,"1.18,5.8,8.6",경기전
2026-09-05T01:12:16+00:00,2026,105,9598,sc,EPL,언더오버,2,U 2.5,에버턴,맨체스U,09.06(일) 22:00,"2.02,1.59",경기전
2026-09-05T01:12:16+00:00,2026,105,9599,sc,EPL,홀짝,2,,에버턴,맨체스U,09.06(일) 22:00,"1.81,1.79",경기전
2026-09-05T01:12:16+00:00,2026,105,9600,sc,세리에A,승무패,3,,프로시노,베네치아,09.06(일) 22:00,"2.45,3.15,2.36",경기전
2026-09-05T01:12:16+00:00,2026,105,9601,sc,세리에A,핸디캡,3,H +1.0,프로시노,베네치아,09.06(일) 22:00,"1.46,3.85,4.9",경기전
2026-09-05T01:12:16+00:00,2026,105,9602,sc,세리에A,언더오버,2,U 2.5,프로시노,베네치아,09.06(일) 22:00,"1.8,1.72",경기전
2026-09-05T01:12:16+00:00,2026,105,9603,sc,세리에A,홀짝,2,,프로시노,베네치아,09.06(일) 22:00,"1.81,1.79",경기전
2026-09-05T01:12:16+00:00,2026,105,9604,sc,세리에A,승무패,3,,파르마,AC몬차,09.06(일) 22:00,"2.34,2.9,2.65",경기전
2026-09-05T01:12:16+00:00,2026,105,9605,sc,세리에A,핸디캡,3,H -1.0,파르마,AC몬차,09.06(일) 22:00,"5.2,3.6,1.47",경기전
2026-09-05T01:12:16+00:00,2026,105,9606,sc,세리에A,언더오버,2,U 2.5,파르마,AC몬차,09.06(일) 22:00,"1.51,2.11",경기전
2026-09-05T01:12:16+00:00,2026,105,9607,sc,세리에A,홀짝,2,,파르마,AC몬차,09.06(일) 22:00,"1.82,1.78",경기전
2026-09-05T01:12:16+00:00,2026,105,9608,sc,프리그1,승무패,3,,트루아AC,RC스트라,09.06(일) 22:00,"2.7,3.1,2.19",경기전
2026-09-05T01:12:16+00:00,2026,105,9609,sc,프리그1,핸디캡,3,H +1.0,트루아AC,RC스트라,09.06(일) 22:00,"1.53,3.65,4.5",경기전
2026-09-05T01:12:16+00:00,2026,105,9610,sc,프리그1,언더오버,2,U 2.5,트루아AC,RC스트라,09.06(일) 22:00,"1.76,1.76",경기전
2026-09-05T01:12:16+00:00,2026,105,9611,sc,프리그1,홀짝,2,,트루아AC,RC스트라,09.06(일) 22:00,"1.81,1.79",경기전
2026-09-05T01:12:16+00:00,2026,105,9612,sc,분데스리,승무패,3,,함부르크,마인츠05,09.06(일) 22:30,"2.6,3.35,2.21",경기전
2026-09-05T01:12:16+00:00,2026,105,9613,sc,분데스리,핸디캡,3,H +1.0,함부르크,마인츠05,09.06(일) 22:30,"1.53,3.85,4.25",경기전
2026-09-05T01:12:16+00:00,2026,105,9614,sc,분데스리,핸디캡,3,H +2.0,함부르크,마인츠05,09.06(일) 22:30,"1.12,6.5,9.7",경기전
2026-09-05T01:12:16+00:00,2026,105,9615,sc,분데스리,언더오버,2,U 2.5,함부르크,마인츠05,09.06(일) 22:30,"2.05,1.57",경기전
2026-09-05T01:12:16+00:00,2026,105,9616,sc,분데스리,홀짝,2,,함부르크,마인츠05,09.06(일) 22:30,"1.8,1.8",경기전
2026-09-05T01:12:16+00:00,2026,105,9617,sc,라리가,승무패,3,,발렌시아,바르셀로,09.06(일) 23:15,"7.2,4.9,1.26",경기전
2026-09-05T01:12:16+00:00,2026,105,9618,sc,라리가,핸디캡,3,H +1.0,발렌시아,바르셀로,09.06(일) 23:15,"3.25,3.65,1.76",경기전
2026-09-05T01:12:16+00:00,2026,105,9619,sc,라리가,핸디캡,3,H +2.0,발렌시아,바르셀로,09.06(일) 23:15,"1.9,3.85,2.75",경기전
2026-09-05T01:12:16+00:00,2026,105,9620,sc,라리가,핸디캡,2,H +3.5,발렌시아,바르셀로,09.06(일) 23:15,"1.08,4.75",경기전
2026-09-05T01:12:16+00:00,2026,105,9621,sc,라리가,언더오버,2,U 3.5,발렌시아,바르셀로,09.06(일) 23:15,"1.74,1.82",경기전
2026-09-05T01:12:16+00:00,2026,105,9622,sc,라리가,홀짝,2,,발렌시아,바르셀로,09.06(일) 23:15,"1.8,1.8",경기전
2026-09-05T01:12:16+00:00,2026,105,9623,sc,에레디비,승무패,3,,덴하흐,F시타르,09.06(일) 23:45,"1.91,3.65,2.85",경기전
2026-09-05T01:12:16+00:00,2026,105,9624,sc,에레디비,핸디캡,3,H -1.0,덴하흐,F시타르,09.06(일) 23:45,"3.35,3.85,1.69",경기전
2026-09-05T01:12:16+00:00,2026,105,9625,sc,에레디비,언더오버,2,U 3.5,덴하흐,F시타르,09.06(일) 23:45,"1.63,1.91",경기전
2026-09-05T01:12:16+00:00,2026,105,9626,sc,에레디비,홀짝,2,,덴하흐,F시타르,09.06(일) 23:45,"1.8,1.8",경기전
2026-09-05T01:12:16+00:00,2026,105,9635,sc,프리그1,승무패,3,,앙제SCO,스타드렌,09.07(월) 00:15,"3.5,3.4,1.76",경기전
2026-09-05T01:12:16+00:00,2026,105,9636,sc,프리그1,핸디캡,3,H +1.0,앙제SCO,스타드렌,09.07(월) 00:15,"1.85,3.5,3.1",경기전
2026-09-05T01:12:16+00:00,2026,105,9637,sc,프리그1,언더오버,2,U 2.5,앙제SCO,스타드렌,09.07(월) 00:15,"2.02,1.56",경기전
2026-09-05T01:12:16+00:00,2026,105,9638,sc,프리그1,홀짝,2,,앙제SCO,스타드렌,09.07(월) 00:15,"1.8,1.8",경기전
2026-09-05T01:12:16+00:00,2026,105,9639,sc,EPL,승무패,3,,아스널,첼시,09.07(월) 00:30,"1.64,3.55,4.3",경기전
2026-09-05T01:12:16+00:00,2026,105,9640,sc,EPL,핸디캡,3,H -1.0,아스널,첼시,09.07(월) 00:30,"2.8,3.35,2.08",경기전
2026-09-05T01:12:16+00:00,2026,105,9641,sc,EPL,핸디캡,3,H -2.0,아스널,첼시,09.07(월) 00:30,"5.6,4.6,1.35",경기전
2026-09-05T01:12:16+00:00,2026,105,9642,sc,EPL,언더오버,2,U 2.5,아스널,첼시,09.07(월) 00:30,"1.91,1.67",경기전
2026-09-05T01:12:16+00:00,2026,105,9643,sc,EPL,홀짝,2,,아스널,첼시,09.07(월) 00:30,"1.81,1.79",경기전
2026-09-05T01:12:16+00:00,2026,105,9644,sc,분데스리,승무패,3,,프랑크푸,아우크스,09.07(월) 00:30,"1.81,3.7,3.2",경기전
2026-09-05T01:12:16+00:00,2026,105,9645,sc,분데스리,핸디캡,3,H -1.0,프랑크푸,아우크스,09.07(월) 00:30,"3.05,3.75,1.8",경기전
2026-09-05T01:12:16+00:00,2026,105,9646,sc,분데스리,핸디캡,3,H -2.0,프랑크푸,아우크스,09.07(월) 00:30,"5.9,5.2,1.27",경기전
2026-09-05T01:12:16+00:00,2026,105,9647,sc,분데스리,언더오버,2,U 3.5,프랑크푸,아우크스,09.07(월) 00:30,"1.63,1.96",경기전
2026-09-05T01:12:16+00:00,2026,105,9648,sc,분데스리,홀짝,2,,프랑크푸,아우크스,09.07(월) 00:30,"1.8,1.8",경기전
2026-09-05T01:12:16+00:00,2026,105,9653,sc,세리에A,승무패,3,,볼로냐,사수올로,09.07(월) 01:00,"1.88,3.1,3.4",경기전
2026-09-05T01:12:16+00:00,2026,105,9654,sc,세리에A,핸디캡,3,H -1.0,볼로냐,사수올로,09.07(월) 01:00,"3.6,3.35,1.74",경기전
2026-09-05T01:12:16+00:00,2026,105,9655,sc,세리에A,언더오버,2,U 2.5,볼로냐,사수올로,09.07(월) 01:00,"1.67,1.86",경기전
2026-09-05T01:12:16+00:00,2026,105,9656,sc,세리에A,홀짝,2,,볼로냐,사수올로,09.07(월) 01:00,"1.81,1.79",경기전
2026-09-05T01:12:16+00:00,2026,105,9662,sc,라리가,승무패,3,,알라베스,오사수나,09.07(월) 01:30,"2.19,2.85,3.05",경기전
2026-09-05T01:12:16+00:00,2026,105,9663,sc,라리가,핸디캡,3,H -1.0,알라베스,오사수나,09.07(월) 01:30,"4.65,3.4,1.56",경기전
2026-09-05T01:12:16+00:00,2026,105,9664,sc,라리가,언더오버,2,U 2.5,알라베스,오사수나,09.07(월) 01:30,"1.46,2.28",경기전
2026-09-05T01:12:16+00:00,2026,105,9665,sc,라리가,홀짝,2,,알라베스,오사수나,09.07(월) 01:30,"1.82,1.78",경기전
2026-09-05T01:12:16+00:00,2026,105,9666,sc,라리가,승무패,3,,말라가,레반테,09.07(월) 01:30,"2.26,3.15,2.65",경기전
2026-09-05T01:12:16+00:00,2026,105,9667,sc,라리가,핸디캡,3,H -1.0,말라가,레반테,09.07(월) 01:30,"4.65,3.75,1.5",경기전
2026-09-05T01:12:16+00:00,2026,105,9668,sc,라리가,언더오버,2,U 2.5,말라가,레반테,09.07(월) 01:30,"1.76,1.8",경기전
2026-09-05T01:12:16+00:00,2026,105,9669,sc,라리가,홀짝,2,,말라가,레반테,09.07(월) 01:30,"1.81,1.79",경기전
2026-09-05T01:12:16+00:00,2026,105,9715,sc,세리에A,승무패,3,,유벤투스,AC밀란,09.07(월) 03:45,"1.93,3.05,3.3",경기전
2026-09-05T01:12:16+00:00,2026,105,9716,sc,세리에A,핸디캡,3,H -1.0,유벤투스,AC밀란,09.07(월) 03:45,"3.8,3.35,1.7",경기전
2026-09-05T01:12:16+00:00,2026,105,9717,sc,세리에A,언더오버,2,U 2.5,유벤투스,AC밀란,09.07(월) 03:45,"1.63,1.91",경기전
2026-09-05T01:12:16+00:00,2026,105,9718,sc,세리에A,홀짝,2,,유벤투스,AC밀란,09.07(월) 03:45,"1.81,1.79",경기전
2026-09-05T01:12:16+00:00,2026,105,9719,sc,프리그1,승무패,3,,마르세유,파리FC,09.07(월) 03:45,"1.67,3.5,3.8",경기전
2026-09-05T01:12:16+00:00,2026,105,9720,sc,프리그1,핸디캡,3,H -1.0,마르세유,파리FC,09.07(월) 03:45,"2.9,3.45,1.94",경기전
2026-09-05T01:12:16+00:00,2026,105,9721,sc,프리그1,핸디캡,3,H -2.0,마르세유,파리FC,09.07(월) 03:45,"5.8,4.8,1.3",경기전
2026-09-05T01:12:16+00:00,2026,105,9722,sc,프리그1,핸디캡,2,H -3.5,마르세유,파리FC,09.07(월) 03:45,"6.84,1.01",경기전
2026-09-05T01:12:16+00:00,2026,105,9723,sc,프리그1,언더오버,2,U 2.5,마르세유,파리FC,09.07(월) 03:45,"2.05,1.54",경기전
2026-09-05T01:12:16+00:00,2026,105,9724,sc,프리그1,홀짝,2,,마르세유,파리FC,09.07(월) 03:45,"1.8,1.8",경기전
2026-09-05T01:12:16+00:00,2026,105,9729,sc,라리가,승무패,3,,에스파뇰,세비야,09.07(월) 04:00,"2.16,2.9,3.05",경기전
2026-09-05T01:12:16+00:00,2026,105,9730,sc,라리가,핸디캡,3,H -1.0,에스파뇰,세비야,09.07(월) 04:00,"4.6,3.45,1.56",경기전
2026-09-05T01:12:16+00:00,2026,105,9731,sc,라리가,언더오버,2,U 2.5,에스파뇰,세비야,09.07(월) 04:00,"1.49,2.21",경기전
2026-09-05T01:12:16+00:00,2026,105,9732,sc,라리가,홀짝,2,,에스파뇰,세비야,09.07(월) 04:00,"1.82,1.78",경기전
2026-09-05T01:43:24+00:00,2026,105,8705,bs,MLB,승패,2,,시카컵스 2,1 밀워브루,09.04(금) 08:15,"1.9,1.64",홈승
2026-09-05T01:43:24+00:00,2026,105,8706,bs,MLB,승①패,3,승①패,시카컵스 2,1 밀워브루,09.04(금) 08:15,"2.7,3.4,2.06",①
2026-09-05T01:43:24+00:00,2026,105,8707,bs,MLB,핸디캡,2,H +2.5,시카컵스 4.5,1 밀워브루,09.04(금) 08:15,"1.26,2.92",핸디승
2026-09-05T01:43:24+00:00,2026,105,8708,bs,MLB,언더오버,2,U 8.5,시카컵스,밀워브루,09.04(금) 08:15,"1.66,1.87",언더
2026-09-05T01:43:24+00:00,2026,105,8709,bs,MLB,홀짝,2,,시카컵스,밀워브루,09.04(금) 08:15,"1.58,2.09",홀
2026-09-05T01:43:24+00:00,2026,105,8710,bs,MLB,승패,2,,볼티오리 5,6 보스레드,09.04(금) 08:15,"1.93,1.62",홈패
2026-09-05T01:43:24+00:00,2026,105,8711,bs,MLB,승①패,3,승①패,볼티오리 5,6 보스레드,09.04(금) 08:15,"2.85,3.3,2.02",①
2026-09-05T01:43:24+00:00,2026,105,8712,bs,MLB,핸디캡,2,H +2.5,볼티오리 7.5,6 보스레드,09.04(금) 08:15,"1.32,2.64",핸디승
2026-09-05T01:43:24+00:00,2026,105,8713,bs,MLB,언더오버,2,U 8.5,볼티오리,보스레드,09.04(금) 08:15,"1.74,1.78",오버
2026-09-05T01:43:24+00:00,2026,105,8714,bs,MLB,홀짝,2,,볼티오리,보스레드,09.04(금) 08:15,"1.59,2.07",홀
2026-09-05T01:43:24+00:00,2026,105,8715,bs,MLB,승패,2,,캔자로얄 7,3 마이말린,09.04(금) 08:40,"1.8,1.72",홈승
2026-09-05T01:43:24+00:00,2026,105,8716,bs,MLB,승①패,3,승①패,캔자로얄 7,3 마이말린,09.04(금) 08:40,"2.6,3.35,2.14",홈승
2026-09-05T01:43:24+00:00,2026,105,8717,bs,MLB,핸디캡,2,H +2.5,캔자로얄 9.5,3 마이말린,09.04(금) 08:40,"1.27,2.87",핸디승
2026-09-05T01:43:24+00:00,2026,105,8718,bs,MLB,언더오버,2,U 9.5,캔자로얄,마이말린,09.04(금) 08:40,"1.61,1.94",오버
2026-09-05T01:43:24+00:00,2026,105,8719,bs,MLB,홀짝,2,,캔자로얄,마이말린,09.04(금) 08:40,"1.59,2.07",짝
2026-09-05T01:43:24+00:00,2026,105,8720,bs,MLB,승패,2,,텍사레인 6,0 탬파레이,09.04(금) 09:05,"1.93,1.62",홈승
2026-09-05T01:43:24+00:00,2026,105,8721,bs,MLB,승①패,3,승①패,텍사레인 6,0 탬파레이,09.04(금) 09:05,"2.9,3.2,2.03",홈승
2026-09-05T01:43:24+00:00,2026,105,8722,bs,MLB,핸디캡,2,H +2.5,텍사레인 8.5,0 탬파레이,09.04(금) 09:05,"1.31,2.68",핸디승
2026-09-05T01:43:24+00:00,2026,105,8723,bs,MLB,언더오버,2,U 7.5,텍사레인,탬파레이,09.04(금) 09:05,"1.78,1.74",언더
2026-09-05T01:43:24+00:00,2026,105,8724,bs,MLB,홀짝,2,,텍사레인,탬파레이,09.04(금) 09:05,"1.58,2.09",짝
2026-09-05T01:43:24+00:00,2026,105,8725,bs,MLB,승패,2,,시애매리 4,7 애슬레틱,09.04(금) 10:40,"1.34,2.56",홈패
2026-09-05T01:43:24+00:00,2026,105,8726,bs,MLB,승①패,3,승①패,시애매리 4,7 애슬레틱,09.04(금) 10:40,"1.8,3.35,3.4",홈패
2026-09-05T01:43:24+00:00,2026,105,8727,bs,MLB,핸디캡,2,H -2.5,시애매리 1.5,7 애슬레틱,09.04(금) 10:40,"2.37,1.4",핸디패
2026-09-05T01:43:24+00:00,2026,105,8728,bs,MLB,언더오버,2,U 7.5,시애매리,애슬레틱,09.04(금) 10:40,"1.79,1.73",오버
2026-09-05T01:43:24+00:00,2026,105,8729,bs,MLB,홀짝,2,,시애매리,애슬레틱,09.04(금) 10:40,"1.59,2.07",홀
2026-09-05T01:43:24+00:00,2026,105,8730,bs,MLB,승패,2,,LA다저스 3,2 세인카디,09.04(금) 11:10,"1.24,3.03",홈승
2026-09-05T01:43:24+00:00,2026,105,8731,bs,MLB,승①패,3,승①패,LA다저스 3,2 세인카디,09.04(금) 11:10,"1.58,3.65,4.1",①
2026-09-05T01:43:24+00:00,2026,105,8732,bs,MLB,핸디캡,2,H -2.5,LA다저스 0.5,2 세인카디,09.04(금) 11:10,"1.94,1.61",핸디패
2026-09-05T01:43:24+00:00,2026,105,8733,bs,MLB,언더오버,2,U 7.5,LA다저스,세인카디,09.04(금) 11:10,"1.89,1.65",언더
2026-09-05T01:43:24+00:00,2026,105,8734,bs,MLB,홀짝,2,,LA다저스,세인카디,09.04(금) 11:10,"1.61,2.04",홀
2026-09-05T01:43:24+00:00,2026,105,8735,bs,MLB,전반승무패,3,h(전반),LA다저스 1,2 세인카디,09.04(금) 11:10,"1.42,5.8,3.65",홈패
2026-09-05T01:43:24+00:00,2026,105,8736,bs,MLB,전반핸디캡,2,h H -1.5,LA다저스 -0.5,2 세인카디,09.04(금) 11:10,"1.89,1.65",핸디패
2026-09-05T01:43:24+00:00,2026,105,8737,bs,MLB,전반언더오버,2,h U 4.5,LA다저스,세인카디,09.04(금) 11:10,"1.63,1.91",언더
2026-09-05T01:43:24+00:00,2026,105,8738,vl,남배아선,승패,2,,한국M 3,1 대만M,09.04(금) 16:00,"1.16,3.65",홈승
2026-09-05T01:43:24+00:00,2026,105,8739,vl,남배아선,핸디캡,2,H -1.5,한국M 1.5,1 대만M,09.04(금) 16:00,"1.41,2.34",핸디승
2026-09-05T01:43:24+00:00,2026,105,8740,vl,남배아선,언더오버,2,U 179.5,한국M,대만M,09.04(금) 16:00,"1.76,1.76",오버
2026-09-05T01:43:24+00:00,2026,105,8741,vl,남배아선,홀짝,2,,한국M,대만M,09.04(금) 16:00,"1.8,1.8",짝
2026-09-05T01:43:24+00:00,2026,105,8742,bs,NPB,승패,2,,야쿠르트 1,1 주니치,09.04(금) 18:00,"1.0,1.0",무승부
2026-09-05T01:43:24+00:00,2026,105,8743,bs,NPB,승①패,3,승①패,야쿠르트 1,1 주니치,09.04(금) 18:00,"2.85,2.95,2.18",①
2026-09-05T01:43:24+00:00,2026,105,8744,bs,NPB,핸디캡,2,H +2.5,야쿠르트 3.5,1 주니치,09.04(금) 18:00,"1.26,2.92",핸디승
2026-09-05T01:43:24+00:00,2026,105,8745,bs,NPB,언더오버,2,U 7.5,야쿠르트,주니치,09.04(금) 18:00,"1.66,1.87",언더
2026-09-05T01:43:24+00:00,2026,105,8746,bs,NPB,홀짝,2,,야쿠르트,주니치,09.04(금) 18:00,"1.64,1.99",짝
2026-09-05T01:43:24+00:00,2026,105,8747,bs,NPB,승패,2,,히로카프 1,3 요미우리,09.04(금) 18:00,"1.91,1.63",홈패
2026-09-05T01:43:24+00:00,2026,105,8748,bs,NPB,승①패,3,승①패,히로카프 1,3 요미우리,09.04(금) 18:00,"3.1,2.7,2.19",홈패
2026-09-05T01:43:24+00:00,2026,105,8749,bs,NPB,핸디캡,2,H +2.5,히로카프 3.5,3 요미우리,09.04(금) 18:00,"1.24,3.03",핸디승
2026-09-05T01:43:24+00:00,2026,105,8750,bs,NPB,언더오버,2,U 6.5,히로카프,요미우리,09.04(금) 18:00,"1.74,1.78",언더
2026-09-05T01:43:24+00:00,2026,105,8751,bs,NPB,홀짝,2,,히로카프,요미우리,09.04(금) 18:00,"1.64,1.99",짝
2026-09-05T01:43:24+00:00,2026,105,8752,bs,NPB,승패,2,,라쿠텐 2,5 닛폰햄,09.04(금) 18:00,"2.31,1.42",홈패
2026-09-05T01:43:24+00:00,2026,105,8753,bs,NPB,승①패,3,승①패,라쿠텐 2,5 닛폰햄,09.04(금) 18:00,"3.8,2.85,1.87",홈패
2026-09-05T01:43:24+00:00,2026,105,8754,bs,NPB,핸디캡,2,H +2.5,라쿠텐 4.5,5 닛폰햄,09.04(금) 18:00,"1.32,2.64",핸디패
2026-09-05T01:43:24+00:00,2026,105,8755,bs,NPB,언더오버,2,U 6.5,라쿠텐,닛폰햄,09.04(금) 18:00,"1.76,1.76",오버
2026-09-05T01:43:24+00:00,2026,105,8756,bs,NPB,홀짝,2,,라쿠텐,닛폰햄,09.04(금) 18:00,"1.65,1.98",홀
2026-09-05T01:43:24+00:00,2026,105,8757,bs,NPB,승패,2,,오릭스 3,1 지바롯데,09.04(금) 18:00,"1.82,1.7",홈승
2026-09-05T01:43:24+00:00,2026,105,8758,bs,NPB,승①패,3,승①패,오릭스 3,1 지바롯데,09.04(금) 18:00,"2.85,2.8,2.27",홈승
2026-09-05T01:43:24+00:00,2026,105,8759,bs,NPB,핸디캡,2,H +2.5,오릭스 5.5,1 지바롯데,09.04(금) 18:00,"1.22,3.16",핸디승
2026-09-05T01:43:24+00:00,2026,105,8760,bs,NPB,언더오버,2,U 6.5,오릭스,지바롯데,09.04(금) 18:00,"1.96,1.6",언더
2026-09-05T01:43:24+00:00,2026,105,8761,bs,NPB,홀짝,2,,오릭스,지바롯데,09.04(금) 18:00,"1.64,1.99",짝
2026-09-05T01:43:24+00:00,2026,105,8762,bs,NPB,승패,2,,소프트뱅 8,2 세이부,09.04(금) 18:00,"1.29,2.77",홈승
2026-09-05T01:43:24+00:00,2026,105,8763,bs,NPB,승①패,3,승①패,소프트뱅 8,2 세이부,09.04(금) 18:00,"1.75,3.1,3.9",홈승
2026-09-05T01:43:24+00:00,2026,105,8764,bs,NPB,핸디캡,2,H -2.5,소프트뱅 5.5,2 세이부,09.04(금) 18:00,"2.31,1.42",핸디승
2026-09-05T01:43:24+00:00,2026,105,8765,bs,NPB,언더오버,2,U 7.5,소프트뱅,세이부,09.04(금) 18:00,"1.6,1.96",오버
2026-09-05T01:43:24+00:00,2026,105,8766,bs,NPB,홀짝,2,,소프트뱅,세이부,09.04(금) 18:00,"1.65,1.98",짝
2026-09-05T01:43:24+00:00,2026,105,8767,bs,KBO,승패,2,,LG 4,3 삼성,09.04(금) 18:30,"1.82,1.7",홈승
2026-09-05T01:43:24+00:00,2026,105,8768,bs,KBO,승①패,3,승①패,LG 4,3 삼성,09.04(금) 18:30,"2.6,3.3,2.17",①
2026-09-05T01:43:24+00:00,2026,105,8769,bs,KBO,핸디캡,2,H +2.5,LG 6.5,3 삼성,09.04(금) 18:30,"1.28,2.82",핸디승
2026-09-05T01:43:24+00:00,2026,105,8770,bs,KBO,언더오버,2,U 9.5,LG,삼성,09.04(금) 18:30,"1.62,1.93",언더
2026-09-05T01:43:24+00:00,2026,105,8771,bs,KBO,홀짝,2,,LG,삼성,09.04(금) 18:30,"1.62,2.03",홀
2026-09-05T01:43:24+00:00,2026,105,8772,bs,KBO,전반승무패,3,h(전반),LG 0,2 삼성,09.04(금) 18:30,"2.2,4.85,2.05",홈패
2026-09-05T01:43:24+00:00,2026,105,8773,bs,KBO,전반핸디캡,2,h H +1.5,LG 1.5,2 삼성,09.04(금) 18:30,"1.29,2.77",핸디패
2026-09-05T01:43:24+00:00,2026,105,8774,bs,KBO,전반언더오버,2,h U 4.5,LG,삼성,09.04(금) 18:30,"1.66,1.87",언더
2026-09-05T01:43:24+00:00,2026,105,8775,bs,KBO,승패,2,,롯데 4,14 한화,09.04(금) 18:30,"1.59,1.97",홈패
2026-09-05T01:43:24+00:00,2026,105,8776,bs,KBO,승①패,3,승①패,롯데 4,14 한화,09.04(금) 18:30,"2.18,3.45,2.5",홈패
2026-09-05T01:43:24+00:00,2026,105,8777,bs,KBO,핸디캡,2,H -2.5,롯데 1.5,14 한화,09.04(금) 18:30,"2.82,1.28",핸디패
2026-09-05T01:43:24+00:00,2026,105,8778,bs,KBO,언더오버,2,U 9.5,롯데,한화,09.04(금) 18:30,"2.0,1.57",오버
2026-09-05T01:43:24+00:00,2026,105,8779,bs,KBO,홀짝,2,,롯데,한화,09.04(금) 18:30,"1.61,2.04",짝
2026-09-05T01:43:24+00:00,2026,105,8780,bs,KBO,전반승무패,3,h(전반),롯데 3,4 한화,09.04(금) 18:30,"1.88,6.6,2.15",홈패
2026-09-05T01:43:24+00:00,2026,105,8781,bs,KBO,전반핸디캡,2,h H -1.5,롯데 1.5,4 한화,09.04(금) 18:30,"2.53,1.35",핸디패
2026-09-05T01:43:24+00:00,2026,105,8782,bs,KBO,전반언더오버,2,h U 5.5,롯데,한화,09.04(금) 18:30,"1.73,1.79",오버
2026-09-05T01:43:24+00:00,2026,105,8783,bs,KBO,승패,2,,SSG 4,0 두산,09.04(금) 18:30,"1.47,2.19",홈승
2026-09-05T01:43:24+00:00,2026,105,8784,bs,KBO,승①패,3,승①패,SSG 4,0 두산,09.04(금) 18:30,"1.97,3.6,2.75",홈승
2026-09-05T01:43:24+00:00,2026,105,8785,bs,KBO,핸디캡,2,H -2.5,SSG 1.5,0 두산,09.04(금) 18:30,"2.4,1.39",핸디승
2026-09-05T01:43:24+00:00,2026,105,8786,bs,KBO,언더오버,2,U 10.5,SSG,두산,09.04(금) 18:30,"1.64,1.9",언더
2026-09-05T01:43:24+00:00,2026,105,8787,bs,KBO,홀짝,2,,SSG,두산,09.04(금) 18:30,"1.61,2.04",짝
2026-09-05T01:43:24+00:00,2026,105,8788,bs,KBO,전반승무패,3,h(전반),SSG 3,0 두산,09.04(금) 18:30,"1.6,6.8,2.65",홈승
2026-09-05T01:43:24+00:00,2026,105,8789,bs,KBO,전반핸디캡,2,h H -1.5,SSG 1.5,0 두산,09.04(금) 18:30,"2.17,1.48",핸디승
2026-09-05T01:43:24+00:00,2026,105,8790,bs,KBO,전반언더오버,2,h U 5.5,SSG,두산,09.04(금) 18:30,"1.82,1.7",언더
2026-09-05T01:43:24+00:00,2026,105,8791,bs,KBO,승패,2,,KIA 4,3 KT,09.04(금) 18:30,"1.47,2.19",홈승
2026-09-05T01:43:24+00:00,2026,105,8792,bs,KBO,승①패,3,승①패,KIA 4,3 KT,09.04(금) 18:30,"1.91,3.55,2.9",①
2026-09-05T01:43:24+00:00,2026,105,8793,bs,KBO,핸디캡,2,H -2.5,KIA 1.5,3 KT,09.04(금) 18:30,"2.56,1.34",핸디패
2026-09-05T01:43:24+00:00,2026,105,8794,bs,KBO,언더오버,2,U 9.5,KIA,KT,09.04(금) 18:30,"1.76,1.76",언더
2026-09-05T01:43:24+00:00,2026,105,8795,bs,KBO,홀짝,2,,KIA,KT,09.04(금) 18:30,"1.62,2.03",홀
2026-09-05T01:43:24+00:00,2026,105,8796,bs,KBO,전반승무패,3,h(전반),KIA 0,0 KT,09.04(금) 18:30,"1.71,6.4,2.45",무승부
2026-09-05T01:43:24+00:00,2026,105,8797,bs,KBO,전반핸디캡,2,h H -1.5,KIA -1.5,0 KT,09.04(금) 18:30,"2.15,1.49",핸디패
2026-09-05T01:43:24+00:00,2026,105,8798,bs,KBO,전반언더오버,2,h U 5.5,KIA,KT,09.04(금) 18:30,"1.64,1.9",언더
2026-09-05T01:43:24+00:00,2026,105,8799,bs,KBO,승패,2,,키움 1,6 NC,09.04(금) 18:30,"2.13,1.5",홈패
2026-09-05T01:43:24+00:00,2026,105,8800,bs,KBO,승①패,3,승①패,키움 1,6 NC,09.04(금) 18:30,"3.25,3.15,1.91",홈패
2026-09-05T01:43:24+00:00,2026,105,8801,bs,KBO,핸디캡,2,H +2.5,키움 3.5,6 NC,09.04(금) 18:30,"1.33,2.6",핸디패
2026-09-05T01:43:24+00:00,2026,105,8802,bs,KBO,언더오버,2,U 7.5,키움,NC,09.04(금) 18:30,"1.67,1.86",언더
2026-09-05T01:43:24+00:00,2026,105,8803,bs,KBO,홀짝,2,,키움,NC,09.04(금) 18:30,"1.63,2.01",홀
2026-09-05T01:43:24+00:00,2026,105,8804,bs,KBO,전반승무패,3,h(전반),키움 1,4 NC,09.04(금) 18:30,"2.5,4.8,1.85",홈패
2026-09-05T01:43:24+00:00,2026,105,8805,bs,KBO,전반핸디캡,2,h H +1.5,키움 2.5,4 NC,09.04(금) 18:30,"1.33,2.6",핸디패
2026-09-05T01:43:24+00:00,2026,105,8806,bs,KBO,전반언더오버,2,h U 3.5,키움,NC,09.04(금) 18:30,"1.76,1.76",오버
2026-09-05T01:43:24+00:00,2026,105,8807,bk,여농월드,승패,2,,일본W 102,97 말리W,09.04(금) 18:30,"1.04,5.72",홈승
2026-09-05T01:43:24+00:00,2026,105,8808,bk,여농월드,핸디캡,2,H -13.5,일본W 88.5,97 말리W,09.04(금) 18:30,"1.75,1.77",핸디패
2026-09-05T01:43:24+00:00,2026,105,8809,bk,여농월드,언더오버,2,U 148.5,일본W,말리W,09.04(금) 18:30,"1.79,1.73",오버
2026-09-05T01:43:24+00:00,2026,105,8810,bk,여농월드,홀짝,2,,일본W,말리W,09.04(금) 18:30,"1.8,1.8",홀
2026-09-05T01:43:24+00:00,2026,105,8811,bk,여농월드,승패,2,,호주W 70,54 푸에르W,09.04(금) 18:30,"1.0,1.0",홈승
2026-09-05T01:43:24+00:00,2026,105,8812,bk,여농월드,핸디캡,2,H -24.5,호주W 45.5,54 푸에르W,09.04(금) 18:30,"1.77,1.75",핸디패
2026-09-05T01:43:24+00:00,2026,105,8813,bk,여농월드,언더오버,2,U 145.5,호주W,푸에르W,09.04(금) 18:30,"1.77,1.75",언더
2026-09-05T01:43:24+00:00,2026,105,8814,bk,여농월드,홀짝,2,,호주W,푸에르W,09.04(금) 18:30,"1.8,1.8",짝
2026-09-05T01:43:24+00:00,2026,105,8815,sc,K리그2,승무패,3,,충북청주 0,2 서울이랜,09.04(금) 19:30,"3.9,3.2,1.72",홈패
2026-09-05T01:43:24+00:00,2026,105,8816,sc,K리그2,핸디캡,3,H +1.0,충북청주 1,2 서울이랜,09.04(금) 19:30,"1.99,3.2,3.0",핸디패
2026-09-05T01:43:24+00:00,2026,105,8817,sc,K리그2,언더오버,2,U 2.5,충북청주,서울이랜,09.04(금) 19:30,"2.15,1.49",언더
2026-09-05T01:43:24+00:00,2026,105,8818,sc,K리그2,홀짝,2,,충북청주,서울이랜,09.04(금) 19:30,"1.81,1.79",짝
2026-09-05T01:43:24+00:00,2026,105,8819,sc,K리그2,승무패,3,,파주프런 0,0 대구FC,09.04(금) 19:30,"4.65,3.75,1.5",무승부
2026-09-05T01:43:24+00:00,2026,105,8820,sc,K리그2,핸디캡,3,H +1.0,파주프런 1,0 대구FC,09.04(금) 19:30,"2.29,3.2,2.5",핸디승
2026-09-05T01:43:24+00:00,2026,105,8821,sc,K리그2,언더오버,2,U 2.5,파주프런,대구FC,09.04(금) 19:30,"2.13,1.5",언더
2026-09-05T01:43:24+00:00,2026,105,8822,sc,K리그2,홀짝,2,,파주프런,대구FC,09.04(금) 19:30,"1.8,1.8",짝
2026-09-05T01:43:24+00:00,2026,105,8823,bk,여농월드,승패,2,,미국W 94,61 중국W,09.04(금) 21:15,"1.0,1.0",홈승
2026-09-05T01:43:24+00:00,2026,105,8824,bk,여농월드,핸디캡,2,H -29.5,미국W 64.5,61 중국W,09.04(금) 21:15,"1.81,1.71",핸디승
2026-09-05T01:43:24+00:00,2026,105,8825,bk,여농월드,언더오버,2,U 159.5,미국W,중국W,09.04(금) 21:15,"1.77,1.75",언더
2026-09-05T01:43:24+00:00,2026,105,8826,bk,여농월드,홀짝,2,,미국W,중국W,09.04(금) 21:15,"1.8,1.8",홀
2026-09-05T01:43:24+00:00,2026,105,8827,bk,여농월드,승패,2,,한국W 99,81 나이지W,09.04(금) 21:30,"3.75,1.15",홈승
2026-09-05T01:43:24+00:00,2026,105,8828,bk,여농월드,핸디캡,2,H +10.5,한국W 109.5,81 나이지W,09.04(금) 21:30,"1.75,1.77",핸디승
2026-09-05T01:43:24+00:00,2026,105,8829,bk,여농월드,언더오버,2,U 143.5,한국W,나이지W,09.04(금) 21:30,"1.76,1.76",오버
2026-09-05T01:43:24+00:00,2026,105,8830,bk,여농월드,홀짝,2,,한국W,나이지W,09.04(금) 21:30,"1.8,1.8",짝
2026-09-05T01:43:24+00:00,2026,105,8831,bk,여농월드,승패,2,,벨기에W 89,75 튀르키W,09.05(토) 00:30,"1.07,4.96",홈승
2026-09-05T01:43:24+00:00,2026,105,8832,bk,여농월드,핸디캡,2,H -12.5,벨기에W 76.5,75 튀르키W,09.05(토) 00:30,"1.75,1.77",핸디승
2026-09-05T01:43:24+00:00,2026,105,8833,bk,여농월드,언더오버,2,U 146.5,벨기에W,튀르키W,09.05(토) 00:30,"1.77,1.75",오버
2026-09-05T01:43:24+00:00,2026,105,8834,bk,여농월드,홀짝,2,,벨기에W,튀르키W,09.05(토) 00:30,"1.8,1.8",짝
2026-09-05T01:43:24+00:00,2026,105,8835,bk,여농월드,승패,2,,스페인W 83,53 독일W,09.05(토) 00:45,"1.27,2.87",홈승
2026-09-05T01:43:24+00:00,2026,105,8836,bk,여농월드,핸디캡,2,H -7.5,스페인W 75.5,53 독일W,09.05(토) 00:45,"1.72,1.8",핸디승
2026-09-05T01:43:24+00:00,2026,105,8837,bk,여농월드,언더오버,2,U 139.5,스페인W,독일W,09.05(토) 00:45,"1.74,1.78",언더
2026-09-05T01:43:24+00:00,2026,105,8838,bk,여농월드,홀짝,2,,스페인W,독일W,09.05(토) 00:45,"1.8,1.8",짝
2026-09-05T01:43:24+00:00,2026,105,8839,sc,프리그1,승무패,3,,리옹 3,1 AJ오세르,09.05(토) 02:00,"1.33,4.15,6.4",홈승
2026-09-05T01:43:24+00:00,2026,105,8840,sc,프리그1,핸디캡,3,H -1.0,리옹 2,1 AJ오세르,09.05(토) 02:00,"2.06,3.2,2.85",핸디승
2026-09-05T01:43:24+00:00,2026,105,8841,sc,프리그1,언더오버,2,U 2.5,리옹,AJ오세르,09.05(토) 02:00,"2.22,1.46",오버
2026-09-05T01:43:24+00:00,2026,105,8842,sc,프리그1,홀짝,2,,리옹,AJ오세르,09.05(토) 02:00,"1.81,1.79",짝
2026-09-05T01:43:24+00:00,2026,105,8843,sc,에레디비,승무패,3,,스파로테 2,2 즈볼러,09.05(토) 03:00,"1.78,3.5,3.3",무승부
2026-09-05T01:43:24+00:00,2026,105,8844,sc,에레디비,핸디캡,3,H -1.0,스파로테 1,2 즈볼러,09.05(토) 03:00,"3.2,3.55,1.8",핸디패
2026-09-05T01:43:24+00:00,2026,105,8845,sc,에레디비,언더오버,2,U 3.5,스파로테,즈볼러,09.05(토) 03:00,"1.49,2.15",오버
2026-09-05T01:43:24+00:00,2026,105,8846,sc,에레디비,홀짝,2,,스파로테,즈볼러,09.05(토) 03:00,"1.8,1.8",짝
2026-09-05T01:43:24+00:00,2026,105,8847,bs,MLB,승패,2,,클리가디 7,6 디트타이,09.05(토) 03:10,"1.65,1.89",홈승
2026-09-05T01:43:24+00:00,2026,105,8848,bs,MLB,승①패,3,승①패,클리가디 7,6 디트타이,09.05(토) 03:10,"2.35,3.25,2.4",①
2026-09-05T01:43:24+00:00,2026,105,8849,bs,MLB,핸디캡,2,H -2.5,클리가디 4.5,6 디트타이,09.05(토) 03:10,"3.23,1.21",핸디패
2026-09-05T01:43:24+00:00,2026,105,8850,bs,MLB,언더오버,2,U 8.5,클리가디,디트타이,09.05(토) 03:10,"1.69,1.84",오버
2026-09-05T01:43:24+00:00,2026,105,8851,bs,MLB,홀짝,2,,클리가디,디트타이,09.05(토) 03:10,"1.59,2.07",홀
2026-09-05T01:43:24+00:00,2026,105,8852,bk,여농월드,승패,2,,체코W 54,63 이탈리W,09.05(토) 03:15,"4.96,1.07",홈패
2026-09-05T01:43:24+00:00,2026,105,8853,bk,여농월드,핸디캡,2,H +12.5,체코W 66.5,63 이탈리W,09.05(토) 03:15,"1.77,1.75",핸디승
2026-09-05T01:43:24+00:00,2026,105,8854,bk,여농월드,언더오버,2,U 138.5,체코W,이탈리W,09.05(토) 03:15,"1.74,1.78",언더
2026-09-05T01:43:24+00:00,2026,105,8855,bk,여농월드,홀짝,2,,체코W,이탈리W,09.05(토) 03:15,"1.8,1.8",홀
2026-09-05T01:43:24+00:00,2026,105,8856,sc,분데스리,승무패,3,,슈투트가 4,1 쾰른,09.05(토) 03:30,"1.43,4.25,4.95",홈승
2026-09-05T01:43:24+00:00,2026,105,8857,sc,분데스리,핸디캡,3,H -1.0,슈투트가 3,1 쾰른,09.05(토) 03:30,"2.16,3.6,2.45",핸디승
2026-09-05T01:43:24+00:00,2026,105,8858,sc,분데스리,핸디캡,3,H -2.0,슈투트가 2,1 쾰른,09.05(토) 03:30,"3.6,4.25,1.57",핸디승
2026-09-05T01:43:24+00:00,2026,105,8859,sc,분데스리,핸디캡,2,H -3.5,슈투트가 0.5,1 쾰른,09.05(토) 03:30,"6.84,1.01",핸디패
2026-09-05T01:43:24+00:00,2026,105,8860,sc,분데스리,언더오버,2,U 3.5,슈투트가,쾰른,09.05(토) 03:30,"1.74,1.82",오버
2026-09-05T01:43:24+00:00,2026,105,8861,sc,분데스리,홀짝,2,,슈투트가,쾰른,09.05(토) 03:30,"1.8,1.8",홀
2026-09-05T01:43:24+00:00,2026,105,8862,sc,세리에A,승무패,3,,제노아 1,4 코모1907,09.05(토) 03:45,"4.55,3.2,1.62",홈패
2026-09-05T01:43:24+00:00,2026,105,8863,sc,세리에A,핸디캡,3,H +1.0,제노아 2,4 코모1907,09.05(토) 03:45,"2.03,3.05,3.05",핸디패
2026-09-05T01:43:24+00:00,2026,105,8864,sc,세리에A,언더오버,2,U 2.5,제노아,코모1907,09.05(토) 03:45,"1.63,1.91",오버
2026-09-05T01:43:24+00:00,2026,105,8865,sc,세리에A,홀짝,2,,제노아,코모1907,09.05(토) 03:45,"1.82,1.78",홀
2026-09-05T01:43:24+00:00,2026,105,8866,sc,EPL,승무패,3,,입스위치 0,2 리버풀,09.05(토) 04:00,"5.6,4.55,1.38",홈패
2026-09-05T01:43:24+00:00,2026,105,8867,sc,EPL,핸디캡,3,H +1.0,입스위치 1,2 리버풀,09.05(토) 04:00,"2.65,3.75,2.03",핸디패
2026-09-05T01:43:24+00:00,2026,105,8868,sc,EPL,핸디캡,3,H +2.0,입스위치 2,2 리버풀,09.05(토) 04:00,"1.63,4.0,3.65",핸디무
2026-09-05T01:43:24+00:00,2026,105,8869,sc,EPL,핸디캡,2,H +3.5,입스위치 3.5,2 리버풀,09.05(토) 04:00,"1.01,6.84",핸디승
2026-09-05T01:43:24+00:00,2026,105,8870,sc,EPL,언더오버,2,U 3.5,입스위치,리버풀,09.05(토) 04:00,"1.75,1.81",언더
2026-09-05T01:43:24+00:00,2026,105,8871,sc,EPL,홀짝,2,,입스위치,리버풀,09.05(토) 04:00,"1.8,1.8",짝
2026-09-05T01:43:24+00:00,2026,105,8872,sc,라리가,승무패,3,,베티스 1,0 레알마드,09.05(토) 04:00,"6.2,4.6,1.32",홈승
2026-09-05T01:43:24+00:00,2026,105,8873,sc,라리가,핸디캡,3,H +1.0,베티스 2,0 레알마드,09.05(토) 04:00,"2.85,3.65,1.91",핸디승
2026-09-05T01:43:24+00:00,2026,105,8874,sc,라리가,언더오버,2,U 3.5,베티스,레알마드,09.05(토) 04:00,"1.76,1.8",언더
2026-09-05T01:43:24+00:00,2026,105,8875,sc,라리가,홀짝,2,,베티스,레알마드,09.05(토) 04:00,"1.8,1.8",홀
2026-09-05T01:43:24+00:00,2026,105,8876,bk,여농월드,승패,2,,헝가리W 53,99 프랑스W,09.05(토) 04:00,"1.0,1.0",홈패
2026-09-05T01:43:24+00:00,2026,105,8877,bk,여농월드,핸디캡,2,H +21.5,헝가리W 74.5,99 프랑스W,09.05(토) 04:00,"1.76,1.76",핸디패
2026-09-05T01:43:24+00:00,2026,105,8878,bk,여농월드,언더오버,2,U 146.5,헝가리W,프랑스W,09.05(토) 04:00,"1.79,1.73",오버
2026-09-05T01:43:24+00:00,2026,105,8879,bk,여농월드,홀짝,2,,헝가리W,프랑스W,09.05(토) 04:00,"1.8,1.8",짝
2026-09-05T01:43:24+00:00,2026,105,8880,sc,프리그1,승무패,3,,PSG 1,2 AS모나코,09.05(토) 04:05,"1.25,4.75,7.2",홈패
2026-09-05T01:43:24+00:00,2026,105,8881,sc,프리그1,핸디캡,3,H -1.0,PSG 0,2 AS모나코,09.05(토) 04:05,"1.8,3.7,3.1",핸디패
2026-09-05T01:43:24+00:00,2026,105,8882,sc,프리그1,핸디캡,3,H -2.0,PSG -1,2 AS모나코,09.05(토) 04:05,"2.85,3.85,1.86",핸디패
2026-09-05T01:43:24+00:00,2026,105,8883,sc,프리그1,핸디캡,2,H -3.5,PSG -2.5,2 AS모나코,09.05(토) 04:05,"5.18,1.06",핸디패
2026-09-05T01:43:24+00:00,2026,105,8884,sc,프리그1,언더오버,2,U 3.5,PSG,AS모나코,09.05(토) 04:05,"1.77,1.75",언더
2026-09-05T01:43:24+00:00,2026,105,8885,sc,프리그1,홀짝,2,,PSG,AS모나코,09.05(토) 04:05,"1.8,1.8",홀
2026-09-05T01:43:24+00:00,2026,105,8886,bs,MLB,승패,2,,신시레즈 7,10 밀워브루,09.05(토) 07:10,"2.11,1.51",8회초
2026-09-05T01:43:24+00:00,2026,105,8887,bs,MLB,승①패,3,승①패,신시레즈 7,10 밀워브루,09.05(토) 07:10,"3.2,3.45,1.83",8회초
2026-09-05T01:43:24+00:00,2026,105,8888,bs,MLB,핸디캡,2,H +2.5,신시레즈 9.5,10 밀워브루,09.05(토) 07:10,"1.4,2.37",8회초
2026-09-05T01:43:24+00:00,2026,105,8889,bs,MLB,언더오버,2,U 9.5,신시레즈,밀워브루,09.05(토) 07:10,"1.76,1.76",8회초
2026-09-05T01:43:24+00:00,2026,105,8890,bs,MLB,홀짝,2,,신시레즈,밀워브루,09.05(토) 07:10,"1.6,2.06",8회초
2026-09-05T01:43:24+00:00,2026,105,8891,bs,MLB,승패,2,,필라필리 2,5 애틀브레,09.05(토) 07:40,"1.71,1.81",홈패
2026-09-05T01:43:24+00:00,2026,105,8892,bs,MLB,승①패,3,승①패,필라필리 2,5 애틀브레,09.05(토) 07:40,"2.5,3.1,2.34",홈패
2026-09-05T01:43:24+00:00,2026,105,8893,bs,MLB,핸디캡,2,H -2.5,필라필리 -0.5,5 애틀브레,09.05(토) 07:40,"3.55,1.17",핸디패
2026-09-05T01:43:24+00:00,2026,105,8894,bs,MLB,언더오버,2,U 6.5,필라필리,애틀브레,09.05(토) 07:40,"1.82,1.7",오버
2026-09-05T01:43:24+00:00,2026,105,8895,bs,MLB,홀짝,2,,필라필리,애틀브레,09.05(토) 07:40,"1.57,2.11",홀
2026-09-05T01:43:24+00:00,2026,105,8896,bs,MLB,승패,2,,피츠파이 1,0 LA에인절,09.05(토) 07:45,"1.41,2.34",홈승
2026-09-05T01:43:24+00:00,2026,105,8897,bs,MLB,승①패,3,승①패,피츠파이 1,0 LA에인절,09.05(토) 07:45,"1.88,3.45,3.05",①
2026-09-05T01:43:24+00:00,2026,105,8898,bs,MLB,핸디캡,2,H -2.5,피츠파이 -1.5,0 LA에인절,09.05(토) 07:45,"2.49,1.36",핸디패
2026-09-05T01:43:24+00:00,2026,105,8899,bs,MLB,언더오버,2,U 8.5,피츠파이,LA에인절,09.05(토) 07:45,"1.72,1.8",언더
2026-09-05T01:43:24+00:00,2026,105,8900,bs,MLB,홀짝,2,,피츠파이,LA에인절,09.05(토) 07:45,"1.59,2.07",홀
2026-09-05T01:43:24+00:00,2026,105,8901,bs,MLB,승패,2,,볼티오리 0,1 보스레드,09.05(토) 08:05,"1.82,1.7",홈패
2026-09-05T01:43:24+00:00,2026,105,8902,bs,MLB,승①패,3,승①패,볼티오리 0,1 보스레드,09.05(토) 08:05,"2.65,3.25,2.15",①
2026-09-05T01:43:24+00:00,2026,105,8903,bs,MLB,핸디캡,2,H +2.5,볼티오리 2.5,1 보스레드,09.05(토) 08:05,"1.27,2.87",핸디승
2026-09-05T01:43:24+00:00,2026,105,8904,bs,MLB,언더오버,2,U 8.5,볼티오리,보스레드,09.05(토) 08:05,"1.69,1.84",언더
2026-09-05T01:43:24+00:00,2026,105,8905,bs,MLB,홀짝,2,,볼티오리,보스레드,09.05(토) 08:05,"1.59,2.07",홀
2026-09-05T01:43:24+00:00,2026,105,8906,bs,MLB,승패,2,,뉴욕메츠 9,6 샌프자이,09.05(토) 08:10,"1.45,2.24",8회말
2026-09-05T01:43:24+00:00,2026,105,8907,bs,MLB,승①패,3,승①패,뉴욕메츠 9,6 샌프자이,09.05(토) 08:10,"1.98,3.35,2.9",8회말
2026-09-05T01:43:24+00:00,2026,105,8908,bs,MLB,핸디캡,2,H -2.5,뉴욕메츠 6.5,6 샌프자이,09.05(토) 08:10,"2.64,1.32",8회말
2026-09-05T01:43:24+00:00,2026,105,8909,bs,MLB,언더오버,2,U 7.5,뉴욕메츠,샌프자이,09.05(토) 08:10,"1.91,1.63",8회말
2026-09-05T01:43:24+00:00,2026,105,8910,bs,MLB,홀짝,2,,뉴욕메츠,샌프자이,09.05(토) 08:10,"1.59,2.07",8회말
2026-09-05T01:43:24+00:00,2026,105,8911,bs,MLB,승패,2,,마이말린 1,5 시카컵스,09.05(토) 08:10,"2.05,1.54",8회초
2026-09-05T01:43:24+00:00,2026,105,8912,bs,MLB,승①패,3,승①패,마이말린 1,5 시카컵스,09.05(토) 08:10,"2.95,3.4,1.94",8회초
2026-09-05T01:43:24+00:00,2026,105,8913,bs,MLB,핸디캡,2,H +2.5,마이말린 3.5,5 시카컵스,09.05(토) 08:10,"1.38,2.43",8회초
2026-09-05T01:43:24+00:00,2026,105,8914,bs,MLB,언더오버,2,U 7.5,마이말린,시카컵스,09.05(토) 08:10,"1.82,1.7",8회초
2026-09-05T01:43:24+00:00,2026,105,8915,bs,MLB,홀짝,2,,마이말린,시카컵스,09.05(토) 08:10,"1.58,2.09",8회초
2026-09-05T01:43:24+00:00,2026,105,8916,sc,MLS,승무패,3,,뉴욕시티 0,0 내슈빌SC,09.05(토) 08:30,"2.8,3.25,2.06",무승부
2026-09-05T01:43:24+00:00,2026,105,8917,sc,MLS,핸디캡,3,H +1.0,뉴욕시티 1,0 내슈빌SC,09.05(토) 08:30,"1.6,3.65,4.0",핸디승
2026-09-05T01:43:24+00:00,2026,105,8918,sc,MLS,언더오버,2,U 2.5,뉴욕시티,내슈빌SC,09.05(토) 08:30,"1.91,1.63",언더
2026-09-05T01:43:24+00:00,2026,105,8919,sc,MLS,홀짝,2,,뉴욕시티,내슈빌SC,09.05(토) 08:30,"1.81,1.79",짝
2026-09-05T01:43:24+00:00,2026,105,8920,bs,MLB,승패,2,,시카화이 4,0 미네트윈,09.05(토) 08:40,"1.68,1.85",8회초
2026-09-05T01:43:24+00:00,2026,105,8921,bs,MLB,승①패,3,승①패,시카화이 4,0 미네트윈,09.05(토) 08:40,"2.35,3.4,2.33",8회초
2026-09-05T01:43:24+00:00,2026,105,8922,bs,MLB,핸디캡,2,H -2.5,시카화이 1.5,0 미네트윈,09.05(토) 08:40,"3.23,1.21",8회초
2026-09-05T01:43:24+00:00,2026,105,8923,bs,MLB,언더오버,2,U 9.5,시카화이,미네트윈,09.05(토) 08:40,"1.71,1.81",8회초
2026-09-05T01:43:24+00:00,2026,105,8924,bs,MLB,홀짝,2,,시카화이,미네트윈,09.05(토) 08:40,"1.59,2.07",8회초
2026-09-05T01:43:24+00:00,2026,105,8925,bs,MLB,승패,2,,텍사레인 1,6 탬파레이,09.05(토) 09:05,"1.89,1.65",6회초
2026-09-05T01:43:24+00:00,2026,105,8926,bs,MLB,승①패,3,승①패,텍사레인 1,6 탬파레이,09.05(토) 09:05,"2.8,3.25,2.06",6회초
2026-09-05T01:43:24+00:00,2026,105,8927,bs,MLB,핸디캡,2,H +2.5,텍사레인 3.5,6 탬파레이,09.05(토) 09:05,"1.3,2.72",6회초
2026-09-05T01:43:24+00:00,2026,105,8928,bs,MLB,언더오버,2,U 7.5,텍사레인,탬파레이,09.05(토) 09:05,"1.9,1.64",6회초
2026-09-05T01:43:24+00:00,2026,105,8929,bs,MLB,홀짝,2,,텍사레인,탬파레이,09.05(토) 09:05,"1.58,2.09",6회초
2026-09-05T01:43:24+00:00,2026,105,8930,bs,MLB,승패,2,,캔자로얄 1,8 토론블루,09.05(토) 09:10,"1.67,1.86",6회말
2026-09-05T01:43:24+00:00,2026,105,8931,bs,MLB,승①패,3,승①패,캔자로얄 1,8 토론블루,09.05(토) 09:10,"2.35,3.4,2.33",6회말
2026-09-05T01:43:24+00:00,2026,105,8932,bs,MLB,핸디캡,2,H -2.5,캔자로얄 -1.5,8 토론블루,09.05(토) 09:10,"3.23,1.21",6회말
2026-09-05T01:43:24+00:00,2026,105,8933,bs,MLB,언더오버,2,U 9.5,캔자로얄,토론블루,09.05(토) 09:10,"1.82,1.7",6회말
2026-09-05T01:43:24+00:00,2026,105,8934,bs,MLB,홀짝,2,,캔자로얄,토론블루,09.05(토) 09:10,"1.59,2.07",6회말
2026-09-05T01:43:24+00:00,2026,105,8935,bs,MLB,승패,2,,휴스애스 3,1 애리다이,09.05(토) 09:10,"1.65,1.89",6회초
2026-09-05T01:43:24+00:00,2026,105,8936,bs,MLB,승①패,3,승①패,휴스애스 3,1 애리다이,09.05(토) 09:10,"2.3,3.35,2.4",6회초
2026-09-05T01:43:24+00:00,2026,105,8937,bs,MLB,핸디캡,2,H -2.5,휴스애스 0.5,1 애리다이,09.05(토) 09:10,"3.16,1.22",6회초
2026-09-05T01:43:24+00:00,2026,105,8938,bs,MLB,언더오버,2,U 8.5,휴스애스,애리다이,09.05(토) 09:10,"1.91,1.63",6회초
2026-09-05T01:43:24+00:00,2026,105,8939,bs,MLB,홀짝,2,,휴스애스,애리다이,09.05(토) 09:10,"1.59,2.07",6회초
2026-09-05T01:43:24+00:00,2026,105,8940,bs,MLB,승패,2,,콜로로키 1,2 세인카디,09.05(토) 09:40,"1.96,1.6",4회말
2026-09-05T01:43:24+00:00,2026,105,8941,bs,MLB,승①패,3,승①패,콜로로키 1,2 세인카디,09.05(토) 09:40,"2.9,3.45,1.94",4회말
2026-09-05T01:43:24+00:00,2026,105,8942,bs,MLB,핸디캡,2,H +2.5,콜로로키 3.5,2 세인카디,09.05(토) 09:40,"1.36,2.49",4회말
2026-09-05T01:43:24+00:00,2026,105,8943,bs,MLB,언더오버,2,U 11.5,콜로로키,세인카디,09.05(토) 09:40,"1.73,1.79",4회말
2026-09-05T01:43:24+00:00,2026,105,8944,bs,MLB,홀짝,2,,콜로로키,세인카디,09.05(토) 09:40,"1.6,2.06",4회말
2026-09-05T01:43:24+00:00,2026,105,8945,bs,MLB,승패,2,,샌디파드 0,0 뉴욕양키,09.05(토) 10:40,"1.94,1.61",1회초
2026-09-05T01:43:24+00:00,2026,105,8946,bs,MLB,승①패,3,승①패,샌디파드 0,0 뉴욕양키,09.05(토) 10:40,"2.9,3.2,2.03",1회초
2026-09-05T01:43:24+00:00,2026,105,8947,bs,MLB,핸디캡,2,H +2.5,샌디파드 2.5,0 뉴욕양키,09.05(토) 10:40,"1.31,2.68",1회초
2026-09-05T01:43:24+00:00,2026,105,8948,bs,MLB,언더오버,2,U 7.5,샌디파드,뉴욕양키,09.05(토) 10:40,"1.69,1.84",1회초
2026-09-05T01:43:24+00:00,2026,105,8949,bs,MLB,홀짝,2,,샌디파드,뉴욕양키,09.05(토) 10:40,"1.58,2.09",1회초
2026-09-05T01:43:24+00:00,2026,105,8950,bs,MLB,승패,2,,시애매리,애슬레틱,09.05(토) 11:10,"1.36,2.49",경기전
2026-09-05T01:43:24+00:00,2026,105,8951,bs,MLB,승①패,3,승①패,시애매리,애슬레틱,09.05(토) 11:10,"1.74,3.5,3.45",경기전
2026-09-05T01:43:24+00:00,2026,105,8952,bs,MLB,핸디캡,2,H -2.5,시애매리,애슬레틱,09.05(토) 11:10,"2.43,1.38",경기전
2026-09-05T01:43:24+00:00,2026,105,8953,bs,MLB,언더오버,2,U 7.5,시애매리,애슬레틱,09.05(토) 11:10,"1.69,1.84",경기전
2026-09-05T01:43:24+00:00,2026,105,8954,bs,MLB,홀짝,2,,시애매리,애슬레틱,09.05(토) 11:10,"1.59,2.07",경기전
2026-09-05T01:43:24+00:00,2026,105,8955,bs,MLB,전반승무패,3,h(전반),시애매리,애슬레틱,09.05(토) 11:10,"1.65,5.2,2.85",경기전
2026-09-05T01:43:24+00:00,2026,105,8956,bs,MLB,전반핸디캡,2,h H -1.5,시애매리,애슬레틱,09.05(토) 11:10,"2.24,1.45",경기전
2026-09-05T01:43:24+00:00,2026,105,8957,bs,MLB,전반언더오버,2,h U 3.5,시애매리,애슬레틱,09.05(토) 11:10,"1.86,1.67",경기전
2026-09-05T01:43:24+00:00,2026,105,8958,bs,MLB,승패,2,,LA다저스,워싱내셔,09.05(토) 11:10,"1.26,2.92",경기전
2026-09-05T01:43:24+00:00,2026,105,8959,bs,MLB,승①패,3,승①패,LA다저스,워싱내셔,09.05(토) 11:10,"1.61,3.7,3.9",경기전
2026-09-05T01:43:24+00:00,2026,105,8960,bs,MLB,핸디캡,2,H -2.5,LA다저스,워싱내셔,09.05(토) 11:10,"2.05,1.54",경기전
2026-09-05T01:43:24+00:00,2026,105,8961,bs,MLB,언더오버,2,U 8.5,LA다저스,워싱내셔,09.05(토) 11:10,"1.68,1.85",경기전
2026-09-05T01:43:24+00:00,2026,105,8962,bs,MLB,홀짝,2,,LA다저스,워싱내셔,09.05(토) 11:10,"1.61,2.04",경기전
2026-09-05T01:43:24+00:00,2026,105,8963,bs,NPB,승패,2,,오릭스,지바롯데,09.05(토) 14:00,"1.59,1.97",경기전
2026-09-05T01:43:24+00:00,2026,105,8964,bs,NPB,승①패,3,승①패,오릭스,지바롯데,09.05(토) 14:00,"2.41,2.75,2.7",경기전
2026-09-05T01:43:24+00:00,2026,105,8965,bs,NPB,핸디캡,2,H -2.5,오릭스,지바롯데,09.05(토) 14:00,"3.38,1.19",경기전
2026-09-05T01:43:24+00:00,2026,105,8966,bs,NPB,언더오버,2,U 6.5,오릭스,지바롯데,09.05(토) 14:00,"1.79,1.73",경기전
2026-09-05T01:43:24+00:00,2026,105,8967,bs,NPB,홀짝,2,,오릭스,지바롯데,09.05(토) 14:00,"1.64,1.99",경기전
2026-09-05T01:43:24+00:00,2026,105,8968,bs,NPB,승패,2,,소프트뱅,세이부,09.05(토) 14:00,"1.52,2.09",경기전
2026-09-05T01:43:24+00:00,2026,105,8969,bs,NPB,승①패,3,승①패,소프트뱅,세이부,09.05(토) 14:00,"2.27,2.75,2.9",경기전
2026-09-05T01:43:24+00:00,2026,105,8970,bs,NPB,핸디캡,2,H -2.5,소프트뱅,세이부,09.05(토) 14:00,"3.09,1.23",경기전
2026-09-05T01:43:24+00:00,2026,105,8971,bs,NPB,언더오버,2,U 6.5,소프트뱅,세이부,09.05(토) 14:00,"1.78,1.74",경기전
2026-09-05T01:43:24+00:00,2026,105,8972,bs,NPB,홀짝,2,,소프트뱅,세이부,09.05(토) 14:00,"1.64,1.99",경기전
2026-09-05T01:43:24+00:00,2026,105,8973,bs,KBO,승패,2,,LG,삼성,09.05(토) 17:00,"1.53,2.07",경기전
2026-09-05T01:43:24+00:00,2026,105,8974,bs,KBO,승①패,3,승①패,LG,삼성,09.05(토) 17:00,"2.06,3.4,2.7",경기전
2026-09-05T01:43:24+00:00,2026,105,8975,bs,KBO,핸디캡,2,H -2.5,LG,삼성,09.05(토) 17:00,"2.72,1.3",경기전
2026-09-05T01:43:24+00:00,2026,105,8976,bs,KBO,언더오버,2,U 9.5,LG,삼성,09.05(토) 17:00,"1.79,1.73",경기전
2026-09-05T01:43:24+00:00,2026,105,8977,bs,KBO,홀짝,2,,LG,삼성,09.05(토) 17:00,"1.61,2.04",경기전
2026-09-05T01:43:24+00:00,2026,105,8978,bs,KBO,전반승무패,3,h(전반),LG,삼성,09.05(토) 17:00,"1.78,6.5,2.3",경기전
2026-09-05T01:43:24+00:00,2026,105,8979,bs,KBO,전반핸디캡,2,h H -1.5,LG,삼성,09.05(토) 17:00,"2.37,1.4",경기전
2026-09-05T01:43:24+00:00,2026,105,8980,bs,KBO,전반언더오버,2,h U 5.5,LG,삼성,09.05(토) 17:00,"1.71,1.81",경기전
2026-09-05T01:43:24+00:00,2026,105,8981,bs,KBO,승패,2,,롯데,한화,09.05(토) 17:00,"1.68,1.85",경기전
2026-09-05T01:43:24+00:00,2026,105,8982,bs,KBO,승①패,3,승①패,롯데,한화,09.05(토) 17:00,"2.33,3.4,2.35",경기전
2026-09-05T01:43:24+00:00,2026,105,8983,bs,KBO,핸디캡,2,H -2.5,롯데,한화,09.05(토) 17:00,"3.09,1.23",경기전
2026-09-05T01:43:24+00:00,2026,105,8984,bs,KBO,언더오버,2,U 10.5,롯데,한화,09.05(토) 17:00,"1.68,1.85",경기전
2026-09-05T01:43:24+00:00,2026,105,8985,bs,KBO,홀짝,2,,롯데,한화,09.05(토) 17:00,"1.61,2.04",경기전
2026-09-05T01:43:24+00:00,2026,105,8986,bs,KBO,전반승무패,3,h(전반),롯데,한화,09.05(토) 17:00,"1.94,6.8,2.05",경기전
2026-09-05T01:43:24+00:00,2026,105,8987,bs,KBO,전반핸디캡,2,h H -1.5,롯데,한화,09.05(토) 17:00,"2.6,1.33",경기전
2026-09-05T01:43:24+00:00,2026,105,8988,bs,KBO,전반언더오버,2,h U 6.5,롯데,한화,09.05(토) 17:00,"1.6,1.96",경기전
2026-09-05T01:43:24+00:00,2026,105,8989,bs,KBO,승패,2,,SSG,두산,09.05(토) 17:00,"1.86,1.67",경기전
2026-09-05T01:43:24+00:00,2026,105,8990,bs,KBO,승①패,3,승①패,SSG,두산,09.05(토) 17:00,"2.65,3.4,2.09",경기전
2026-09-05T01:43:24+00:00,2026,105,8991,bs,KBO,핸디캡,2,H +2.5,SSG,두산,09.05(토) 17:00,"1.3,2.72",경기전
2026-09-05T01:43:24+00:00,2026,105,8992,bs,KBO,언더오버,2,U 9.5,SSG,두산,09.05(토) 17:00,"1.87,1.66",경기전
2026-09-05T01:43:24+00:00,2026,105,8993,bs,KBO,홀짝,2,,SSG,두산,09.05(토) 17:00,"1.61,2.04",경기전
2026-09-05T01:43:24+00:00,2026,105,8994,bs,KBO,전반승무패,3,h(전반),SSG,두산,09.05(토) 17:00,"2.15,6.6,1.88",경기전
2026-09-05T01:43:24+00:00,2026,105,8995,bs,KBO,전반핸디캡,2,h H +1.5,SSG,두산,09.05(토) 17:00,"1.35,2.53",경기전
2026-09-05T01:43:24+00:00,2026,105,8996,bs,KBO,전반언더오버,2,h U 5.5,SSG,두산,09.05(토) 17:00,"1.82,1.7",경기전
2026-09-05T01:43:24+00:00,2026,105,8997,bs,KBO,승패,2,,KIA,KT,09.05(토) 17:00,"1.87,1.66",경기전
2026-09-05T01:43:24+00:00,2026,105,8998,bs,KBO,승①패,3,승①패,KIA,KT,09.05(토) 17:00,"2.7,3.35,2.08",경기전
2026-09-05T01:43:24+00:00,2026,105,8999,bs,KBO,핸디캡,2,H +2.5,KIA,KT,09.05(토) 17:00,"1.3,2.72",경기전
2026-09-05T01:43:24+00:00,2026,105,9000,bs,KBO,언더오버,2,U 9.5,KIA,KT,09.05(토) 17:00,"1.72,1.8",경기전
2026-09-05T01:43:24+00:00,2026,105,9001,bs,KBO,홀짝,2,,KIA,KT,09.05(토) 17:00,"1.61,2.04",경기전
2026-09-05T01:43:24+00:00,2026,105,9002,bs,KBO,전반승무패,3,h(전반),KIA,KT,09.05(토) 17:00,"2.15,6.3,1.9",경기전
2026-09-05T01:43:24+00:00,2026,105,9003,bs,KBO,전반핸디캡,2,h H +1.5,KIA,KT,09.05(토) 17:00,"1.34,2.56",경기전
2026-09-05T01:43:24+00:00,2026,105,9004,bs,KBO,전반언더오버,2,h U 5.5,KIA,KT,09.05(토) 17:00,"1.64,1.9",경기전
2026-09-05T01:43:24+00:00,2026,105,9005,bs,KBO,승패,2,,키움,NC,09.05(토) 17:00,"2.15,1.49",경기전
2026-09-05T01:43:24+00:00,2026,105,9006,bs,KBO,승①패,3,승①패,키움,NC,09.05(토) 17:00,"3.2,3.4,1.84",경기전
2026-09-05T01:43:24+00:00,2026,105,9007,bs,KBO,핸디캡,2,H +2.5,키움,NC,09.05(토) 17:00,"1.41,2.34",경기전
2026-09-05T01:43:24+00:00,2026,105,9008,bs,KBO,언더오버,2,U 9.5,키움,NC,09.05(토) 17:00,"1.72,1.8",경기전
2026-09-05T01:43:24+00:00,2026,105,9009,bs,KBO,홀짝,2,,키움,NC,09.05(토) 17:00,"1.62,2.03",경기전
2026-09-05T01:43:24+00:00,2026,105,9010,bs,KBO,전반승무패,3,h(전반),키움,NC,09.05(토) 17:00,"2.45,6.4,1.71",경기전
2026-09-05T01:43:24+00:00,2026,105,9011,bs,KBO,전반핸디캡,2,h H +1.5,키움,NC,09.05(토) 17:00,"1.43,2.29",경기전
2026-09-05T01:43:24+00:00,2026,105,9012,bs,KBO,전반언더오버,2,h U 5.5,키움,NC,09.05(토) 17:00,"1.64,1.9",경기전
2026-09-05T01:43:24+00:00,2026,105,9013,bs,NPB,승패,2,,야쿠르트,주니치,09.05(토) 18:00,"1.91,1.63",경기전
2026-09-05T01:43:24+00:00,2026,105,9014,bs,NPB,승①패,3,승①패,야쿠르트,주니치,09.05(토) 18:00,"3.05,2.8,2.15",경기전
2026-09-05T01:43:24+00:00,2026,105,9015,bs,NPB,핸디캡,2,H +2.5,야쿠르트,주니치,09.05(토) 18:00,"1.26,2.92",경기전
2026-09-05T01:43:24+00:00,2026,105,9016,bs,NPB,언더오버,2,U 7.5,야쿠르트,주니치,09.05(토) 18:00,"1.62,1.93",경기전
2026-09-05T01:43:24+00:00,2026,105,9017,bs,NPB,홀짝,2,,야쿠르트,주니치,09.05(토) 18:00,"1.64,1.99",경기전
2026-09-05T01:43:24+00:00,2026,105,9018,bs,NPB,승패,2,,한신,요코베이,09.05(토) 18:00,"1.44,2.26",경기전
2026-09-05T01:43:24+00:00,2026,105,9019,bs,NPB,승①패,3,승①패,한신,요코베이,09.05(토) 18:00,"2.19,2.6,3.25",경기전
2026-09-05T01:43:24+00:00,2026,105,9020,bs,NPB,핸디캡,2,H -2.5,한신,요코베이,09.05(토) 18:00,"3.03,1.24",경기전
2026-09-05T01:43:24+00:00,2026,105,9021,bs,NPB,언더오버,2,U 5.5,한신,요코베이,09.05(토) 18:00,"1.75,1.77",경기전
2026-09-05T01:43:24+00:00,2026,105,9022,bs,NPB,홀짝,2,,한신,요코베이,09.05(토) 18:00,"1.65,1.98",경기전
2026-09-05T01:43:24+00:00,2026,105,9023,bs,NPB,승패,2,,히로카프,요미우리,09.05(토) 18:00,"1.68,1.85",경기전
2026-09-05T01:43:24+00:00,2026,105,9024,bs,NPB,승①패,3,승①패,히로카프,요미우리,09.05(토) 18:00,"2.6,2.7,2.54",경기전
2026-09-05T01:43:24+00:00,2026,105,9025,bs,NPB,핸디캡,2,H -2.5,히로카프,요미우리,09.05(토) 18:00,"3.65,1.16",경기전
2026-09-05T01:43:24+00:00,2026,105,9026,bs,NPB,언더오버,2,U 6.5,히로카프,요미우리,09.05(토) 18:00,"1.71,1.81",경기전
2026-09-05T01:43:24+00:00,2026,105,9027,bs,NPB,홀짝,2,,히로카프,요미우리,09.05(토) 18:00,"1.64,1.99",경기전
2026-09-05T01:43:24+00:00,2026,105,9028,bs,NPB,승패,2,,라쿠텐,닛폰햄,09.05(토) 18:00,"2.02,1.56",경기전
2026-09-05T01:43:24+00:00,2026,105,9029,bs,NPB,승①패,3,승①패,라쿠텐,닛폰햄,09.05(토) 18:00,"3.35,2.75,2.05",경기전
2026-09-05T01:43:24+00:00,2026,105,9030,bs,NPB,핸디캡,2,H +2.5,라쿠텐,닛폰햄,09.05(토) 18:00,"1.28,2.82",경기전
2026-09-05T01:43:24+00:00,2026,105,9031,bs,NPB,언더오버,2,U 6.5,라쿠텐,닛폰햄,09.05(토) 18:00,"1.77,1.75",경기전
2026-09-05T01:43:24+00:00,2026,105,9032,bs,NPB,홀짝,2,,라쿠텐,닛폰햄,09.05(토) 18:00,"1.64,1.99",경기전
2026-09-05T01:43:24+00:00,2026,105,9033,sc,J2리그,승무패,3,,후지에다,하치노헤,09.05(토) 18:30,"2.1,2.95,3.0",경기전
2026-09-05T01:43:24+00:00,2026,105,9034,sc,J2리그,핸디캡,3,H -1.0,후지에다,하치노헤,09.05(토) 18:30,"4.4,3.45,1.58",경기전
2026-09-05T01:43:24+00:00,2026,105,9035,sc,J2리그,언더오버,2,U 2.5,후지에다,하치노헤,09.05(토) 18:30,"1.57,2.0",경기전
2026-09-05T01:43:24+00:00,2026,105,9036,sc,J2리그,홀짝,2,,후지에다,하치노헤,09.05(토) 18:30,"1.81,1.79",경기전
2026-09-05T01:43:24+00:00,2026,105,9037,bk,여농월드,승패,2,,말리W,스페인W,09.05(토) 18:30,"1.0,1.0",경기전
2026-09-05T01:43:24+00:00,2026,105,9038,bk,여농월드,핸디캡,2,H +23.5,말리W,스페인W,09.05(토) 18:30,"1.71,1.81",경기전
2026-09-05T01:43:24+00:00,2026,105,9039,bk,여농월드,언더오버,2,U 144.5,말리W,스페인W,09.05(토) 18:30,"1.76,1.76",경기전
2026-09-05T01:43:24+00:00,2026,105,9040,bk,여농월드,홀짝,2,,말리W,스페인W,09.05(토) 18:30,"1.8,1.8",경기전
2026-09-05T01:43:24+00:00,2026,105,9041,sc,J1리그,승무패,3,,후쿠오카,미토홀리,09.05(토) 19:00,"1.9,3.05,3.4",경기전
2026-09-05T01:43:24+00:00,2026,105,9042,sc,J1리그,핸디캡,3,H -1.0,후쿠오카,미토홀리,09.05(토) 19:00,"3.75,3.35,1.71",경기전
2026-09-05T01:43:24+00:00,2026,105,9043,sc,J1리그,언더오버,2,U 2.5,후쿠오카,미토홀리,09.05(토) 19:00,"1.6,1.96",경기전
2026-09-05T01:43:24+00:00,2026,105,9044,sc,J1리그,홀짝,2,,후쿠오카,미토홀리,09.05(토) 19:00,"1.81,1.79",경기전
2026-09-05T01:43:24+00:00,2026,105,9045,sc,J2리그,승무패,3,,야마가타,V고후,09.05(토) 19:00,"1.88,3.1,3.4",경기전
2026-09-05T01:43:24+00:00,2026,105,9046,sc,J2리그,핸디캡,3,H -1.0,야마가타,V고후,09.05(토) 19:00,"3.65,3.35,1.73",경기전
2026-09-05T01:43:24+00:00,2026,105,9047,sc,J2리그,언더오버,2,U 2.5,야마가타,V고후,09.05(토) 19:00,"1.66,1.87",경기전
2026-09-05T01:43:24+00:00,2026,105,9048,sc,J2리그,홀짝,2,,야마가타,V고후,09.05(토) 19:00,"1.81,1.79",경기전
2026-09-05T01:43:24+00:00,2026,105,9049,sc,J2리그,승무패,3,,쇼난벨마,V센다이,09.05(토) 19:00,"2.7,2.9,2.3",경기전
2026-09-05T01:43:24+00:00,2026,105,9050,sc,J2리그,핸디캡,3,H +1.0,쇼난벨마,V센다이,09.05(토) 19:00,"1.48,3.65,5.0",경기전
2026-09-05T01:43:24+00:00,2026,105,9051,sc,J2리그,언더오버,2,U 2.5,쇼난벨마,V센다이,09.05(토) 19:00,"1.55,2.04",경기전
2026-09-05T01:43:24+00:00,2026,105,9052,sc,J2리그,홀짝,2,,쇼난벨마,V센다이,09.05(토) 19:00,"1.81,1.79",경기전
2026-09-05T01:43:24+00:00,2026,105,9053,sc,J2리그,승무패,3,,도쿠시마,이와키,09.05(토) 19:00,"2.2,2.9,2.85",경기전
2026-09-05T01:43:24+00:00,2026,105,9054,sc,J2리그,핸디캡,3,H -1.0,도쿠시마,이와키,09.05(토) 19:00,"4.65,3.55,1.53",경기전
2026-09-05T01:43:24+00:00,2026,105,9055,sc,J2리그,언더오버,2,U 2.5,도쿠시마,이와키,09.05(토) 19:00,"1.53,2.07",경기전
2026-09-05T01:43:24+00:00,2026,105,9056,sc,J2리그,홀짝,2,,도쿠시마,이와키,09.05(토) 19:00,"1.82,1.78",경기전
2026-09-05T01:43:24+00:00,2026,105,9057,sc,J2리그,승무패,3,,사간도스,미야자키,09.05(토) 19:00,"2.21,2.95,2.8",경기전
2026-09-05T01:43:24+00:00,2026,105,9058,sc,J2리그,핸디캡,3,H -1.0,사간도스,미야자키,09.05(토) 19:00,"4.75,3.55,1.52",경기전
2026-09-05T01:43:24+00:00,2026,105,9059,sc,J2리그,언더오버,2,U 2.5,사간도스,미야자키,09.05(토) 19:00,"1.56,2.02",경기전
2026-09-05T01:43:24+00:00,2026,105,9060,sc,J2리그,홀짝,2,,사간도스,미야자키,09.05(토) 19:00,"1.81,1.79",경기전
2026-09-05T01:43:24+00:00,2026,105,9061,sc,K리그1,승무패,3,,부천FC,대전하나,09.05(토) 19:00,"3.75,3.25,1.82",경기전
2026-09-05T01:43:24+00:00,2026,105,9062,sc,K리그1,핸디캡,3,H +1.0,부천FC,대전하나,09.05(토) 19:00,"1.85,3.35,3.35",경기전
2026-09-05T01:43:24+00:00,2026,105,9063,sc,K리그1,핸디캡,3,H +2.0,부천FC,대전하나,09.05(토) 19:00,"1.24,5.2,7.3",경기전
2026-09-05T01:43:24+00:00,2026,105,9064,sc,K리그1,언더오버,2,U 2.5,부천FC,대전하나,09.05(토) 19:00,"1.74,1.82",경기전
2026-09-05T01:43:24+00:00,2026,105,9065,sc,K리그1,홀짝,2,,부천FC,대전하나,09.05(토) 19:00,"1.81,1.79",경기전
2026-09-05T01:43:24+00:00,2026,105,9066,sc,K리그1,전반승무패,3,h(전반),부천FC,대전하나,09.05(토) 19:00,"4.4,1.98,2.4",경기전
2026-09-05T01:43:24+00:00,2026,105,9067,sc,K리그1,전반핸디캡,3,h H +1.0,부천FC,대전하나,09.05(토) 19:00,"1.41,3.45,6.7",경기전
2026-09-05T01:43:24+00:00,2026,105,9068,sc,K리그1,전반언더오버,2,h U 1.5,부천FC,대전하나,09.05(토) 19:00,"1.34,2.56",경기전
2026-09-05T01:43:24+00:00,2026,105,9069,sc,K리그1,승무패,3,,FC서울,인천유나,09.05(토) 19:00,"1.81,3.25,3.8",경기전
2026-09-05T01:43:24+00:00,2026,105,9070,sc,K리그1,핸디캡,3,H -1.0,FC서울,인천유나,09.05(토) 19:00,"3.35,3.3,1.87",경기전
2026-09-05T01:43:24+00:00,2026,105,9071,sc,K리그1,핸디캡,3,H -2.0,FC서울,인천유나,09.05(토) 19:00,"7.5,5.1,1.24",경기전
2026-09-05T01:43:24+00:00,2026,105,9072,sc,K리그1,언더오버,2,U 2.5,FC서울,인천유나,09.05(토) 19:00,"1.68,1.89",경기전
2026-09-05T01:43:24+00:00,2026,105,9073,sc,K리그1,홀짝,2,,FC서울,인천유나,09.05(토) 19:00,"1.81,1.79",경기전
2026-09-05T01:43:24+00:00,2026,105,9074,sc,K리그1,전반승무패,3,h(전반),FC서울,인천유나,09.05(토) 19:00,"2.4,1.96,4.5",경기전
2026-09-05T01:43:24+00:00,2026,105,9075,sc,K리그1,전반핸디캡,3,h H -1.0,FC서울,인천유나,09.05(토) 19:00,"6.7,3.45,1.41",경기전
2026-09-05T01:43:24+00:00,2026,105,9076,sc,K리그1,전반언더오버,2,h U 1.5,FC서울,인천유나,09.05(토) 19:00,"1.32,2.64",경기전
2026-09-05T01:43:24+00:00,2026,105,9077,sc,K리그1,승무패,3,,전북현대,포항스틸,09.05(토) 19:00,"1.78,3.25,3.95",경기전
2026-09-05T01:43:24+00:00,2026,105,9078,sc,K리그1,핸디캡,3,H -1.0,전북현대,포항스틸,09.05(토) 19:00,"3.3,3.3,1.89",경기전
2026-09-05T01:43:24+00:00,2026,105,9079,sc,K리그1,핸디캡,3,H -2.0,전북현대,포항스틸,09.05(토) 19:00,"7.3,5.2,1.24",경기전
2026-09-05T01:43:24+00:00,2026,105,9080,sc,K리그1,언더오버,2,U 2.5,전북현대,포항스틸,09.05(토) 19:00,"1.66,1.92",경기전
2026-09-05T01:43:24+00:00,2026,105,9081,sc,K리그1,홀짝,2,,전북현대,포항스틸,09.05(토) 19:00,"1.81,1.79",경기전
2026-09-05T01:43:24+00:00,2026,105,9082,sc,K리그1,전반승무패,3,h(전반),전북현대,포항스틸,09.05(토) 19:00,"2.35,1.96,4.7",경기전
2026-09-05T01:43:24+00:00,2026,105,9083,sc,K리그1,전반핸디캡,3,h H -1.0,전북현대,포항스틸,09.05(토) 19:00,"6.6,3.4,1.42",경기전
2026-09-05T01:43:24+00:00,2026,105,9084,sc,K리그1,전반언더오버,2,h U 1.5,전북현대,포항스틸,09.05(토) 19:00,"1.31,2.68",경기전
2026-09-05T01:43:24+00:00,2026,105,9085,sc,K리그1,승무패,3,,제주SKFC,울산HDFC,09.05(토) 19:00,"2.9,3.2,2.14",경기전
2026-09-05T01:43:24+00:00,2026,105,9086,sc,K리그1,핸디캡,3,H +1.0,제주SKFC,울산HDFC,09.05(토) 19:00,"1.6,3.7,4.15",경기전
2026-09-05T01:43:24+00:00,2026,105,9087,sc,K리그1,핸디캡,3,H +2.0,제주SKFC,울산HDFC,09.05(토) 19:00,"1.15,6.1,9.7",경기전
2026-09-05T01:43:24+00:00,2026,105,9088,sc,K리그1,언더오버,2,U 2.5,제주SKFC,울산HDFC,09.05(토) 19:00,"1.83,1.73",경기전
2026-09-05T01:43:24+00:00,2026,105,9089,sc,K리그1,홀짝,2,,제주SKFC,울산HDFC,09.05(토) 19:00,"1.81,1.79",경기전
2026-09-05T01:43:24+00:00,2026,105,9090,sc,K리그1,전반승무패,3,h(전반),제주SKFC,울산HDFC,09.05(토) 19:00,"3.5,2.0,2.75",경기전
2026-09-05T01:43:24+00:00,2026,105,9091,sc,K리그1,전반핸디캡,3,h H +1.0,제주SKFC,울산HDFC,09.05(토) 19:00,"1.32,3.8,7.8",경기전
2026-09-05T01:43:24+00:00,2026,105,9092,sc,K리그1,전반언더오버,2,h U 1.5,제주SKFC,울산HDFC,09.05(토) 19:00,"1.38,2.43",경기전
2026-09-05T01:43:24+00:00,2026,105,9093,sc,K리그2,승무패,3,,부산아이,안산그리,09.05(토) 19:00,"1.38,4.0,5.7",경기전
2026-09-05T01:43:24+00:00,2026,105,9094,sc,K리그2,핸디캡,3,H -1.0,부산아이,안산그리,09.05(토) 19:00,"2.17,3.3,2.6",경기전
2026-09-05T01:43:24+00:00,2026,105,9095,sc,K리그2,언더오버,2,U 2.5,부산아이,안산그리,09.05(토) 19:00,"2.13,1.5",경기전
2026-09-05T01:43:24+00:00,2026,105,9096,sc,K리그2,홀짝,2,,부산아이,안산그리,09.05(토) 19:00,"1.8,1.8",경기전
2026-09-05T01:43:24+00:00,2026,105,9097,sc,K리그2,승무패,3,,천안시티,화성FC,09.05(토) 19:00,"3.3,3.2,1.87",경기전
2026-09-05T01:43:24+00:00,2026,105,9098,sc,K리그2,핸디캡,3,H +1.0,천안시티,화성FC,09.05(토) 19:00,"1.73,3.45,3.55",경기전
2026-09-05T01:43:24+00:00,2026,105,9099,sc,K리그2,언더오버,2,U 2.5,천안시티,화성FC,09.05(토) 19:00,"1.77,1.75",경기전
2026-09-05T01:43:24+00:00,2026,105,9100,sc,K리그2,홀짝,2,,천안시티,화성FC,09.05(토) 19:00,"1.81,1.79",경기전
2026-09-05T01:43:24+00:00,2026,105,9101,sc,K리그2,승무패,3,,용인FC,수원FC,09.05(토) 19:00,"3.4,3.45,1.77",경기전
2026-09-05T01:43:24+00:00,2026,105,9102,sc,K리그2,핸디캡,3,H +1.0,용인FC,수원FC,09.05(토) 19:00,"1.83,3.5,3.15",경기전
2026-09-05T01:43:24+00:00,2026,105,9103,sc,K리그2,언더오버,2,U 2.5,용인FC,수원FC,09.05(토) 19:00,"2.05,1.54",경기전
2026-09-05T01:43:24+00:00,2026,105,9104,sc,K리그2,홀짝,2,,용인FC,수원FC,09.05(토) 19:00,"1.8,1.8",경기전
2026-09-05T01:43:24+00:00,2026,105,9105,sc,K리그2,승무패,3,,김해FC,전남드래,09.05(토) 19:00,"2.75,3.15,2.14",경기전
2026-09-05T01:43:24+00:00,2026,105,9106,sc,K리그2,핸디캡,3,H +1.0,김해FC,전남드래,09.05(토) 19:00,"1.56,3.65,4.25",경기전
2026-09-05T01:43:24+00:00,2026,105,9107,sc,K리그2,언더오버,2,U 2.5,김해FC,전남드래,09.05(토) 19:00,"1.79,1.73",경기전
2026-09-05T01:43:24+00:00,2026,105,9108,sc,K리그2,홀짝,2,,김해FC,전남드래,09.05(토) 19:00,"1.81,1.79",경기전
2026-09-05T01:43:24+00:00,2026,105,9109,sc,EFL챔,승무패,3,,링컨시티,사우샘프,09.05(토) 20:30,"3.6,3.35,1.74",경기전
2026-09-05T01:43:24+00:00,2026,105,9110,sc,EFL챔,핸디캡,3,H +1.0,링컨시티,사우샘프,09.05(토) 20:30,"1.86,3.4,3.15",경기전
2026-09-05T01:43:24+00:00,2026,105,9111,sc,EFL챔,언더오버,2,U 2.5,링컨시티,사우샘프,09.05(토) 20:30,"1.91,1.63",경기전
2026-09-05T01:43:24+00:00,2026,105,9112,sc,EFL챔,홀짝,2,,링컨시티,사우샘프,09.05(토) 20:30,"1.81,1.79",경기전
2026-09-05T01:43:24+00:00,2026,105,9113,sc,EFL챔,승무패,3,,프레스턴,블랙번R,09.05(토) 20:30,"2.29,3.05,2.6",경기전
2026-09-05T01:43:24+00:00,2026,105,9114,sc,EFL챔,핸디캡,3,H -1.0,프레스턴,블랙번R,09.05(토) 20:30,"4.85,3.75,1.48",경기전
2026-09-05T01:43:24+00:00,2026,105,9115,sc,EFL챔,언더오버,2,U 2.5,프레스턴,블랙번R,09.05(토) 20:30,"1.67,1.86",경기전
2026-09-05T01:43:24+00:00,2026,105,9116,sc,EFL챔,홀짝,2,,프레스턴,블랙번R,09.05(토) 20:30,"1.81,1.79",경기전
2026-09-05T01:43:24+00:00,2026,105,9117,sc,EFL챔,승무패,3,,스토크C,찰턴A,09.05(토) 20:30,"1.95,3.05,3.25",경기전
2026-09-05T01:43:24+00:00,2026,105,9118,sc,EFL챔,핸디캡,3,H -1.0,스토크C,찰턴A,09.05(토) 20:30,"3.9,3.4,1.67",경기전
2026-09-05T01:43:24+00:00,2026,105,9119,sc,EFL챔,언더오버,2,U 2.5,스토크C,찰턴A,09.05(토) 20:30,"1.62,1.93",경기전
2026-09-05T01:43:24+00:00,2026,105,9120,sc,EFL챔,홀짝,2,,스토크C,찰턴A,09.05(토) 20:30,"1.81,1.79",경기전
2026-09-05T01:43:24+00:00,2026,105,9121,sc,EPL,승무패,3,,뉴캐슬U,본머스,09.05(토) 20:30,"2.06,3.55,2.8",경기전
2026-09-05T01:43:24+00:00,2026,105,9122,sc,EPL,핸디캡,3,H -1.0,뉴캐슬U,본머스,09.05(토) 20:30,"3.7,3.85,1.65",경기전
2026-09-05T01:43:24+00:00,2026,105,9123,sc,EPL,핸디캡,3,H -2.0,뉴캐슬U,본머스,09.05(토) 20:30,"7.9,5.9,1.19",경기전
2026-09-05T01:43:24+00:00,2026,105,9124,sc,EPL,언더오버,2,U 3.5,뉴캐슬U,본머스,09.05(토) 20:30,"1.51,2.17",경기전
2026-09-05T01:43:24+00:00,2026,105,9125,sc,EPL,홀짝,2,,뉴캐슬U,본머스,09.05(토) 20:30,"1.8,1.8",경기전
2026-09-05T01:43:24+00:00,2026,105,9126,bk,여농월드,승패,2,,나이지W,헝가리W,09.05(토) 21:15,"1.55,2.04",경기전
2026-09-05T01:43:24+00:00,2026,105,9127,bk,여농월드,핸디캡,2,H -2.5,나이지W,헝가리W,09.05(토) 21:15,"1.76,1.76",경기전
2026-09-05T01:43:24+00:00,2026,105,9128,bk,여농월드,언더오버,2,U 143.5,나이지W,헝가리W,09.05(토) 21:15,"1.76,1.76",경기전
2026-09-05T01:43:24+00:00,2026,105,9129,bk,여농월드,홀짝,2,,나이지W,헝가리W,09.05(토) 21:15,"1.8,1.8",경기전
2026-09-05T01:43:24+00:00,2026,105,9130,sc,세리에A,승무패,3,,피오렌티,토리노,09.05(토) 22:00,"1.77,3.1,3.8",경기전
2026-09-05T01:43:24+00:00,2026,105,9131,sc,세리에A,핸디캡,3,H -1.0,피오렌티,토리노,09.05(토) 22:00,"3.4,3.25,1.83",경기전
2026-09-05T01:43:24+00:00,2026,105,9132,sc,세리에A,언더오버,2,U 2.5,피오렌티,토리노,09.05(토) 22:00,"1.6,1.96",경기전
2026-09-05T01:43:24+00:00,2026,105,9133,sc,세리에A,홀짝,2,,피오렌티,토리노,09.05(토) 22:00,"1.81,1.79",경기전
2026-09-05T01:43:24+00:00,2026,105,9134,sc,분데스리,승무패,3,,호펜하임,도르트문,09.05(토) 22:30,"2.65,3.65,2.06",경기전
2026-09-05T01:43:24+00:00,2026,105,9135,sc,분데스리,핸디캡,3,H +1.0,호펜하임,도르트문,09.05(토) 22:30,"1.61,3.95,3.65",경기전
2026-09-05T01:43:24+00:00,2026,105,9136,sc,분데스리,핸디캡,3,H +2.0,호펜하임,도르트문,09.05(토) 22:30,"1.18,5.9,7.5",경기전
2026-09-05T01:43:24+00:00,2026,105,9137,sc,분데스리,언더오버,2,U 3.5,호펜하임,도르트문,09.05(토) 22:30,"1.63,1.96",경기전
2026-09-05T01:43:24+00:00,2026,105,9138,sc,분데스리,홀짝,2,,호펜하임,도르트문,09.05(토) 22:30,"1.8,1.8",경기전
2026-09-05T01:43:24+00:00,2026,105,9139,sc,분데스리,승무패,3,,레버쿠젠,U베를린,09.05(토) 22:30,"1.36,4.35,5.8",경기전
2026-09-05T01:43:24+00:00,2026,105,9140,sc,분데스리,핸디캡,3,H -1.0,레버쿠젠,U베를린,09.05(토) 22:30,"2.01,3.55,2.7",경기전
2026-09-05T01:43:24+00:00,2026,105,9141,sc,분데스리,핸디캡,3,H -2.0,레버쿠젠,U베를린,09.05(토) 22:30,"3.3,4.05,1.67",경기전
2026-09-05T01:43:24+00:00,2026,105,9142,sc,분데스리,언더오버,2,U 3.5,레버쿠젠,U베를린,09.05(토) 22:30,"1.65,1.93",경기전
2026-09-05T01:43:24+00:00,2026,105,9143,sc,분데스리,홀짝,2,,레버쿠젠,U베를린,09.05(토) 22:30,"1.8,1.8",경기전
2026-09-05T01:43:24+00:00,2026,105,9144,sc,분데스리,승무패,3,,묀헨글라,엘버스베,09.05(토) 22:30,"1.77,3.55,3.45",경기전
2026-09-05T01:43:24+00:00,2026,105,9145,sc,분데스리,핸디캡,3,H -1.0,묀헨글라,엘버스베,09.05(토) 22:30,"3.0,3.55,1.87",경기전
2026-09-05T01:43:24+00:00,2026,105,9146,sc,분데스리,핸디캡,3,H -2.0,묀헨글라,엘버스베,09.05(토) 22:30,"6.0,5.1,1.27",경기전
2026-09-05T01:43:24+00:00,2026,105,9147,sc,분데스리,언더오버,2,U 2.5,묀헨글라,엘버스베,09.05(토) 22:30,"2.23,1.48",경기전
2026-09-05T01:43:24+00:00,2026,105,9148,sc,분데스리,홀짝,2,,묀헨글라,엘버스베,09.05(토) 22:30,"1.8,1.8",경기전
2026-09-05T01:43:24+00:00,2026,105,9149,sc,분데스리,승무패,3,,브레멘,라이프치,09.05(토) 22:30,"3.6,3.75,1.69",경기전
2026-09-05T01:43:24+00:00,2026,105,9150,sc,분데스리,핸디캡,3,H +1.0,브레멘,라이프치,09.05(토) 22:30,"1.97,3.6,2.75",경기전
2026-09-05T01:43:24+00:00,2026,105,9151,sc,분데스리,핸디캡,3,H +2.0,브레멘,라이프치,09.05(토) 22:30,"1.33,4.85,5.2",경기전
2026-09-05T01:43:24+00:00,2026,105,9152,sc,분데스리,언더오버,2,U 3.5,브레멘,라이프치,09.05(토) 22:30,"1.61,1.99",경기전
2026-09-05T01:43:24+00:00,2026,105,9153,sc,분데스리,홀짝,2,,브레멘,라이프치,09.05(토) 22:30,"1.8,1.8",경기전
2026-09-05T01:43:24+00:00,2026,105,9154,sc,분데스리,승무패,3,,파더보른,프라이부,09.05(토) 22:30,"3.1,3.4,1.92",경기전
2026-09-05T01:43:24+00:00,2026,105,9155,sc,분데스리,핸디캡,3,H +1.0,파더보른,프라이부,09.05(토) 22:30,"1.71,3.6,3.5",경기전
2026-09-05T01:43:24+00:00,2026,105,9156,sc,분데스리,핸디캡,3,H +2.0,파더보른,프라이부,09.05(토) 22:30,"1.2,5.5,7.5",경기전
2026-09-05T01:43:24+00:00,2026,105,9157,sc,분데스리,언더오버,2,U 2.5,파더보른,프라이부,09.05(토) 22:30,"2.11,1.54",경기전
2026-09-05T01:43:24+00:00,2026,105,9158,sc,분데스리,홀짝,2,,파더보른,프라이부,09.05(토) 22:30,"1.8,1.8",경기전
2026-09-05T01:43:24+00:00,2026,105,9159,sc,EFL챔,승무패,3,,번리,브리스C,09.05(토) 23:00,"1.74,3.3,3.7",경기전
2026-09-05T01:43:24+00:00,2026,105,9160,sc,EFL챔,핸디캡,3,H -1.0,번리,브리스C,09.05(토) 23:00,"3.15,3.35,1.87",경기전
2026-09-05T01:43:24+00:00,2026,105,9161,sc,EFL챔,언더오버,2,U 2.5,번리,브리스C,09.05(토) 23:00,"1.82,1.7",경기전
2026-09-05T01:43:24+00:00,2026,105,9162,sc,EFL챔,홀짝,2,,번리,브리스C,09.05(토) 23:00,"1.81,1.79",경기전
2026-09-05T01:43:24+00:00,2026,105,9163,sc,EFL챔,승무패,3,,밀월,볼턴W,09.05(토) 23:00,"1.77,3.15,3.75",경기전
2026-09-05T01:43:24+00:00,2026,105,9164,sc,EFL챔,핸디캡,3,H -1.0,밀월,볼턴W,09.05(토) 23:00,"3.35,3.25,1.84",경기전
2026-09-05T01:43:24+00:00,2026,105,9165,sc,EFL챔,언더오버,2,U 2.5,밀월,볼턴W,09.05(토) 23:00,"1.67,1.86",경기전
2026-09-05T01:43:24+00:00,2026,105,9166,sc,EFL챔,홀짝,2,,밀월,볼턴W,09.05(토) 23:00,"1.81,1.79",경기전
2026-09-05T01:43:24+00:00,2026,105,9167,sc,EFL챔,승무패,3,,포츠머스,카디프C,09.05(토) 23:00,"2.21,3.2,2.6",경기전
2026-09-05T01:43:24+00:00,2026,105,9168,sc,EFL챔,핸디캡,3,H -1.0,포츠머스,카디프C,09.05(토) 23:00,"4.4,3.8,1.52",경기전
2026-09-05T01:43:24+00:00,2026,105,9169,sc,EFL챔,언더오버,2,U 2.5,포츠머스,카디프C,09.05(토) 23:00,"1.9,1.64",경기전
2026-09-05T01:43:24+00:00,2026,105,9170,sc,EFL챔,홀짝,2,,포츠머스,카디프C,09.05(토) 23:00,"1.81,1.79",경기전
2026-09-05T01:43:24+00:00,2026,105,9171,sc,EFL챔,승무패,3,,퀸즈파크,미들즈브,09.05(토) 23:00,"2.9,3.2,2.03",경기전
2026-09-05T01:43:24+00:00,2026,105,9172,sc,EFL챔,핸디캡,3,H +1.0,퀸즈파크,미들즈브,09.05(토) 23:00,"1.62,3.6,3.95",경기전
2026-09-05T01:43:24+00:00,2026,105,9173,sc,EFL챔,언더오버,2,U 2.5,퀸즈파크,미들즈브,09.05(토) 23:00,"1.86,1.67",경기전
2026-09-05T01:43:24+00:00,2026,105,9174,sc,EFL챔,홀짝,2,,퀸즈파크,미들즈브,09.05(토) 23:00,"1.81,1.79",경기전
2026-09-05T01:43:24+00:00,2026,105,9175,sc,EFL챔,승무패,3,,셰필드U,노리치C,09.05(토) 23:00,"2.36,3.15,2.45",경기전
2026-09-05T01:43:24+00:00,2026,105,9176,sc,EFL챔,핸디캡,3,H -1.0,셰필드U,노리치C,09.05(토) 23:00,"4.9,3.9,1.45",경기전
2026-09-05T01:43:24+00:00,2026,105,9177,sc,EFL챔,언더오버,2,U 2.5,셰필드U,노리치C,09.05(토) 23:00,"1.84,1.69",경기전
2026-09-05T01:43:24+00:00,2026,105,9178,sc,EFL챔,홀짝,2,,셰필드U,노리치C,09.05(토) 23:00,"1.81,1.79",경기전
2026-09-05T01:43:24+00:00,2026,105,9179,sc,EFL챔,승무패,3,,웨스브로,왓포드,09.05(토) 23:00,"1.75,3.25,3.7",경기전
2026-09-05T01:43:24+00:00,2026,105,9180,sc,EFL챔,핸디캡,3,H -1.0,웨스브로,왓포드,09.05(토) 23:00,"3.25,3.3,1.86",경기전
2026-09-05T01:43:24+00:00,2026,105,9181,sc,EFL챔,언더오버,2,U 2.5,웨스브로,왓포드,09.05(토) 23:00,"1.76,1.76",경기전
2026-09-05T01:43:24+00:00,2026,105,9182,sc,EFL챔,홀짝,2,,웨스브로,왓포드,09.05(토) 23:00,"1.81,1.79",경기전
2026-09-05T01:43:24+00:00,2026,105,9183,sc,EFL챔,승무패,3,,웨스트햄,더비카운,09.05(토) 23:00,"1.3,4.1,7.3",경기전
2026-09-05T01:43:24+00:00,2026,105,9184,sc,EFL챔,핸디캡,3,H -1.0,웨스트햄,더비카운,09.05(토) 23:00,"2.01,3.2,2.95",경기전
2026-09-05T01:43:24+00:00,2026,105,9185,sc,EFL챔,핸디캡,3,H -2.0,웨스트햄,더비카운,09.05(토) 23:00,"3.55,3.75,1.66",경기전
2026-09-05T01:43:24+00:00,2026,105,9186,sc,EFL챔,핸디캡,2,H -3.5,웨스트햄,더비카운,09.05(토) 23:00,"6.84,1.01",경기전
2026-09-05T01:43:24+00:00,2026,105,9187,sc,EFL챔,언더오버,2,U 2.5,웨스트햄,더비카운,09.05(토) 23:00,"1.91,1.63",경기전
2026-09-05T01:43:24+00:00,2026,105,9188,sc,EFL챔,홀짝,2,,웨스트햄,더비카운,09.05(토) 23:00,"1.81,1.79",경기전
2026-09-05T01:43:24+00:00,2026,105,9189,sc,EPL,승무패,3,,브렌트퍼,선덜랜드,09.05(토) 23:00,"1.57,3.6,4.8",경기전
2026-09-05T01:43:24+00:00,2026,105,9190,sc,EPL,핸디캡,3,H -1.0,브렌트퍼,선덜랜드,09.05(토) 23:00,"2.65,3.25,2.22",경기전
2026-09-05T01:43:24+00:00,2026,105,9191,sc,EPL,핸디캡,3,H -2.0,브렌트퍼,선덜랜드,09.05(토) 23:00,"5.2,4.45,1.39",경기전
2026-09-05T01:43:24+00:00,2026,105,9192,sc,EPL,언더오버,2,U 2.5,브렌트퍼,선덜랜드,09.05(토) 23:00,"1.89,1.68",경기전
2026-09-05T01:43:24+00:00,2026,105,9193,sc,EPL,홀짝,2,,브렌트퍼,선덜랜드,09.05(토) 23:00,"1.81,1.79",경기전
2026-09-05T01:43:24+00:00,2026,105,9194,sc,EPL,승무패,3,,브라이턴,리즈U,09.05(토) 23:00,"1.9,3.3,3.4",경기전
2026-09-05T01:43:24+00:00,2026,105,9195,sc,EPL,핸디캡,3,H -1.0,브라이턴,리즈U,09.05(토) 23:00,"3.55,3.45,1.77",경기전
2026-09-05T01:43:24+00:00,2026,105,9196,sc,EPL,핸디캡,3,H -2.0,브라이턴,리즈U,09.05(토) 23:00,"7.8,5.5,1.21",경기전
2026-09-05T01:43:24+00:00,2026,105,9197,sc,EPL,언더오버,2,U 2.5,브라이턴,리즈U,09.05(토) 23:00,"1.8,1.76",경기전
2026-09-05T01:43:24+00:00,2026,105,9198,sc,EPL,홀짝,2,,브라이턴,리즈U,09.05(토) 23:00,"1.81,1.79",경기전
2026-09-05T01:43:24+00:00,2026,105,9199,sc,EPL,승무패,3,,풀럼,크리스털,09.05(토) 23:00,"2.17,3.2,2.85",경기전
2026-09-05T01:43:24+00:00,2026,105,9200,sc,EPL,핸디캡,3,H -1.0,풀럼,크리스털,09.05(토) 23:00,"4.3,3.7,1.58",경기전
2026-09-05T01:43:24+00:00,2026,105,9201,sc,EPL,핸디캡,3,H -2.0,풀럼,크리스털,09.05(토) 23:00,"10.0,6.3,1.14",경기전
2026-09-05T01:43:24+00:00,2026,105,9202,sc,EPL,언더오버,2,U 2.5,풀럼,크리스털,09.05(토) 23:00,"1.8,1.76",경기전
2026-09-05T01:43:24+00:00,2026,105,9203,sc,EPL,홀짝,2,,풀럼,크리스털,09.05(토) 23:00,"1.81,1.79",경기전
2026-09-05T01:43:24+00:00,2026,105,9204,sc,EPL,승무패,3,,맨체스C,코번트리,09.05(토) 23:00,"1.11,6.9,13.0",경기전
2026-09-05T01:43:24+00:00,2026,105,9205,sc,EPL,핸디캡,3,H -1.0,맨체스C,코번트리,09.05(토) 23:00,"1.4,4.6,4.9",경기전
2026-09-05T01:43:24+00:00,2026,105,9206,sc,EPL,핸디캡,3,H -2.0,맨체스C,코번트리,09.05(토) 23:00,"2.06,3.85,2.55",경기전
2026-09-05T01:43:24+00:00,2026,105,9207,sc,EPL,핸디캡,2,H -3.5,맨체스C,코번트리,09.05(토) 23:00,"3.09,1.23",경기전
2026-09-05T01:43:24+00:00,2026,105,9208,sc,EPL,언더오버,2,U 3.5,맨체스C,코번트리,09.05(토) 23:00,"1.84,1.72",경기전
2026-09-05T01:43:24+00:00,2026,105,9209,sc,EPL,홀짝,2,,맨체스C,코번트리,09.05(토) 23:00,"1.8,1.8",경기전
2026-09-05T01:43:24+00:00,2026,105,9210,sc,EPL,승무패,3,,노팅엄F,토트넘,09.05(토) 23:00,"2.34,3.2,2.6",경기전
2026-09-05T01:43:24+00:00,2026,105,9211,sc,EPL,핸디캡,3,H -1.0,노팅엄F,토트넘,09.05(토) 23:00,"4.75,3.85,1.5",경기전
2026-09-05T01:43:24+00:00,2026,105,9212,sc,EPL,핸디캡,3,H -2.0,노팅엄F,토트넘,09.05(토) 23:00,"12.0,7.0,1.1",경기전
2026-09-05T01:43:24+00:00,2026,105,9213,sc,EPL,언더오버,2,U 2.5,노팅엄F,토트넘,09.05(토) 23:00,"1.79,1.77",경기전
2026-09-05T01:43:24+00:00,2026,105,9214,sc,EPL,홀짝,2,,노팅엄F,토트넘,09.05(토) 23:00,"1.81,1.79",경기전
2026-09-05T01:43:24+00:00,2026,105,9215,sc,라리가,승무패,3,,A빌바오,AT마드,09.05(토) 23:15,"2.7,3.15,2.23",경기전
2026-09-05T01:43:24+00:00,2026,105,9216,sc,라리가,핸디캡,3,H +1.0,A빌바오,AT마드,09.05(토) 23:15,"1.53,3.65,4.5",경기전
2026-09-05T01:43:24+00:00,2026,105,9217,sc,라리가,언더오버,2,U 2.5,A빌바오,AT마드,09.05(토) 23:15,"1.78,1.78",경기전
2026-09-05T01:43:24+00:00,2026,105,9218,sc,라리가,홀짝,2,,A빌바오,AT마드,09.05(토) 23:15,"1.81,1.79",경기전
2026-09-05T01:43:24+00:00,2026,105,9219,sc,에레디비,승무패,3,,네이메헌,페예노르,09.05(토) 23:30,"2.55,3.7,2.05",경기전
2026-09-05T01:43:24+00:00,2026,105,9220,sc,에레디비,핸디캡,3,H +1.0,네이메헌,페예노르,09.05(토) 23:30,"1.57,4.25,3.6",경기전
2026-09-05T01:43:24+00:00,2026,105,9221,sc,에레디비,언더오버,2,U 3.5,네이메헌,페예노르,09.05(토) 23:30,"1.79,1.73",경기전
2026-09-05T01:43:24+00:00,2026,105,9222,sc,에레디비,홀짝,2,,네이메헌,페예노르,09.05(토) 23:30,"1.8,1.8",경기전
2026-09-05T01:43:24+00:00,2026,105,9223,sc,프리그1,승무패,3,,RC랑스,로리앙,09.06(일) 00:15,"1.42,3.85,5.4",경기전
2026-09-05T01:43:24+00:00,2026,105,9224,sc,프리그1,핸디캡,3,H -1.0,RC랑스,로리앙,09.06(일) 00:15,"2.28,3.3,2.45",경기전
2026-09-05T01:43:24+00:00,2026,105,9225,sc,프리그1,언더오버,2,U 2.5,RC랑스,로리앙,09.06(일) 00:15,"2.05,1.54",경기전
2026-09-05T01:43:24+00:00,2026,105,9226,sc,프리그1,홀짝,2,,RC랑스,로리앙,09.06(일) 00:15,"1.8,1.8",경기전
2026-09-05T01:43:24+00:00,2026,105,9227,sc,세리에A,승무패,3,,인테르,나폴리,09.06(일) 01:00,"1.55,3.4,4.75",경기전
2026-09-05T01:43:24+00:00,2026,105,9228,sc,세리에A,핸디캡,3,H -1.0,인테르,나폴리,09.06(일) 01:00,"2.7,3.15,2.17",경기전
2026-09-05T01:43:24+00:00,2026,105,9229,sc,세리에A,언더오버,2,U 2.5,인테르,나폴리,09.06(일) 01:00,"1.71,1.81",경기전
2026-09-05T01:43:24+00:00,2026,105,9230,sc,세리에A,홀짝,2,,인테르,나폴리,09.06(일) 01:00,"1.81,1.79",경기전
2026-09-05T01:43:24+00:00,2026,105,9231,bk,여농월드,승패,2,,독일W,일본W,09.06(일) 01:00,"1.35,2.53",경기전
2026-09-05T01:43:24+00:00,2026,105,9232,bk,여농월드,핸디캡,2,H -4.5,독일W,일본W,09.06(일) 01:00,"1.71,1.81",경기전
2026-09-05T01:43:24+00:00,2026,105,9233,bk,여농월드,언더오버,2,U 151.5,독일W,일본W,09.06(일) 01:00,"1.74,1.78",경기전
2026-09-05T01:43:24+00:00,2026,105,9234,bk,여농월드,홀짝,2,,독일W,일본W,09.06(일) 01:00,"1.8,1.8",경기전
2026-09-05T01:43:24+00:00,2026,105,9235,sc,EPL,승무패,3,,헐시티,A빌라,09.06(일) 01:30,"3.7,3.35,1.8",경기전
2026-09-05T01:43:24+00:00,2026,105,9236,sc,EPL,핸디캡,3,H +1.0,헐시티,A빌라,09.06(일) 01:30,"1.85,3.4,3.3",경기전
2026-09-05T01:43:24+00:00,2026,105,9237,sc,EPL,핸디캡,3,H +2.0,헐시티,A빌라,09.06(일) 01:30,"1.25,5.1,7.1",경기전
2026-09-05T01:43:24+00:00,2026,105,9238,sc,EPL,언더오버,2,U 2.5,헐시티,A빌라,09.06(일) 01:30,"1.8,1.76",경기전
2026-09-05T01:43:24+00:00,2026,105,9239,sc,EPL,홀짝,2,,헐시티,A빌라,09.06(일) 01:30,"1.81,1.79",경기전
2026-09-05T01:43:24+00:00,2026,105,9240,sc,라리가,승무패,3,,라요바예,라싱산탄,09.06(일) 01:30,"2.11,3.2,2.85",경기전
2026-09-05T01:43:24+00:00,2026,105,9241,sc,라리가,핸디캡,3,H -1.0,라요바예,라싱산탄,09.06(일) 01:30,"4.1,3.65,1.58",경기전
2026-09-05T01:43:24+00:00,2026,105,9242,sc,라리가,언더오버,2,U 2.5,라요바예,라싱산탄,09.06(일) 01:30,"1.84,1.72",경기전
2026-09-05T01:43:24+00:00,2026,105,9243,sc,라리가,홀짝,2,,라요바예,라싱산탄,09.06(일) 01:30,"1.81,1.79",경기전
2026-09-05T01:43:24+00:00,2026,105,9244,sc,분데스리,승무패,3,,샬케04,바이뮌헨,09.06(일) 01:30,"11.5,6.4,1.12",경기전
2026-09-05T01:43:24+00:00,2026,105,9245,sc,분데스리,핸디캡,3,H +1.0,샬케04,바이뮌헨,09.06(일) 01:30,"4.75,4.25,1.42",경기전
2026-09-05T01:43:24+00:00,2026,105,9246,sc,분데스리,핸디캡,3,H +2.0,샬케04,바이뮌헨,09.06(일) 01:30,"2.7,3.8,1.94",경기전
2026-09-05T01:43:24+00:00,2026,105,9247,sc,분데스리,핸디캡,2,H +3.5,샬케04,바이뮌헨,09.06(일) 01:30,"1.26,2.92",경기전
2026-09-05T01:43:24+00:00,2026,105,9248,sc,분데스리,언더오버,2,U 3.5,샬케04,바이뮌헨,09.06(일) 01:30,"2.17,1.51",경기전
2026-09-05T01:43:24+00:00,2026,105,9249,sc,분데스리,홀짝,2,,샬케04,바이뮌헨,09.06(일) 01:30,"1.8,1.8",경기전
2026-09-05T01:43:24+00:00,2026,105,9250,sc,에레디비,승무패,3,,위트레흐,고어헤드,09.06(일) 01:45,"1.89,3.5,3.0",경기전
2026-09-05T01:43:24+00:00,2026,105,9251,sc,에레디비,핸디캡,3,H -1.0,위트레흐,고어헤드,09.06(일) 01:45,"3.35,3.7,1.72",경기전
2026-09-05T01:43:24+00:00,2026,105,9252,sc,에레디비,언더오버,2,U 3.5,위트레흐,고어헤드,09.06(일) 01:45,"1.49,2.15",경기전
2026-09-05T01:43:24+00:00,2026,105,9253,sc,에레디비,홀짝,2,,위트레흐,고어헤드,09.06(일) 01:45,"1.8,1.8",경기전
2026-09-05T01:43:24+00:00,2026,105,9254,sc,에레디비,승무패,3,,아약스,PSV,09.06(일) 03:00,"2.4,3.7,2.16",경기전
2026-09-05T01:43:24+00:00,2026,105,9255,sc,에레디비,핸디캡,3,H +1.0,아약스,PSV,09.06(일) 03:00,"1.53,4.25,3.85",경기전
2026-09-05T01:43:24+00:00,2026,105,9256,sc,에레디비,언더오버,2,U 3.5,아약스,PSV,09.06(일) 03:00,"1.82,1.7",경기전
2026-09-05T01:43:24+00:00,2026,105,9257,sc,에레디비,홀짝,2,,아약스,PSV,09.06(일) 03:00,"1.8,1.8",경기전
2026-09-05T01:43:24+00:00,2026,105,9258,sc,세리에A,승무패,3,,AS로마,아탈란타,09.06(일) 03:45,"1.62,3.35,4.3",경기전
2026-09-05T01:43:24+00:00,2026,105,9259,sc,세리에A,핸디캡,3,H -1.0,AS로마,아탈란타,09.06(일) 03:45,"2.9,3.2,2.03",경기전
2026-09-05T01:43:24+00:00,2026,105,9260,sc,세리에A,언더오버,2,U 2.5,AS로마,아탈란타,09.06(일) 03:45,"1.75,1.77",경기전
2026-09-05T01:43:24+00:00,2026,105,9261,sc,세리에A,홀짝,2,,AS로마,아탈란타,09.06(일) 03:45,"1.81,1.79",경기전
2026-09-05T01:43:24+00:00,2026,105,9262,sc,프리그1,승무패,3,,르아브르,브레스투,09.06(일) 03:45,"2.44,2.95,2.5",경기전
2026-09-05T01:43:24+00:00,2026,105,9263,sc,프리그1,핸디캡,3,H -1.0,르아브르,브레스투,09.06(일) 03:45,"5.5,3.75,1.43",경기전
2026-09-05T01:43:24+00:00,2026,105,9264,sc,프리그1,언더오버,2,U 2.5,르아브르,브레스투,09.06(일) 03:45,"1.61,1.94",경기전
2026-09-05T01:43:24+00:00,2026,105,9265,sc,프리그1,홀짝,2,,르아브르,브레스투,09.06(일) 03:45,"1.81,1.79",경기전
2026-09-05T01:43:24+00:00,2026,105,9266,sc,프리그1,승무패,3,,OGC니스,르망FC,09.06(일) 03:45,"1.7,3.3,3.85",경기전
2026-09-05T01:43:24+00:00,2026,105,9267,sc,프리그1,핸디캡,3,H -1.0,OGC니스,르망FC,09.06(일) 03:45,"3.1,3.3,1.91",경기전
2026-09-05T01:43:24+00:00,2026,105,9268,sc,프리그1,언더오버,2,U 2.5,OGC니스,르망FC,09.06(일) 03:45,"1.79,1.73",경기전
2026-09-05T01:43:24+00:00,2026,105,9269,sc,프리그1,홀짝,2,,OGC니스,르망FC,09.06(일) 03:45,"1.81,1.79",경기전
2026-09-05T01:43:24+00:00,2026,105,9270,bk,여농월드,승패,2,,프랑스W,한국W,09.06(일) 03:45,"1.0,1.0",경기전
2026-09-05T01:43:24+00:00,2026,105,9271,bk,여농월드,핸디캡,2,H -24.5,프랑스W,한국W,09.06(일) 03:45,"1.76,1.76",경기전
2026-09-05T01:43:24+00:00,2026,105,9272,bk,여농월드,언더오버,2,U 150.5,프랑스W,한국W,09.06(일) 03:45,"1.76,1.76",경기전
2026-09-05T01:43:24+00:00,2026,105,9273,bk,여농월드,홀짝,2,,프랑스W,한국W,09.06(일) 03:45,"1.8,1.8",경기전
2026-09-05T01:43:24+00:00,2026,105,9274,sc,EFL챔,승무패,3,,스완지C,렉섬,09.06(일) 04:00,"2.05,3.1,2.95",경기전
2026-09-05T01:43:24+00:00,2026,105,9275,sc,EFL챔,핸디캡,3,H -1.0,스완지C,렉섬,09.06(일) 04:00,"4.05,3.55,1.61",경기전
2026-09-05T01:43:24+00:00,2026,105,9276,sc,EFL챔,언더오버,2,U 2.5,스완지C,렉섬,09.06(일) 04:00,"1.73,1.79",경기전
2026-09-05T01:43:24+00:00,2026,105,9277,sc,EFL챔,홀짝,2,,스완지C,렉섬,09.06(일) 04:00,"1.81,1.79",경기전
2026-09-05T01:43:24+00:00,2026,105,9278,sc,라리가,승무패,3,,비야레알,데포아코,09.06(일) 04:00,"1.43,3.85,5.6",경기전
2026-09-05T01:43:24+00:00,2026,105,9279,sc,라리가,핸디캡,3,H -1.0,비야레알,데포아코,09.06(일) 04:00,"2.26,3.25,2.5",경기전
2026-09-05T01:43:24+00:00,2026,105,9280,sc,라리가,언더오버,2,U 2.5,비야레알,데포아코,09.06(일) 04:00,"1.96,1.63",경기전
2026-09-05T01:43:24+00:00,2026,105,9281,sc,라리가,홀짝,2,,비야레알,데포아코,09.06(일) 04:00,"1.81,1.79",경기전
2026-09-05T01:43:24+00:00,2026,105,9282,sc,에레디비,승무패,3,,빌럼II,엑셀시오,09.06(일) 04:00,"2.7,3.3,2.1",경기전
2026-09-05T01:43:24+00:00,2026,105,9283,sc,에레디비,핸디캡,3,H +1.0,빌럼II,엑셀시오,09.06(일) 04:00,"1.58,3.75,4.0",경기전
2026-09-05T01:43:24+00:00,2026,105,9284,sc,에레디비,언더오버,2,U 2.5,빌럼II,엑셀시오,09.06(일) 04:00,"2.07,1.53",경기전
2026-09-05T01:43:24+00:00,2026,105,9285,sc,에레디비,홀짝,2,,빌럼II,엑셀시오,09.06(일) 04:00,"1.8,1.8",경기전
2026-09-05T01:43:24+00:00,2026,105,9346,sc,MLS,승무패,3,,샬럿FC,휴스다이,09.06(일) 08:30,"2.07,3.3,2.75",경기전
2026-09-05T01:43:24+00:00,2026,105,9347,sc,MLS,핸디캡,3,H -1.0,샬럿FC,휴스다이,09.06(일) 08:30,"4.0,3.7,1.59",경기전
2026-09-05T01:43:24+00:00,2026,105,9348,sc,MLS,언더오버,2,U 2.5,샬럿FC,휴스다이,09.06(일) 08:30,"1.99,1.58",경기전
2026-09-05T01:43:24+00:00,2026,105,9349,sc,MLS,홀짝,2,,샬럿FC,휴스다이,09.06(일) 08:30,"1.81,1.79",경기전
2026-09-05T01:43:24+00:00,2026,105,9350,sc,MLS,승무패,3,,FC신시내,DC유나이,09.06(일) 08:30,"1.45,4.2,4.5",경기전
2026-09-05T01:43:24+00:00,2026,105,9351,sc,MLS,핸디캡,3,H -1.0,FC신시내,DC유나이,09.06(일) 08:30,"2.22,3.65,2.35",경기전
2026-09-05T01:43:24+00:00,2026,105,9352,sc,MLS,언더오버,2,U 3.5,FC신시내,DC유나이,09.06(일) 08:30,"1.78,1.74",경기전
2026-09-05T01:43:24+00:00,2026,105,9353,sc,MLS,홀짝,2,,FC신시내,DC유나이,09.06(일) 08:30,"1.8,1.8",경기전
2026-09-05T01:43:24+00:00,2026,105,9354,sc,MLS,승무패,3,,콜럼크루,콜로래피,09.06(일) 08:30,"2.01,3.2,2.95",경기전
2026-09-05T01:43:24+00:00,2026,105,9355,sc,MLS,핸디캡,3,H -1.0,콜럼크루,콜로래피,09.06(일) 08:30,"4.1,3.5,1.61",경기전
2026-09-05T01:43:24+00:00,2026,105,9356,sc,MLS,언더오버,2,U 2.5,콜럼크루,콜로래피,09.06(일) 08:30,"1.89,1.65",경기전
2026-09-05T01:43:24+00:00,2026,105,9357,sc,MLS,홀짝,2,,콜럼크루,콜로래피,09.06(일) 08:30,"1.81,1.79",경기전
2026-09-05T01:43:24+00:00,2026,105,9358,sc,MLS,승무패,3,,인터마이,애틀유나,09.06(일) 08:30,"1.27,5.0,6.2",경기전
2026-09-05T01:43:24+00:00,2026,105,9359,sc,MLS,핸디캡,3,H -1.0,인터마이,애틀유나,09.06(일) 08:30,"1.71,4.15,3.1",경기전
2026-09-05T01:43:24+00:00,2026,105,9360,sc,MLS,언더오버,2,U 3.5,인터마이,애틀유나,09.06(일) 08:30,"2.07,1.53",경기전
2026-09-05T01:43:24+00:00,2026,105,9361,sc,MLS,홀짝,2,,인터마이,애틀유나,09.06(일) 08:30,"1.8,1.8",경기전
2026-09-05T01:43:24+00:00,2026,105,9362,sc,MLS,승무패,3,,올랜시티,샌디에FC,09.06(일) 08:30,"1.95,3.75,2.7",경기전
2026-09-05T01:43:24+00:00,2026,105,9363,sc,MLS,핸디캡,3,H -1.0,올랜시티,샌디에FC,09.06(일) 08:30,"3.4,3.95,1.66",경기전
2026-09-05T01:43:24+00:00,2026,105,9364,sc,MLS,언더오버,2,U 3.5,올랜시티,샌디에FC,09.06(일) 08:30,"1.79,1.73",경기전
2026-09-05T01:43:24+00:00,2026,105,9365,sc,MLS,홀짝,2,,올랜시티,샌디에FC,09.06(일) 08:30,"1.8,1.8",경기전
2026-09-05T01:43:24+00:00,2026,105,9366,sc,MLS,승무패,3,,필라유니,CF몽레알,09.06(일) 08:30,"1.36,4.25,5.6",경기전
2026-09-05T01:43:24+00:00,2026,105,9367,sc,MLS,핸디캡,3,H -1.0,필라유니,CF몽레알,09.06(일) 08:30,"2.06,3.5,2.65",경기전
2026-09-05T01:43:24+00:00,2026,105,9368,sc,MLS,언더오버,2,U 3.5,필라유니,CF몽레알,09.06(일) 08:30,"1.57,2.0",경기전
2026-09-05T01:43:24+00:00,2026,105,9369,sc,MLS,홀짝,2,,필라유니,CF몽레알,09.06(일) 08:30,"1.8,1.8",경기전
2026-09-05T01:43:24+00:00,2026,105,9370,sc,MLS,승무패,3,,토론토FC,시카파이,09.06(일) 08:30,"2.6,3.45,2.11",경기전
2026-09-05T01:43:24+00:00,2026,105,9371,sc,MLS,핸디캡,3,H +1.0,토론토FC,시카파이,09.06(일) 08:30,"1.57,3.85,3.95",경기전
2026-09-05T01:43:24+00:00,2026,105,9372,sc,MLS,언더오버,2,U 3.5,토론토FC,시카파이,09.06(일) 08:30,"1.48,2.17",경기전
2026-09-05T01:43:24+00:00,2026,105,9373,sc,MLS,홀짝,2,,토론토FC,시카파이,09.06(일) 08:30,"1.8,1.8",경기전
2026-09-05T01:43:24+00:00,2026,105,9379,sc,MLS,승무패,3,,오스틴FC,새너어스,09.06(일) 09:30,"2.04,3.55,2.65",경기전
2026-09-05T01:43:24+00:00,2026,105,9380,sc,MLS,핸디캡,3,H -1.0,오스틴FC,새너어스,09.06(일) 09:30,"3.65,3.95,1.61",경기전
2026-09-05T01:43:24+00:00,2026,105,9381,sc,MLS,언더오버,2,U 3.5,오스틴FC,새너어스,09.06(일) 09:30,"1.57,2.0",경기전
2026-09-05T01:43:24+00:00,2026,105,9382,sc,MLS,홀짝,2,,오스틴FC,새너어스,09.06(일) 09:30,"1.8,1.8",경기전
2026-09-05T01:43:24+00:00,2026,105,9383,sc,MLS,승무패,3,,FC댈러스,스포캔자,09.06(일) 09:30,"1.38,4.15,5.4",경기전
2026-09-05T01:43:24+00:00,2026,105,9384,sc,MLS,핸디캡,3,H -1.0,FC댈러스,스포캔자,09.06(일) 09:30,"2.09,3.5,2.6",경기전
2026-09-05T01:43:24+00:00,2026,105,9385,sc,MLS,언더오버,2,U 3.5,FC댈러스,스포캔자,09.06(일) 09:30,"1.59,1.97",경기전
2026-09-05T01:43:24+00:00,2026,105,9386,sc,MLS,홀짝,2,,FC댈러스,스포캔자,09.06(일) 09:30,"1.8,1.8",경기전
2026-09-05T01:43:24+00:00,2026,105,9387,sc,MLS,승무패,3,,시애사운,뉴욕레드,09.06(일) 09:30,"1.8,3.75,3.05",경기전
2026-09-05T01:43:24+00:00,2026,105,9388,sc,MLS,핸디캡,3,H -1.0,시애사운,뉴욕레드,09.06(일) 09:30,"3.05,3.8,1.79",경기전
2026-09-05T01:43:24+00:00,2026,105,9389,sc,MLS,언더오버,2,U 3.5,시애사운,뉴욕레드,09.06(일) 09:30,"1.68,1.85",경기전
2026-09-05T01:43:24+00:00,2026,105,9390,sc,MLS,홀짝,2,,시애사운,뉴욕레드,09.06(일) 09:30,"1.8,1.8",경기전
2026-09-05T01:43:24+00:00,2026,105,9396,sc,MLS,승무패,3,,LA갤럭시,뉴잉레벌,09.06(일) 10:30,"2.12,3.5,2.55",경기전
2026-09-05T01:43:24+00:00,2026,105,9397,sc,MLS,핸디캡,3,H -1.0,LA갤럭시,뉴잉레벌,09.06(일) 10:30,"3.95,3.95,1.56",경기전
2026-09-05T01:43:24+00:00,2026,105,9398,sc,MLS,언더오버,2,U 3.5,LA갤럭시,뉴잉레벌,09.06(일) 10:30,"1.53,2.07",경기전
2026-09-05T01:43:24+00:00,2026,105,9399,sc,MLS,홀짝,2,,LA갤럭시,뉴잉레벌,09.06(일) 10:30,"1.8,1.8",경기전
2026-09-05T01:43:24+00:00,2026,105,9400,sc,MLS,승무패,3,,레알솔트,LAFC,09.06(일) 10:30,"2.55,3.3,2.2",경기전
2026-09-05T01:43:24+00:00,2026,105,9401,sc,MLS,핸디캡,3,H +1.0,레알솔트,LAFC,09.06(일) 10:30,"1.52,3.85,4.3",경기전
2026-09-05T01:43:24+00:00,2026,105,9402,sc,MLS,핸디캡,3,H +2.0,레알솔트,LAFC,09.06(일) 10:30,"1.12,6.4,10.0",경기전
2026-09-05T01:43:24+00:00,2026,105,9403,sc,MLS,언더오버,2,U 2.5,레알솔트,LAFC,09.06(일) 10:30,"2.05,1.54",경기전
2026-09-05T01:43:24+00:00,2026,105,9404,sc,MLS,홀짝,2,,레알솔트,LAFC,09.06(일) 10:30,"1.8,1.8",경기전
2026-09-05T01:43:24+00:00,2026,105,9413,sc,MLS,승무패,3,,포틀팀버,미네유나,09.06(일) 11:30,"1.96,3.55,2.8",경기전
2026-09-05T01:43:24+00:00,2026,105,9414,sc,MLS,핸디캡,3,H -1.0,포틀팀버,미네유나,09.06(일) 11:30,"3.5,3.85,1.66",경기전
2026-09-05T01:43:24+00:00,2026,105,9415,sc,MLS,언더오버,2,U 3.5,포틀팀버,미네유나,09.06(일) 11:30,"1.55,2.04",경기전
2026-09-05T01:43:24+00:00,2026,105,9416,sc,MLS,홀짝,2,,포틀팀버,미네유나,09.06(일) 11:30,"1.8,1.8",경기전
2026-09-05T01:43:24+00:00,2026,105,9417,sc,MLS,승무패,3,,밴쿠화이,세인시티,09.06(일) 11:30,"1.38,4.35,5.1",경기전
2026-09-05T01:43:24+00:00,2026,105,9418,sc,MLS,핸디캡,3,H -1.0,밴쿠화이,세인시티,09.06(일) 11:30,"2.07,3.75,2.5",경기전
2026-09-05T01:43:24+00:00,2026,105,9419,sc,MLS,언더오버,2,U 3.5,밴쿠화이,세인시티,09.06(일) 11:30,"1.66,1.87",경기전
2026-09-05T01:43:24+00:00,2026,105,9420,sc,MLS,홀짝,2,,밴쿠화이,세인시티,09.06(일) 11:30,"1.8,1.8",경기전
2026-09-05T01:43:24+00:00,2026,105,9485,sc,J1리그,승무패,3,,가시마A,우라와R,09.06(일) 18:00,"1.68,3.35,3.9",경기전
2026-09-05T01:43:24+00:00,2026,105,9486,sc,J1리그,핸디캡,3,H -1.0,가시마A,우라와R,09.06(일) 18:00,"3.0,3.3,1.95",경기전
2026-09-05T01:43:24+00:00,2026,105,9487,sc,J1리그,언더오버,2,U 2.5,가시마A,우라와R,09.06(일) 18:00,"1.84,1.69",경기전
2026-09-05T01:43:24+00:00,2026,105,9488,sc,J1리그,홀짝,2,,가시마A,우라와R,09.06(일) 18:00,"1.81,1.79",경기전
2026-09-05T01:43:24+00:00,2026,105,9489,sc,J1리그,승무패,3,,제프유나,G오사카,09.06(일) 18:00,"2.75,3.25,2.09",경기전
2026-09-05T01:43:24+00:00,2026,105,9490,sc,J1리그,핸디캡,3,H +1.0,제프유나,G오사카,09.06(일) 18:00,"1.58,3.7,4.05",경기전
2026-09-05T01:43:24+00:00,2026,105,9491,sc,J1리그,언더오버,2,U 2.5,제프유나,G오사카,09.06(일) 18:00,"1.9,1.64",경기전
2026-09-05T01:43:24+00:00,2026,105,9492,sc,J1리그,홀짝,2,,제프유나,G오사카,09.06(일) 18:00,"1.81,1.79",경기전
2026-09-05T01:43:24+00:00,2026,105,9493,sc,J1리그,승무패,3,,나고야G,마치다Z,09.06(일) 18:00,"2.9,3.15,2.05",경기전
2026-09-05T01:43:24+00:00,2026,105,9494,sc,J1리그,핸디캡,3,H +1.0,나고야G,마치다Z,09.06(일) 18:00,"1.61,3.6,4.0",경기전
2026-09-05T01:43:24+00:00,2026,105,9495,sc,J1리그,언더오버,2,U 2.5,나고야G,마치다Z,09.06(일) 18:00,"1.81,1.71",경기전
2026-09-05T01:43:24+00:00,2026,105,9496,sc,J1리그,홀짝,2,,나고야G,마치다Z,09.06(일) 18:00,"1.81,1.79",경기전
2026-09-05T01:43:24+00:00,2026,105,9497,sc,J1리그,승무패,3,,오카야마,산프히로,09.06(일) 18:00,"3.5,3.3,1.78",경기전
2026-09-05T01:43:24+00:00,2026,105,9498,sc,J1리그,핸디캡,3,H +1.0,오카야마,산프히로,09.06(일) 18:00,"1.83,3.4,3.25",경기전
2026-09-05T01:43:24+00:00,2026,105,9499,sc,J1리그,언더오버,2,U 2.5,오카야마,산프히로,09.06(일) 18:00,"1.84,1.69",경기전
2026-09-05T01:43:24+00:00,2026,105,9500,sc,J1리그,홀짝,2,,오카야마,산프히로,09.06(일) 18:00,"1.81,1.79",경기전
2026-09-05T01:43:24+00:00,2026,105,9523,sc,J1리그,승무패,3,,가시와R,요코마리,09.06(일) 19:00,"1.58,3.5,4.35",경기전
2026-09-05T01:43:24+00:00,2026,105,9524,sc,J1리그,핸디캡,3,H -1.0,가시와R,요코마리,09.06(일) 19:00,"2.7,3.3,2.1",경기전
2026-09-05T01:43:24+00:00,2026,105,9525,sc,J1리그,언더오버,2,U 2.5,가시와R,요코마리,09.06(일) 19:00,"1.9,1.64",경기전
2026-09-05T01:43:24+00:00,2026,105,9526,sc,J1리그,홀짝,2,,가시와R,요코마리,09.06(일) 19:00,"1.81,1.79",경기전
2026-09-05T01:43:24+00:00,2026,105,9527,sc,J1리그,승무패,3,,가와사키,시미즈S,09.06(일) 19:00,"1.73,3.45,3.55",경기전
2026-09-05T01:43:24+00:00,2026,105,9528,sc,J1리그,핸디캡,3,H -1.0,가와사키,시미즈S,09.06(일) 19:00,"3.05,3.45,1.88",경기전
2026-09-05T01:43:24+00:00,2026,105,9529,sc,J1리그,언더오버,2,U 2.5,가와사키,시미즈S,09.06(일) 19:00,"2.05,1.54",경기전
2026-09-05T01:43:24+00:00,2026,105,9530,sc,J1리그,홀짝,2,,가와사키,시미즈S,09.06(일) 19:00,"1.8,1.8",경기전
2026-09-05T01:43:24+00:00,2026,105,9531,sc,J1리그,승무패,3,,C오사카,도쿄베르,09.06(일) 19:00,"1.69,3.25,4.0",경기전
2026-09-05T01:43:24+00:00,2026,105,9532,sc,J1리그,핸디캡,3,H -1.0,C오사카,도쿄베르,09.06(일) 19:00,"3.1,3.25,1.93",경기전
2026-09-05T01:43:24+00:00,2026,105,9533,sc,J1리그,언더오버,2,U 2.5,C오사카,도쿄베르,09.06(일) 19:00,"1.69,1.84",경기전
2026-09-05T01:43:24+00:00,2026,105,9534,sc,J1리그,홀짝,2,,C오사카,도쿄베르,09.06(일) 19:00,"1.81,1.79",경기전
2026-09-05T01:43:24+00:00,2026,105,9535,sc,J1리그,승무패,3,,비셀고베,V바렌나,09.06(일) 19:00,"1.6,3.25,4.6",경기전
2026-09-05T01:43:24+00:00,2026,105,9536,sc,J1리그,핸디캡,3,H -1.0,비셀고베,V바렌나,09.06(일) 19:00,"2.9,3.15,2.05",경기전
2026-09-05T01:43:24+00:00,2026,105,9537,sc,J1리그,언더오버,2,U 2.5,비셀고베,V바렌나,09.06(일) 19:00,"1.63,1.91",경기전
2026-09-05T01:43:24+00:00,2026,105,9538,sc,J1리그,홀짝,2,,비셀고베,V바렌나,09.06(일) 19:00,"1.81,1.79",경기전
2026-09-05T01:43:24+00:00,2026,105,9547,sc,K리그1,승무패,3,,FC안양,강원FC,09.06(일) 19:00,"3.15,3.1,2.07",경기전
2026-09-05T01:43:24+00:00,2026,105,9548,sc,K리그1,핸디캡,3,H +1.0,FC안양,강원FC,09.06(일) 19:00,"1.65,3.5,4.1",경기전
2026-09-05T01:43:24+00:00,2026,105,9549,sc,K리그1,핸디캡,3,H +2.0,FC안양,강원FC,09.06(일) 19:00,"1.15,6.0,10.0",경기전
2026-09-05T01:43:24+00:00,2026,105,9550,sc,K리그1,언더오버,2,U 2.5,FC안양,강원FC,09.06(일) 19:00,"1.67,1.91",경기전
2026-09-05T01:43:24+00:00,2026,105,9551,sc,K리그1,홀짝,2,,FC안양,강원FC,09.06(일) 19:00,"1.81,1.79",경기전
2026-09-05T01:43:24+00:00,2026,105,9552,sc,K리그1,전반승무패,3,h(전반),FC안양,강원FC,09.06(일) 19:00,"3.85,1.93,2.7",경기전
2026-09-05T01:43:24+00:00,2026,105,9553,sc,K리그1,전반핸디캡,3,h H +1.0,FC안양,강원FC,09.06(일) 19:00,"1.32,3.7,8.2",경기전
2026-09-05T01:43:24+00:00,2026,105,9554,sc,K리그1,전반언더오버,2,h U 1.5,FC안양,강원FC,09.06(일) 19:00,"1.31,2.68",경기전
2026-09-05T01:43:24+00:00,2026,105,9555,sc,K리그1,승무패,3,,김천상무,광주FC,09.06(일) 19:00,"1.54,3.55,5.2",경기전
2026-09-05T01:43:24+00:00,2026,105,9556,sc,K리그1,핸디캡,3,H -1.0,김천상무,광주FC,09.06(일) 19:00,"2.65,3.15,2.26",경기전
2026-09-05T01:43:24+00:00,2026,105,9557,sc,K리그1,핸디캡,3,H -2.0,김천상무,광주FC,09.06(일) 19:00,"5.2,4.35,1.4",경기전
2026-09-05T01:43:24+00:00,2026,105,9558,sc,K리그1,언더오버,2,U 2.5,김천상무,광주FC,09.06(일) 19:00,"1.73,1.83",경기전
2026-09-05T01:43:24+00:00,2026,105,9559,sc,K리그1,홀짝,2,,김천상무,광주FC,09.06(일) 19:00,"1.81,1.79",경기전
2026-09-05T01:43:24+00:00,2026,105,9560,sc,K리그1,전반승무패,3,h(전반),김천상무,광주FC,09.06(일) 19:00,"2.05,2.03,5.9",경기전
2026-09-05T01:43:24+00:00,2026,105,9561,sc,K리그1,전반핸디캡,3,h H -1.0,김천상무,광주FC,09.06(일) 19:00,"5.2,3.15,1.56",경기전
2026-09-05T01:43:24+00:00,2026,105,9562,sc,K리그1,전반언더오버,2,h U 1.5,김천상무,광주FC,09.06(일) 19:00,"1.34,2.56",경기전
2026-09-05T01:43:24+00:00,2026,105,9563,sc,K리그2,승무패,3,,수원삼성,충남아산,09.06(일) 19:00,"1.49,3.65,4.9",경기전
2026-09-05T01:43:24+00:00,2026,105,9564,sc,K리그2,핸디캡,3,H -1.0,수원삼성,충남아산,09.06(일) 19:00,"2.45,3.3,2.28",경기전
2026-09-05T01:43:24+00:00,2026,105,9565,sc,K리그2,언더오버,2,U 2.5,수원삼성,충남아산,09.06(일) 19:00,"1.96,1.6",경기전
2026-09-05T01:43:24+00:00,2026,105,9566,sc,K리그2,홀짝,2,,수원삼성,충남아산,09.06(일) 19:00,"1.81,1.79",경기전
2026-09-05T01:43:24+00:00,2026,105,9567,sc,K리그2,승무패,3,,김포FC,성남FC,09.06(일) 19:00,"1.96,3.05,3.2",경기전
2026-09-05T01:43:24+00:00,2026,105,9568,sc,K리그2,핸디캡,3,H -1.0,김포FC,성남FC,09.06(일) 19:00,"3.95,3.4,1.66",경기전
2026-09-05T01:43:24+00:00,2026,105,9569,sc,K리그2,언더오버,2,U 2.5,김포FC,성남FC,09.06(일) 19:00,"1.61,1.94",경기전
2026-09-05T01:43:24+00:00,2026,105,9570,sc,K리그2,홀짝,2,,김포FC,성남FC,09.06(일) 19:00,"1.81,1.79",경기전
2026-09-05T01:43:24+00:00,2026,105,9571,sc,에레디비,승무패,3,,흐로닝언,트벤테,09.06(일) 19:15,"2.95,3.5,1.91",경기전
2026-09-05T01:43:24+00:00,2026,105,9572,sc,에레디비,핸디캡,3,H +1.0,흐로닝언,트벤테,09.06(일) 19:15,"1.71,3.7,3.4",경기전
2026-09-05T01:43:24+00:00,2026,105,9573,sc,에레디비,언더오버,2,U 3.5,흐로닝언,트벤테,09.06(일) 19:15,"1.49,2.15",경기전
2026-09-05T01:43:24+00:00,2026,105,9574,sc,에레디비,홀짝,2,,흐로닝언,트벤테,09.06(일) 19:15,"1.8,1.8",경기전
2026-09-05T01:43:24+00:00,2026,105,9575,sc,J1리그,승무패,3,,FC도쿄,교토상가,09.06(일) 19:30,"1.56,3.45,4.6",경기전
2026-09-05T01:43:24+00:00,2026,105,9576,sc,J1리그,핸디캡,3,H -1.0,FC도쿄,교토상가,09.06(일) 19:30,"2.7,3.2,2.14",경기전
2026-09-05T01:43:24+00:00,2026,105,9577,sc,J1리그,언더오버,2,U 2.5,FC도쿄,교토상가,09.06(일) 19:30,"1.81,1.71",경기전
2026-09-05T01:43:24+00:00,2026,105,9578,sc,J1리그,홀짝,2,,FC도쿄,교토상가,09.06(일) 19:30,"1.81,1.79",경기전
2026-09-05T01:43:24+00:00,2026,105,9579,sc,EFL챔,승무패,3,,버밍엄C,울버햄튼,09.06(일) 20:00,"2.65,3.05,2.25",경기전
2026-09-05T01:43:24+00:00,2026,105,9580,sc,EFL챔,핸디캡,3,H +1.0,버밍엄C,울버햄튼,09.06(일) 20:00,"1.5,3.65,4.8",경기전
2026-09-05T01:43:24+00:00,2026,105,9581,sc,EFL챔,언더오버,2,U 2.5,버밍엄C,울버햄튼,09.06(일) 20:00,"1.63,1.91",경기전
2026-09-05T01:43:24+00:00,2026,105,9582,sc,EFL챔,홀짝,2,,버밍엄C,울버햄튼,09.06(일) 20:00,"1.81,1.79",경기전
2026-09-05T01:43:24+00:00,2026,105,9583,sc,에레디비,승무패,3,,텔스타,캄뷔르,09.06(일) 21:30,"1.53,3.9,4.2",경기전
2026-09-05T01:43:24+00:00,2026,105,9584,sc,에레디비,핸디캡,3,H -1.0,텔스타,캄뷔르,09.06(일) 21:30,"2.45,3.55,2.18",경기전
2026-09-05T01:43:24+00:00,2026,105,9585,sc,에레디비,언더오버,2,U 3.5,텔스타,캄뷔르,09.06(일) 21:30,"1.6,1.96",경기전
2026-09-05T01:43:24+00:00,2026,105,9586,sc,에레디비,홀짝,2,,텔스타,캄뷔르,09.06(일) 21:30,"1.8,1.8",경기전
2026-09-05T01:43:24+00:00,2026,105,9587,sc,에레디비,승무패,3,,헤이렌베,알크마르,09.06(일) 21:30,"3.4,3.7,1.71",경기전
2026-09-05T01:43:24+00:00,2026,105,9588,sc,에레디비,핸디캡,3,H +1.0,헤이렌베,알크마르,09.06(일) 21:30,"1.91,3.65,2.85",경기전
2026-09-05T01:43:24+00:00,2026,105,9589,sc,에레디비,언더오버,2,U 3.5,헤이렌베,알크마르,09.06(일) 21:30,"1.58,1.99",경기전
2026-09-05T01:43:24+00:00,2026,105,9590,sc,에레디비,홀짝,2,,헤이렌베,알크마르,09.06(일) 21:30,"1.8,1.8",경기전
2026-09-05T01:43:24+00:00,2026,105,9595,sc,EPL,승무패,3,,에버턴,맨체스U,09.06(일) 22:00,"2.9,3.4,2.06",경기전
2026-09-05T01:43:24+00:00,2026,105,9596,sc,EPL,핸디캡,3,H +1.0,에버턴,맨체스U,09.06(일) 22:00,"1.65,3.7,3.85",경기전
2026-09-05T01:43:24+00:00,2026,105,9597,sc,EPL,핸디캡,3,H +2.0,에버턴,맨체스U,09.06(일) 22:00,"1.18,5.8,8.6",경기전
2026-09-05T01:43:24+00:00,2026,105,9598,sc,EPL,언더오버,2,U 2.5,에버턴,맨체스U,09.06(일) 22:00,"2.02,1.59",경기전
2026-09-05T01:43:24+00:00,2026,105,9599,sc,EPL,홀짝,2,,에버턴,맨체스U,09.06(일) 22:00,"1.81,1.79",경기전
2026-09-05T01:43:24+00:00,2026,105,9600,sc,세리에A,승무패,3,,프로시노,베네치아,09.06(일) 22:00,"2.45,3.15,2.36",경기전
2026-09-05T01:43:24+00:00,2026,105,9601,sc,세리에A,핸디캡,3,H +1.0,프로시노,베네치아,09.06(일) 22:00,"1.46,3.85,4.9",경기전
2026-09-05T01:43:24+00:00,2026,105,9602,sc,세리에A,언더오버,2,U 2.5,프로시노,베네치아,09.06(일) 22:00,"1.8,1.72",경기전
2026-09-05T01:43:24+00:00,2026,105,9603,sc,세리에A,홀짝,2,,프로시노,베네치아,09.06(일) 22:00,"1.81,1.79",경기전
2026-09-05T01:43:24+00:00,2026,105,9604,sc,세리에A,승무패,3,,파르마,AC몬차,09.06(일) 22:00,"2.34,2.9,2.65",경기전
2026-09-05T01:43:24+00:00,2026,105,9605,sc,세리에A,핸디캡,3,H -1.0,파르마,AC몬차,09.06(일) 22:00,"5.2,3.6,1.47",경기전
2026-09-05T01:43:24+00:00,2026,105,9606,sc,세리에A,언더오버,2,U 2.5,파르마,AC몬차,09.06(일) 22:00,"1.51,2.11",경기전
2026-09-05T01:43:24+00:00,2026,105,9607,sc,세리에A,홀짝,2,,파르마,AC몬차,09.06(일) 22:00,"1.82,1.78",경기전
2026-09-05T01:43:24+00:00,2026,105,9608,sc,프리그1,승무패,3,,트루아AC,RC스트라,09.06(일) 22:00,"2.7,3.1,2.19",경기전
2026-09-05T01:43:24+00:00,2026,105,9609,sc,프리그1,핸디캡,3,H +1.0,트루아AC,RC스트라,09.06(일) 22:00,"1.53,3.65,4.5",경기전
2026-09-05T01:43:24+00:00,2026,105,9610,sc,프리그1,언더오버,2,U 2.5,트루아AC,RC스트라,09.06(일) 22:00,"1.76,1.76",경기전
2026-09-05T01:43:24+00:00,2026,105,9611,sc,프리그1,홀짝,2,,트루아AC,RC스트라,09.06(일) 22:00,"1.81,1.79",경기전
2026-09-05T01:43:24+00:00,2026,105,9612,sc,분데스리,승무패,3,,함부르크,마인츠05,09.06(일) 22:30,"2.6,3.35,2.21",경기전
2026-09-05T01:43:24+00:00,2026,105,9613,sc,분데스리,핸디캡,3,H +1.0,함부르크,마인츠05,09.06(일) 22:30,"1.53,3.85,4.25",경기전
2026-09-05T01:43:24+00:00,2026,105,9614,sc,분데스리,핸디캡,3,H +2.0,함부르크,마인츠05,09.06(일) 22:30,"1.12,6.5,9.7",경기전
2026-09-05T01:43:24+00:00,2026,105,9615,sc,분데스리,언더오버,2,U 2.5,함부르크,마인츠05,09.06(일) 22:30,"2.05,1.57",경기전
2026-09-05T01:43:24+00:00,2026,105,9616,sc,분데스리,홀짝,2,,함부르크,마인츠05,09.06(일) 22:30,"1.8,1.8",경기전
2026-09-05T01:43:24+00:00,2026,105,9617,sc,라리가,승무패,3,,발렌시아,바르셀로,09.06(일) 23:15,"7.2,4.9,1.26",경기전
2026-09-05T01:43:24+00:00,2026,105,9618,sc,라리가,핸디캡,3,H +1.0,발렌시아,바르셀로,09.06(일) 23:15,"3.25,3.65,1.76",경기전
2026-09-05T01:43:24+00:00,2026,105,9619,sc,라리가,핸디캡,3,H +2.0,발렌시아,바르셀로,09.06(일) 23:15,"1.9,3.85,2.75",경기전
2026-09-05T01:43:24+00:00,2026,105,9620,sc,라리가,핸디캡,2,H +3.5,발렌시아,바르셀로,09.06(일) 23:15,"1.08,4.75",경기전
2026-09-05T01:43:24+00:00,2026,105,9621,sc,라리가,언더오버,2,U 3.5,발렌시아,바르셀로,09.06(일) 23:15,"1.74,1.82",경기전
2026-09-05T01:43:24+00:00,2026,105,9622,sc,라리가,홀짝,2,,발렌시아,바르셀로,09.06(일) 23:15,"1.8,1.8",경기전
2026-09-05T01:43:24+00:00,2026,105,9623,sc,에레디비,승무패,3,,덴하흐,F시타르,09.06(일) 23:45,"1.91,3.65,2.85",경기전
2026-09-05T01:43:24+00:00,2026,105,9624,sc,에레디비,핸디캡,3,H -1.0,덴하흐,F시타르,09.06(일) 23:45,"3.35,3.85,1.69",경기전
2026-09-05T01:43:24+00:00,2026,105,9625,sc,에레디비,언더오버,2,U 3.5,덴하흐,F시타르,09.06(일) 23:45,"1.63,1.91",경기전
2026-09-05T01:43:24+00:00,2026,105,9626,sc,에레디비,홀짝,2,,덴하흐,F시타르,09.06(일) 23:45,"1.8,1.8",경기전
2026-09-05T01:43:24+00:00,2026,105,9635,sc,프리그1,승무패,3,,앙제SCO,스타드렌,09.07(월) 00:15,"3.5,3.4,1.76",경기전
2026-09-05T01:43:24+00:00,2026,105,9636,sc,프리그1,핸디캡,3,H +1.0,앙제SCO,스타드렌,09.07(월) 00:15,"1.85,3.5,3.1",경기전
2026-09-05T01:43:24+00:00,2026,105,9637,sc,프리그1,언더오버,2,U 2.5,앙제SCO,스타드렌,09.07(월) 00:15,"2.02,1.56",경기전
2026-09-05T01:43:24+00:00,2026,105,9638,sc,프리그1,홀짝,2,,앙제SCO,스타드렌,09.07(월) 00:15,"1.8,1.8",경기전
2026-09-05T01:43:24+00:00,2026,105,9639,sc,EPL,승무패,3,,아스널,첼시,09.07(월) 00:30,"1.64,3.55,4.3",경기전
2026-09-05T01:43:24+00:00,2026,105,9640,sc,EPL,핸디캡,3,H -1.0,아스널,첼시,09.07(월) 00:30,"2.8,3.35,2.08",경기전
2026-09-05T01:43:24+00:00,2026,105,9641,sc,EPL,핸디캡,3,H -2.0,아스널,첼시,09.07(월) 00:30,"5.6,4.6,1.35",경기전
2026-09-05T01:43:24+00:00,2026,105,9642,sc,EPL,언더오버,2,U 2.5,아스널,첼시,09.07(월) 00:30,"1.91,1.67",경기전
2026-09-05T01:43:24+00:00,2026,105,9643,sc,EPL,홀짝,2,,아스널,첼시,09.07(월) 00:30,"1.81,1.79",경기전
2026-09-05T01:43:24+00:00,2026,105,9644,sc,분데스리,승무패,3,,프랑크푸,아우크스,09.07(월) 00:30,"1.81,3.7,3.2",경기전
2026-09-05T01:43:24+00:00,2026,105,9645,sc,분데스리,핸디캡,3,H -1.0,프랑크푸,아우크스,09.07(월) 00:30,"3.05,3.75,1.8",경기전
2026-09-05T01:43:24+00:00,2026,105,9646,sc,분데스리,핸디캡,3,H -2.0,프랑크푸,아우크스,09.07(월) 00:30,"5.9,5.2,1.27",경기전
2026-09-05T01:43:24+00:00,2026,105,9647,sc,분데스리,언더오버,2,U 3.5,프랑크푸,아우크스,09.07(월) 00:30,"1.63,1.96",경기전
2026-09-05T01:43:24+00:00,2026,105,9648,sc,분데스리,홀짝,2,,프랑크푸,아우크스,09.07(월) 00:30,"1.8,1.8",경기전
2026-09-05T01:43:24+00:00,2026,105,9653,sc,세리에A,승무패,3,,볼로냐,사수올로,09.07(월) 01:00,"1.88,3.1,3.4",경기전
2026-09-05T01:43:24+00:00,2026,105,9654,sc,세리에A,핸디캡,3,H -1.0,볼로냐,사수올로,09.07(월) 01:00,"3.6,3.35,1.74",경기전
2026-09-05T01:43:24+00:00,2026,105,9655,sc,세리에A,언더오버,2,U 2.5,볼로냐,사수올로,09.07(월) 01:00,"1.67,1.86",경기전
2026-09-05T01:43:24+00:00,2026,105,9656,sc,세리에A,홀짝,2,,볼로냐,사수올로,09.07(월) 01:00,"1.81,1.79",경기전
2026-09-05T01:43:24+00:00,2026,105,9662,sc,라리가,승무패,3,,알라베스,오사수나,09.07(월) 01:30,"2.19,2.85,3.05",경기전
2026-09-05T01:43:24+00:00,2026,105,9663,sc,라리가,핸디캡,3,H -1.0,알라베스,오사수나,09.07(월) 01:30,"4.65,3.4,1.56",경기전
2026-09-05T01:43:24+00:00,2026,105,9664,sc,라리가,언더오버,2,U 2.5,알라베스,오사수나,09.07(월) 01:30,"1.46,2.28",경기전
2026-09-05T01:43:24+00:00,2026,105,9665,sc,라리가,홀짝,2,,알라베스,오사수나,09.07(월) 01:30,"1.82,1.78",경기전
2026-09-05T01:43:24+00:00,2026,105,9666,sc,라리가,승무패,3,,말라가,레반테,09.07(월) 01:30,"2.26,3.15,2.65",경기전
2026-09-05T01:43:24+00:00,2026,105,9667,sc,라리가,핸디캡,3,H -1.0,말라가,레반테,09.07(월) 01:30,"4.65,3.75,1.5",경기전
2026-09-05T01:43:24+00:00,2026,105,9668,sc,라리가,언더오버,2,U 2.5,말라가,레반테,09.07(월) 01:30,"1.76,1.8",경기전
2026-09-05T01:43:24+00:00,2026,105,9669,sc,라리가,홀짝,2,,말라가,레반테,09.07(월) 01:30,"1.81,1.79",경기전
2026-09-05T01:43:24+00:00,2026,105,9715,sc,세리에A,승무패,3,,유벤투스,AC밀란,09.07(월) 03:45,"1.93,3.05,3.3",경기전
2026-09-05T01:43:24+00:00,2026,105,9716,sc,세리에A,핸디캡,3,H -1.0,유벤투스,AC밀란,09.07(월) 03:45,"3.8,3.35,1.7",경기전
2026-09-05T01:43:24+00:00,2026,105,9717,sc,세리에A,언더오버,2,U 2.5,유벤투스,AC밀란,09.07(월) 03:45,"1.63,1.91",경기전
2026-09-05T01:43:24+00:00,2026,105,9718,sc,세리에A,홀짝,2,,유벤투스,AC밀란,09.07(월) 03:45,"1.81,1.79",경기전
2026-09-05T01:43:24+00:00,2026,105,9719,sc,프리그1,승무패,3,,마르세유,파리FC,09.07(월) 03:45,"1.67,3.5,3.8",경기전
2026-09-05T01:43:24+00:00,2026,105,9720,sc,프리그1,핸디캡,3,H -1.0,마르세유,파리FC,09.07(월) 03:45,"2.9,3.45,1.94",경기전
2026-09-05T01:43:24+00:00,2026,105,9721,sc,프리그1,핸디캡,3,H -2.0,마르세유,파리FC,09.07(월) 03:45,"5.8,4.8,1.3",경기전
2026-09-05T01:43:24+00:00,2026,105,9722,sc,프리그1,핸디캡,2,H -3.5,마르세유,파리FC,09.07(월) 03:45,"6.84,1.01",경기전
2026-09-05T01:43:24+00:00,2026,105,9723,sc,프리그1,언더오버,2,U 2.5,마르세유,파리FC,09.07(월) 03:45,"2.05,1.54",경기전
2026-09-05T01:43:24+00:00,2026,105,9724,sc,프리그1,홀짝,2,,마르세유,파리FC,09.07(월) 03:45,"1.8,1.8",경기전
2026-09-05T01:43:24+00:00,2026,105,9729,sc,라리가,승무패,3,,에스파뇰,세비야,09.07(월) 04:00,"2.16,2.9,3.05",경기전
2026-09-05T01:43:24+00:00,2026,105,9730,sc,라리가,핸디캡,3,H -1.0,에스파뇰,세비야,09.07(월) 04:00,"4.6,3.45,1.56",경기전
2026-09-05T01:43:24+00:00,2026,105,9731,sc,라리가,언더오버,2,U 2.5,에스파뇰,세비야,09.07(월) 04:00,"1.49,2.21",경기전
2026-09-05T01:43:24+00:00,2026,105,9732,sc,라리가,홀짝,2,,에스파뇰,세비야,09.07(월) 04:00,"1.82,1.78",경기전
