ts,year,round,game_no,sport,league,market_family,n_way,market_label,home,away,date_text,odds,result
2026-09-02T00:11:06+00:00,2026,103,8058,bs,MLB,승패,2,,시카컵스 5,7 신시레즈,08.31(월) 08:20,"1.55,2.04",홈패
2026-09-02T00:11:06+00:00,2026,103,8059,bs,MLB,승①패,3,승①패,시카컵스 5,7 신시레즈,08.31(월) 08:20,"2.14,3.35,2.6",홈패
2026-09-02T00:11:06+00:00,2026,103,8060,bs,MLB,핸디캡,2,H -2.5,시카컵스 2.5,7 신시레즈,08.31(월) 08:20,"2.92,1.26",핸디패
2026-09-02T00:11:06+00:00,2026,103,8061,bs,MLB,언더오버,2,U 8.5,시카컵스,신시레즈,08.31(월) 08:20,"1.94,1.61",오버
2026-09-02T00:11:06+00:00,2026,103,8062,bs,MLB,홀짝,2,,시카컵스,신시레즈,08.31(월) 08:20,"1.59,2.07",짝
2026-09-02T00:11:06+00:00,2026,103,8063,bs,MLB,전반승무패,3,h(전반),시카컵스 3,6 신시레즈,08.31(월) 08:20,"1.84,5.8,2.3",홈패
2026-09-02T00:11:06+00:00,2026,103,8064,bs,MLB,전반핸디캡,2,h H -1.5,시카컵스 1.5,6 신시레즈,08.31(월) 08:20,"2.64,1.32",핸디패
2026-09-02T00:11:06+00:00,2026,103,8065,bs,MLB,전반언더오버,2,h U 4.5,시카컵스,신시레즈,08.31(월) 08:20,"1.82,1.7",오버
2026-09-02T00:11:06+00:00,2026,103,8066,bk,남농월예,승패,2,,한국M 85,72 사우디M,08.31(월) 19:00,"1.11,4.25",홈승
2026-09-02T00:11:06+00:00,2026,103,8067,bk,남농월예,핸디캡,2,H -11.5,한국M 73.5,72 사우디M,08.31(월) 19:00,"1.76,1.76",핸디승
2026-09-02T00:11:06+00:00,2026,103,8068,bk,남농월예,언더오버,2,U 163.5,한국M,사우디M,08.31(월) 19:00,"1.77,1.75",언더
2026-09-02T00:11:06+00:00,2026,103,8069,bk,남농월예,홀짝,2,,한국M,사우디M,08.31(월) 19:00,"1.8,1.8",홀
2026-09-02T00:11:06+00:00,2026,103,8070,bk,남농월예,승패,2,,일본M 123,70 카타르M,08.31(월) 19:10,"1.0,1.0",홈승
2026-09-02T00:11:06+00:00,2026,103,8071,bk,남농월예,핸디캡,2,H -36.5,일본M 86.5,70 카타르M,08.31(월) 19:10,"1.74,1.78",핸디승
2026-09-02T00:11:06+00:00,2026,103,8072,bk,남농월예,언더오버,2,U 169.5,일본M,카타르M,08.31(월) 19:10,"1.79,1.73",오버
2026-09-02T00:11:06+00:00,2026,103,8073,bk,남농월예,홀짝,2,,일본M,카타르M,08.31(월) 19:10,"1.8,1.8",홀
2026-09-02T00:11:06+00:00,2026,103,8074,bk,남농월예,승패,2,,중국M 89,87 레바논M,08.31(월) 20:30,"1.39,2.4",홈승
2026-09-02T00:11:06+00:00,2026,103,8075,bk,남농월예,핸디캡,2,H -4.5,중국M 84.5,87 레바논M,08.31(월) 20:30,"1.77,1.75",핸디패
2026-09-02T00:11:06+00:00,2026,103,8076,bk,남농월예,언더오버,2,U 166.5,중국M,레바논M,08.31(월) 20:30,"1.79,1.73",오버
2026-09-02T00:11:06+00:00,2026,103,8077,bk,남농월예,홀짝,2,,중국M,레바논M,08.31(월) 20:30,"1.8,1.8",짝
2026-09-02T00:11:06+00:00,2026,103,8078,bk,남농월예,승패,2,,리투아M 78,73 보스니M,09.01(화) 00:30,"1.93,1.62",홈승
2026-09-02T00:11:06+00:00,2026,103,8079,bk,남농월예,핸디캡,2,H +2.5,리투아M 80.5,73 보스니M,09.01(화) 00:30,"1.73,1.79",핸디승
2026-09-02T00:11:06+00:00,2026,103,8080,bk,남농월예,언더오버,2,U 166.5,리투아M,보스니M,09.01(화) 00:30,"1.79,1.73",언더
2026-09-02T00:11:06+00:00,2026,103,8081,bk,남농월예,홀짝,2,,리투아M,보스니M,09.01(화) 00:30,"1.8,1.8",홀
2026-09-02T00:11:06+00:00,2026,103,8082,bk,남농월예,승패,2,,그리스M 108,106 스페인M,09.01(화) 01:00,"1.87,1.66",홈승
2026-09-02T00:11:06+00:00,2026,103,8083,bk,남농월예,핸디캡,2,H +1.5,그리스M 109.5,106 스페인M,09.01(화) 01:00,"1.75,1.77",핸디승
2026-09-02T00:11:06+00:00,2026,103,8084,bk,남농월예,언더오버,2,U 162.5,그리스M,스페인M,09.01(화) 01:00,"1.76,1.76",오버
2026-09-02T00:11:06+00:00,2026,103,8085,bk,남농월예,홀짝,2,,그리스M,스페인M,09.01(화) 01:00,"1.8,1.8",짝
2026-09-02T00:11:06+00:00,2026,103,8086,sc,세리에A,승무패,3,,US레체 0,4 AS로마,09.01(화) 01:30,"6.2,3.95,1.36",홈패
2026-09-02T00:11:06+00:00,2026,103,8087,sc,세리에A,핸디캡,3,H +1.0,US레체 1,4 AS로마,09.01(화) 01:30,"2.65,3.0,2.28",핸디패
2026-09-02T00:11:06+00:00,2026,103,8088,sc,세리에A,핸디캡,3,H +2.0,US레체 2,4 AS로마,09.01(화) 01:30,"1.52,3.9,4.25",핸디패
2026-09-02T00:11:06+00:00,2026,103,8089,sc,세리에A,언더오버,2,U 2.5,US레체,AS로마,09.01(화) 01:30,"1.73,1.79",오버
2026-09-02T00:11:06+00:00,2026,103,8090,sc,세리에A,홀짝,2,,US레체,AS로마,09.01(화) 01:30,"1.81,1.79",짝
2026-09-02T00:11:06+00:00,2026,103,8091,sc,라리가,승무패,3,,오사수나 1,0 헤타페,09.01(화) 02:30,"2.03,2.6,3.85",홈승
2026-09-02T00:11:06+00:00,2026,103,8092,sc,라리가,핸디캡,3,H -1.0,오사수나 0,0 헤타페,09.01(화) 02:30,"4.55,3.05,1.66",핸디무
2026-09-02T00:11:06+00:00,2026,103,8093,sc,라리가,핸디캡,3,H -2.0,오사수나 -1,0 헤타페,09.01(화) 02:30,"11.5,5.9,1.12",핸디패
2026-09-02T00:11:06+00:00,2026,103,8094,sc,라리가,언더오버,2,U 2.5,오사수나,헤타페,09.01(화) 02:30,"1.35,2.61",언더
2026-09-02T00:11:06+00:00,2026,103,8095,sc,라리가,홀짝,2,,오사수나,헤타페,09.01(화) 02:30,"1.83,1.77",홀
2026-09-02T00:11:06+00:00,2026,103,8096,bk,남농월예,승패,2,,이탈리M 64,76 세르비M,09.01(화) 02:30,"2.92,1.26",홈패
2026-09-02T00:11:06+00:00,2026,103,8097,bk,남농월예,핸디캡,2,H +6.5,이탈리M 70.5,76 세르비M,09.01(화) 02:30,"1.81,1.71",핸디패
2026-09-02T00:11:06+00:00,2026,103,8098,bk,남농월예,언더오버,2,U 170.5,이탈리M,세르비M,09.01(화) 02:30,"1.77,1.75",언더
2026-09-02T00:11:06+00:00,2026,103,8099,bk,남농월예,홀짝,2,,이탈리M,세르비M,09.01(화) 02:30,"1.8,1.8",짝
2026-09-02T00:11:06+00:00,2026,103,8100,bk,남농월예,승패,2,,포르투M 90,98 조지아M,09.01(화) 03:00,"2.07,1.53",홈패
2026-09-02T00:11:06+00:00,2026,103,8101,bk,남농월예,핸디캡,2,H +2.5,포르투M 92.5,98 조지아M,09.01(화) 03:00,"1.78,1.74",핸디패
2026-09-02T00:11:06+00:00,2026,103,8102,bk,남농월예,언더오버,2,U 160.5,포르투M,조지아M,09.01(화) 03:00,"1.76,1.76",오버
2026-09-02T00:11:06+00:00,2026,103,8103,bk,남농월예,홀짝,2,,포르투M,조지아M,09.01(화) 03:00,"1.8,1.8",짝
2026-09-02T00:11:06+00:00,2026,103,8104,bk,남농월예,승패,2,,몬테네M 89,98 우크라M,09.01(화) 03:30,"2.22,1.46",홈패
2026-09-02T00:11:06+00:00,2026,103,8105,bk,남농월예,핸디캡,2,H +3.5,몬테네M 92.5,98 우크라M,09.01(화) 03:30,"1.76,1.76",핸디패
2026-09-02T00:11:06+00:00,2026,103,8106,bk,남농월예,언더오버,2,U 159.5,몬테네M,우크라M,09.01(화) 03:30,"1.74,1.78",오버
2026-09-02T00:11:06+00:00,2026,103,8107,bk,남농월예,홀짝,2,,몬테네M,우크라M,09.01(화) 03:30,"1.8,1.8",홀
2026-09-02T00:11:06+00:00,2026,103,8108,sc,세리에A,승무패,3,,아탈란타 1,0 볼로냐,09.01(화) 03:45,"1.74,3.2,3.8",홈승
2026-09-02T00:11:06+00:00,2026,103,8109,sc,세리에A,핸디캡,3,H -1.0,아탈란타 0,0 볼로냐,09.01(화) 03:45,"3.4,3.15,1.86",핸디무
2026-09-02T00:11:06+00:00,2026,103,8110,sc,세리에A,핸디캡,3,H -2.0,아탈란타 -1,0 볼로냐,09.01(화) 03:45,"6.7,5.0,1.25",핸디패
2026-09-02T00:11:06+00:00,2026,103,8111,sc,세리에A,언더오버,2,U 2.5,아탈란타,볼로냐,09.01(화) 03:45,"1.81,1.71",언더
2026-09-02T00:11:06+00:00,2026,103,8112,sc,세리에A,홀짝,2,,아탈란타,볼로냐,09.01(화) 03:45,"1.81,1.79",홀
2026-09-02T00:11:06+00:00,2026,103,8113,sc,EPL,승무패,3,,A빌라 0,1 아스널,09.01(화) 04:00,"5.8,4.3,1.39",홈패
2026-09-02T00:11:06+00:00,2026,103,8114,sc,EPL,핸디캡,3,H +1.0,A빌라 1,1 아스널,09.01(화) 04:00,"2.55,3.45,2.2",핸디무
2026-09-02T00:11:06+00:00,2026,103,8115,sc,EPL,핸디캡,3,H +2.0,A빌라 2,1 아스널,09.01(화) 04:00,"1.57,3.95,4.05",핸디승
2026-09-02T00:11:06+00:00,2026,103,8116,sc,EPL,언더오버,2,U 2.5,A빌라,아스널,09.01(화) 04:00,"2.04,1.58",언더
2026-09-02T00:11:06+00:00,2026,103,8117,sc,EPL,홀짝,2,,A빌라,아스널,09.01(화) 04:00,"1.81,1.79",홀
2026-09-02T00:11:06+00:00,2026,103,8118,sc,라리가,승무패,3,,바르셀로 5,2 라요바예,09.01(화) 04:30,"1.06,7.7,16.0",홈승
2026-09-02T00:11:06+00:00,2026,103,8119,sc,라리가,핸디캡,3,H -1.0,바르셀로 4,2 라요바예,09.01(화) 04:30,"1.25,5.4,6.1",핸디승
2026-09-02T00:11:06+00:00,2026,103,8120,sc,라리가,핸디캡,3,H -2.0,바르셀로 3,2 라요바예,09.01(화) 04:30,"1.68,3.6,3.6",핸디승
2026-09-02T00:11:06+00:00,2026,103,8121,sc,라리가,핸디캡,2,H -3.5,바르셀로 1.5,2 라요바예,09.01(화) 04:30,"2.6,1.33",핸디패
2026-09-02T00:11:06+00:00,2026,103,8122,sc,라리가,언더오버,2,U 3.5,바르셀로,라요바예,09.01(화) 04:30,"2.19,1.5",오버
2026-09-02T00:11:06+00:00,2026,103,8123,sc,라리가,홀짝,2,,바르셀로,라요바예,09.01(화) 04:30,"1.8,1.8",홀
2026-09-02T00:11:06+00:00,2026,103,8124,bk,남농월예,승패,2,,아이슬M 73,110 튀르키M,09.01(화) 04:30,"1.0,1.0",홈패
2026-09-02T00:11:06+00:00,2026,103,8125,bk,남농월예,핸디캡,2,H +16.5,아이슬M 89.5,110 튀르키M,09.01(화) 04:30,"1.72,1.8",핸디패
2026-09-02T00:11:06+00:00,2026,103,8126,bk,남농월예,언더오버,2,U 171.5,아이슬M,튀르키M,09.01(화) 04:30,"1.76,1.76",오버
2026-09-02T00:11:06+00:00,2026,103,8127,bk,남농월예,홀짝,2,,아이슬M,튀르키M,09.01(화) 04:30,"1.8,1.8",홀
2026-09-02T00:11:06+00:00,2026,103,8128,bs,MLB,승패,2,,애틀브레 3,7 샌프자이,09.01(화) 07:05,"1.48,2.17",홈패
2026-09-02T00:11:06+00:00,2026,103,8129,bs,MLB,승①패,3,승①패,애틀브레 3,7 샌프자이,09.01(화) 07:05,"1.97,3.45,2.85",홈패
2026-09-02T00:11:06+00:00,2026,103,8130,bs,MLB,핸디캡,2,H -2.5,애틀브레 0.5,7 샌프자이,09.01(화) 07:05,"2.43,1.38",핸디패
2026-09-02T00:11:06+00:00,2026,103,8131,bs,MLB,언더오버,2,U 8.5,애틀브레,샌프자이,09.01(화) 07:05,"1.8,1.72",오버
2026-09-02T00:11:06+00:00,2026,103,8132,bs,MLB,홀짝,2,,애틀브레,샌프자이,09.01(화) 07:05,"1.59,2.07",짝
2026-09-02T00:11:06+00:00,2026,103,8133,bs,MLB,승패,2,,탬파레이 2,3 뉴욕메츠,09.01(화) 07:40,"1.39,2.4",홈패
2026-09-02T00:11:06+00:00,2026,103,8134,bs,MLB,승①패,3,승①패,탬파레이 2,3 뉴욕메츠,09.01(화) 07:40,"1.86,3.45,3.1",①
2026-09-02T00:11:06+00:00,2026,103,8135,bs,MLB,핸디캡,2,H -2.5,탬파레이 -0.5,3 뉴욕메츠,09.01(화) 07:40,"2.56,1.34",핸디패
2026-09-02T00:11:06+00:00,2026,103,8136,bs,MLB,언더오버,2,U 7.5,탬파레이,뉴욕메츠,09.01(화) 07:40,"1.89,1.65",언더
2026-09-02T00:11:06+00:00,2026,103,8137,bs,MLB,홀짝,2,,탬파레이,뉴욕메츠,09.01(화) 07:40,"1.59,2.07",홀
2026-09-02T00:11:06+00:00,2026,103,8138,bs,MLB,승패,2,,신시레즈 0,5 샌디파드,09.01(화) 07:40,"2.13,1.5",홈패
2026-09-02T00:11:06+00:00,2026,103,8139,bs,MLB,승①패,3,승①패,신시레즈 0,5 샌디파드,09.01(화) 07:40,"3.25,3.4,1.83",홈패
2026-09-02T00:11:06+00:00,2026,103,8140,bs,MLB,핸디캡,2,H +2.5,신시레즈 2.5,5 샌디파드,09.01(화) 07:40,"1.41,2.34",핸디패
2026-09-02T00:11:06+00:00,2026,103,8141,bs,MLB,언더오버,2,U 9.5,신시레즈,샌디파드,09.01(화) 07:40,"1.65,1.89",언더
2026-09-02T00:11:06+00:00,2026,103,8142,bs,MLB,홀짝,2,,신시레즈,샌디파드,09.01(화) 07:40,"1.6,2.06",홀
2026-09-02T00:11:06+00:00,2026,103,8143,bs,MLB,승패,2,,워싱내셔 6,3 마이말린,09.01(화) 07:45,"1.86,1.67",홈승
2026-09-02T00:11:06+00:00,2026,103,8144,bs,MLB,승①패,3,승①패,워싱내셔 6,3 마이말린,09.01(화) 07:45,"2.75,3.3,2.07",홈승
2026-09-02T00:11:06+00:00,2026,103,8145,bs,MLB,핸디캡,2,H +2.5,워싱내셔 8.5,3 마이말린,09.01(화) 07:45,"1.29,2.77",핸디승
2026-09-02T00:11:06+00:00,2026,103,8146,bs,MLB,언더오버,2,U 8.5,워싱내셔,마이말린,09.01(화) 07:45,"1.84,1.69",오버
2026-09-02T00:11:06+00:00,2026,103,8147,bs,MLB,홀짝,2,,워싱내셔,마이말린,09.01(화) 07:45,"1.59,2.07",홀
2026-09-02T00:11:06+00:00,2026,103,8148,bs,MLB,승패,2,,보스레드 9,8 시애매리,09.01(화) 07:45,"1.45,2.24",홈승
2026-09-02T00:11:06+00:00,2026,103,8149,bs,MLB,승①패,3,승①패,보스레드 9,8 시애매리,09.01(화) 07:45,"1.97,3.3,2.95",①
2026-09-02T00:11:06+00:00,2026,103,8150,bs,MLB,핸디캡,2,H -2.5,보스레드 6.5,8 시애매리,09.01(화) 07:45,"2.64,1.32",핸디패
2026-09-02T00:11:06+00:00,2026,103,8151,bs,MLB,언더오버,2,U 7.5,보스레드,시애매리,09.01(화) 07:45,"1.89,1.65",오버
2026-09-02T00:11:06+00:00,2026,103,8152,bs,MLB,홀짝,2,,보스레드,시애매리,09.01(화) 07:45,"1.59,2.07",홀
2026-09-02T00:11:06+00:00,2026,103,8153,bk,남농월예,승패,2,,미국M 104,80 콜롬비M,09.01(화) 08:00,"1.0,1.0",홈승
2026-09-02T00:11:06+00:00,2026,103,8154,bk,남농월예,핸디캡,2,H -26.5,미국M 77.5,80 콜롬비M,09.01(화) 08:00,"1.78,1.74",핸디패
2026-09-02T00:11:06+00:00,2026,103,8155,bk,남농월예,언더오버,2,U 185.5,미국M,콜롬비M,09.01(화) 08:00,"1.74,1.78",언더
2026-09-02T00:11:06+00:00,2026,103,8156,bk,남농월예,홀짝,2,,미국M,콜롬비M,09.01(화) 08:00,"1.8,1.8",짝
2026-09-02T00:11:06+00:00,2026,103,8157,bk,남농월예,승패,2,,캐나다M 97,92 아르헨M,09.01(화) 08:10,"1.34,2.56",홈승
2026-09-02T00:11:06+00:00,2026,103,8158,bk,남농월예,핸디캡,2,H -5.5,캐나다M 91.5,92 아르헨M,09.01(화) 08:10,"1.71,1.81",핸디패
2026-09-02T00:11:06+00:00,2026,103,8159,bk,남농월예,언더오버,2,U 170.5,캐나다M,아르헨M,09.01(화) 08:10,"1.75,1.77",오버
2026-09-02T00:11:06+00:00,2026,103,8160,bk,남농월예,홀짝,2,,캐나다M,아르헨M,09.01(화) 08:10,"1.8,1.8",홀
2026-09-02T00:11:06+00:00,2026,103,8161,bk,남농월예,승패,2,,우루과M 80,75 푸에르M,09.01(화) 08:10,"1.93,1.62",홈승
2026-09-02T00:11:06+00:00,2026,103,8162,bk,남농월예,핸디캡,2,H +1.5,우루과M 81.5,75 푸에르M,09.01(화) 08:10,"1.8,1.72",핸디승
2026-09-02T00:11:06+00:00,2026,103,8163,bk,남농월예,언더오버,2,U 167.5,우루과M,푸에르M,09.01(화) 08:10,"1.77,1.75",언더
2026-09-02T00:11:06+00:00,2026,103,8164,bk,남농월예,홀짝,2,,우루과M,푸에르M,09.01(화) 08:10,"1.8,1.8",홀
2026-09-02T00:11:06+00:00,2026,103,8165,bs,MLB,승패,2,,미네트윈 11,1 디트타이,09.01(화) 08:40,"1.58,1.99",홈승
2026-09-02T00:11:06+00:00,2026,103,8166,bs,MLB,승①패,3,승①패,미네트윈 11,1 디트타이,09.01(화) 08:40,"2.2,3.3,2.55",홈승
2026-09-02T00:11:06+00:00,2026,103,8167,bs,MLB,핸디캡,2,H -2.5,미네트윈 8.5,1 디트타이,09.01(화) 08:40,"2.97,1.25",핸디승
2026-09-02T00:11:06+00:00,2026,103,8168,bs,MLB,언더오버,2,U 8.5,미네트윈,디트타이,09.01(화) 08:40,"1.75,1.77",오버
2026-09-02T00:11:06+00:00,2026,103,8169,bs,MLB,홀짝,2,,미네트윈,디트타이,09.01(화) 08:40,"1.59,2.07",짝
2026-09-02T00:11:06+00:00,2026,103,8170,bs,MLB,승패,2,,시카컵스 17,3 밀워브루,09.01(화) 08:40,"1.74,1.78",홈승
2026-09-02T00:11:06+00:00,2026,103,8171,bs,MLB,승①패,3,승①패,시카컵스 17,3 밀워브루,09.01(화) 08:40,"2.5,3.35,2.22",홈승
2026-09-02T00:11:06+00:00,2026,103,8172,bs,MLB,핸디캡,2,H -2.5,시카컵스 14.5,3 밀워브루,09.01(화) 08:40,"3.46,1.18",핸디승
2026-09-02T00:11:06+00:00,2026,103,8173,bs,MLB,언더오버,2,U 9.5,시카컵스,밀워브루,09.01(화) 08:40,"1.75,1.77",오버
2026-09-02T00:11:06+00:00,2026,103,8174,bs,MLB,홀짝,2,,시카컵스,밀워브루,09.01(화) 08:40,"1.59,2.07",짝
2026-09-02T00:11:06+00:00,2026,103,8175,bs,MLB,승패,2,,텍사레인 8,1 애슬레틱,09.01(화) 09:05,"1.34,2.56",홈승
2026-09-02T00:11:06+00:00,2026,103,8176,bs,MLB,승①패,3,승①패,텍사레인 8,1 애슬레틱,09.01(화) 09:05,"1.77,3.45,3.4",홈승
2026-09-02T00:11:06+00:00,2026,103,8177,bs,MLB,핸디캡,2,H -2.5,텍사레인 5.5,1 애슬레틱,09.01(화) 09:05,"2.34,1.41",핸디승
2026-09-02T00:11:06+00:00,2026,103,8178,bs,MLB,언더오버,2,U 7.5,텍사레인,애슬레틱,09.01(화) 09:05,"1.75,1.77",오버
2026-09-02T00:11:06+00:00,2026,103,8179,bs,MLB,홀짝,2,,텍사레인,애슬레틱,09.01(화) 09:05,"1.59,2.07",홀
2026-09-02T00:11:06+00:00,2026,103,8180,bs,MLB,승패,2,,휴스애스 6,3 시카화이,09.01(화) 09:10,"1.62,1.93",홈승
2026-09-02T00:11:06+00:00,2026,103,8181,bs,MLB,승①패,3,승①패,휴스애스 6,3 시카화이,09.01(화) 09:10,"2.28,3.3,2.45",홈승
2026-09-02T00:11:06+00:00,2026,103,8182,bs,MLB,핸디캡,2,H -2.5,휴스애스 3.5,3 시카화이,09.01(화) 09:10,"3.09,1.23",핸디승
2026-09-02T00:11:06+00:00,2026,103,8183,bs,MLB,언더오버,2,U 8.5,휴스애스,시카화이,09.01(화) 09:10,"1.73,1.79",오버
2026-09-02T00:11:06+00:00,2026,103,8184,bs,MLB,홀짝,2,,휴스애스,시카화이,09.01(화) 09:10,"1.59,2.07",홀
2026-09-02T00:11:06+00:00,2026,103,8185,bk,남농월예,승패,2,,도미공M 101,66 칠레M,09.01(화) 09:10,"1.0,1.0",홈승
2026-09-02T00:11:06+00:00,2026,103,8186,bk,남농월예,핸디캡,2,H -22.5,도미공M 78.5,66 칠레M,09.01(화) 09:10,"1.78,1.74",핸디승
2026-09-02T00:11:06+00:00,2026,103,8187,bk,남농월예,언더오버,2,U 169.5,도미공M,칠레M,09.01(화) 09:10,"1.74,1.78",언더
2026-09-02T00:11:06+00:00,2026,103,8188,bk,남농월예,홀짝,2,,도미공M,칠레M,09.01(화) 09:10,"1.8,1.8",홀
2026-09-02T00:11:06+00:00,2026,103,8189,bk,남농월예,승패,2,,바하마M 100,82 파나마M,09.01(화) 09:10,"1.0,1.0",홈승
2026-09-02T00:11:06+00:00,2026,103,8190,bk,남농월예,핸디캡,2,H -25.5,바하마M 74.5,82 파나마M,09.01(화) 09:10,"1.74,1.78",핸디패
2026-09-02T00:11:06+00:00,2026,103,8191,bk,남농월예,언더오버,2,U 175.5,바하마M,파나마M,09.01(화) 09:10,"1.76,1.76",오버
2026-09-02T00:11:06+00:00,2026,103,8192,bk,남농월예,홀짝,2,,바하마M,파나마M,09.01(화) 09:10,"1.8,1.8",짝
2026-09-02T00:11:06+00:00,2026,103,8193,bs,MLB,승패,2,,콜로로키 1,2 볼티오리,09.01(화) 09:40,"2.07,1.53",홈패
2026-09-02T00:11:06+00:00,2026,103,8194,bs,MLB,승①패,3,승①패,콜로로키 1,2 볼티오리,09.01(화) 09:40,"3.1,3.5,1.85",①
2026-09-02T00:11:06+00:00,2026,103,8195,bs,MLB,핸디캡,2,H +2.5,콜로로키 3.5,2 볼티오리,09.01(화) 09:40,"1.4,2.37",핸디승
2026-09-02T00:11:06+00:00,2026,103,8196,bs,MLB,언더오버,2,U 10.5,콜로로키,볼티오리,09.01(화) 09:40,"1.96,1.6",언더
2026-09-02T00:11:06+00:00,2026,103,8197,bs,MLB,홀짝,2,,콜로로키,볼티오리,09.01(화) 09:40,"1.6,2.06",홀
2026-09-02T00:11:06+00:00,2026,103,8198,bs,MLB,승패,2,,LA에인절 10,1 뉴욕양키,09.01(화) 10:38,"2.07,1.53",홈승
2026-09-02T00:11:06+00:00,2026,103,8199,bs,MLB,승①패,3,승①패,LA에인절 10,1 뉴욕양키,09.01(화) 10:38,"3.15,3.35,1.87",홈승
2026-09-02T00:11:06+00:00,2026,103,8200,bs,MLB,핸디캡,2,H +2.5,LA에인절 12.5,1 뉴욕양키,09.01(화) 10:38,"1.37,2.46",핸디승
2026-09-02T00:11:06+00:00,2026,103,8201,bs,MLB,언더오버,2,U 8.5,LA에인절,뉴욕양키,09.01(화) 10:38,"1.74,1.78",오버
2026-09-02T00:11:06+00:00,2026,103,8202,bs,MLB,홀짝,2,,LA에인절,뉴욕양키,09.01(화) 10:38,"1.59,2.07",홀
2026-09-02T00:11:06+00:00,2026,103,8203,bs,MLB,승패,2,,애리다이 1,2 필라필리,09.01(화) 10:40,"1.86,1.67",홈패
2026-09-02T00:11:06+00:00,2026,103,8204,bs,MLB,승①패,3,승①패,애리다이 1,2 필라필리,09.01(화) 10:40,"2.75,3.3,2.07",①
2026-09-02T00:11:06+00:00,2026,103,8205,bs,MLB,핸디캡,2,H +2.5,애리다이 3.5,2 필라필리,09.01(화) 10:40,"1.29,2.77",핸디승
2026-09-02T00:11:06+00:00,2026,103,8206,bs,MLB,언더오버,2,U 8.5,애리다이,필라필리,09.01(화) 10:40,"1.73,1.79",언더
2026-09-02T00:11:06+00:00,2026,103,8207,bs,MLB,홀짝,2,,애리다이,필라필리,09.01(화) 10:40,"1.59,2.07",홀
2026-09-02T00:11:06+00:00,2026,103,8208,bs,MLB,전반승무패,3,h(전반),애리다이 1,2 필라필리,09.01(화) 10:40,"2.2,5.5,1.95",홈패
2026-09-02T00:11:06+00:00,2026,103,8209,bs,MLB,전반핸디캡,2,h H +1.5,애리다이 2.5,2 필라필리,09.01(화) 10:40,"1.27,2.87",핸디승
2026-09-02T00:11:06+00:00,2026,103,8210,bs,MLB,전반언더오버,2,h U 4.5,애리다이,필라필리,09.01(화) 10:40,"1.68,1.85",언더
2026-09-02T00:11:06+00:00,2026,103,8211,bk,남농월예,승패,2,,멕시코M 79,74 브라질M,09.01(화) 11:10,"2.6,1.33",홈승
2026-09-02T00:11:06+00:00,2026,103,8212,bk,남농월예,핸디캡,2,H +5.5,멕시코M 84.5,74 브라질M,09.01(화) 11:10,"1.78,1.74",핸디승
2026-09-02T00:11:06+00:00,2026,103,8213,bk,남농월예,언더오버,2,U 175.5,멕시코M,브라질M,09.01(화) 11:10,"1.75,1.77",언더
2026-09-02T00:11:06+00:00,2026,103,8214,bk,남농월예,홀짝,2,,멕시코M,브라질M,09.01(화) 11:10,"1.8,1.8",홀
2026-09-02T00:11:06+00:00,2026,103,8215,bs,NPB,승패,2,,요미우리 4,3 요코베이,09.01(화) 18:00,"1.6,1.96",홈승
2026-09-02T00:11:06+00:00,2026,103,8216,bs,NPB,승①패,3,승①패,요미우리 4,3 요코베이,09.01(화) 18:00,"2.45,2.75,2.65",①
2026-09-02T00:11:06+00:00,2026,103,8217,bs,NPB,핸디캡,2,H -2.5,요미우리 1.5,3 요코베이,09.01(화) 18:00,"3.65,1.16",핸디패
2026-09-02T00:11:06+00:00,2026,103,8218,bs,NPB,언더오버,2,U 5.5,요미우리,요코베이,09.01(화) 18:00,"2.05,1.54",오버
2026-09-02T00:11:06+00:00,2026,103,8219,bs,NPB,홀짝,2,,요미우리,요코베이,09.01(화) 18:00,"1.64,1.99",홀
2026-09-02T00:11:06+00:00,2026,103,8220,bs,NPB,승패,2,,야쿠르트 2,6 한신,09.01(화) 18:00,"2.97,1.25",홈패
2026-09-02T00:11:06+00:00,2026,103,8221,bs,NPB,승①패,3,승①패,야쿠르트 2,6 한신,09.01(화) 18:00,"5.6,3.2,1.52",홈패
2026-09-02T00:11:06+00:00,2026,103,8222,bs,NPB,핸디캡,2,H +2.5,야쿠르트 4.5,6 한신,09.01(화) 18:00,"1.59,1.97",핸디패
2026-09-02T00:11:06+00:00,2026,103,8223,bs,NPB,언더오버,2,U 7.5,야쿠르트,한신,09.01(화) 18:00,"1.63,1.91",오버
2026-09-02T00:11:06+00:00,2026,103,8224,bs,NPB,홀짝,2,,야쿠르트,한신,09.01(화) 18:00,"1.66,1.97",짝
2026-09-02T00:11:06+00:00,2026,103,8225,bs,NPB,승패,2,,주니치 1,5 히로카프,09.01(화) 18:00,"1.55,2.04",홈패
2026-09-02T00:11:06+00:00,2026,103,8226,bs,NPB,승①패,3,승①패,주니치 1,5 히로카프,09.01(화) 18:00,"2.37,2.7,2.8",홈패
2026-09-02T00:11:06+00:00,2026,103,8227,bs,NPB,핸디캡,2,H -2.5,주니치 -1.5,5 히로카프,09.01(화) 18:00,"2.87,1.27",핸디패
2026-09-02T00:11:06+00:00,2026,103,8228,bs,NPB,언더오버,2,U 6.5,주니치,히로카프,09.01(화) 18:00,"1.65,1.89",언더
2026-09-02T00:11:06+00:00,2026,103,8229,bs,NPB,홀짝,2,,주니치,히로카프,09.01(화) 18:00,"1.64,1.99",짝
2026-09-02T00:11:06+00:00,2026,103,8230,bs,NPB,승패,2,,닛폰햄 2,1 소프트뱅,09.01(화) 18:00,"2.43,1.38",홈승
2026-09-02T00:11:06+00:00,2026,103,8231,bs,NPB,승①패,3,승①패,닛폰햄 2,1 소프트뱅,09.01(화) 18:00,"4.2,2.95,1.75",①
2026-09-02T00:11:06+00:00,2026,103,8232,bs,NPB,핸디캡,2,H +2.5,닛폰햄 4.5,1 소프트뱅,09.01(화) 18:00,"1.41,2.34",핸디승
2026-09-02T00:11:06+00:00,2026,103,8233,bs,NPB,언더오버,2,U 6.5,닛폰햄,소프트뱅,09.01(화) 18:00,"1.97,1.59",언더
2026-09-02T00:11:06+00:00,2026,103,8234,bs,NPB,홀짝,2,,닛폰햄,소프트뱅,09.01(화) 18:00,"1.65,1.98",홀
2026-09-02T00:11:06+00:00,2026,103,8235,bs,NPB,승패,2,,라쿠텐 5,1 오릭스,09.01(화) 18:00,"1.75,1.77",홈승
2026-09-02T00:11:06+00:00,2026,103,8236,bs,NPB,승①패,3,승①패,라쿠텐 5,1 오릭스,09.01(화) 18:00,"2.7,2.8,2.37",홈승
2026-09-02T00:11:06+00:00,2026,103,8237,bs,NPB,핸디캡,2,H -2.5,라쿠텐 2.5,1 오릭스,09.01(화) 18:00,"3.86,1.14",핸디승
2026-09-02T00:11:06+00:00,2026,103,8238,bs,NPB,언더오버,2,U 6.5,라쿠텐,오릭스,09.01(화) 18:00,"1.99,1.58",언더
2026-09-02T00:11:06+00:00,2026,103,8239,bs,NPB,홀짝,2,,라쿠텐,오릭스,09.01(화) 18:00,"1.64,1.99",짝
2026-09-02T00:11:06+00:00,2026,103,8240,bs,NPB,승패,2,,지바롯데 1,0 세이부,09.01(화) 18:00,"2.15,1.49",홈승
2026-09-02T00:11:06+00:00,2026,103,8241,bs,NPB,승①패,3,승①패,지바롯데 1,0 세이부,09.01(화) 18:00,"3.5,2.85,1.95",①
2026-09-02T00:11:06+00:00,2026,103,8242,bs,NPB,핸디캡,2,H +2.5,지바롯데 3.5,0 세이부,09.01(화) 18:00,"1.3,2.72",핸디승
2026-09-02T00:11:06+00:00,2026,103,8243,bs,NPB,언더오버,2,U 6.5,지바롯데,세이부,09.01(화) 18:00,"1.9,1.64",언더
2026-09-02T00:11:06+00:00,2026,103,8244,bs,NPB,홀짝,2,,지바롯데,세이부,09.01(화) 18:00,"1.64,1.99",홀
2026-09-02T00:11:06+00:00,2026,103,8245,bs,KBO,승패,2,,두산 1,3 LG,09.01(화) 18:30,"1.79,1.73",홈패
2026-09-02T00:11:06+00:00,2026,103,8246,bs,KBO,승①패,3,승①패,두산 1,3 LG,09.01(화) 18:30,"2.55,3.25,2.22",홈패
2026-09-02T00:11:06+00:00,2026,103,8247,bs,KBO,핸디캡,2,H +2.5,두산 3.5,3 LG,09.01(화) 18:30,"1.26,2.92",핸디승
2026-09-02T00:11:06+00:00,2026,103,8248,bs,KBO,언더오버,2,U 8.5,두산,LG,09.01(화) 18:30,"1.76,1.76",언더
2026-09-02T00:11:06+00:00,2026,103,8249,bs,KBO,홀짝,2,,두산,LG,09.01(화) 18:30,"1.62,2.03",짝
2026-09-02T00:11:06+00:00,2026,103,8250,bs,KBO,전반승무패,3,h(전반),두산 1,3 LG,09.01(화) 18:30,"2.1,5.4,2.05",홈패
2026-09-02T00:11:06+00:00,2026,103,8251,bs,KBO,전반핸디캡,2,h H +1.5,두산 2.5,3 LG,09.01(화) 18:30,"1.28,2.82",핸디패
2026-09-02T00:11:06+00:00,2026,103,8252,bs,KBO,전반언더오버,2,h U 4.5,두산,LG,09.01(화) 18:30,"1.78,1.74",언더
2026-09-02T00:11:06+00:00,2026,103,8253,bs,KBO,승패,2,,삼성 3,0 롯데,09.01(화) 18:30,"1.49,2.15",홈승
2026-09-02T00:11:06+00:00,2026,103,8254,bs,KBO,승①패,3,승①패,삼성 3,0 롯데,09.01(화) 18:30,"1.91,3.55,2.9",홈승
2026-09-02T00:11:06+00:00,2026,103,8255,bs,KBO,핸디캡,2,H -2.5,삼성 0.5,0 롯데,09.01(화) 18:30,"2.43,1.38",핸디승
2026-09-02T00:11:06+00:00,2026,103,8256,bs,KBO,언더오버,2,U 10.5,삼성,롯데,09.01(화) 18:30,"1.84,1.69",언더
2026-09-02T00:11:06+00:00,2026,103,8257,bs,KBO,홀짝,2,,삼성,롯데,09.01(화) 18:30,"1.61,2.04",홀
2026-09-02T00:11:06+00:00,2026,103,8258,bs,KBO,전반승무패,3,h(전반),삼성 2,0 롯데,09.01(화) 18:30,"1.71,6.8,2.4",홈승
2026-09-02T00:11:06+00:00,2026,103,8259,bs,KBO,전반핸디캡,2,h H -1.5,삼성 0.5,0 롯데,09.01(화) 18:30,"2.07,1.53",핸디승
2026-09-02T00:11:06+00:00,2026,103,8260,bs,KBO,전반언더오버,2,h U 5.5,삼성,롯데,09.01(화) 18:30,"1.85,1.68",언더
2026-09-02T00:11:06+00:00,2026,103,8261,bs,KBO,승패,2,,KT 6,1 한화,09.01(화) 18:30,"1.52,2.09",홈승
2026-09-02T00:11:06+00:00,2026,103,8262,bs,KBO,승①패,3,승①패,KT 6,1 한화,09.01(화) 18:30,"2.06,3.5,2.65",홈승
2026-09-02T00:11:06+00:00,2026,103,8263,bs,KBO,핸디캡,2,H -2.5,KT 3.5,1 한화,09.01(화) 18:30,"2.82,1.28",핸디승
2026-09-02T00:11:06+00:00,2026,103,8264,bs,KBO,언더오버,2,U 9.5,KT,한화,09.01(화) 18:30,"1.75,1.77",언더
2026-09-02T00:11:06+00:00,2026,103,8265,bs,KBO,홀짝,2,,KT,한화,09.01(화) 18:30,"1.61,2.04",홀
2026-09-02T00:11:06+00:00,2026,103,8266,bs,KBO,전반승무패,3,h(전반),KT 4,0 한화,09.01(화) 18:30,"1.77,6.3,2.35",홈승
2026-09-02T00:11:06+00:00,2026,103,8267,bs,KBO,전반핸디캡,2,h H -1.5,KT 2.5,0 한화,09.01(화) 18:30,"2.37,1.4",핸디승
2026-09-02T00:11:06+00:00,2026,103,8268,bs,KBO,전반언더오버,2,h U 4.5,KT,한화,09.01(화) 18:30,"1.99,1.58",언더
2026-09-02T00:11:06+00:00,2026,103,8269,bs,KBO,승패,2,,NC 7,2 KIA,09.01(화) 18:30,"1.93,1.62",홈승
2026-09-02T00:11:06+00:00,2026,103,8270,bs,KBO,승①패,3,승①패,NC 7,2 KIA,09.01(화) 18:30,"2.8,3.3,2.04",홈승
2026-09-02T00:11:06+00:00,2026,103,8271,bs,KBO,핸디캡,2,H +2.5,NC 9.5,2 KIA,09.01(화) 18:30,"1.4,2.37",핸디승
2026-09-02T00:11:06+00:00,2026,103,8272,bs,KBO,언더오버,2,U 9.5,NC,KIA,09.01(화) 18:30,"1.72,1.8",언더
2026-09-02T00:11:06+00:00,2026,103,8273,bs,KBO,홀짝,2,,NC,KIA,09.01(화) 18:30,"1.62,2.03",홀
2026-09-02T00:11:06+00:00,2026,103,8274,bs,KBO,전반승무패,3,h(전반),NC 3,1 KIA,09.01(화) 18:30,"2.25,5.6,1.9",홈승
2026-09-02T00:11:06+00:00,2026,103,8275,bs,KBO,전반핸디캡,2,h H +1.5,NC 4.5,1 KIA,09.01(화) 18:30,"1.36,2.49",핸디승
2026-09-02T00:11:06+00:00,2026,103,8276,bs,KBO,전반언더오버,2,h U 4.5,NC,KIA,09.01(화) 18:30,"1.91,1.63",언더
2026-09-02T00:11:06+00:00,2026,103,8277,bs,KBO,승패,2,,키움 0,4 SSG,09.01(화) 18:30,"1.7,1.82",홈패
2026-09-02T00:11:06+00:00,2026,103,8278,bs,KBO,승①패,3,승①패,키움 0,4 SSG,09.01(화) 18:30,"2.4,3.25,2.35",홈패
2026-09-02T00:11:06+00:00,2026,103,8279,bs,KBO,핸디캡,2,H -2.5,키움 -2.5,4 SSG,09.01(화) 18:30,"3.3,1.2",핸디패
2026-09-02T00:11:06+00:00,2026,103,8280,bs,KBO,언더오버,2,U 8.5,키움,SSG,09.01(화) 18:30,"1.78,1.74",언더
2026-09-02T00:11:06+00:00,2026,103,8281,bs,KBO,홀짝,2,,키움,SSG,09.01(화) 18:30,"1.62,2.03",짝
2026-09-02T00:11:06+00:00,2026,103,8282,bs,KBO,전반승무패,3,h(전반),키움 0,4 SSG,09.01(화) 18:30,"1.87,5.9,2.25",홈패
2026-09-02T00:11:06+00:00,2026,103,8283,bs,KBO,전반핸디캡,2,h H -1.5,키움 -1.5,4 SSG,09.01(화) 18:30,"2.64,1.32",핸디패
2026-09-02T00:11:06+00:00,2026,103,8284,bs,KBO,전반언더오버,2,h U 4.5,키움,SSG,09.01(화) 18:30,"1.76,1.76",언더
2026-09-02T00:11:06+00:00,2026,103,8293,sc,EFL챔,승무패,3,,링컨시티 0,0 블랙번R,09.02(수) 03:45,"2.18,3.0,2.8",무승부
2026-09-02T00:11:06+00:00,2026,103,8294,sc,EFL챔,핸디캡,3,H -1.0,링컨시티 -1,0 블랙번R,09.02(수) 03:45,"4.2,3.65,1.57",핸디패
2026-09-02T00:11:06+00:00,2026,103,8295,sc,EFL챔,언더오버,2,U 2.5,링컨시티,블랙번R,09.02(수) 03:45,"1.75,1.77",언더
2026-09-02T00:11:06+00:00,2026,103,8296,sc,EFL챔,홀짝,2,,링컨시티,블랙번R,09.02(수) 03:45,"1.81,1.79",짝
2026-09-02T00:11:06+00:00,2026,103,8297,sc,EFL챔,승무패,3,,포츠머스 0,2 더비카운,09.02(수) 03:45,"1.95,3.05,3.25",홈패
2026-09-02T00:11:06+00:00,2026,103,8298,sc,EFL챔,핸디캡,3,H -1.0,포츠머스 -1,2 더비카운,09.02(수) 03:45,"3.65,3.5,1.7",핸디패
2026-09-02T00:11:06+00:00,2026,103,8299,sc,EFL챔,언더오버,2,U 2.5,포츠머스,더비카운,09.02(수) 03:45,"1.63,1.91",언더
2026-09-02T00:11:06+00:00,2026,103,8300,sc,EFL챔,홀짝,2,,포츠머스,더비카운,09.02(수) 03:45,"1.81,1.79",짝
2026-09-02T00:11:06+00:00,2026,103,8301,sc,EFL챔,승무패,3,,프레스턴 1,3 브리스C,09.02(수) 03:45,"2.42,3.05,2.45",홈패
2026-09-02T00:11:06+00:00,2026,103,8302,sc,EFL챔,핸디캡,3,H -1.0,프레스턴 0,3 브리스C,09.02(수) 03:45,"5.4,4.0,1.4",핸디패
2026-09-02T00:11:06+00:00,2026,103,8303,sc,EFL챔,언더오버,2,U 2.5,프레스턴,브리스C,09.02(수) 03:45,"1.73,1.79",오버
2026-09-02T00:11:06+00:00,2026,103,8304,sc,EFL챔,홀짝,2,,프레스턴,브리스C,09.02(수) 03:45,"1.81,1.79",짝
2026-09-02T00:11:06+00:00,2026,103,8305,sc,EFL챔,승무패,3,,셰필드U 3,2 볼턴W,09.02(수) 03:45,"1.56,3.6,4.35",홈승
2026-09-02T00:11:06+00:00,2026,103,8306,sc,EFL챔,핸디캡,3,H -1.0,셰필드U 2,2 볼턴W,09.02(수) 03:45,"2.65,3.15,2.2",핸디무
2026-09-02T00:11:06+00:00,2026,103,8307,sc,EFL챔,언더오버,2,U 2.5,셰필드U,볼턴W,09.02(수) 03:45,"1.86,1.67",오버
2026-09-02T00:11:06+00:00,2026,103,8308,sc,EFL챔,홀짝,2,,셰필드U,볼턴W,09.02(수) 03:45,"1.81,1.79",홀
2026-09-02T00:11:06+00:00,2026,103,8309,sc,EFL챔,승무패,3,,스완지C 2,0 왓포드,09.02(수) 03:45,"1.78,3.2,3.65",홈승
2026-09-02T00:11:06+00:00,2026,103,8310,sc,EFL챔,핸디캡,3,H -1.0,스완지C 1,0 왓포드,09.02(수) 03:45,"3.2,3.25,1.89",핸디승
2026-09-02T00:11:06+00:00,2026,103,8311,sc,EFL챔,언더오버,2,U 2.5,스완지C,왓포드,09.02(수) 03:45,"1.77,1.75",언더
2026-09-02T00:11:06+00:00,2026,103,8312,sc,EFL챔,홀짝,2,,스완지C,왓포드,09.02(수) 03:45,"1.81,1.79",짝
2026-09-02T00:11:06+00:00,2026,103,8313,sc,EFL챔,승무패,3,,웨스트햄 4,2 울버햄튼,09.02(수) 03:45,"1.93,3.3,3.05",홈승
2026-09-02T00:11:06+00:00,2026,103,8314,sc,EFL챔,핸디캡,3,H -1.0,웨스트햄 3,2 울버햄튼,09.02(수) 03:45,"3.5,3.5,1.73",핸디승
2026-09-02T00:11:06+00:00,2026,103,8315,sc,EFL챔,언더오버,2,U 2.5,웨스트햄,울버햄튼,09.02(수) 03:45,"2.04,1.55",오버
2026-09-02T00:11:06+00:00,2026,103,8316,sc,EFL챔,홀짝,2,,웨스트햄,울버햄튼,09.02(수) 03:45,"1.81,1.79",짝
2026-09-02T00:11:06+00:00,2026,103,8317,sc,EFL챔,승무패,3,,버밍엄C 1,1 사우샘프,09.02(수) 04:00,"2.36,3.0,2.55",무승부
2026-09-02T00:11:06+00:00,2026,103,8318,sc,EFL챔,핸디캡,3,H -1.0,버밍엄C 0,1 사우샘프,09.02(수) 04:00,"4.65,3.75,1.5",핸디패
2026-09-02T00:11:06+00:00,2026,103,8319,sc,EFL챔,언더오버,2,U 2.5,버밍엄C,사우샘프,09.02(수) 04:00,"1.84,1.69",언더
2026-09-02T00:11:06+00:00,2026,103,8320,sc,EFL챔,홀짝,2,,버밍엄C,사우샘프,09.02(수) 04:00,"1.81,1.79",짝
2026-09-02T00:11:06+00:00,2026,103,8321,sc,EFL챔,승무패,3,,스토크C 1,0 노리치C,09.02(수) 04:00,"2.95,3.1,2.05",홈승
2026-09-02T00:11:06+00:00,2026,103,8322,sc,EFL챔,핸디캡,3,H +1.0,스토크C 2,0 노리치C,09.02(수) 04:00,"1.64,3.6,3.8",핸디승
2026-09-02T00:11:06+00:00,2026,103,8323,sc,EFL챔,언더오버,2,U 2.5,스토크C,노리치C,09.02(수) 04:00,"1.93,1.62",언더
2026-09-02T00:11:06+00:00,2026,103,8324,sc,EFL챔,홀짝,2,,스토크C,노리치C,09.02(수) 04:00,"1.81,1.79",홀
2026-09-02T00:11:06+00:00,2026,103,8325,sc,이탈FA컵,승무패,3,,토리노 0,1 AC몬차,09.02(수) 04:00,"1.71,3.2,3.95",홈패
2026-09-02T00:11:06+00:00,2026,103,8326,sc,이탈FA컵,핸디캡,3,H -1.0,토리노 -1,1 AC몬차,09.02(수) 04:00,"3.0,3.0,2.07",핸디패
2026-09-02T00:11:06+00:00,2026,103,8327,sc,이탈FA컵,언더오버,2,U 2.5,토리노,AC몬차,09.02(수) 04:00,"1.63,1.91",언더
2026-09-02T00:11:06+00:00,2026,103,8328,sc,이탈FA컵,홀짝,2,,토리노,AC몬차,09.02(수) 04:00,"1.81,1.79",홀
2026-09-02T00:11:06+00:00,2026,103,8329,bs,MLB,승패,2,,탬파레이 5,1 뉴욕메츠,09.02(수) 07:40,"1.6,1.96",6회말
2026-09-02T00:11:06+00:00,2026,103,8330,bs,MLB,승①패,3,승①패,탬파레이 5,1 뉴욕메츠,09.02(수) 07:40,"2.26,3.25,2.5",6회말
2026-09-02T00:11:06+00:00,2026,103,8331,bs,MLB,핸디캡,2,H -2.5,탬파레이 2.5,1 뉴욕메츠,09.02(수) 07:40,"3.09,1.23",6회말
2026-09-02T00:11:06+00:00,2026,103,8332,bs,MLB,언더오버,2,U 7.5,탬파레이,뉴욕메츠,09.02(수) 07:40,"1.8,1.72",6회말
2026-09-02T00:11:06+00:00,2026,103,8333,bs,MLB,홀짝,2,,탬파레이,뉴욕메츠,09.02(수) 07:40,"1.58,2.09",6회말
2026-09-02T00:11:06+00:00,2026,103,8334,bs,MLB,승패,2,,피츠파이 11,5 샌프자이,09.02(수) 07:40,"1.46,2.22",4회초
2026-09-02T00:11:06+00:00,2026,103,8335,bs,MLB,승①패,3,승①패,피츠파이 11,5 샌프자이,09.02(수) 07:40,"2.01,3.25,2.9",4회초
2026-09-02T00:11:06+00:00,2026,103,8336,bs,MLB,핸디캡,2,H -2.5,피츠파이 8.5,5 샌프자이,09.02(수) 07:40,"2.72,1.3",4회초
2026-09-02T00:11:06+00:00,2026,103,8337,bs,MLB,언더오버,2,U 7.5,피츠파이,샌프자이,09.02(수) 07:40,"1.68,1.85",4회초
2026-09-02T00:11:06+00:00,2026,103,8338,bs,MLB,홀짝,2,,피츠파이,샌프자이,09.02(수) 07:40,"1.58,2.09",4회초
2026-09-02T00:11:06+00:00,2026,103,8339,bs,MLB,승패,2,,클리가디 2,1 토론블루,09.02(수) 07:40,"1.44,2.26",5회말
2026-09-02T00:11:06+00:00,2026,103,8340,bs,MLB,승①패,3,승①패,클리가디 2,1 토론블루,09.02(수) 07:40,"1.95,3.35,2.95",5회말
2026-09-02T00:11:06+00:00,2026,103,8341,bs,MLB,핸디캡,2,H -2.5,클리가디 -0.5,1 토론블루,09.02(수) 07:40,"2.64,1.32",5회말
2026-09-02T00:11:06+00:00,2026,103,8342,bs,MLB,언더오버,2,U 7.5,클리가디,토론블루,09.02(수) 07:40,"1.86,1.67",5회말
2026-09-02T00:11:06+00:00,2026,103,8343,bs,MLB,홀짝,2,,클리가디,토론블루,09.02(수) 07:40,"1.59,2.07",5회말
2026-09-02T00:11:06+00:00,2026,103,8344,bs,MLB,승패,2,,신시레즈 2,2 샌디파드,09.02(수) 07:40,"2.02,1.56",5회말
2026-09-02T00:11:06+00:00,2026,103,8345,bs,MLB,승①패,3,승①패,신시레즈 2,2 샌디파드,09.02(수) 07:40,"3.0,3.4,1.92",5회말
2026-09-02T00:11:06+00:00,2026,103,8346,bs,MLB,핸디캡,2,H +2.5,신시레즈 4.5,2 샌디파드,09.02(수) 07:40,"1.36,2.49",5회말
2026-09-02T00:11:06+00:00,2026,103,8347,bs,MLB,언더오버,2,U 9.5,신시레즈,샌디파드,09.02(수) 07:40,"1.73,1.79",5회말
2026-09-02T00:11:06+00:00,2026,103,8348,bs,MLB,홀짝,2,,신시레즈,샌디파드,09.02(수) 07:40,"1.59,2.07",5회말
2026-09-02T00:11:06+00:00,2026,103,8349,bs,MLB,승패,2,,워싱내셔 5,2 애틀브레,09.02(수) 07:45,"2.29,1.43",5회초
2026-09-02T00:11:06+00:00,2026,103,8350,bs,MLB,승①패,3,승①패,워싱내셔 5,2 애틀브레,09.02(수) 07:45,"3.55,3.5,1.72",5회초
2026-09-02T00:11:06+00:00,2026,103,8351,bs,MLB,핸디캡,2,H +2.5,워싱내셔 7.5,2 애틀브레,09.02(수) 07:45,"1.48,2.17",5회초
2026-09-02T00:11:06+00:00,2026,103,8352,bs,MLB,언더오버,2,U 9.5,워싱내셔,애틀브레,09.02(수) 07:45,"1.87,1.66",5회초
2026-09-02T00:11:06+00:00,2026,103,8353,bs,MLB,홀짝,2,,워싱내셔,애틀브레,09.02(수) 07:45,"1.6,2.06",5회초
2026-09-02T00:11:06+00:00,2026,103,8354,bs,MLB,승패,2,,보스레드 1,8 시애매리,09.02(수) 07:45,"1.61,1.94",4회말
2026-09-02T00:11:06+00:00,2026,103,8355,bs,MLB,승①패,3,승①패,보스레드 1,8 시애매리,09.02(수) 07:45,"2.29,3.2,2.5",4회말
2026-09-02T00:11:06+00:00,2026,103,8356,bs,MLB,핸디캡,2,H -2.5,보스레드 -1.5,8 시애매리,09.02(수) 07:45,"3.16,1.22",4회말
2026-09-02T00:11:06+00:00,2026,103,8357,bs,MLB,언더오버,2,U 7.5,보스레드,시애매리,09.02(수) 07:45,"1.73,1.79",4회말
2026-09-02T00:11:06+00:00,2026,103,8358,bs,MLB,홀짝,2,,보스레드,시애매리,09.02(수) 07:45,"1.58,2.09",4회말
2026-09-02T00:11:06+00:00,2026,103,8359,bs,MLB,승패,2,,미네트윈 1,1 디트타이,09.02(수) 08:40,"1.77,1.75",2회초
2026-09-02T00:11:06+00:00,2026,103,8360,bs,MLB,승①패,3,승①패,미네트윈 1,1 디트타이,09.02(수) 08:40,"2.55,3.3,2.2",2회초
2026-09-02T00:11:06+00:00,2026,103,8361,bs,MLB,핸디캡,2,H +2.5,미네트윈 3.5,1 디트타이,09.02(수) 08:40,"1.26,2.92",2회초
2026-09-02T00:11:06+00:00,2026,103,8362,bs,MLB,언더오버,2,U 8.5,미네트윈,디트타이,09.02(수) 08:40,"1.81,1.71",2회초
2026-09-02T00:11:06+00:00,2026,103,8363,bs,MLB,홀짝,2,,미네트윈,디트타이,09.02(수) 08:40,"1.59,2.07",2회초
2026-09-02T00:11:06+00:00,2026,103,8364,bs,MLB,승패,2,,캔자로얄 0,2 마이말린,09.02(수) 08:40,"1.67,1.86",3회초
2026-09-02T00:11:06+00:00,2026,103,8365,bs,MLB,승①패,3,승①패,캔자로얄 0,2 마이말린,09.02(수) 08:40,"2.33,3.4,2.35",3회초
2026-09-02T00:11:06+00:00,2026,103,8366,bs,MLB,핸디캡,2,H -2.5,캔자로얄 -2.5,2 마이말린,09.02(수) 08:40,"3.16,1.22",3회초
2026-09-02T00:11:06+00:00,2026,103,8367,bs,MLB,언더오버,2,U 9.5,캔자로얄,마이말린,09.02(수) 08:40,"1.87,1.66",3회초
2026-09-02T00:11:06+00:00,2026,103,8368,bs,MLB,홀짝,2,,캔자로얄,마이말린,09.02(수) 08:40,"1.59,2.07",3회초
2026-09-02T00:11:06+00:00,2026,103,8369,bs,MLB,승패,2,,시카컵스 0,0 밀워브루,09.02(수) 08:40,"1.67,1.86",2회말
2026-09-02T00:11:06+00:00,2026,103,8370,bs,MLB,승①패,3,승①패,시카컵스 0,0 밀워브루,09.02(수) 08:40,"2.35,3.4,2.33",2회말
2026-09-02T00:11:06+00:00,2026,103,8371,bs,MLB,핸디캡,2,H -2.5,시카컵스 -2.5,0 밀워브루,09.02(수) 08:40,"3.23,1.21",2회말
2026-09-02T00:11:06+00:00,2026,103,8372,bs,MLB,언더오버,2,U 10.5,시카컵스,밀워브루,09.02(수) 08:40,"1.68,1.85",2회말
2026-09-02T00:11:06+00:00,2026,103,8373,bs,MLB,홀짝,2,,시카컵스,밀워브루,09.02(수) 08:40,"1.59,2.07",2회말
2026-09-02T00:11:06+00:00,2026,103,8374,bs,MLB,승패,2,,텍사레인 0,0 애슬레틱,09.02(수) 09:05,"1.39,2.4",1회초
2026-09-02T00:11:06+00:00,2026,103,8375,bs,MLB,승①패,3,승①패,텍사레인 0,0 애슬레틱,09.02(수) 09:05,"1.86,3.35,3.2",1회초
2026-09-02T00:11:06+00:00,2026,103,8376,bs,MLB,핸디캡,2,H -2.5,텍사레인 -2.5,0 애슬레틱,09.02(수) 09:05,"2.49,1.36",1회초
2026-09-02T00:11:06+00:00,2026,103,8377,bs,MLB,언더오버,2,U 7.5,텍사레인,애슬레틱,09.02(수) 09:05,"1.68,1.85",1회초
2026-09-02T00:11:06+00:00,2026,103,8378,bs,MLB,홀짝,2,,텍사레인,애슬레틱,09.02(수) 09:05,"1.59,2.07",1회초
2026-09-02T00:11:06+00:00,2026,103,8379,bs,MLB,승패,2,,휴스애스 0,0 시카화이,09.02(수) 09:10,"1.82,1.7",1회초
2026-09-02T00:11:06+00:00,2026,103,8380,bs,MLB,승①패,3,승①패,휴스애스 0,0 시카화이,09.02(수) 09:10,"2.65,3.3,2.13",1회초
2026-09-02T00:11:06+00:00,2026,103,8381,bs,MLB,핸디캡,2,H +2.5,휴스애스 2.5,0 시카화이,09.02(수) 09:10,"1.28,2.82",1회초
2026-09-02T00:11:06+00:00,2026,103,8382,bs,MLB,언더오버,2,U 8.5,휴스애스,시카화이,09.02(수) 09:10,"1.78,1.74",1회초
2026-09-02T00:11:06+00:00,2026,103,8383,bs,MLB,홀짝,2,,휴스애스,시카화이,09.02(수) 09:10,"1.59,2.07",1회초
2026-09-02T00:11:06+00:00,2026,103,8384,bs,MLB,승패,2,,콜로로키,볼티오리,09.02(수) 09:40,"2.05,1.54",경기전
2026-09-02T00:11:06+00:00,2026,103,8385,bs,MLB,승①패,3,승①패,콜로로키,볼티오리,09.02(수) 09:40,"3.1,3.5,1.85",경기전
2026-09-02T00:11:06+00:00,2026,103,8386,bs,MLB,핸디캡,2,H +2.5,콜로로키,볼티오리,09.02(수) 09:40,"1.4,2.37",경기전
2026-09-02T00:11:06+00:00,2026,103,8387,bs,MLB,언더오버,2,U 11.5,콜로로키,볼티오리,09.02(수) 09:40,"1.65,1.89",경기전
2026-09-02T00:11:06+00:00,2026,103,8388,bs,MLB,홀짝,2,,콜로로키,볼티오리,09.02(수) 09:40,"1.6,2.06",경기전
2026-09-02T00:11:06+00:00,2026,103,8389,bs,MLB,승패,2,,LA에인절,뉴욕양키,09.02(수) 10:38,"2.4,1.39",경기전
2026-09-02T00:11:06+00:00,2026,103,8390,bs,MLB,승①패,3,승①패,LA에인절,뉴욕양키,09.02(수) 10:38,"3.85,3.35,1.69",경기전
2026-09-02T00:11:06+00:00,2026,103,8391,bs,MLB,핸디캡,2,H +2.5,LA에인절,뉴욕양키,09.02(수) 10:38,"1.48,2.17",경기전
2026-09-02T00:11:06+00:00,2026,103,8392,bs,MLB,언더오버,2,U 7.5,LA에인절,뉴욕양키,09.02(수) 10:38,"1.79,1.73",경기전
2026-09-02T00:11:06+00:00,2026,103,8393,bs,MLB,홀짝,2,,LA에인절,뉴욕양키,09.02(수) 10:38,"1.59,2.07",경기전
2026-09-02T00:11:06+00:00,2026,103,8394,bs,MLB,승패,2,,애리다이,필라필리,09.02(수) 10:40,"2.02,1.56",경기전
2026-09-02T00:11:06+00:00,2026,103,8395,bs,MLB,승①패,3,승①패,애리다이,필라필리,09.02(수) 10:40,"3.05,3.25,1.95",경기전
2026-09-02T00:11:06+00:00,2026,103,8396,bs,MLB,핸디캡,2,H +2.5,애리다이,필라필리,09.02(수) 10:40,"1.34,2.56",경기전
2026-09-02T00:11:06+00:00,2026,103,8397,bs,MLB,언더오버,2,U 7.5,애리다이,필라필리,09.02(수) 10:40,"1.79,1.73",경기전
2026-09-02T00:11:06+00:00,2026,103,8398,bs,MLB,홀짝,2,,애리다이,필라필리,09.02(수) 10:40,"1.58,2.09",경기전
2026-09-02T00:11:06+00:00,2026,103,8399,bs,MLB,승패,2,,LA다저스,세인카디,09.02(수) 11:10,"1.42,2.31",경기전
2026-09-02T00:11:06+00:00,2026,103,8400,bs,MLB,승①패,3,승①패,LA다저스,세인카디,09.02(수) 11:10,"1.88,3.45,3.05",경기전
2026-09-02T00:11:06+00:00,2026,103,8401,bs,MLB,핸디캡,2,H -2.5,LA다저스,세인카디,09.02(수) 11:10,"2.49,1.36",경기전
2026-09-02T00:11:06+00:00,2026,103,8402,bs,MLB,언더오버,2,U 8.5,LA다저스,세인카디,09.02(수) 11:10,"1.93,1.62",경기전
2026-09-02T00:11:06+00:00,2026,103,8403,bs,MLB,홀짝,2,,LA다저스,세인카디,09.02(수) 11:10,"1.6,2.06",경기전
2026-09-02T00:11:06+00:00,2026,103,8404,bs,MLB,전반승무패,3,h(전반),LA다저스,세인카디,09.02(수) 11:10,"1.68,6.2,2.55",경기전
2026-09-02T00:11:06+00:00,2026,103,8405,bs,MLB,전반핸디캡,2,h H -1.5,LA다저스,세인카디,09.02(수) 11:10,"2.34,1.41",경기전
2026-09-02T00:11:06+00:00,2026,103,8406,bs,MLB,전반언더오버,2,h U 4.5,LA다저스,세인카디,09.02(수) 11:10,"1.97,1.59",경기전
2026-09-02T00:11:06+00:00,2026,103,8476,sc,J1리그,승무패,3,,미토홀리,가시마A,09.02(수) 19:00,"3.3,3.1,1.91",경기전
2026-09-02T00:11:06+00:00,2026,103,8477,sc,J1리그,핸디캡,3,H +1.0,미토홀리,가시마A,09.02(수) 19:00,"1.7,3.4,3.75",경기전
2026-09-02T00:11:06+00:00,2026,103,8478,sc,J1리그,언더오버,2,U 2.5,미토홀리,가시마A,09.02(수) 19:00,"1.66,1.87",경기전
2026-09-02T00:11:06+00:00,2026,103,8479,sc,J1리그,홀짝,2,,미토홀리,가시마A,09.02(수) 19:00,"1.81,1.79",경기전
2026-09-02T00:11:06+00:00,2026,103,8480,sc,J1리그,승무패,3,,제프유나,오카야마,09.02(수) 19:00,"3.35,3.1,1.89",경기전
2026-09-02T00:11:06+00:00,2026,103,8481,sc,J1리그,핸디캡,3,H +1.0,제프유나,오카야마,09.02(수) 19:00,"1.72,3.35,3.7",경기전
2026-09-02T00:11:06+00:00,2026,103,8482,sc,J1리그,언더오버,2,U 2.5,제프유나,오카야마,09.02(수) 19:00,"1.69,1.84",경기전
2026-09-02T00:11:06+00:00,2026,103,8483,sc,J1리그,홀짝,2,,제프유나,오카야마,09.02(수) 19:00,"1.81,1.79",경기전
2026-09-02T00:11:06+00:00,2026,103,8484,sc,J1리그,승무패,3,,도쿄베르,비셀고베,09.02(수) 19:00,"3.6,2.85,1.92",경기전
2026-09-02T00:11:06+00:00,2026,103,8485,sc,J1리그,핸디캡,3,H +1.0,도쿄베르,비셀고베,09.02(수) 19:00,"1.71,3.2,3.95",경기전
2026-09-02T00:11:06+00:00,2026,103,8486,sc,J1리그,언더오버,2,U 2.5,도쿄베르,비셀고베,09.02(수) 19:00,"1.43,2.29",경기전
2026-09-02T00:11:06+00:00,2026,103,8487,sc,J1리그,홀짝,2,,도쿄베르,비셀고베,09.02(수) 19:00,"1.82,1.78",경기전
2026-09-02T00:11:06+00:00,2026,103,8488,sc,J1리그,승무패,3,,마치다Z,가와사키,09.02(수) 19:00,"1.83,3.25,3.4",경기전
2026-09-02T00:11:06+00:00,2026,103,8489,sc,J1리그,핸디캡,3,H -1.0,마치다Z,가와사키,09.02(수) 19:00,"3.4,3.4,1.78",경기전
2026-09-02T00:11:06+00:00,2026,103,8490,sc,J1리그,언더오버,2,U 2.5,마치다Z,가와사키,09.02(수) 19:00,"1.82,1.7",경기전
2026-09-02T00:11:06+00:00,2026,103,8491,sc,J1리그,홀짝,2,,마치다Z,가와사키,09.02(수) 19:00,"1.81,1.79",경기전
2026-09-02T00:11:06+00:00,2026,103,8492,sc,J1리그,승무패,3,,요코마리,교토상가,09.02(수) 19:00,"2.03,3.1,3.0",경기전
2026-09-02T00:11:06+00:00,2026,103,8493,sc,J1리그,핸디캡,3,H -1.0,요코마리,교토상가,09.02(수) 19:00,"4.05,3.5,1.62",경기전
2026-09-02T00:11:06+00:00,2026,103,8494,sc,J1리그,언더오버,2,U 2.5,요코마리,교토상가,09.02(수) 19:00,"1.69,1.84",경기전
2026-09-02T00:11:06+00:00,2026,103,8495,sc,J1리그,홀짝,2,,요코마리,교토상가,09.02(수) 19:00,"1.81,1.79",경기전
2026-09-02T00:11:06+00:00,2026,103,8496,sc,J1리그,승무패,3,,시미즈S,FC도쿄,09.02(수) 19:00,"3.25,3.1,1.93",경기전
2026-09-02T00:11:06+00:00,2026,103,8497,sc,J1리그,핸디캡,3,H +1.0,시미즈S,FC도쿄,09.02(수) 19:00,"1.7,3.4,3.75",경기전
2026-09-02T00:11:06+00:00,2026,103,8498,sc,J1리그,언더오버,2,U 2.5,시미즈S,FC도쿄,09.02(수) 19:00,"1.67,1.86",경기전
2026-09-02T00:11:06+00:00,2026,103,8499,sc,J1리그,홀짝,2,,시미즈S,FC도쿄,09.02(수) 19:00,"1.81,1.79",경기전
2026-09-02T00:11:06+00:00,2026,103,8500,sc,J1리그,승무패,3,,C오사카,가시와R,09.02(수) 19:00,"2.7,3.15,2.17",경기전
2026-09-02T00:11:06+00:00,2026,103,8501,sc,J1리그,핸디캡,3,H +1.0,C오사카,가시와R,09.02(수) 19:00,"1.55,3.7,4.25",경기전
2026-09-02T00:11:06+00:00,2026,103,8502,sc,J1리그,언더오버,2,U 2.5,C오사카,가시와R,09.02(수) 19:00,"1.84,1.69",경기전
2026-09-02T00:11:06+00:00,2026,103,8503,sc,J1리그,홀짝,2,,C오사카,가시와R,09.02(수) 19:00,"1.81,1.79",경기전
2026-09-02T00:11:06+00:00,2026,103,8504,sc,J1리그,승무패,3,,산프히로,나고야G,09.02(수) 19:00,"1.44,3.8,5.2",경기전
2026-09-02T00:11:06+00:00,2026,103,8505,sc,J1리그,핸디캡,3,H -1.0,산프히로,나고야G,09.02(수) 19:00,"2.3,3.35,2.4",경기전
2026-09-02T00:11:06+00:00,2026,103,8506,sc,J1리그,언더오버,2,U 2.5,산프히로,나고야G,09.02(수) 19:00,"2.11,1.51",경기전
2026-09-02T00:11:06+00:00,2026,103,8507,sc,J1리그,홀짝,2,,산프히로,나고야G,09.02(수) 19:00,"1.8,1.8",경기전
2026-09-02T00:11:06+00:00,2026,103,8508,sc,J1리그,승무패,3,,후쿠오카,우라와R,09.02(수) 19:00,"2.2,2.9,2.85",경기전
2026-09-02T00:11:06+00:00,2026,103,8509,sc,J1리그,핸디캡,3,H -1.0,후쿠오카,우라와R,09.02(수) 19:00,"4.75,3.55,1.52",경기전
2026-09-02T00:11:06+00:00,2026,103,8510,sc,J1리그,언더오버,2,U 2.5,후쿠오카,우라와R,09.02(수) 19:00,"1.51,2.11",경기전
2026-09-02T00:11:06+00:00,2026,103,8511,sc,J1리그,홀짝,2,,후쿠오카,우라와R,09.02(수) 19:00,"1.82,1.78",경기전
2026-09-02T00:11:06+00:00,2026,103,8512,sc,J1리그,승무패,3,,V바렌나,G오사카,09.02(수) 19:00,"3.05,3.2,1.96",경기전
2026-09-02T00:11:06+00:00,2026,103,8513,sc,J1리그,핸디캡,3,H +1.0,V바렌나,G오사카,09.02(수) 19:00,"1.66,3.55,3.75",경기전
2026-09-02T00:11:06+00:00,2026,103,8514,sc,J1리그,언더오버,2,U 2.5,V바렌나,G오사카,09.02(수) 19:00,"1.84,1.69",경기전
2026-09-02T00:11:06+00:00,2026,103,8515,sc,J1리그,홀짝,2,,V바렌나,G오사카,09.02(수) 19:00,"1.81,1.79",경기전
2026-09-02T00:11:06+00:00,2026,103,8520,sc,이탈FA컵,승무패,3,,사수올로,프로시노,09.02(수) 22:00,"1.72,3.35,3.7",경기전
2026-09-02T00:11:06+00:00,2026,103,8521,sc,이탈FA컵,핸디캡,3,H -1.0,사수올로,프로시노,09.02(수) 22:00,"3.1,3.4,1.88",경기전
2026-09-02T00:11:06+00:00,2026,103,8522,sc,이탈FA컵,언더오버,2,U 2.5,사수올로,프로시노,09.02(수) 22:00,"1.69,1.84",경기전
2026-09-02T00:11:06+00:00,2026,103,8523,sc,이탈FA컵,홀짝,2,,사수올로,프로시노,09.02(수) 22:00,"1.81,1.79",경기전
2026-09-02T00:11:06+00:00,2026,104,8359,bs,MLB,승패,2,,미네트윈 1,1 디트타이,09.02(수) 08:40,"1.77,1.75",2회초
2026-09-02T00:11:06+00:00,2026,104,8360,bs,MLB,승①패,3,승①패,미네트윈 1,1 디트타이,09.02(수) 08:40,"2.55,3.3,2.2",2회초
2026-09-02T00:11:06+00:00,2026,104,8361,bs,MLB,핸디캡,2,H +2.5,미네트윈 3.5,1 디트타이,09.02(수) 08:40,"1.26,2.92",2회초
2026-09-02T00:11:06+00:00,2026,104,8362,bs,MLB,언더오버,2,U 8.5,미네트윈,디트타이,09.02(수) 08:40,"1.81,1.71",2회초
2026-09-02T00:11:06+00:00,2026,104,8363,bs,MLB,홀짝,2,,미네트윈,디트타이,09.02(수) 08:40,"1.59,2.07",2회초
2026-09-02T00:11:06+00:00,2026,104,8364,bs,MLB,승패,2,,캔자로얄 0,2 마이말린,09.02(수) 08:40,"1.67,1.86",3회초
2026-09-02T00:11:06+00:00,2026,104,8365,bs,MLB,승①패,3,승①패,캔자로얄 0,2 마이말린,09.02(수) 08:40,"2.33,3.4,2.35",3회초
2026-09-02T00:11:06+00:00,2026,104,8366,bs,MLB,핸디캡,2,H -2.5,캔자로얄 -2.5,2 마이말린,09.02(수) 08:40,"3.16,1.22",3회초
2026-09-02T00:11:06+00:00,2026,104,8367,bs,MLB,언더오버,2,U 9.5,캔자로얄,마이말린,09.02(수) 08:40,"1.87,1.66",3회초
2026-09-02T00:11:06+00:00,2026,104,8368,bs,MLB,홀짝,2,,캔자로얄,마이말린,09.02(수) 08:40,"1.59,2.07",3회초
2026-09-02T00:11:06+00:00,2026,104,8369,bs,MLB,승패,2,,시카컵스 0,0 밀워브루,09.02(수) 08:40,"1.67,1.86",2회말
2026-09-02T00:11:06+00:00,2026,104,8370,bs,MLB,승①패,3,승①패,시카컵스 0,0 밀워브루,09.02(수) 08:40,"2.35,3.4,2.33",2회말
2026-09-02T00:11:06+00:00,2026,104,8371,bs,MLB,핸디캡,2,H -2.5,시카컵스 -2.5,0 밀워브루,09.02(수) 08:40,"3.23,1.21",2회말
2026-09-02T00:11:06+00:00,2026,104,8372,bs,MLB,언더오버,2,U 10.5,시카컵스,밀워브루,09.02(수) 08:40,"1.68,1.85",2회말
2026-09-02T00:11:06+00:00,2026,104,8373,bs,MLB,홀짝,2,,시카컵스,밀워브루,09.02(수) 08:40,"1.59,2.07",2회말
2026-09-02T00:11:06+00:00,2026,104,8374,bs,MLB,승패,2,,텍사레인 0,0 애슬레틱,09.02(수) 09:05,"1.39,2.4",1회초
2026-09-02T00:11:06+00:00,2026,104,8375,bs,MLB,승①패,3,승①패,텍사레인 0,0 애슬레틱,09.02(수) 09:05,"1.86,3.35,3.2",1회초
2026-09-02T00:11:06+00:00,2026,104,8376,bs,MLB,핸디캡,2,H -2.5,텍사레인 -2.5,0 애슬레틱,09.02(수) 09:05,"2.49,1.36",1회초
2026-09-02T00:11:06+00:00,2026,104,8377,bs,MLB,언더오버,2,U 7.5,텍사레인,애슬레틱,09.02(수) 09:05,"1.68,1.85",1회초
2026-09-02T00:11:06+00:00,2026,104,8378,bs,MLB,홀짝,2,,텍사레인,애슬레틱,09.02(수) 09:05,"1.59,2.07",1회초
2026-09-02T00:11:06+00:00,2026,104,8379,bs,MLB,승패,2,,휴스애스 0,0 시카화이,09.02(수) 09:10,"1.82,1.7",1회초
2026-09-02T00:11:06+00:00,2026,104,8380,bs,MLB,승①패,3,승①패,휴스애스 0,0 시카화이,09.02(수) 09:10,"2.65,3.3,2.13",1회초
2026-09-02T00:11:06+00:00,2026,104,8381,bs,MLB,핸디캡,2,H +2.5,휴스애스 2.5,0 시카화이,09.02(수) 09:10,"1.28,2.82",1회초
2026-09-02T00:11:06+00:00,2026,104,8382,bs,MLB,언더오버,2,U 8.5,휴스애스,시카화이,09.02(수) 09:10,"1.78,1.74",1회초
2026-09-02T00:11:06+00:00,2026,104,8383,bs,MLB,홀짝,2,,휴스애스,시카화이,09.02(수) 09:10,"1.59,2.07",1회초
2026-09-02T00:11:06+00:00,2026,104,8384,bs,MLB,승패,2,,콜로로키,볼티오리,09.02(수) 09:40,"2.05,1.54",경기전
2026-09-02T00:11:06+00:00,2026,104,8385,bs,MLB,승①패,3,승①패,콜로로키,볼티오리,09.02(수) 09:40,"3.1,3.5,1.85",경기전
2026-09-02T00:11:06+00:00,2026,104,8386,bs,MLB,핸디캡,2,H +2.5,콜로로키,볼티오리,09.02(수) 09:40,"1.4,2.37",경기전
2026-09-02T00:11:06+00:00,2026,104,8387,bs,MLB,언더오버,2,U 11.5,콜로로키,볼티오리,09.02(수) 09:40,"1.65,1.89",경기전
2026-09-02T00:11:06+00:00,2026,104,8388,bs,MLB,홀짝,2,,콜로로키,볼티오리,09.02(수) 09:40,"1.6,2.06",경기전
2026-09-02T00:11:06+00:00,2026,104,8389,bs,MLB,승패,2,,LA에인절,뉴욕양키,09.02(수) 10:38,"2.4,1.39",경기전
2026-09-02T00:11:06+00:00,2026,104,8390,bs,MLB,승①패,3,승①패,LA에인절,뉴욕양키,09.02(수) 10:38,"3.85,3.35,1.69",경기전
2026-09-02T00:11:06+00:00,2026,104,8391,bs,MLB,핸디캡,2,H +2.5,LA에인절,뉴욕양키,09.02(수) 10:38,"1.48,2.17",경기전
2026-09-02T00:11:06+00:00,2026,104,8392,bs,MLB,언더오버,2,U 7.5,LA에인절,뉴욕양키,09.02(수) 10:38,"1.79,1.73",경기전
2026-09-02T00:11:06+00:00,2026,104,8393,bs,MLB,홀짝,2,,LA에인절,뉴욕양키,09.02(수) 10:38,"1.59,2.07",경기전
2026-09-02T00:11:06+00:00,2026,104,8394,bs,MLB,승패,2,,애리다이,필라필리,09.02(수) 10:40,"2.02,1.56",경기전
2026-09-02T00:11:06+00:00,2026,104,8395,bs,MLB,승①패,3,승①패,애리다이,필라필리,09.02(수) 10:40,"3.05,3.25,1.95",경기전
2026-09-02T00:11:06+00:00,2026,104,8396,bs,MLB,핸디캡,2,H +2.5,애리다이,필라필리,09.02(수) 10:40,"1.34,2.56",경기전
2026-09-02T00:11:06+00:00,2026,104,8397,bs,MLB,언더오버,2,U 7.5,애리다이,필라필리,09.02(수) 10:40,"1.79,1.73",경기전
2026-09-02T00:11:06+00:00,2026,104,8398,bs,MLB,홀짝,2,,애리다이,필라필리,09.02(수) 10:40,"1.58,2.09",경기전
2026-09-02T00:11:06+00:00,2026,104,8399,bs,MLB,승패,2,,LA다저스,세인카디,09.02(수) 11:10,"1.42,2.31",경기전
2026-09-02T00:11:06+00:00,2026,104,8400,bs,MLB,승①패,3,승①패,LA다저스,세인카디,09.02(수) 11:10,"1.88,3.45,3.05",경기전
2026-09-02T00:11:06+00:00,2026,104,8401,bs,MLB,핸디캡,2,H -2.5,LA다저스,세인카디,09.02(수) 11:10,"2.49,1.36",경기전
2026-09-02T00:11:06+00:00,2026,104,8402,bs,MLB,언더오버,2,U 8.5,LA다저스,세인카디,09.02(수) 11:10,"1.93,1.62",경기전
2026-09-02T00:11:06+00:00,2026,104,8403,bs,MLB,홀짝,2,,LA다저스,세인카디,09.02(수) 11:10,"1.6,2.06",경기전
2026-09-02T00:11:06+00:00,2026,104,8404,bs,MLB,전반승무패,3,h(전반),LA다저스,세인카디,09.02(수) 11:10,"1.68,6.2,2.55",경기전
2026-09-02T00:11:06+00:00,2026,104,8405,bs,MLB,전반핸디캡,2,h H -1.5,LA다저스,세인카디,09.02(수) 11:10,"2.34,1.41",경기전
2026-09-02T00:11:06+00:00,2026,104,8406,bs,MLB,전반언더오버,2,h U 4.5,LA다저스,세인카디,09.02(수) 11:10,"1.97,1.59",경기전
2026-09-02T00:11:06+00:00,2026,104,8407,bs,NPB,승패,2,,요미우리,요코베이,09.02(수) 18:00,"1.91,1.63",경기전
2026-09-02T00:11:06+00:00,2026,104,8408,bs,NPB,승①패,3,승①패,요미우리,요코베이,09.02(수) 18:00,"3.15,2.65,2.2",경기전
2026-09-02T00:11:06+00:00,2026,104,8409,bs,NPB,핸디캡,2,H +2.5,요미우리,요코베이,09.02(수) 18:00,"1.24,3.03",경기전
2026-09-02T00:11:06+00:00,2026,104,8410,bs,NPB,언더오버,2,U 6.5,요미우리,요코베이,09.02(수) 18:00,"1.65,1.89",경기전
2026-09-02T00:11:06+00:00,2026,104,8411,bs,NPB,홀짝,2,,요미우리,요코베이,09.02(수) 18:00,"1.64,1.99",경기전
2026-09-02T00:11:06+00:00,2026,104,8412,bs,NPB,승패,2,,야쿠르트,한신,09.02(수) 18:00,"1.96,1.6",경기전
2026-09-02T00:11:06+00:00,2026,104,8413,bs,NPB,승①패,3,승①패,야쿠르트,한신,09.02(수) 18:00,"3.1,2.9,2.07",경기전
2026-09-02T00:11:06+00:00,2026,104,8414,bs,NPB,핸디캡,2,H +2.5,야쿠르트,한신,09.02(수) 18:00,"1.28,2.82",경기전
2026-09-02T00:11:06+00:00,2026,104,8415,bs,NPB,언더오버,2,U 7.5,야쿠르트,한신,09.02(수) 18:00,"1.76,1.76",경기전
2026-09-02T00:11:06+00:00,2026,104,8416,bs,NPB,홀짝,2,,야쿠르트,한신,09.02(수) 18:00,"1.64,1.99",경기전
2026-09-02T00:11:06+00:00,2026,104,8417,bs,NPB,승패,2,,주니치,히로카프,09.02(수) 18:00,"1.48,2.17",경기전
2026-09-02T00:11:06+00:00,2026,104,8418,bs,NPB,승①패,3,승①패,주니치,히로카프,09.02(수) 18:00,"2.18,2.8,3.0",경기전
2026-09-02T00:11:06+00:00,2026,104,8419,bs,NPB,핸디캡,2,H -2.5,주니치,히로카프,09.02(수) 18:00,"3.03,1.24",경기전
2026-09-02T00:11:06+00:00,2026,104,8420,bs,NPB,언더오버,2,U 6.5,주니치,히로카프,09.02(수) 18:00,"1.78,1.74",경기전
2026-09-02T00:11:06+00:00,2026,104,8421,bs,NPB,홀짝,2,,주니치,히로카프,09.02(수) 18:00,"1.64,1.99",경기전
2026-09-02T00:11:06+00:00,2026,104,8422,bs,NPB,승패,2,,닛폰햄,소프트뱅,09.02(수) 18:00,"1.87,1.66",경기전
2026-09-02T00:11:06+00:00,2026,104,8423,bs,NPB,승①패,3,승①패,닛폰햄,소프트뱅,09.02(수) 18:00,"2.9,2.9,2.17",경기전
2026-09-02T00:11:06+00:00,2026,104,8424,bs,NPB,핸디캡,2,H +2.5,닛폰햄,소프트뱅,09.02(수) 18:00,"1.25,2.97",경기전
2026-09-02T00:11:06+00:00,2026,104,8425,bs,NPB,언더오버,2,U 7.5,닛폰햄,소프트뱅,09.02(수) 18:00,"1.8,1.72",경기전
2026-09-02T00:11:06+00:00,2026,104,8426,bs,NPB,홀짝,2,,닛폰햄,소프트뱅,09.02(수) 18:00,"1.64,1.99",경기전
2026-09-02T00:11:06+00:00,2026,104,8427,bs,NPB,승패,2,,라쿠텐,오릭스,09.02(수) 18:00,"1.63,1.91",경기전
2026-09-02T00:11:06+00:00,2026,104,8428,bs,NPB,승①패,3,승①패,라쿠텐,오릭스,09.02(수) 18:00,"2.45,2.8,2.6",경기전
2026-09-02T00:11:06+00:00,2026,104,8429,bs,NPB,핸디캡,2,H -2.5,라쿠텐,오릭스,09.02(수) 18:00,"3.46,1.18",경기전
2026-09-02T00:11:06+00:00,2026,104,8430,bs,NPB,언더오버,2,U 6.5,라쿠텐,오릭스,09.02(수) 18:00,"1.93,1.62",경기전
2026-09-02T00:11:06+00:00,2026,104,8431,bs,NPB,홀짝,2,,라쿠텐,오릭스,09.02(수) 18:00,"1.64,1.99",경기전
2026-09-02T00:11:06+00:00,2026,104,8432,sc,일리그컵,승무패,3,,하치노헤,도치기시,09.02(수) 18:30,"2.7,3.1,2.19",경기전
2026-09-02T00:11:06+00:00,2026,104,8433,sc,일리그컵,핸디캡,3,H +1.0,하치노헤,도치기시,09.02(수) 18:30,"1.53,3.65,4.5",경기전
2026-09-02T00:11:06+00:00,2026,104,8434,sc,일리그컵,언더오버,2,U 2.5,하치노헤,도치기시,09.02(수) 18:30,"1.73,1.79",경기전
2026-09-02T00:11:06+00:00,2026,104,8435,sc,일리그컵,홀짝,2,,하치노헤,도치기시,09.02(수) 18:30,"1.81,1.79",경기전
2026-09-02T00:11:06+00:00,2026,104,8436,bs,KBO,승패,2,,두산,LG,09.02(수) 18:30,"1.99,1.58",경기전
2026-09-02T00:11:06+00:00,2026,104,8437,bs,KBO,승①패,3,승①패,두산,LG,09.02(수) 18:30,"2.9,3.35,1.98",경기전
2026-09-02T00:11:06+00:00,2026,104,8438,bs,KBO,핸디캡,2,H +2.5,두산,LG,09.02(수) 18:30,"1.35,2.53",경기전
2026-09-02T00:11:06+00:00,2026,104,8439,bs,KBO,언더오버,2,U 9.5,두산,LG,09.02(수) 18:30,"1.7,1.82",경기전
2026-09-02T00:11:06+00:00,2026,104,8440,bs,KBO,홀짝,2,,두산,LG,09.02(수) 18:30,"1.62,2.03",경기전
2026-09-02T00:11:06+00:00,2026,104,8441,bs,KBO,전반승무패,3,h(전반),두산,LG,09.02(수) 18:30,"2.3,6.4,1.79",경기전
2026-09-02T00:11:06+00:00,2026,104,8442,bs,KBO,전반핸디캡,2,h H +1.5,두산,LG,09.02(수) 18:30,"1.38,2.43",경기전
2026-09-02T00:11:06+00:00,2026,104,8443,bs,KBO,전반언더오버,2,h U 5.5,두산,LG,09.02(수) 18:30,"1.63,1.91",경기전
2026-09-02T00:11:06+00:00,2026,104,8444,bs,KBO,승패,2,,삼성,롯데,09.02(수) 18:30,"1.45,2.24",경기전
2026-09-02T00:11:06+00:00,2026,104,8445,bs,KBO,승①패,3,승①패,삼성,롯데,09.02(수) 18:30,"1.91,3.55,2.9",경기전
2026-09-02T00:11:06+00:00,2026,104,8446,bs,KBO,핸디캡,2,H -2.5,삼성,롯데,09.02(수) 18:30,"2.46,1.37",경기전
2026-09-02T00:11:06+00:00,2026,104,8447,bs,KBO,언더오버,2,U 10.5,삼성,롯데,09.02(수) 18:30,"1.81,1.71",경기전
2026-09-02T00:11:06+00:00,2026,104,8448,bs,KBO,홀짝,2,,삼성,롯데,09.02(수) 18:30,"1.61,2.04",경기전
2026-09-02T00:11:06+00:00,2026,104,8449,bs,KBO,전반승무패,3,h(전반),삼성,롯데,09.02(수) 18:30,"1.73,6.9,2.35",경기전
2026-09-02T00:11:06+00:00,2026,104,8450,bs,KBO,전반핸디캡,2,h H -1.5,삼성,롯데,09.02(수) 18:30,"2.29,1.43",경기전
2026-09-02T00:11:06+00:00,2026,104,8451,bs,KBO,전반언더오버,2,h U 6.5,삼성,롯데,09.02(수) 18:30,"1.61,1.94",경기전
2026-09-02T00:11:06+00:00,2026,104,8452,bs,KBO,승패,2,,KT,한화,09.02(수) 18:30,"1.7,1.82",경기전
2026-09-02T00:11:06+00:00,2026,104,8453,bs,KBO,승①패,3,승①패,KT,한화,09.02(수) 18:30,"2.4,3.35,2.3",경기전
2026-09-02T00:11:06+00:00,2026,104,8454,bs,KBO,핸디캡,2,H -2.5,KT,한화,09.02(수) 18:30,"3.23,1.21",경기전
2026-09-02T00:11:06+00:00,2026,104,8455,bs,KBO,언더오버,2,U 9.5,KT,한화,09.02(수) 18:30,"1.79,1.73",경기전
2026-09-02T00:11:06+00:00,2026,104,8456,bs,KBO,홀짝,2,,KT,한화,09.02(수) 18:30,"1.61,2.04",경기전
2026-09-02T00:11:06+00:00,2026,104,8457,bs,KBO,전반승무패,3,h(전반),KT,한화,09.02(수) 18:30,"1.98,6.4,2.05",경기전
2026-09-02T00:11:06+00:00,2026,104,8458,bs,KBO,전반핸디캡,2,h H -1.5,KT,한화,09.02(수) 18:30,"2.68,1.31",경기전
2026-09-02T00:11:06+00:00,2026,104,8459,bs,KBO,전반언더오버,2,h U 5.5,KT,한화,09.02(수) 18:30,"1.63,1.91",경기전
2026-09-02T00:11:06+00:00,2026,104,8460,bs,KBO,승패,2,,NC,KIA,09.02(수) 18:30,"1.82,1.7",경기전
2026-09-02T00:11:06+00:00,2026,104,8461,bs,KBO,승①패,3,승①패,NC,KIA,09.02(수) 18:30,"2.55,3.55,2.1",경기전
2026-09-02T00:11:06+00:00,2026,104,8462,bs,KBO,핸디캡,2,H +2.5,NC,KIA,09.02(수) 18:30,"1.3,2.72",경기전
2026-09-02T00:11:06+00:00,2026,104,8463,bs,KBO,언더오버,2,U 11.5,NC,KIA,09.02(수) 18:30,"1.82,1.7",경기전
2026-09-02T00:11:06+00:00,2026,104,8464,bs,KBO,홀짝,2,,NC,KIA,09.02(수) 18:30,"1.6,2.06",경기전
2026-09-02T00:11:06+00:00,2026,104,8465,bs,KBO,전반승무패,3,h(전반),NC,KIA,09.02(수) 18:30,"2.05,7.0,1.93",경기전
2026-09-02T00:11:06+00:00,2026,104,8466,bs,KBO,전반핸디캡,2,h H +1.5,NC,KIA,09.02(수) 18:30,"1.34,2.56",경기전
2026-09-02T00:11:06+00:00,2026,104,8467,bs,KBO,전반언더오버,2,h U 6.5,NC,KIA,09.02(수) 18:30,"1.8,1.72",경기전
2026-09-02T00:11:06+00:00,2026,104,8468,bs,KBO,승패,2,,키움,SSG,09.02(수) 18:30,"1.82,1.7",경기전
2026-09-02T00:11:06+00:00,2026,104,8469,bs,KBO,승①패,3,승①패,키움,SSG,09.02(수) 18:30,"2.65,3.2,2.18",경기전
2026-09-02T00:11:06+00:00,2026,104,8470,bs,KBO,핸디캡,2,H +2.5,키움,SSG,09.02(수) 18:30,"1.27,2.87",경기전
2026-09-02T00:11:06+00:00,2026,104,8471,bs,KBO,언더오버,2,U 8.5,키움,SSG,09.02(수) 18:30,"1.77,1.75",경기전
2026-09-02T00:11:06+00:00,2026,104,8472,bs,KBO,홀짝,2,,키움,SSG,09.02(수) 18:30,"1.62,2.03",경기전
2026-09-02T00:11:06+00:00,2026,104,8473,bs,KBO,전반승무패,3,h(전반),키움,SSG,09.02(수) 18:30,"2.15,5.9,1.94",경기전
2026-09-02T00:11:06+00:00,2026,104,8474,bs,KBO,전반핸디캡,2,h H +1.5,키움,SSG,09.02(수) 18:30,"1.31,2.68",경기전
2026-09-02T00:11:06+00:00,2026,104,8475,bs,KBO,전반언더오버,2,h U 4.5,키움,SSG,09.02(수) 18:30,"1.82,1.7",경기전
2026-09-02T00:11:06+00:00,2026,104,8476,sc,J1리그,승무패,3,,미토홀리,가시마A,09.02(수) 19:00,"3.5,3.2,1.81",경기전
2026-09-02T00:11:06+00:00,2026,104,8477,sc,J1리그,핸디캡,3,H +1.0,미토홀리,가시마A,09.02(수) 19:00,"1.8,3.35,3.4",경기전
2026-09-02T00:11:06+00:00,2026,104,8478,sc,J1리그,언더오버,2,U 2.5,미토홀리,가시마A,09.02(수) 19:00,"1.66,1.87",경기전
2026-09-02T00:11:06+00:00,2026,104,8479,sc,J1리그,홀짝,2,,미토홀리,가시마A,09.02(수) 19:00,"1.81,1.79",경기전
2026-09-02T00:11:06+00:00,2026,104,8480,sc,J1리그,승무패,3,,제프유나,오카야마,09.02(수) 19:00,"3.65,3.2,1.78",경기전
2026-09-02T00:11:06+00:00,2026,104,8481,sc,J1리그,핸디캡,3,H +1.0,제프유나,오카야마,09.02(수) 19:00,"1.83,3.35,3.3",경기전
2026-09-02T00:11:06+00:00,2026,104,8482,sc,J1리그,언더오버,2,U 2.5,제프유나,오카야마,09.02(수) 19:00,"1.74,1.78",경기전
2026-09-02T00:11:06+00:00,2026,104,8483,sc,J1리그,홀짝,2,,제프유나,오카야마,09.02(수) 19:00,"1.81,1.79",경기전
2026-09-02T00:11:06+00:00,2026,104,8484,sc,J1리그,승무패,3,,도쿄베르,비셀고베,09.02(수) 19:00,"3.6,2.85,1.92",경기전
2026-09-02T00:11:06+00:00,2026,104,8485,sc,J1리그,핸디캡,3,H +1.0,도쿄베르,비셀고베,09.02(수) 19:00,"1.71,3.2,3.95",경기전
2026-09-02T00:11:06+00:00,2026,104,8486,sc,J1리그,언더오버,2,U 2.5,도쿄베르,비셀고베,09.02(수) 19:00,"1.43,2.29",경기전
2026-09-02T00:11:06+00:00,2026,104,8487,sc,J1리그,홀짝,2,,도쿄베르,비셀고베,09.02(수) 19:00,"1.82,1.78",경기전
2026-09-02T00:11:06+00:00,2026,104,8488,sc,J1리그,승무패,3,,마치다Z,가와사키,09.02(수) 19:00,"1.83,3.25,3.4",경기전
2026-09-02T00:11:06+00:00,2026,104,8489,sc,J1리그,핸디캡,3,H -1.0,마치다Z,가와사키,09.02(수) 19:00,"3.4,3.4,1.78",경기전
2026-09-02T00:11:06+00:00,2026,104,8490,sc,J1리그,언더오버,2,U 2.5,마치다Z,가와사키,09.02(수) 19:00,"1.82,1.7",경기전
2026-09-02T00:11:06+00:00,2026,104,8491,sc,J1리그,홀짝,2,,마치다Z,가와사키,09.02(수) 19:00,"1.81,1.79",경기전
2026-09-02T00:11:06+00:00,2026,104,8492,sc,J1리그,승무패,3,,요코마리,교토상가,09.02(수) 19:00,"2.03,3.1,3.0",경기전
2026-09-02T00:11:06+00:00,2026,104,8493,sc,J1리그,핸디캡,3,H -1.0,요코마리,교토상가,09.02(수) 19:00,"4.05,3.5,1.62",경기전
2026-09-02T00:11:06+00:00,2026,104,8494,sc,J1리그,언더오버,2,U 2.5,요코마리,교토상가,09.02(수) 19:00,"1.69,1.84",경기전
2026-09-02T00:11:06+00:00,2026,104,8495,sc,J1리그,홀짝,2,,요코마리,교토상가,09.02(수) 19:00,"1.81,1.79",경기전
2026-09-02T00:11:06+00:00,2026,104,8496,sc,J1리그,승무패,3,,시미즈S,FC도쿄,09.02(수) 19:00,"3.25,3.1,1.93",경기전
2026-09-02T00:11:06+00:00,2026,104,8497,sc,J1리그,핸디캡,3,H +1.0,시미즈S,FC도쿄,09.02(수) 19:00,"1.7,3.4,3.75",경기전
2026-09-02T00:11:06+00:00,2026,104,8498,sc,J1리그,언더오버,2,U 2.5,시미즈S,FC도쿄,09.02(수) 19:00,"1.67,1.86",경기전
2026-09-02T00:11:06+00:00,2026,104,8499,sc,J1리그,홀짝,2,,시미즈S,FC도쿄,09.02(수) 19:00,"1.81,1.79",경기전
2026-09-02T00:11:06+00:00,2026,104,8500,sc,J1리그,승무패,3,,C오사카,가시와R,09.02(수) 19:00,"2.85,3.2,2.06",경기전
2026-09-02T00:11:06+00:00,2026,104,8501,sc,J1리그,핸디캡,3,H +1.0,C오사카,가시와R,09.02(수) 19:00,"1.61,3.6,4.0",경기전
2026-09-02T00:11:06+00:00,2026,104,8502,sc,J1리그,언더오버,2,U 2.5,C오사카,가시와R,09.02(수) 19:00,"1.84,1.69",경기전
2026-09-02T00:11:06+00:00,2026,104,8503,sc,J1리그,홀짝,2,,C오사카,가시와R,09.02(수) 19:00,"1.81,1.79",경기전
2026-09-02T00:11:06+00:00,2026,104,8504,sc,J1리그,승무패,3,,산프히로,나고야G,09.02(수) 19:00,"1.44,3.8,5.2",경기전
2026-09-02T00:11:06+00:00,2026,104,8505,sc,J1리그,핸디캡,3,H -1.0,산프히로,나고야G,09.02(수) 19:00,"2.3,3.35,2.4",경기전
2026-09-02T00:11:06+00:00,2026,104,8506,sc,J1리그,언더오버,2,U 2.5,산프히로,나고야G,09.02(수) 19:00,"2.11,1.51",경기전
2026-09-02T00:11:06+00:00,2026,104,8507,sc,J1리그,홀짝,2,,산프히로,나고야G,09.02(수) 19:00,"1.8,1.8",경기전
2026-09-02T00:11:06+00:00,2026,104,8508,sc,J1리그,승무패,3,,후쿠오카,우라와R,09.02(수) 19:00,"2.2,2.9,2.85",경기전
2026-09-02T00:11:06+00:00,2026,104,8509,sc,J1리그,핸디캡,3,H -1.0,후쿠오카,우라와R,09.02(수) 19:00,"4.75,3.55,1.52",경기전
2026-09-02T00:11:06+00:00,2026,104,8510,sc,J1리그,언더오버,2,U 2.5,후쿠오카,우라와R,09.02(수) 19:00,"1.51,2.11",경기전
2026-09-02T00:11:06+00:00,2026,104,8511,sc,J1리그,홀짝,2,,후쿠오카,우라와R,09.02(수) 19:00,"1.82,1.78",경기전
2026-09-02T00:11:06+00:00,2026,104,8512,sc,J1리그,승무패,3,,V바렌나,G오사카,09.02(수) 19:00,"3.05,3.2,1.96",경기전
2026-09-02T00:11:06+00:00,2026,104,8513,sc,J1리그,핸디캡,3,H +1.0,V바렌나,G오사카,09.02(수) 19:00,"1.66,3.55,3.75",경기전
2026-09-02T00:11:06+00:00,2026,104,8514,sc,J1리그,언더오버,2,U 2.5,V바렌나,G오사카,09.02(수) 19:00,"1.84,1.69",경기전
2026-09-02T00:11:06+00:00,2026,104,8515,sc,J1리그,홀짝,2,,V바렌나,G오사카,09.02(수) 19:00,"1.81,1.79",경기전
2026-09-02T00:11:06+00:00,2026,104,8516,sc,일리그컵,승무패,3,,미야자키,K도야마,09.02(수) 19:00,"2.9,3.05,2.1",경기전
2026-09-02T00:11:06+00:00,2026,104,8517,sc,일리그컵,핸디캡,3,H +1.0,미야자키,K도야마,09.02(수) 19:00,"1.58,3.55,4.25",경기전
2026-09-02T00:11:06+00:00,2026,104,8518,sc,일리그컵,언더오버,2,U 2.5,미야자키,K도야마,09.02(수) 19:00,"1.67,1.86",경기전
2026-09-02T00:11:06+00:00,2026,104,8519,sc,일리그컵,홀짝,2,,미야자키,K도야마,09.02(수) 19:00,"1.81,1.79",경기전
2026-09-02T00:11:06+00:00,2026,104,8520,sc,이탈FA컵,승무패,3,,사수올로,프로시노,09.02(수) 22:00,"1.72,3.35,3.7",경기전
2026-09-02T00:11:06+00:00,2026,104,8521,sc,이탈FA컵,핸디캡,3,H -1.0,사수올로,프로시노,09.02(수) 22:00,"3.1,3.4,1.88",경기전
2026-09-02T00:11:06+00:00,2026,104,8522,sc,이탈FA컵,언더오버,2,U 2.5,사수올로,프로시노,09.02(수) 22:00,"1.85,1.68",경기전
2026-09-02T00:11:06+00:00,2026,104,8523,sc,이탈FA컵,홀짝,2,,사수올로,프로시노,09.02(수) 22:00,"1.81,1.79",경기전
2026-09-02T00:11:06+00:00,2026,104,8524,sc,리그스컵,승무패,3,,톨루카,레온,09.03(목) 10:00,"1.7,3.5,3.65",경기전
2026-09-02T00:11:06+00:00,2026,104,8525,sc,리그스컵,핸디캡,3,H -1.0,톨루카,레온,09.03(목) 10:00,"2.95,3.45,1.92",경기전
2026-09-02T00:11:06+00:00,2026,104,8526,sc,리그스컵,언더오버,2,U 2.5,톨루카,레온,09.03(목) 10:00,"2.07,1.53",경기전
2026-09-02T00:11:06+00:00,2026,104,8527,sc,리그스컵,홀짝,2,,톨루카,레온,09.03(목) 10:00,"1.8,1.8",경기전
2026-09-02T00:11:06+00:00,2026,104,8528,sc,리그스컵,승무패,3,,아메리카,몬테레이,09.03(목) 12:30,"2.06,3.25,2.8",경기전
2026-09-02T00:11:06+00:00,2026,104,8529,sc,리그스컵,핸디캡,3,H -1.0,아메리카,몬테레이,09.03(목) 12:30,"4.0,3.7,1.59",경기전
2026-09-02T00:11:06+00:00,2026,104,8530,sc,리그스컵,언더오버,2,U 2.5,아메리카,몬테레이,09.03(목) 12:30,"1.93,1.62",경기전
2026-09-02T00:11:06+00:00,2026,104,8531,sc,리그스컵,홀짝,2,,아메리카,몬테레이,09.03(목) 12:30,"1.81,1.79",경기전
2026-09-02T00:11:06+00:00,2026,104,8532,sc,이탈FA컵,승무패,3,,우디네세,베네치아,09.03(목) 01:00,"1.82,3.15,3.55",경기전
2026-09-02T00:11:06+00:00,2026,104,8533,sc,이탈FA컵,핸디캡,3,H -1.0,우디네세,베네치아,09.03(목) 01:00,"3.4,3.3,1.81",경기전
2026-09-02T00:11:06+00:00,2026,104,8534,sc,이탈FA컵,언더오버,2,U 2.5,우디네세,베네치아,09.03(목) 01:00,"1.7,1.82",경기전
2026-09-02T00:11:06+00:00,2026,104,8535,sc,이탈FA컵,홀짝,2,,우디네세,베네치아,09.03(목) 01:00,"1.81,1.79",경기전
2026-09-02T00:11:06+00:00,2026,104,8551,sc,EFL챔,승무패,3,,밀월,렉섬,09.03(목) 03:45,"2.07,3.1,2.9",경기전
2026-09-02T00:11:06+00:00,2026,104,8552,sc,EFL챔,핸디캡,3,H -1.0,밀월,렉섬,09.03(목) 03:45,"4.2,3.55,1.59",경기전
2026-09-02T00:11:06+00:00,2026,104,8553,sc,EFL챔,언더오버,2,U 2.5,밀월,렉섬,09.03(목) 03:45,"1.71,1.81",경기전
2026-09-02T00:11:06+00:00,2026,104,8554,sc,EFL챔,홀짝,2,,밀월,렉섬,09.03(목) 03:45,"1.81,1.79",경기전
2026-09-02T00:11:06+00:00,2026,104,8555,sc,EFL챔,승무패,3,,퀸즈파크,카디프C,09.03(목) 03:45,"1.81,3.35,3.35",경기전
2026-09-02T00:11:06+00:00,2026,104,8556,sc,EFL챔,핸디캡,3,H -1.0,퀸즈파크,카디프C,09.03(목) 03:45,"3.3,3.5,1.78",경기전
2026-09-02T00:11:06+00:00,2026,104,8557,sc,EFL챔,언더오버,2,U 2.5,퀸즈파크,카디프C,09.03(목) 03:45,"1.96,1.6",경기전
2026-09-02T00:11:06+00:00,2026,104,8558,sc,EFL챔,홀짝,2,,퀸즈파크,카디프C,09.03(목) 03:45,"1.81,1.79",경기전
2026-09-02T00:11:06+00:00,2026,104,8559,sc,EFL챔,승무패,3,,웨스브로,찰턴A,09.03(목) 03:45,"1.68,3.2,4.15",경기전
2026-09-02T00:11:06+00:00,2026,104,8560,sc,EFL챔,핸디캡,3,H -1.0,웨스브로,찰턴A,09.03(목) 03:45,"3.1,3.2,1.94",경기전
2026-09-02T00:11:06+00:00,2026,104,8561,sc,EFL챔,언더오버,2,U 2.5,웨스브로,찰턴A,09.03(목) 03:45,"1.63,1.91",경기전
2026-09-02T00:11:06+00:00,2026,104,8562,sc,EFL챔,홀짝,2,,웨스브로,찰턴A,09.03(목) 03:45,"1.81,1.79",경기전
2026-09-02T00:11:06+00:00,2026,104,8563,sc,EFL챔,승무패,3,,번리,미들즈브,09.03(목) 04:00,"2.6,3.25,2.19",경기전
2026-09-02T00:11:06+00:00,2026,104,8564,sc,EFL챔,핸디캡,3,H +1.0,번리,미들즈브,09.03(목) 04:00,"1.52,3.8,4.4",경기전
2026-09-02T00:11:06+00:00,2026,104,8565,sc,EFL챔,언더오버,2,U 2.5,번리,미들즈브,09.03(목) 04:00,"1.94,1.61",경기전
2026-09-02T00:11:06+00:00,2026,104,8566,sc,EFL챔,홀짝,2,,번리,미들즈브,09.03(목) 04:00,"1.81,1.79",경기전
2026-09-02T00:11:06+00:00,2026,104,8695,sc,프리그1,승무패,3,,툴루즈,릴OSC,09.04(금) 03:45,"3.05,3.05,2.03",경기전
2026-09-02T00:11:06+00:00,2026,104,8696,sc,프리그1,핸디캡,3,H +1.0,툴루즈,릴OSC,09.04(금) 03:45,"1.62,3.5,4.05",경기전
2026-09-02T00:11:06+00:00,2026,104,8697,sc,프리그1,핸디캡,3,H +2.0,툴루즈,릴OSC,09.04(금) 03:45,"1.14,5.9,9.7",경기전
2026-09-02T00:11:06+00:00,2026,104,8698,sc,프리그1,언더오버,2,U 2.5,툴루즈,릴OSC,09.04(금) 03:45,"1.66,1.87",경기전
2026-09-02T00:11:06+00:00,2026,104,8699,sc,프리그1,홀짝,2,,툴루즈,릴OSC,09.04(금) 03:45,"1.81,1.79",경기전
2026-09-02T00:11:06+00:00,2026,104,8700,sc,라리가,승무패,3,,소시에다,셀타비고,09.04(금) 04:00,"1.84,3.25,3.5",경기전
2026-09-02T00:11:06+00:00,2026,104,8701,sc,라리가,핸디캡,3,H -1.0,소시에다,셀타비고,09.04(금) 04:00,"3.4,3.4,1.78",경기전
2026-09-02T00:11:06+00:00,2026,104,8702,sc,라리가,핸디캡,3,H -2.0,소시에다,셀타비고,09.04(금) 04:00,"7.4,5.3,1.21",경기전
2026-09-02T00:11:06+00:00,2026,104,8703,sc,라리가,언더오버,2,U 2.5,소시에다,셀타비고,09.04(금) 04:00,"1.79,1.77",경기전
2026-09-02T00:11:06+00:00,2026,104,8704,sc,라리가,홀짝,2,,소시에다,셀타비고,09.04(금) 04:00,"1.81,1.79",경기전
2026-09-02T00:11:06+00:00,2026,104,8815,sc,K리그2,승무패,3,,충북청주,서울이랜,09.04(금) 19:30,"3.7,3.35,1.72",경기전
2026-09-02T00:11:06+00:00,2026,104,8816,sc,K리그2,핸디캡,3,H +1.0,충북청주,서울이랜,09.04(금) 19:30,"1.89,3.35,3.1",경기전
2026-09-02T00:11:06+00:00,2026,104,8817,sc,K리그2,언더오버,2,U 2.5,충북청주,서울이랜,09.04(금) 19:30,"1.89,1.65",경기전
2026-09-02T00:11:06+00:00,2026,104,8818,sc,K리그2,홀짝,2,,충북청주,서울이랜,09.04(금) 19:30,"1.81,1.79",경기전
2026-09-02T00:11:06+00:00,2026,104,8819,sc,K리그2,승무패,3,,파주프런,대구FC,09.04(금) 19:30,"4.25,3.65,1.56",경기전
2026-09-02T00:11:06+00:00,2026,104,8820,sc,K리그2,핸디캡,3,H +1.0,파주프런,대구FC,09.04(금) 19:30,"2.12,3.4,2.6",경기전
2026-09-02T00:11:06+00:00,2026,104,8821,sc,K리그2,언더오버,2,U 2.5,파주프런,대구FC,09.04(금) 19:30,"2.13,1.5",경기전
2026-09-02T00:11:06+00:00,2026,104,8822,sc,K리그2,홀짝,2,,파주프런,대구FC,09.04(금) 19:30,"1.8,1.8",경기전
2026-09-02T00:31:48+00:00,2026,103,8058,bs,MLB,승패,2,,시카컵스 5,7 신시레즈,08.31(월) 08:20,"1.55,2.04",홈패
2026-09-02T00:31:48+00:00,2026,103,8059,bs,MLB,승①패,3,승①패,시카컵스 5,7 신시레즈,08.31(월) 08:20,"2.14,3.35,2.6",홈패
2026-09-02T00:31:48+00:00,2026,103,8060,bs,MLB,핸디캡,2,H -2.5,시카컵스 2.5,7 신시레즈,08.31(월) 08:20,"2.92,1.26",핸디패
2026-09-02T00:31:48+00:00,2026,103,8061,bs,MLB,언더오버,2,U 8.5,시카컵스,신시레즈,08.31(월) 08:20,"1.94,1.61",오버
2026-09-02T00:31:48+00:00,2026,103,8062,bs,MLB,홀짝,2,,시카컵스,신시레즈,08.31(월) 08:20,"1.59,2.07",짝
2026-09-02T00:31:48+00:00,2026,103,8063,bs,MLB,전반승무패,3,h(전반),시카컵스 3,6 신시레즈,08.31(월) 08:20,"1.84,5.8,2.3",홈패
2026-09-02T00:31:48+00:00,2026,103,8064,bs,MLB,전반핸디캡,2,h H -1.5,시카컵스 1.5,6 신시레즈,08.31(월) 08:20,"2.64,1.32",핸디패
2026-09-02T00:31:48+00:00,2026,103,8065,bs,MLB,전반언더오버,2,h U 4.5,시카컵스,신시레즈,08.31(월) 08:20,"1.82,1.7",오버
2026-09-02T00:31:48+00:00,2026,103,8066,bk,남농월예,승패,2,,한국M 85,72 사우디M,08.31(월) 19:00,"1.11,4.25",홈승
2026-09-02T00:31:48+00:00,2026,103,8067,bk,남농월예,핸디캡,2,H -11.5,한국M 73.5,72 사우디M,08.31(월) 19:00,"1.76,1.76",핸디승
2026-09-02T00:31:48+00:00,2026,103,8068,bk,남농월예,언더오버,2,U 163.5,한국M,사우디M,08.31(월) 19:00,"1.77,1.75",언더
2026-09-02T00:31:48+00:00,2026,103,8069,bk,남농월예,홀짝,2,,한국M,사우디M,08.31(월) 19:00,"1.8,1.8",홀
2026-09-02T00:31:48+00:00,2026,103,8070,bk,남농월예,승패,2,,일본M 123,70 카타르M,08.31(월) 19:10,"1.0,1.0",홈승
2026-09-02T00:31:48+00:00,2026,103,8071,bk,남농월예,핸디캡,2,H -36.5,일본M 86.5,70 카타르M,08.31(월) 19:10,"1.74,1.78",핸디승
2026-09-02T00:31:48+00:00,2026,103,8072,bk,남농월예,언더오버,2,U 169.5,일본M,카타르M,08.31(월) 19:10,"1.79,1.73",오버
2026-09-02T00:31:48+00:00,2026,103,8073,bk,남농월예,홀짝,2,,일본M,카타르M,08.31(월) 19:10,"1.8,1.8",홀
2026-09-02T00:31:48+00:00,2026,103,8074,bk,남농월예,승패,2,,중국M 89,87 레바논M,08.31(월) 20:30,"1.39,2.4",홈승
2026-09-02T00:31:48+00:00,2026,103,8075,bk,남농월예,핸디캡,2,H -4.5,중국M 84.5,87 레바논M,08.31(월) 20:30,"1.77,1.75",핸디패
2026-09-02T00:31:48+00:00,2026,103,8076,bk,남농월예,언더오버,2,U 166.5,중국M,레바논M,08.31(월) 20:30,"1.79,1.73",오버
2026-09-02T00:31:48+00:00,2026,103,8077,bk,남농월예,홀짝,2,,중국M,레바논M,08.31(월) 20:30,"1.8,1.8",짝
2026-09-02T00:31:48+00:00,2026,103,8078,bk,남농월예,승패,2,,리투아M 78,73 보스니M,09.01(화) 00:30,"1.93,1.62",홈승
2026-09-02T00:31:48+00:00,2026,103,8079,bk,남농월예,핸디캡,2,H +2.5,리투아M 80.5,73 보스니M,09.01(화) 00:30,"1.73,1.79",핸디승
2026-09-02T00:31:48+00:00,2026,103,8080,bk,남농월예,언더오버,2,U 166.5,리투아M,보스니M,09.01(화) 00:30,"1.79,1.73",언더
2026-09-02T00:31:48+00:00,2026,103,8081,bk,남농월예,홀짝,2,,리투아M,보스니M,09.01(화) 00:30,"1.8,1.8",홀
2026-09-02T00:31:48+00:00,2026,103,8082,bk,남농월예,승패,2,,그리스M 108,106 스페인M,09.01(화) 01:00,"1.87,1.66",홈승
2026-09-02T00:31:48+00:00,2026,103,8083,bk,남농월예,핸디캡,2,H +1.5,그리스M 109.5,106 스페인M,09.01(화) 01:00,"1.75,1.77",핸디승
2026-09-02T00:31:48+00:00,2026,103,8084,bk,남농월예,언더오버,2,U 162.5,그리스M,스페인M,09.01(화) 01:00,"1.76,1.76",오버
2026-09-02T00:31:48+00:00,2026,103,8085,bk,남농월예,홀짝,2,,그리스M,스페인M,09.01(화) 01:00,"1.8,1.8",짝
2026-09-02T00:31:48+00:00,2026,103,8086,sc,세리에A,승무패,3,,US레체 0,4 AS로마,09.01(화) 01:30,"6.2,3.95,1.36",홈패
2026-09-02T00:31:48+00:00,2026,103,8087,sc,세리에A,핸디캡,3,H +1.0,US레체 1,4 AS로마,09.01(화) 01:30,"2.65,3.0,2.28",핸디패
2026-09-02T00:31:48+00:00,2026,103,8088,sc,세리에A,핸디캡,3,H +2.0,US레체 2,4 AS로마,09.01(화) 01:30,"1.52,3.9,4.25",핸디패
2026-09-02T00:31:48+00:00,2026,103,8089,sc,세리에A,언더오버,2,U 2.5,US레체,AS로마,09.01(화) 01:30,"1.73,1.79",오버
2026-09-02T00:31:48+00:00,2026,103,8090,sc,세리에A,홀짝,2,,US레체,AS로마,09.01(화) 01:30,"1.81,1.79",짝
2026-09-02T00:31:48+00:00,2026,103,8091,sc,라리가,승무패,3,,오사수나 1,0 헤타페,09.01(화) 02:30,"2.03,2.6,3.85",홈승
2026-09-02T00:31:48+00:00,2026,103,8092,sc,라리가,핸디캡,3,H -1.0,오사수나 0,0 헤타페,09.01(화) 02:30,"4.55,3.05,1.66",핸디무
2026-09-02T00:31:48+00:00,2026,103,8093,sc,라리가,핸디캡,3,H -2.0,오사수나 -1,0 헤타페,09.01(화) 02:30,"11.5,5.9,1.12",핸디패
2026-09-02T00:31:48+00:00,2026,103,8094,sc,라리가,언더오버,2,U 2.5,오사수나,헤타페,09.01(화) 02:30,"1.35,2.61",언더
2026-09-02T00:31:48+00:00,2026,103,8095,sc,라리가,홀짝,2,,오사수나,헤타페,09.01(화) 02:30,"1.83,1.77",홀
2026-09-02T00:31:48+00:00,2026,103,8096,bk,남농월예,승패,2,,이탈리M 64,76 세르비M,09.01(화) 02:30,"2.92,1.26",홈패
2026-09-02T00:31:48+00:00,2026,103,8097,bk,남농월예,핸디캡,2,H +6.5,이탈리M 70.5,76 세르비M,09.01(화) 02:30,"1.81,1.71",핸디패
2026-09-02T00:31:48+00:00,2026,103,8098,bk,남농월예,언더오버,2,U 170.5,이탈리M,세르비M,09.01(화) 02:30,"1.77,1.75",언더
2026-09-02T00:31:48+00:00,2026,103,8099,bk,남농월예,홀짝,2,,이탈리M,세르비M,09.01(화) 02:30,"1.8,1.8",짝
2026-09-02T00:31:48+00:00,2026,103,8100,bk,남농월예,승패,2,,포르투M 90,98 조지아M,09.01(화) 03:00,"2.07,1.53",홈패
2026-09-02T00:31:48+00:00,2026,103,8101,bk,남농월예,핸디캡,2,H +2.5,포르투M 92.5,98 조지아M,09.01(화) 03:00,"1.78,1.74",핸디패
2026-09-02T00:31:48+00:00,2026,103,8102,bk,남농월예,언더오버,2,U 160.5,포르투M,조지아M,09.01(화) 03:00,"1.76,1.76",오버
2026-09-02T00:31:48+00:00,2026,103,8103,bk,남농월예,홀짝,2,,포르투M,조지아M,09.01(화) 03:00,"1.8,1.8",짝
2026-09-02T00:31:48+00:00,2026,103,8104,bk,남농월예,승패,2,,몬테네M 89,98 우크라M,09.01(화) 03:30,"2.22,1.46",홈패
2026-09-02T00:31:48+00:00,2026,103,8105,bk,남농월예,핸디캡,2,H +3.5,몬테네M 92.5,98 우크라M,09.01(화) 03:30,"1.76,1.76",핸디패
2026-09-02T00:31:48+00:00,2026,103,8106,bk,남농월예,언더오버,2,U 159.5,몬테네M,우크라M,09.01(화) 03:30,"1.74,1.78",오버
2026-09-02T00:31:48+00:00,2026,103,8107,bk,남농월예,홀짝,2,,몬테네M,우크라M,09.01(화) 03:30,"1.8,1.8",홀
2026-09-02T00:31:48+00:00,2026,103,8108,sc,세리에A,승무패,3,,아탈란타 1,0 볼로냐,09.01(화) 03:45,"1.74,3.2,3.8",홈승
2026-09-02T00:31:48+00:00,2026,103,8109,sc,세리에A,핸디캡,3,H -1.0,아탈란타 0,0 볼로냐,09.01(화) 03:45,"3.4,3.15,1.86",핸디무
2026-09-02T00:31:48+00:00,2026,103,8110,sc,세리에A,핸디캡,3,H -2.0,아탈란타 -1,0 볼로냐,09.01(화) 03:45,"6.7,5.0,1.25",핸디패
2026-09-02T00:31:48+00:00,2026,103,8111,sc,세리에A,언더오버,2,U 2.5,아탈란타,볼로냐,09.01(화) 03:45,"1.81,1.71",언더
2026-09-02T00:31:48+00:00,2026,103,8112,sc,세리에A,홀짝,2,,아탈란타,볼로냐,09.01(화) 03:45,"1.81,1.79",홀
2026-09-02T00:31:48+00:00,2026,103,8113,sc,EPL,승무패,3,,A빌라 0,1 아스널,09.01(화) 04:00,"5.8,4.3,1.39",홈패
2026-09-02T00:31:48+00:00,2026,103,8114,sc,EPL,핸디캡,3,H +1.0,A빌라 1,1 아스널,09.01(화) 04:00,"2.55,3.45,2.2",핸디무
2026-09-02T00:31:48+00:00,2026,103,8115,sc,EPL,핸디캡,3,H +2.0,A빌라 2,1 아스널,09.01(화) 04:00,"1.57,3.95,4.05",핸디승
2026-09-02T00:31:48+00:00,2026,103,8116,sc,EPL,언더오버,2,U 2.5,A빌라,아스널,09.01(화) 04:00,"2.04,1.58",언더
2026-09-02T00:31:48+00:00,2026,103,8117,sc,EPL,홀짝,2,,A빌라,아스널,09.01(화) 04:00,"1.81,1.79",홀
2026-09-02T00:31:48+00:00,2026,103,8118,sc,라리가,승무패,3,,바르셀로 5,2 라요바예,09.01(화) 04:30,"1.06,7.7,16.0",홈승
2026-09-02T00:31:48+00:00,2026,103,8119,sc,라리가,핸디캡,3,H -1.0,바르셀로 4,2 라요바예,09.01(화) 04:30,"1.25,5.4,6.1",핸디승
2026-09-02T00:31:48+00:00,2026,103,8120,sc,라리가,핸디캡,3,H -2.0,바르셀로 3,2 라요바예,09.01(화) 04:30,"1.68,3.6,3.6",핸디승
2026-09-02T00:31:48+00:00,2026,103,8121,sc,라리가,핸디캡,2,H -3.5,바르셀로 1.5,2 라요바예,09.01(화) 04:30,"2.6,1.33",핸디패
2026-09-02T00:31:48+00:00,2026,103,8122,sc,라리가,언더오버,2,U 3.5,바르셀로,라요바예,09.01(화) 04:30,"2.19,1.5",오버
2026-09-02T00:31:48+00:00,2026,103,8123,sc,라리가,홀짝,2,,바르셀로,라요바예,09.01(화) 04:30,"1.8,1.8",홀
2026-09-02T00:31:48+00:00,2026,103,8124,bk,남농월예,승패,2,,아이슬M 73,110 튀르키M,09.01(화) 04:30,"1.0,1.0",홈패
2026-09-02T00:31:48+00:00,2026,103,8125,bk,남농월예,핸디캡,2,H +16.5,아이슬M 89.5,110 튀르키M,09.01(화) 04:30,"1.72,1.8",핸디패
2026-09-02T00:31:48+00:00,2026,103,8126,bk,남농월예,언더오버,2,U 171.5,아이슬M,튀르키M,09.01(화) 04:30,"1.76,1.76",오버
2026-09-02T00:31:48+00:00,2026,103,8127,bk,남농월예,홀짝,2,,아이슬M,튀르키M,09.01(화) 04:30,"1.8,1.8",홀
2026-09-02T00:31:48+00:00,2026,103,8128,bs,MLB,승패,2,,애틀브레 3,7 샌프자이,09.01(화) 07:05,"1.48,2.17",홈패
2026-09-02T00:31:48+00:00,2026,103,8129,bs,MLB,승①패,3,승①패,애틀브레 3,7 샌프자이,09.01(화) 07:05,"1.97,3.45,2.85",홈패
2026-09-02T00:31:48+00:00,2026,103,8130,bs,MLB,핸디캡,2,H -2.5,애틀브레 0.5,7 샌프자이,09.01(화) 07:05,"2.43,1.38",핸디패
2026-09-02T00:31:48+00:00,2026,103,8131,bs,MLB,언더오버,2,U 8.5,애틀브레,샌프자이,09.01(화) 07:05,"1.8,1.72",오버
2026-09-02T00:31:48+00:00,2026,103,8132,bs,MLB,홀짝,2,,애틀브레,샌프자이,09.01(화) 07:05,"1.59,2.07",짝
2026-09-02T00:31:48+00:00,2026,103,8133,bs,MLB,승패,2,,탬파레이 2,3 뉴욕메츠,09.01(화) 07:40,"1.39,2.4",홈패
2026-09-02T00:31:48+00:00,2026,103,8134,bs,MLB,승①패,3,승①패,탬파레이 2,3 뉴욕메츠,09.01(화) 07:40,"1.86,3.45,3.1",①
2026-09-02T00:31:48+00:00,2026,103,8135,bs,MLB,핸디캡,2,H -2.5,탬파레이 -0.5,3 뉴욕메츠,09.01(화) 07:40,"2.56,1.34",핸디패
2026-09-02T00:31:48+00:00,2026,103,8136,bs,MLB,언더오버,2,U 7.5,탬파레이,뉴욕메츠,09.01(화) 07:40,"1.89,1.65",언더
2026-09-02T00:31:48+00:00,2026,103,8137,bs,MLB,홀짝,2,,탬파레이,뉴욕메츠,09.01(화) 07:40,"1.59,2.07",홀
2026-09-02T00:31:48+00:00,2026,103,8138,bs,MLB,승패,2,,신시레즈 0,5 샌디파드,09.01(화) 07:40,"2.13,1.5",홈패
2026-09-02T00:31:48+00:00,2026,103,8139,bs,MLB,승①패,3,승①패,신시레즈 0,5 샌디파드,09.01(화) 07:40,"3.25,3.4,1.83",홈패
2026-09-02T00:31:48+00:00,2026,103,8140,bs,MLB,핸디캡,2,H +2.5,신시레즈 2.5,5 샌디파드,09.01(화) 07:40,"1.41,2.34",핸디패
2026-09-02T00:31:48+00:00,2026,103,8141,bs,MLB,언더오버,2,U 9.5,신시레즈,샌디파드,09.01(화) 07:40,"1.65,1.89",언더
2026-09-02T00:31:48+00:00,2026,103,8142,bs,MLB,홀짝,2,,신시레즈,샌디파드,09.01(화) 07:40,"1.6,2.06",홀
2026-09-02T00:31:48+00:00,2026,103,8143,bs,MLB,승패,2,,워싱내셔 6,3 마이말린,09.01(화) 07:45,"1.86,1.67",홈승
2026-09-02T00:31:48+00:00,2026,103,8144,bs,MLB,승①패,3,승①패,워싱내셔 6,3 마이말린,09.01(화) 07:45,"2.75,3.3,2.07",홈승
2026-09-02T00:31:48+00:00,2026,103,8145,bs,MLB,핸디캡,2,H +2.5,워싱내셔 8.5,3 마이말린,09.01(화) 07:45,"1.29,2.77",핸디승
2026-09-02T00:31:48+00:00,2026,103,8146,bs,MLB,언더오버,2,U 8.5,워싱내셔,마이말린,09.01(화) 07:45,"1.84,1.69",오버
2026-09-02T00:31:48+00:00,2026,103,8147,bs,MLB,홀짝,2,,워싱내셔,마이말린,09.01(화) 07:45,"1.59,2.07",홀
2026-09-02T00:31:48+00:00,2026,103,8148,bs,MLB,승패,2,,보스레드 9,8 시애매리,09.01(화) 07:45,"1.45,2.24",홈승
2026-09-02T00:31:48+00:00,2026,103,8149,bs,MLB,승①패,3,승①패,보스레드 9,8 시애매리,09.01(화) 07:45,"1.97,3.3,2.95",①
2026-09-02T00:31:48+00:00,2026,103,8150,bs,MLB,핸디캡,2,H -2.5,보스레드 6.5,8 시애매리,09.01(화) 07:45,"2.64,1.32",핸디패
2026-09-02T00:31:48+00:00,2026,103,8151,bs,MLB,언더오버,2,U 7.5,보스레드,시애매리,09.01(화) 07:45,"1.89,1.65",오버
2026-09-02T00:31:48+00:00,2026,103,8152,bs,MLB,홀짝,2,,보스레드,시애매리,09.01(화) 07:45,"1.59,2.07",홀
2026-09-02T00:31:48+00:00,2026,103,8153,bk,남농월예,승패,2,,미국M 104,80 콜롬비M,09.01(화) 08:00,"1.0,1.0",홈승
2026-09-02T00:31:48+00:00,2026,103,8154,bk,남농월예,핸디캡,2,H -26.5,미국M 77.5,80 콜롬비M,09.01(화) 08:00,"1.78,1.74",핸디패
2026-09-02T00:31:48+00:00,2026,103,8155,bk,남농월예,언더오버,2,U 185.5,미국M,콜롬비M,09.01(화) 08:00,"1.74,1.78",언더
2026-09-02T00:31:48+00:00,2026,103,8156,bk,남농월예,홀짝,2,,미국M,콜롬비M,09.01(화) 08:00,"1.8,1.8",짝
2026-09-02T00:31:48+00:00,2026,103,8157,bk,남농월예,승패,2,,캐나다M 97,92 아르헨M,09.01(화) 08:10,"1.34,2.56",홈승
2026-09-02T00:31:48+00:00,2026,103,8158,bk,남농월예,핸디캡,2,H -5.5,캐나다M 91.5,92 아르헨M,09.01(화) 08:10,"1.71,1.81",핸디패
2026-09-02T00:31:48+00:00,2026,103,8159,bk,남농월예,언더오버,2,U 170.5,캐나다M,아르헨M,09.01(화) 08:10,"1.75,1.77",오버
2026-09-02T00:31:48+00:00,2026,103,8160,bk,남농월예,홀짝,2,,캐나다M,아르헨M,09.01(화) 08:10,"1.8,1.8",홀
2026-09-02T00:31:48+00:00,2026,103,8161,bk,남농월예,승패,2,,우루과M 80,75 푸에르M,09.01(화) 08:10,"1.93,1.62",홈승
2026-09-02T00:31:48+00:00,2026,103,8162,bk,남농월예,핸디캡,2,H +1.5,우루과M 81.5,75 푸에르M,09.01(화) 08:10,"1.8,1.72",핸디승
2026-09-02T00:31:48+00:00,2026,103,8163,bk,남농월예,언더오버,2,U 167.5,우루과M,푸에르M,09.01(화) 08:10,"1.77,1.75",언더
2026-09-02T00:31:48+00:00,2026,103,8164,bk,남농월예,홀짝,2,,우루과M,푸에르M,09.01(화) 08:10,"1.8,1.8",홀
2026-09-02T00:31:48+00:00,2026,103,8165,bs,MLB,승패,2,,미네트윈 11,1 디트타이,09.01(화) 08:40,"1.58,1.99",홈승
2026-09-02T00:31:48+00:00,2026,103,8166,bs,MLB,승①패,3,승①패,미네트윈 11,1 디트타이,09.01(화) 08:40,"2.2,3.3,2.55",홈승
2026-09-02T00:31:48+00:00,2026,103,8167,bs,MLB,핸디캡,2,H -2.5,미네트윈 8.5,1 디트타이,09.01(화) 08:40,"2.97,1.25",핸디승
2026-09-02T00:31:48+00:00,2026,103,8168,bs,MLB,언더오버,2,U 8.5,미네트윈,디트타이,09.01(화) 08:40,"1.75,1.77",오버
2026-09-02T00:31:48+00:00,2026,103,8169,bs,MLB,홀짝,2,,미네트윈,디트타이,09.01(화) 08:40,"1.59,2.07",짝
2026-09-02T00:31:48+00:00,2026,103,8170,bs,MLB,승패,2,,시카컵스 17,3 밀워브루,09.01(화) 08:40,"1.74,1.78",홈승
2026-09-02T00:31:48+00:00,2026,103,8171,bs,MLB,승①패,3,승①패,시카컵스 17,3 밀워브루,09.01(화) 08:40,"2.5,3.35,2.22",홈승
2026-09-02T00:31:48+00:00,2026,103,8172,bs,MLB,핸디캡,2,H -2.5,시카컵스 14.5,3 밀워브루,09.01(화) 08:40,"3.46,1.18",핸디승
2026-09-02T00:31:48+00:00,2026,103,8173,bs,MLB,언더오버,2,U 9.5,시카컵스,밀워브루,09.01(화) 08:40,"1.75,1.77",오버
2026-09-02T00:31:48+00:00,2026,103,8174,bs,MLB,홀짝,2,,시카컵스,밀워브루,09.01(화) 08:40,"1.59,2.07",짝
2026-09-02T00:31:48+00:00,2026,103,8175,bs,MLB,승패,2,,텍사레인 8,1 애슬레틱,09.01(화) 09:05,"1.34,2.56",홈승
2026-09-02T00:31:48+00:00,2026,103,8176,bs,MLB,승①패,3,승①패,텍사레인 8,1 애슬레틱,09.01(화) 09:05,"1.77,3.45,3.4",홈승
2026-09-02T00:31:48+00:00,2026,103,8177,bs,MLB,핸디캡,2,H -2.5,텍사레인 5.5,1 애슬레틱,09.01(화) 09:05,"2.34,1.41",핸디승
2026-09-02T00:31:48+00:00,2026,103,8178,bs,MLB,언더오버,2,U 7.5,텍사레인,애슬레틱,09.01(화) 09:05,"1.75,1.77",오버
2026-09-02T00:31:48+00:00,2026,103,8179,bs,MLB,홀짝,2,,텍사레인,애슬레틱,09.01(화) 09:05,"1.59,2.07",홀
2026-09-02T00:31:48+00:00,2026,103,8180,bs,MLB,승패,2,,휴스애스 6,3 시카화이,09.01(화) 09:10,"1.62,1.93",홈승
2026-09-02T00:31:48+00:00,2026,103,8181,bs,MLB,승①패,3,승①패,휴스애스 6,3 시카화이,09.01(화) 09:10,"2.28,3.3,2.45",홈승
2026-09-02T00:31:48+00:00,2026,103,8182,bs,MLB,핸디캡,2,H -2.5,휴스애스 3.5,3 시카화이,09.01(화) 09:10,"3.09,1.23",핸디승
2026-09-02T00:31:48+00:00,2026,103,8183,bs,MLB,언더오버,2,U 8.5,휴스애스,시카화이,09.01(화) 09:10,"1.73,1.79",오버
2026-09-02T00:31:48+00:00,2026,103,8184,bs,MLB,홀짝,2,,휴스애스,시카화이,09.01(화) 09:10,"1.59,2.07",홀
2026-09-02T00:31:48+00:00,2026,103,8185,bk,남농월예,승패,2,,도미공M 101,66 칠레M,09.01(화) 09:10,"1.0,1.0",홈승
2026-09-02T00:31:48+00:00,2026,103,8186,bk,남농월예,핸디캡,2,H -22.5,도미공M 78.5,66 칠레M,09.01(화) 09:10,"1.78,1.74",핸디승
2026-09-02T00:31:48+00:00,2026,103,8187,bk,남농월예,언더오버,2,U 169.5,도미공M,칠레M,09.01(화) 09:10,"1.74,1.78",언더
2026-09-02T00:31:48+00:00,2026,103,8188,bk,남농월예,홀짝,2,,도미공M,칠레M,09.01(화) 09:10,"1.8,1.8",홀
2026-09-02T00:31:48+00:00,2026,103,8189,bk,남농월예,승패,2,,바하마M 100,82 파나마M,09.01(화) 09:10,"1.0,1.0",홈승
2026-09-02T00:31:48+00:00,2026,103,8190,bk,남농월예,핸디캡,2,H -25.5,바하마M 74.5,82 파나마M,09.01(화) 09:10,"1.74,1.78",핸디패
2026-09-02T00:31:48+00:00,2026,103,8191,bk,남농월예,언더오버,2,U 175.5,바하마M,파나마M,09.01(화) 09:10,"1.76,1.76",오버
2026-09-02T00:31:48+00:00,2026,103,8192,bk,남농월예,홀짝,2,,바하마M,파나마M,09.01(화) 09:10,"1.8,1.8",짝
2026-09-02T00:31:48+00:00,2026,103,8193,bs,MLB,승패,2,,콜로로키 1,2 볼티오리,09.01(화) 09:40,"2.07,1.53",홈패
2026-09-02T00:31:48+00:00,2026,103,8194,bs,MLB,승①패,3,승①패,콜로로키 1,2 볼티오리,09.01(화) 09:40,"3.1,3.5,1.85",①
2026-09-02T00:31:48+00:00,2026,103,8195,bs,MLB,핸디캡,2,H +2.5,콜로로키 3.5,2 볼티오리,09.01(화) 09:40,"1.4,2.37",핸디승
2026-09-02T00:31:48+00:00,2026,103,8196,bs,MLB,언더오버,2,U 10.5,콜로로키,볼티오리,09.01(화) 09:40,"1.96,1.6",언더
2026-09-02T00:31:48+00:00,2026,103,8197,bs,MLB,홀짝,2,,콜로로키,볼티오리,09.01(화) 09:40,"1.6,2.06",홀
2026-09-02T00:31:48+00:00,2026,103,8198,bs,MLB,승패,2,,LA에인절 10,1 뉴욕양키,09.01(화) 10:38,"2.07,1.53",홈승
2026-09-02T00:31:48+00:00,2026,103,8199,bs,MLB,승①패,3,승①패,LA에인절 10,1 뉴욕양키,09.01(화) 10:38,"3.15,3.35,1.87",홈승
2026-09-02T00:31:48+00:00,2026,103,8200,bs,MLB,핸디캡,2,H +2.5,LA에인절 12.5,1 뉴욕양키,09.01(화) 10:38,"1.37,2.46",핸디승
2026-09-02T00:31:48+00:00,2026,103,8201,bs,MLB,언더오버,2,U 8.5,LA에인절,뉴욕양키,09.01(화) 10:38,"1.74,1.78",오버
2026-09-02T00:31:48+00:00,2026,103,8202,bs,MLB,홀짝,2,,LA에인절,뉴욕양키,09.01(화) 10:38,"1.59,2.07",홀
2026-09-02T00:31:48+00:00,2026,103,8203,bs,MLB,승패,2,,애리다이 1,2 필라필리,09.01(화) 10:40,"1.86,1.67",홈패
2026-09-02T00:31:48+00:00,2026,103,8204,bs,MLB,승①패,3,승①패,애리다이 1,2 필라필리,09.01(화) 10:40,"2.75,3.3,2.07",①
2026-09-02T00:31:48+00:00,2026,103,8205,bs,MLB,핸디캡,2,H +2.5,애리다이 3.5,2 필라필리,09.01(화) 10:40,"1.29,2.77",핸디승
2026-09-02T00:31:48+00:00,2026,103,8206,bs,MLB,언더오버,2,U 8.5,애리다이,필라필리,09.01(화) 10:40,"1.73,1.79",언더
2026-09-02T00:31:48+00:00,2026,103,8207,bs,MLB,홀짝,2,,애리다이,필라필리,09.01(화) 10:40,"1.59,2.07",홀
2026-09-02T00:31:48+00:00,2026,103,8208,bs,MLB,전반승무패,3,h(전반),애리다이 1,2 필라필리,09.01(화) 10:40,"2.2,5.5,1.95",홈패
2026-09-02T00:31:48+00:00,2026,103,8209,bs,MLB,전반핸디캡,2,h H +1.5,애리다이 2.5,2 필라필리,09.01(화) 10:40,"1.27,2.87",핸디승
2026-09-02T00:31:48+00:00,2026,103,8210,bs,MLB,전반언더오버,2,h U 4.5,애리다이,필라필리,09.01(화) 10:40,"1.68,1.85",언더
2026-09-02T00:31:48+00:00,2026,103,8211,bk,남농월예,승패,2,,멕시코M 79,74 브라질M,09.01(화) 11:10,"2.6,1.33",홈승
2026-09-02T00:31:48+00:00,2026,103,8212,bk,남농월예,핸디캡,2,H +5.5,멕시코M 84.5,74 브라질M,09.01(화) 11:10,"1.78,1.74",핸디승
2026-09-02T00:31:48+00:00,2026,103,8213,bk,남농월예,언더오버,2,U 175.5,멕시코M,브라질M,09.01(화) 11:10,"1.75,1.77",언더
2026-09-02T00:31:48+00:00,2026,103,8214,bk,남농월예,홀짝,2,,멕시코M,브라질M,09.01(화) 11:10,"1.8,1.8",홀
2026-09-02T00:31:48+00:00,2026,103,8215,bs,NPB,승패,2,,요미우리 4,3 요코베이,09.01(화) 18:00,"1.6,1.96",홈승
2026-09-02T00:31:48+00:00,2026,103,8216,bs,NPB,승①패,3,승①패,요미우리 4,3 요코베이,09.01(화) 18:00,"2.45,2.75,2.65",①
2026-09-02T00:31:48+00:00,2026,103,8217,bs,NPB,핸디캡,2,H -2.5,요미우리 1.5,3 요코베이,09.01(화) 18:00,"3.65,1.16",핸디패
2026-09-02T00:31:48+00:00,2026,103,8218,bs,NPB,언더오버,2,U 5.5,요미우리,요코베이,09.01(화) 18:00,"2.05,1.54",오버
2026-09-02T00:31:48+00:00,2026,103,8219,bs,NPB,홀짝,2,,요미우리,요코베이,09.01(화) 18:00,"1.64,1.99",홀
2026-09-02T00:31:48+00:00,2026,103,8220,bs,NPB,승패,2,,야쿠르트 2,6 한신,09.01(화) 18:00,"2.97,1.25",홈패
2026-09-02T00:31:48+00:00,2026,103,8221,bs,NPB,승①패,3,승①패,야쿠르트 2,6 한신,09.01(화) 18:00,"5.6,3.2,1.52",홈패
2026-09-02T00:31:48+00:00,2026,103,8222,bs,NPB,핸디캡,2,H +2.5,야쿠르트 4.5,6 한신,09.01(화) 18:00,"1.59,1.97",핸디패
2026-09-02T00:31:48+00:00,2026,103,8223,bs,NPB,언더오버,2,U 7.5,야쿠르트,한신,09.01(화) 18:00,"1.63,1.91",오버
2026-09-02T00:31:48+00:00,2026,103,8224,bs,NPB,홀짝,2,,야쿠르트,한신,09.01(화) 18:00,"1.66,1.97",짝
2026-09-02T00:31:48+00:00,2026,103,8225,bs,NPB,승패,2,,주니치 1,5 히로카프,09.01(화) 18:00,"1.55,2.04",홈패
2026-09-02T00:31:48+00:00,2026,103,8226,bs,NPB,승①패,3,승①패,주니치 1,5 히로카프,09.01(화) 18:00,"2.37,2.7,2.8",홈패
2026-09-02T00:31:48+00:00,2026,103,8227,bs,NPB,핸디캡,2,H -2.5,주니치 -1.5,5 히로카프,09.01(화) 18:00,"2.87,1.27",핸디패
2026-09-02T00:31:48+00:00,2026,103,8228,bs,NPB,언더오버,2,U 6.5,주니치,히로카프,09.01(화) 18:00,"1.65,1.89",언더
2026-09-02T00:31:48+00:00,2026,103,8229,bs,NPB,홀짝,2,,주니치,히로카프,09.01(화) 18:00,"1.64,1.99",짝
2026-09-02T00:31:48+00:00,2026,103,8230,bs,NPB,승패,2,,닛폰햄 2,1 소프트뱅,09.01(화) 18:00,"2.43,1.38",홈승
2026-09-02T00:31:48+00:00,2026,103,8231,bs,NPB,승①패,3,승①패,닛폰햄 2,1 소프트뱅,09.01(화) 18:00,"4.2,2.95,1.75",①
2026-09-02T00:31:48+00:00,2026,103,8232,bs,NPB,핸디캡,2,H +2.5,닛폰햄 4.5,1 소프트뱅,09.01(화) 18:00,"1.41,2.34",핸디승
2026-09-02T00:31:48+00:00,2026,103,8233,bs,NPB,언더오버,2,U 6.5,닛폰햄,소프트뱅,09.01(화) 18:00,"1.97,1.59",언더
2026-09-02T00:31:48+00:00,2026,103,8234,bs,NPB,홀짝,2,,닛폰햄,소프트뱅,09.01(화) 18:00,"1.65,1.98",홀
2026-09-02T00:31:48+00:00,2026,103,8235,bs,NPB,승패,2,,라쿠텐 5,1 오릭스,09.01(화) 18:00,"1.75,1.77",홈승
2026-09-02T00:31:48+00:00,2026,103,8236,bs,NPB,승①패,3,승①패,라쿠텐 5,1 오릭스,09.01(화) 18:00,"2.7,2.8,2.37",홈승
2026-09-02T00:31:48+00:00,2026,103,8237,bs,NPB,핸디캡,2,H -2.5,라쿠텐 2.5,1 오릭스,09.01(화) 18:00,"3.86,1.14",핸디승
2026-09-02T00:31:48+00:00,2026,103,8238,bs,NPB,언더오버,2,U 6.5,라쿠텐,오릭스,09.01(화) 18:00,"1.99,1.58",언더
2026-09-02T00:31:48+00:00,2026,103,8239,bs,NPB,홀짝,2,,라쿠텐,오릭스,09.01(화) 18:00,"1.64,1.99",짝
2026-09-02T00:31:48+00:00,2026,103,8240,bs,NPB,승패,2,,지바롯데 1,0 세이부,09.01(화) 18:00,"2.15,1.49",홈승
2026-09-02T00:31:48+00:00,2026,103,8241,bs,NPB,승①패,3,승①패,지바롯데 1,0 세이부,09.01(화) 18:00,"3.5,2.85,1.95",①
2026-09-02T00:31:48+00:00,2026,103,8242,bs,NPB,핸디캡,2,H +2.5,지바롯데 3.5,0 세이부,09.01(화) 18:00,"1.3,2.72",핸디승
2026-09-02T00:31:48+00:00,2026,103,8243,bs,NPB,언더오버,2,U 6.5,지바롯데,세이부,09.01(화) 18:00,"1.9,1.64",언더
2026-09-02T00:31:48+00:00,2026,103,8244,bs,NPB,홀짝,2,,지바롯데,세이부,09.01(화) 18:00,"1.64,1.99",홀
2026-09-02T00:31:48+00:00,2026,103,8245,bs,KBO,승패,2,,두산 1,3 LG,09.01(화) 18:30,"1.79,1.73",홈패
2026-09-02T00:31:48+00:00,2026,103,8246,bs,KBO,승①패,3,승①패,두산 1,3 LG,09.01(화) 18:30,"2.55,3.25,2.22",홈패
2026-09-02T00:31:48+00:00,2026,103,8247,bs,KBO,핸디캡,2,H +2.5,두산 3.5,3 LG,09.01(화) 18:30,"1.26,2.92",핸디승
2026-09-02T00:31:48+00:00,2026,103,8248,bs,KBO,언더오버,2,U 8.5,두산,LG,09.01(화) 18:30,"1.76,1.76",언더
2026-09-02T00:31:48+00:00,2026,103,8249,bs,KBO,홀짝,2,,두산,LG,09.01(화) 18:30,"1.62,2.03",짝
2026-09-02T00:31:48+00:00,2026,103,8250,bs,KBO,전반승무패,3,h(전반),두산 1,3 LG,09.01(화) 18:30,"2.1,5.4,2.05",홈패
2026-09-02T00:31:48+00:00,2026,103,8251,bs,KBO,전반핸디캡,2,h H +1.5,두산 2.5,3 LG,09.01(화) 18:30,"1.28,2.82",핸디패
2026-09-02T00:31:48+00:00,2026,103,8252,bs,KBO,전반언더오버,2,h U 4.5,두산,LG,09.01(화) 18:30,"1.78,1.74",언더
2026-09-02T00:31:48+00:00,2026,103,8253,bs,KBO,승패,2,,삼성 3,0 롯데,09.01(화) 18:30,"1.49,2.15",홈승
2026-09-02T00:31:48+00:00,2026,103,8254,bs,KBO,승①패,3,승①패,삼성 3,0 롯데,09.01(화) 18:30,"1.91,3.55,2.9",홈승
2026-09-02T00:31:48+00:00,2026,103,8255,bs,KBO,핸디캡,2,H -2.5,삼성 0.5,0 롯데,09.01(화) 18:30,"2.43,1.38",핸디승
2026-09-02T00:31:48+00:00,2026,103,8256,bs,KBO,언더오버,2,U 10.5,삼성,롯데,09.01(화) 18:30,"1.84,1.69",언더
2026-09-02T00:31:48+00:00,2026,103,8257,bs,KBO,홀짝,2,,삼성,롯데,09.01(화) 18:30,"1.61,2.04",홀
2026-09-02T00:31:48+00:00,2026,103,8258,bs,KBO,전반승무패,3,h(전반),삼성 2,0 롯데,09.01(화) 18:30,"1.71,6.8,2.4",홈승
2026-09-02T00:31:48+00:00,2026,103,8259,bs,KBO,전반핸디캡,2,h H -1.5,삼성 0.5,0 롯데,09.01(화) 18:30,"2.07,1.53",핸디승
2026-09-02T00:31:48+00:00,2026,103,8260,bs,KBO,전반언더오버,2,h U 5.5,삼성,롯데,09.01(화) 18:30,"1.85,1.68",언더
2026-09-02T00:31:48+00:00,2026,103,8261,bs,KBO,승패,2,,KT 6,1 한화,09.01(화) 18:30,"1.52,2.09",홈승
2026-09-02T00:31:48+00:00,2026,103,8262,bs,KBO,승①패,3,승①패,KT 6,1 한화,09.01(화) 18:30,"2.06,3.5,2.65",홈승
2026-09-02T00:31:48+00:00,2026,103,8263,bs,KBO,핸디캡,2,H -2.5,KT 3.5,1 한화,09.01(화) 18:30,"2.82,1.28",핸디승
2026-09-02T00:31:48+00:00,2026,103,8264,bs,KBO,언더오버,2,U 9.5,KT,한화,09.01(화) 18:30,"1.75,1.77",언더
2026-09-02T00:31:48+00:00,2026,103,8265,bs,KBO,홀짝,2,,KT,한화,09.01(화) 18:30,"1.61,2.04",홀
2026-09-02T00:31:48+00:00,2026,103,8266,bs,KBO,전반승무패,3,h(전반),KT 4,0 한화,09.01(화) 18:30,"1.77,6.3,2.35",홈승
2026-09-02T00:31:48+00:00,2026,103,8267,bs,KBO,전반핸디캡,2,h H -1.5,KT 2.5,0 한화,09.01(화) 18:30,"2.37,1.4",핸디승
2026-09-02T00:31:48+00:00,2026,103,8268,bs,KBO,전반언더오버,2,h U 4.5,KT,한화,09.01(화) 18:30,"1.99,1.58",언더
2026-09-02T00:31:48+00:00,2026,103,8269,bs,KBO,승패,2,,NC 7,2 KIA,09.01(화) 18:30,"1.93,1.62",홈승
2026-09-02T00:31:48+00:00,2026,103,8270,bs,KBO,승①패,3,승①패,NC 7,2 KIA,09.01(화) 18:30,"2.8,3.3,2.04",홈승
2026-09-02T00:31:48+00:00,2026,103,8271,bs,KBO,핸디캡,2,H +2.5,NC 9.5,2 KIA,09.01(화) 18:30,"1.4,2.37",핸디승
2026-09-02T00:31:48+00:00,2026,103,8272,bs,KBO,언더오버,2,U 9.5,NC,KIA,09.01(화) 18:30,"1.72,1.8",언더
2026-09-02T00:31:48+00:00,2026,103,8273,bs,KBO,홀짝,2,,NC,KIA,09.01(화) 18:30,"1.62,2.03",홀
2026-09-02T00:31:48+00:00,2026,103,8274,bs,KBO,전반승무패,3,h(전반),NC 3,1 KIA,09.01(화) 18:30,"2.25,5.6,1.9",홈승
2026-09-02T00:31:48+00:00,2026,103,8275,bs,KBO,전반핸디캡,2,h H +1.5,NC 4.5,1 KIA,09.01(화) 18:30,"1.36,2.49",핸디승
2026-09-02T00:31:48+00:00,2026,103,8276,bs,KBO,전반언더오버,2,h U 4.5,NC,KIA,09.01(화) 18:30,"1.91,1.63",언더
2026-09-02T00:31:48+00:00,2026,103,8277,bs,KBO,승패,2,,키움 0,4 SSG,09.01(화) 18:30,"1.7,1.82",홈패
2026-09-02T00:31:48+00:00,2026,103,8278,bs,KBO,승①패,3,승①패,키움 0,4 SSG,09.01(화) 18:30,"2.4,3.25,2.35",홈패
2026-09-02T00:31:48+00:00,2026,103,8279,bs,KBO,핸디캡,2,H -2.5,키움 -2.5,4 SSG,09.01(화) 18:30,"3.3,1.2",핸디패
2026-09-02T00:31:48+00:00,2026,103,8280,bs,KBO,언더오버,2,U 8.5,키움,SSG,09.01(화) 18:30,"1.78,1.74",언더
2026-09-02T00:31:48+00:00,2026,103,8281,bs,KBO,홀짝,2,,키움,SSG,09.01(화) 18:30,"1.62,2.03",짝
2026-09-02T00:31:48+00:00,2026,103,8282,bs,KBO,전반승무패,3,h(전반),키움 0,4 SSG,09.01(화) 18:30,"1.87,5.9,2.25",홈패
2026-09-02T00:31:48+00:00,2026,103,8283,bs,KBO,전반핸디캡,2,h H -1.5,키움 -1.5,4 SSG,09.01(화) 18:30,"2.64,1.32",핸디패
2026-09-02T00:31:48+00:00,2026,103,8284,bs,KBO,전반언더오버,2,h U 4.5,키움,SSG,09.01(화) 18:30,"1.76,1.76",언더
2026-09-02T00:31:48+00:00,2026,103,8293,sc,EFL챔,승무패,3,,링컨시티 0,0 블랙번R,09.02(수) 03:45,"2.18,3.0,2.8",무승부
2026-09-02T00:31:48+00:00,2026,103,8294,sc,EFL챔,핸디캡,3,H -1.0,링컨시티 -1,0 블랙번R,09.02(수) 03:45,"4.2,3.65,1.57",핸디패
2026-09-02T00:31:48+00:00,2026,103,8295,sc,EFL챔,언더오버,2,U 2.5,링컨시티,블랙번R,09.02(수) 03:45,"1.75,1.77",언더
2026-09-02T00:31:48+00:00,2026,103,8296,sc,EFL챔,홀짝,2,,링컨시티,블랙번R,09.02(수) 03:45,"1.81,1.79",짝
2026-09-02T00:31:48+00:00,2026,103,8297,sc,EFL챔,승무패,3,,포츠머스 0,2 더비카운,09.02(수) 03:45,"1.95,3.05,3.25",홈패
2026-09-02T00:31:48+00:00,2026,103,8298,sc,EFL챔,핸디캡,3,H -1.0,포츠머스 -1,2 더비카운,09.02(수) 03:45,"3.65,3.5,1.7",핸디패
2026-09-02T00:31:48+00:00,2026,103,8299,sc,EFL챔,언더오버,2,U 2.5,포츠머스,더비카운,09.02(수) 03:45,"1.63,1.91",언더
2026-09-02T00:31:48+00:00,2026,103,8300,sc,EFL챔,홀짝,2,,포츠머스,더비카운,09.02(수) 03:45,"1.81,1.79",짝
2026-09-02T00:31:48+00:00,2026,103,8301,sc,EFL챔,승무패,3,,프레스턴 1,3 브리스C,09.02(수) 03:45,"2.42,3.05,2.45",홈패
2026-09-02T00:31:48+00:00,2026,103,8302,sc,EFL챔,핸디캡,3,H -1.0,프레스턴 0,3 브리스C,09.02(수) 03:45,"5.4,4.0,1.4",핸디패
2026-09-02T00:31:48+00:00,2026,103,8303,sc,EFL챔,언더오버,2,U 2.5,프레스턴,브리스C,09.02(수) 03:45,"1.73,1.79",오버
2026-09-02T00:31:48+00:00,2026,103,8304,sc,EFL챔,홀짝,2,,프레스턴,브리스C,09.02(수) 03:45,"1.81,1.79",짝
2026-09-02T00:31:48+00:00,2026,103,8305,sc,EFL챔,승무패,3,,셰필드U 3,2 볼턴W,09.02(수) 03:45,"1.56,3.6,4.35",홈승
2026-09-02T00:31:48+00:00,2026,103,8306,sc,EFL챔,핸디캡,3,H -1.0,셰필드U 2,2 볼턴W,09.02(수) 03:45,"2.65,3.15,2.2",핸디무
2026-09-02T00:31:48+00:00,2026,103,8307,sc,EFL챔,언더오버,2,U 2.5,셰필드U,볼턴W,09.02(수) 03:45,"1.86,1.67",오버
2026-09-02T00:31:48+00:00,2026,103,8308,sc,EFL챔,홀짝,2,,셰필드U,볼턴W,09.02(수) 03:45,"1.81,1.79",홀
2026-09-02T00:31:48+00:00,2026,103,8309,sc,EFL챔,승무패,3,,스완지C 2,0 왓포드,09.02(수) 03:45,"1.78,3.2,3.65",홈승
2026-09-02T00:31:48+00:00,2026,103,8310,sc,EFL챔,핸디캡,3,H -1.0,스완지C 1,0 왓포드,09.02(수) 03:45,"3.2,3.25,1.89",핸디승
2026-09-02T00:31:48+00:00,2026,103,8311,sc,EFL챔,언더오버,2,U 2.5,스완지C,왓포드,09.02(수) 03:45,"1.77,1.75",언더
2026-09-02T00:31:48+00:00,2026,103,8312,sc,EFL챔,홀짝,2,,스완지C,왓포드,09.02(수) 03:45,"1.81,1.79",짝
2026-09-02T00:31:48+00:00,2026,103,8313,sc,EFL챔,승무패,3,,웨스트햄 4,2 울버햄튼,09.02(수) 03:45,"1.93,3.3,3.05",홈승
2026-09-02T00:31:48+00:00,2026,103,8314,sc,EFL챔,핸디캡,3,H -1.0,웨스트햄 3,2 울버햄튼,09.02(수) 03:45,"3.5,3.5,1.73",핸디승
2026-09-02T00:31:48+00:00,2026,103,8315,sc,EFL챔,언더오버,2,U 2.5,웨스트햄,울버햄튼,09.02(수) 03:45,"2.04,1.55",오버
2026-09-02T00:31:48+00:00,2026,103,8316,sc,EFL챔,홀짝,2,,웨스트햄,울버햄튼,09.02(수) 03:45,"1.81,1.79",짝
2026-09-02T00:31:48+00:00,2026,103,8317,sc,EFL챔,승무패,3,,버밍엄C 1,1 사우샘프,09.02(수) 04:00,"2.36,3.0,2.55",무승부
2026-09-02T00:31:48+00:00,2026,103,8318,sc,EFL챔,핸디캡,3,H -1.0,버밍엄C 0,1 사우샘프,09.02(수) 04:00,"4.65,3.75,1.5",핸디패
2026-09-02T00:31:48+00:00,2026,103,8319,sc,EFL챔,언더오버,2,U 2.5,버밍엄C,사우샘프,09.02(수) 04:00,"1.84,1.69",언더
2026-09-02T00:31:48+00:00,2026,103,8320,sc,EFL챔,홀짝,2,,버밍엄C,사우샘프,09.02(수) 04:00,"1.81,1.79",짝
2026-09-02T00:31:48+00:00,2026,103,8321,sc,EFL챔,승무패,3,,스토크C 1,0 노리치C,09.02(수) 04:00,"2.95,3.1,2.05",홈승
2026-09-02T00:31:48+00:00,2026,103,8322,sc,EFL챔,핸디캡,3,H +1.0,스토크C 2,0 노리치C,09.02(수) 04:00,"1.64,3.6,3.8",핸디승
2026-09-02T00:31:48+00:00,2026,103,8323,sc,EFL챔,언더오버,2,U 2.5,스토크C,노리치C,09.02(수) 04:00,"1.93,1.62",언더
2026-09-02T00:31:48+00:00,2026,103,8324,sc,EFL챔,홀짝,2,,스토크C,노리치C,09.02(수) 04:00,"1.81,1.79",홀
2026-09-02T00:31:48+00:00,2026,103,8325,sc,이탈FA컵,승무패,3,,토리노 0,1 AC몬차,09.02(수) 04:00,"1.71,3.2,3.95",홈패
2026-09-02T00:31:48+00:00,2026,103,8326,sc,이탈FA컵,핸디캡,3,H -1.0,토리노 -1,1 AC몬차,09.02(수) 04:00,"3.0,3.0,2.07",핸디패
2026-09-02T00:31:48+00:00,2026,103,8327,sc,이탈FA컵,언더오버,2,U 2.5,토리노,AC몬차,09.02(수) 04:00,"1.63,1.91",언더
2026-09-02T00:31:48+00:00,2026,103,8328,sc,이탈FA컵,홀짝,2,,토리노,AC몬차,09.02(수) 04:00,"1.81,1.79",홀
2026-09-02T00:31:48+00:00,2026,103,8329,bs,MLB,승패,2,,탬파레이 5,2 뉴욕메츠,09.02(수) 07:40,"1.6,1.96",7회초
2026-09-02T00:31:48+00:00,2026,103,8330,bs,MLB,승①패,3,승①패,탬파레이 5,2 뉴욕메츠,09.02(수) 07:40,"2.26,3.25,2.5",7회초
2026-09-02T00:31:48+00:00,2026,103,8331,bs,MLB,핸디캡,2,H -2.5,탬파레이 2.5,2 뉴욕메츠,09.02(수) 07:40,"3.09,1.23",7회초
2026-09-02T00:31:48+00:00,2026,103,8332,bs,MLB,언더오버,2,U 7.5,탬파레이,뉴욕메츠,09.02(수) 07:40,"1.8,1.72",7회초
2026-09-02T00:31:48+00:00,2026,103,8333,bs,MLB,홀짝,2,,탬파레이,뉴욕메츠,09.02(수) 07:40,"1.58,2.09",7회초
2026-09-02T00:31:48+00:00,2026,103,8334,bs,MLB,승패,2,,피츠파이 11,5 샌프자이,09.02(수) 07:40,"1.46,2.22",5회초
2026-09-02T00:31:48+00:00,2026,103,8335,bs,MLB,승①패,3,승①패,피츠파이 11,5 샌프자이,09.02(수) 07:40,"2.01,3.25,2.9",5회초
2026-09-02T00:31:48+00:00,2026,103,8336,bs,MLB,핸디캡,2,H -2.5,피츠파이 8.5,5 샌프자이,09.02(수) 07:40,"2.72,1.3",5회초
2026-09-02T00:31:48+00:00,2026,103,8337,bs,MLB,언더오버,2,U 7.5,피츠파이,샌프자이,09.02(수) 07:40,"1.68,1.85",5회초
2026-09-02T00:31:48+00:00,2026,103,8338,bs,MLB,홀짝,2,,피츠파이,샌프자이,09.02(수) 07:40,"1.58,2.09",5회초
2026-09-02T00:31:48+00:00,2026,103,8339,bs,MLB,승패,2,,클리가디 2,1 토론블루,09.02(수) 07:40,"1.44,2.26",7회초
2026-09-02T00:31:48+00:00,2026,103,8340,bs,MLB,승①패,3,승①패,클리가디 2,1 토론블루,09.02(수) 07:40,"1.95,3.35,2.95",7회초
2026-09-02T00:31:48+00:00,2026,103,8341,bs,MLB,핸디캡,2,H -2.5,클리가디 -0.5,1 토론블루,09.02(수) 07:40,"2.64,1.32",7회초
2026-09-02T00:31:48+00:00,2026,103,8342,bs,MLB,언더오버,2,U 7.5,클리가디,토론블루,09.02(수) 07:40,"1.86,1.67",7회초
2026-09-02T00:31:48+00:00,2026,103,8343,bs,MLB,홀짝,2,,클리가디,토론블루,09.02(수) 07:40,"1.59,2.07",7회초
2026-09-02T00:31:48+00:00,2026,103,8344,bs,MLB,승패,2,,신시레즈 2,2 샌디파드,09.02(수) 07:40,"2.02,1.56",7회초
2026-09-02T00:31:48+00:00,2026,103,8345,bs,MLB,승①패,3,승①패,신시레즈 2,2 샌디파드,09.02(수) 07:40,"3.0,3.4,1.92",7회초
2026-09-02T00:31:48+00:00,2026,103,8346,bs,MLB,핸디캡,2,H +2.5,신시레즈 4.5,2 샌디파드,09.02(수) 07:40,"1.36,2.49",7회초
2026-09-02T00:31:48+00:00,2026,103,8347,bs,MLB,언더오버,2,U 9.5,신시레즈,샌디파드,09.02(수) 07:40,"1.73,1.79",7회초
2026-09-02T00:31:48+00:00,2026,103,8348,bs,MLB,홀짝,2,,신시레즈,샌디파드,09.02(수) 07:40,"1.59,2.07",7회초
2026-09-02T00:31:48+00:00,2026,103,8349,bs,MLB,승패,2,,워싱내셔 5,2 애틀브레,09.02(수) 07:45,"2.29,1.43",6회초
2026-09-02T00:31:48+00:00,2026,103,8350,bs,MLB,승①패,3,승①패,워싱내셔 5,2 애틀브레,09.02(수) 07:45,"3.55,3.5,1.72",6회초
2026-09-02T00:31:48+00:00,2026,103,8351,bs,MLB,핸디캡,2,H +2.5,워싱내셔 7.5,2 애틀브레,09.02(수) 07:45,"1.48,2.17",6회초
2026-09-02T00:31:48+00:00,2026,103,8352,bs,MLB,언더오버,2,U 9.5,워싱내셔,애틀브레,09.02(수) 07:45,"1.87,1.66",6회초
2026-09-02T00:31:48+00:00,2026,103,8353,bs,MLB,홀짝,2,,워싱내셔,애틀브레,09.02(수) 07:45,"1.6,2.06",6회초
2026-09-02T00:31:48+00:00,2026,103,8354,bs,MLB,승패,2,,보스레드 1,9 시애매리,09.02(수) 07:45,"1.61,1.94",5회말
2026-09-02T00:31:48+00:00,2026,103,8355,bs,MLB,승①패,3,승①패,보스레드 1,9 시애매리,09.02(수) 07:45,"2.29,3.2,2.5",5회말
2026-09-02T00:31:48+00:00,2026,103,8356,bs,MLB,핸디캡,2,H -2.5,보스레드 -1.5,9 시애매리,09.02(수) 07:45,"3.16,1.22",5회말
2026-09-02T00:31:48+00:00,2026,103,8357,bs,MLB,언더오버,2,U 7.5,보스레드,시애매리,09.02(수) 07:45,"1.73,1.79",5회말
2026-09-02T00:31:48+00:00,2026,103,8358,bs,MLB,홀짝,2,,보스레드,시애매리,09.02(수) 07:45,"1.58,2.09",5회말
2026-09-02T00:31:48+00:00,2026,103,8359,bs,MLB,승패,2,,미네트윈 1,1 디트타이,09.02(수) 08:40,"1.77,1.75",3회말
2026-09-02T00:31:48+00:00,2026,103,8360,bs,MLB,승①패,3,승①패,미네트윈 1,1 디트타이,09.02(수) 08:40,"2.55,3.3,2.2",3회말
2026-09-02T00:31:48+00:00,2026,103,8361,bs,MLB,핸디캡,2,H +2.5,미네트윈 3.5,1 디트타이,09.02(수) 08:40,"1.26,2.92",3회말
2026-09-02T00:31:48+00:00,2026,103,8362,bs,MLB,언더오버,2,U 8.5,미네트윈,디트타이,09.02(수) 08:40,"1.81,1.71",3회말
2026-09-02T00:31:48+00:00,2026,103,8363,bs,MLB,홀짝,2,,미네트윈,디트타이,09.02(수) 08:40,"1.59,2.07",3회말
2026-09-02T00:31:48+00:00,2026,103,8364,bs,MLB,승패,2,,캔자로얄 0,2 마이말린,09.02(수) 08:40,"1.67,1.86",4회말
2026-09-02T00:31:48+00:00,2026,103,8365,bs,MLB,승①패,3,승①패,캔자로얄 0,2 마이말린,09.02(수) 08:40,"2.33,3.4,2.35",4회말
2026-09-02T00:31:48+00:00,2026,103,8366,bs,MLB,핸디캡,2,H -2.5,캔자로얄 -2.5,2 마이말린,09.02(수) 08:40,"3.16,1.22",4회말
2026-09-02T00:31:48+00:00,2026,103,8367,bs,MLB,언더오버,2,U 9.5,캔자로얄,마이말린,09.02(수) 08:40,"1.87,1.66",4회말
2026-09-02T00:31:48+00:00,2026,103,8368,bs,MLB,홀짝,2,,캔자로얄,마이말린,09.02(수) 08:40,"1.59,2.07",4회말
2026-09-02T00:31:48+00:00,2026,103,8369,bs,MLB,승패,2,,시카컵스 0,0 밀워브루,09.02(수) 08:40,"1.67,1.86",4회초
2026-09-02T00:31:48+00:00,2026,103,8370,bs,MLB,승①패,3,승①패,시카컵스 0,0 밀워브루,09.02(수) 08:40,"2.35,3.4,2.33",4회초
2026-09-02T00:31:48+00:00,2026,103,8371,bs,MLB,핸디캡,2,H -2.5,시카컵스 -2.5,0 밀워브루,09.02(수) 08:40,"3.23,1.21",4회초
2026-09-02T00:31:48+00:00,2026,103,8372,bs,MLB,언더오버,2,U 10.5,시카컵스,밀워브루,09.02(수) 08:40,"1.68,1.85",4회초
2026-09-02T00:31:48+00:00,2026,103,8373,bs,MLB,홀짝,2,,시카컵스,밀워브루,09.02(수) 08:40,"1.59,2.07",4회초
2026-09-02T00:31:48+00:00,2026,103,8374,bs,MLB,승패,2,,텍사레인 1,0 애슬레틱,09.02(수) 09:05,"1.39,2.4",2회초
2026-09-02T00:31:48+00:00,2026,103,8375,bs,MLB,승①패,3,승①패,텍사레인 1,0 애슬레틱,09.02(수) 09:05,"1.86,3.35,3.2",2회초
2026-09-02T00:31:48+00:00,2026,103,8376,bs,MLB,핸디캡,2,H -2.5,텍사레인 -1.5,0 애슬레틱,09.02(수) 09:05,"2.49,1.36",2회초
2026-09-02T00:31:48+00:00,2026,103,8377,bs,MLB,언더오버,2,U 7.5,텍사레인,애슬레틱,09.02(수) 09:05,"1.68,1.85",2회초
2026-09-02T00:31:48+00:00,2026,103,8378,bs,MLB,홀짝,2,,텍사레인,애슬레틱,09.02(수) 09:05,"1.59,2.07",2회초
2026-09-02T00:31:48+00:00,2026,103,8379,bs,MLB,승패,2,,휴스애스 0,0 시카화이,09.02(수) 09:10,"1.82,1.7",1회말
2026-09-02T00:31:48+00:00,2026,103,8380,bs,MLB,승①패,3,승①패,휴스애스 0,0 시카화이,09.02(수) 09:10,"2.65,3.3,2.13",1회말
2026-09-02T00:31:48+00:00,2026,103,8381,bs,MLB,핸디캡,2,H +2.5,휴스애스 2.5,0 시카화이,09.02(수) 09:10,"1.28,2.82",1회말
2026-09-02T00:31:48+00:00,2026,103,8382,bs,MLB,언더오버,2,U 8.5,휴스애스,시카화이,09.02(수) 09:10,"1.78,1.74",1회말
2026-09-02T00:31:48+00:00,2026,103,8383,bs,MLB,홀짝,2,,휴스애스,시카화이,09.02(수) 09:10,"1.59,2.07",1회말
2026-09-02T00:31:48+00:00,2026,103,8384,bs,MLB,승패,2,,콜로로키,볼티오리,09.02(수) 09:40,"2.05,1.54",경기전
2026-09-02T00:31:48+00:00,2026,103,8385,bs,MLB,승①패,3,승①패,콜로로키,볼티오리,09.02(수) 09:40,"3.1,3.5,1.85",경기전
2026-09-02T00:31:48+00:00,2026,103,8386,bs,MLB,핸디캡,2,H +2.5,콜로로키,볼티오리,09.02(수) 09:40,"1.4,2.37",경기전
2026-09-02T00:31:48+00:00,2026,103,8387,bs,MLB,언더오버,2,U 11.5,콜로로키,볼티오리,09.02(수) 09:40,"1.65,1.89",경기전
2026-09-02T00:31:48+00:00,2026,103,8388,bs,MLB,홀짝,2,,콜로로키,볼티오리,09.02(수) 09:40,"1.6,2.06",경기전
2026-09-02T00:31:48+00:00,2026,103,8389,bs,MLB,승패,2,,LA에인절,뉴욕양키,09.02(수) 10:38,"2.4,1.39",경기전
2026-09-02T00:31:48+00:00,2026,103,8390,bs,MLB,승①패,3,승①패,LA에인절,뉴욕양키,09.02(수) 10:38,"3.85,3.35,1.69",경기전
2026-09-02T00:31:48+00:00,2026,103,8391,bs,MLB,핸디캡,2,H +2.5,LA에인절,뉴욕양키,09.02(수) 10:38,"1.48,2.17",경기전
2026-09-02T00:31:48+00:00,2026,103,8392,bs,MLB,언더오버,2,U 7.5,LA에인절,뉴욕양키,09.02(수) 10:38,"1.79,1.73",경기전
2026-09-02T00:31:48+00:00,2026,103,8393,bs,MLB,홀짝,2,,LA에인절,뉴욕양키,09.02(수) 10:38,"1.59,2.07",경기전
2026-09-02T00:31:48+00:00,2026,103,8394,bs,MLB,승패,2,,애리다이,필라필리,09.02(수) 10:40,"2.02,1.56",경기전
2026-09-02T00:31:48+00:00,2026,103,8395,bs,MLB,승①패,3,승①패,애리다이,필라필리,09.02(수) 10:40,"3.05,3.25,1.95",경기전
2026-09-02T00:31:48+00:00,2026,103,8396,bs,MLB,핸디캡,2,H +2.5,애리다이,필라필리,09.02(수) 10:40,"1.34,2.56",경기전
2026-09-02T00:31:48+00:00,2026,103,8397,bs,MLB,언더오버,2,U 7.5,애리다이,필라필리,09.02(수) 10:40,"1.79,1.73",경기전
2026-09-02T00:31:48+00:00,2026,103,8398,bs,MLB,홀짝,2,,애리다이,필라필리,09.02(수) 10:40,"1.58,2.09",경기전
2026-09-02T00:31:48+00:00,2026,103,8399,bs,MLB,승패,2,,LA다저스,세인카디,09.02(수) 11:10,"1.42,2.31",경기전
2026-09-02T00:31:48+00:00,2026,103,8400,bs,MLB,승①패,3,승①패,LA다저스,세인카디,09.02(수) 11:10,"1.88,3.45,3.05",경기전
2026-09-02T00:31:48+00:00,2026,103,8401,bs,MLB,핸디캡,2,H -2.5,LA다저스,세인카디,09.02(수) 11:10,"2.49,1.36",경기전
2026-09-02T00:31:48+00:00,2026,103,8402,bs,MLB,언더오버,2,U 8.5,LA다저스,세인카디,09.02(수) 11:10,"1.93,1.62",경기전
2026-09-02T00:31:48+00:00,2026,103,8403,bs,MLB,홀짝,2,,LA다저스,세인카디,09.02(수) 11:10,"1.6,2.06",경기전
2026-09-02T00:31:48+00:00,2026,103,8404,bs,MLB,전반승무패,3,h(전반),LA다저스,세인카디,09.02(수) 11:10,"1.68,6.2,2.55",경기전
2026-09-02T00:31:48+00:00,2026,103,8405,bs,MLB,전반핸디캡,2,h H -1.5,LA다저스,세인카디,09.02(수) 11:10,"2.34,1.41",경기전
2026-09-02T00:31:48+00:00,2026,103,8406,bs,MLB,전반언더오버,2,h U 4.5,LA다저스,세인카디,09.02(수) 11:10,"1.97,1.59",경기전
2026-09-02T00:31:48+00:00,2026,103,8476,sc,J1리그,승무패,3,,미토홀리,가시마A,09.02(수) 19:00,"3.3,3.1,1.91",경기전
2026-09-02T00:31:48+00:00,2026,103,8477,sc,J1리그,핸디캡,3,H +1.0,미토홀리,가시마A,09.02(수) 19:00,"1.7,3.4,3.75",경기전
2026-09-02T00:31:48+00:00,2026,103,8478,sc,J1리그,언더오버,2,U 2.5,미토홀리,가시마A,09.02(수) 19:00,"1.66,1.87",경기전
2026-09-02T00:31:48+00:00,2026,103,8479,sc,J1리그,홀짝,2,,미토홀리,가시마A,09.02(수) 19:00,"1.81,1.79",경기전
2026-09-02T00:31:48+00:00,2026,103,8480,sc,J1리그,승무패,3,,제프유나,오카야마,09.02(수) 19:00,"3.35,3.1,1.89",경기전
2026-09-02T00:31:48+00:00,2026,103,8481,sc,J1리그,핸디캡,3,H +1.0,제프유나,오카야마,09.02(수) 19:00,"1.72,3.35,3.7",경기전
2026-09-02T00:31:48+00:00,2026,103,8482,sc,J1리그,언더오버,2,U 2.5,제프유나,오카야마,09.02(수) 19:00,"1.69,1.84",경기전
2026-09-02T00:31:48+00:00,2026,103,8483,sc,J1리그,홀짝,2,,제프유나,오카야마,09.02(수) 19:00,"1.81,1.79",경기전
2026-09-02T00:31:48+00:00,2026,103,8484,sc,J1리그,승무패,3,,도쿄베르,비셀고베,09.02(수) 19:00,"3.6,2.85,1.92",경기전
2026-09-02T00:31:48+00:00,2026,103,8485,sc,J1리그,핸디캡,3,H +1.0,도쿄베르,비셀고베,09.02(수) 19:00,"1.71,3.2,3.95",경기전
2026-09-02T00:31:48+00:00,2026,103,8486,sc,J1리그,언더오버,2,U 2.5,도쿄베르,비셀고베,09.02(수) 19:00,"1.43,2.29",경기전
2026-09-02T00:31:48+00:00,2026,103,8487,sc,J1리그,홀짝,2,,도쿄베르,비셀고베,09.02(수) 19:00,"1.82,1.78",경기전
2026-09-02T00:31:48+00:00,2026,103,8488,sc,J1리그,승무패,3,,마치다Z,가와사키,09.02(수) 19:00,"1.83,3.25,3.4",경기전
2026-09-02T00:31:48+00:00,2026,103,8489,sc,J1리그,핸디캡,3,H -1.0,마치다Z,가와사키,09.02(수) 19:00,"3.4,3.4,1.78",경기전
2026-09-02T00:31:48+00:00,2026,103,8490,sc,J1리그,언더오버,2,U 2.5,마치다Z,가와사키,09.02(수) 19:00,"1.82,1.7",경기전
2026-09-02T00:31:48+00:00,2026,103,8491,sc,J1리그,홀짝,2,,마치다Z,가와사키,09.02(수) 19:00,"1.81,1.79",경기전
2026-09-02T00:31:48+00:00,2026,103,8492,sc,J1리그,승무패,3,,요코마리,교토상가,09.02(수) 19:00,"2.03,3.1,3.0",경기전
2026-09-02T00:31:48+00:00,2026,103,8493,sc,J1리그,핸디캡,3,H -1.0,요코마리,교토상가,09.02(수) 19:00,"4.05,3.5,1.62",경기전
2026-09-02T00:31:48+00:00,2026,103,8494,sc,J1리그,언더오버,2,U 2.5,요코마리,교토상가,09.02(수) 19:00,"1.69,1.84",경기전
2026-09-02T00:31:48+00:00,2026,103,8495,sc,J1리그,홀짝,2,,요코마리,교토상가,09.02(수) 19:00,"1.81,1.79",경기전
2026-09-02T00:31:48+00:00,2026,103,8496,sc,J1리그,승무패,3,,시미즈S,FC도쿄,09.02(수) 19:00,"3.25,3.1,1.93",경기전
2026-09-02T00:31:48+00:00,2026,103,8497,sc,J1리그,핸디캡,3,H +1.0,시미즈S,FC도쿄,09.02(수) 19:00,"1.7,3.4,3.75",경기전
2026-09-02T00:31:48+00:00,2026,103,8498,sc,J1리그,언더오버,2,U 2.5,시미즈S,FC도쿄,09.02(수) 19:00,"1.67,1.86",경기전
2026-09-02T00:31:48+00:00,2026,103,8499,sc,J1리그,홀짝,2,,시미즈S,FC도쿄,09.02(수) 19:00,"1.81,1.79",경기전
2026-09-02T00:31:48+00:00,2026,103,8500,sc,J1리그,승무패,3,,C오사카,가시와R,09.02(수) 19:00,"2.7,3.15,2.17",경기전
2026-09-02T00:31:48+00:00,2026,103,8501,sc,J1리그,핸디캡,3,H +1.0,C오사카,가시와R,09.02(수) 19:00,"1.55,3.7,4.25",경기전
2026-09-02T00:31:48+00:00,2026,103,8502,sc,J1리그,언더오버,2,U 2.5,C오사카,가시와R,09.02(수) 19:00,"1.84,1.69",경기전
2026-09-02T00:31:48+00:00,2026,103,8503,sc,J1리그,홀짝,2,,C오사카,가시와R,09.02(수) 19:00,"1.81,1.79",경기전
2026-09-02T00:31:48+00:00,2026,103,8504,sc,J1리그,승무패,3,,산프히로,나고야G,09.02(수) 19:00,"1.44,3.8,5.2",경기전
2026-09-02T00:31:48+00:00,2026,103,8505,sc,J1리그,핸디캡,3,H -1.0,산프히로,나고야G,09.02(수) 19:00,"2.3,3.35,2.4",경기전
2026-09-02T00:31:48+00:00,2026,103,8506,sc,J1리그,언더오버,2,U 2.5,산프히로,나고야G,09.02(수) 19:00,"2.11,1.51",경기전
2026-09-02T00:31:48+00:00,2026,103,8507,sc,J1리그,홀짝,2,,산프히로,나고야G,09.02(수) 19:00,"1.8,1.8",경기전
2026-09-02T00:31:48+00:00,2026,103,8508,sc,J1리그,승무패,3,,후쿠오카,우라와R,09.02(수) 19:00,"2.2,2.9,2.85",경기전
2026-09-02T00:31:48+00:00,2026,103,8509,sc,J1리그,핸디캡,3,H -1.0,후쿠오카,우라와R,09.02(수) 19:00,"4.75,3.55,1.52",경기전
2026-09-02T00:31:48+00:00,2026,103,8510,sc,J1리그,언더오버,2,U 2.5,후쿠오카,우라와R,09.02(수) 19:00,"1.51,2.11",경기전
2026-09-02T00:31:48+00:00,2026,103,8511,sc,J1리그,홀짝,2,,후쿠오카,우라와R,09.02(수) 19:00,"1.82,1.78",경기전
2026-09-02T00:31:48+00:00,2026,103,8512,sc,J1리그,승무패,3,,V바렌나,G오사카,09.02(수) 19:00,"3.05,3.2,1.96",경기전
2026-09-02T00:31:48+00:00,2026,103,8513,sc,J1리그,핸디캡,3,H +1.0,V바렌나,G오사카,09.02(수) 19:00,"1.66,3.55,3.75",경기전
2026-09-02T00:31:48+00:00,2026,103,8514,sc,J1리그,언더오버,2,U 2.5,V바렌나,G오사카,09.02(수) 19:00,"1.84,1.69",경기전
2026-09-02T00:31:48+00:00,2026,103,8515,sc,J1리그,홀짝,2,,V바렌나,G오사카,09.02(수) 19:00,"1.81,1.79",경기전
2026-09-02T00:31:48+00:00,2026,103,8520,sc,이탈FA컵,승무패,3,,사수올로,프로시노,09.02(수) 22:00,"1.72,3.35,3.7",경기전
2026-09-02T00:31:48+00:00,2026,103,8521,sc,이탈FA컵,핸디캡,3,H -1.0,사수올로,프로시노,09.02(수) 22:00,"3.1,3.4,1.88",경기전
2026-09-02T00:31:48+00:00,2026,103,8522,sc,이탈FA컵,언더오버,2,U 2.5,사수올로,프로시노,09.02(수) 22:00,"1.69,1.84",경기전
2026-09-02T00:31:48+00:00,2026,103,8523,sc,이탈FA컵,홀짝,2,,사수올로,프로시노,09.02(수) 22:00,"1.81,1.79",경기전
2026-09-02T00:31:48+00:00,2026,104,8359,bs,MLB,승패,2,,미네트윈 1,1 디트타이,09.02(수) 08:40,"1.77,1.75",3회말
2026-09-02T00:31:48+00:00,2026,104,8360,bs,MLB,승①패,3,승①패,미네트윈 1,1 디트타이,09.02(수) 08:40,"2.55,3.3,2.2",3회말
2026-09-02T00:31:48+00:00,2026,104,8361,bs,MLB,핸디캡,2,H +2.5,미네트윈 3.5,1 디트타이,09.02(수) 08:40,"1.26,2.92",3회말
2026-09-02T00:31:48+00:00,2026,104,8362,bs,MLB,언더오버,2,U 8.5,미네트윈,디트타이,09.02(수) 08:40,"1.81,1.71",3회말
2026-09-02T00:31:48+00:00,2026,104,8363,bs,MLB,홀짝,2,,미네트윈,디트타이,09.02(수) 08:40,"1.59,2.07",3회말
2026-09-02T00:31:48+00:00,2026,104,8364,bs,MLB,승패,2,,캔자로얄 0,2 마이말린,09.02(수) 08:40,"1.67,1.86",4회말
2026-09-02T00:31:48+00:00,2026,104,8365,bs,MLB,승①패,3,승①패,캔자로얄 0,2 마이말린,09.02(수) 08:40,"2.33,3.4,2.35",4회말
2026-09-02T00:31:48+00:00,2026,104,8366,bs,MLB,핸디캡,2,H -2.5,캔자로얄 -2.5,2 마이말린,09.02(수) 08:40,"3.16,1.22",4회말
2026-09-02T00:31:48+00:00,2026,104,8367,bs,MLB,언더오버,2,U 9.5,캔자로얄,마이말린,09.02(수) 08:40,"1.87,1.66",4회말
2026-09-02T00:31:48+00:00,2026,104,8368,bs,MLB,홀짝,2,,캔자로얄,마이말린,09.02(수) 08:40,"1.59,2.07",4회말
2026-09-02T00:31:48+00:00,2026,104,8369,bs,MLB,승패,2,,시카컵스 0,0 밀워브루,09.02(수) 08:40,"1.67,1.86",4회초
2026-09-02T00:31:48+00:00,2026,104,8370,bs,MLB,승①패,3,승①패,시카컵스 0,0 밀워브루,09.02(수) 08:40,"2.35,3.4,2.33",4회초
2026-09-02T00:31:48+00:00,2026,104,8371,bs,MLB,핸디캡,2,H -2.5,시카컵스 -2.5,0 밀워브루,09.02(수) 08:40,"3.23,1.21",4회초
2026-09-02T00:31:48+00:00,2026,104,8372,bs,MLB,언더오버,2,U 10.5,시카컵스,밀워브루,09.02(수) 08:40,"1.68,1.85",4회초
2026-09-02T00:31:48+00:00,2026,104,8373,bs,MLB,홀짝,2,,시카컵스,밀워브루,09.02(수) 08:40,"1.59,2.07",4회초
2026-09-02T00:31:48+00:00,2026,104,8374,bs,MLB,승패,2,,텍사레인 1,0 애슬레틱,09.02(수) 09:05,"1.39,2.4",2회초
2026-09-02T00:31:48+00:00,2026,104,8375,bs,MLB,승①패,3,승①패,텍사레인 1,0 애슬레틱,09.02(수) 09:05,"1.86,3.35,3.2",2회초
2026-09-02T00:31:48+00:00,2026,104,8376,bs,MLB,핸디캡,2,H -2.5,텍사레인 -1.5,0 애슬레틱,09.02(수) 09:05,"2.49,1.36",2회초
2026-09-02T00:31:48+00:00,2026,104,8377,bs,MLB,언더오버,2,U 7.5,텍사레인,애슬레틱,09.02(수) 09:05,"1.68,1.85",2회초
2026-09-02T00:31:48+00:00,2026,104,8378,bs,MLB,홀짝,2,,텍사레인,애슬레틱,09.02(수) 09:05,"1.59,2.07",2회초
2026-09-02T00:31:48+00:00,2026,104,8379,bs,MLB,승패,2,,휴스애스 0,0 시카화이,09.02(수) 09:10,"1.82,1.7",1회말
2026-09-02T00:31:48+00:00,2026,104,8380,bs,MLB,승①패,3,승①패,휴스애스 0,0 시카화이,09.02(수) 09:10,"2.65,3.3,2.13",1회말
2026-09-02T00:31:48+00:00,2026,104,8381,bs,MLB,핸디캡,2,H +2.5,휴스애스 2.5,0 시카화이,09.02(수) 09:10,"1.28,2.82",1회말
2026-09-02T00:31:48+00:00,2026,104,8382,bs,MLB,언더오버,2,U 8.5,휴스애스,시카화이,09.02(수) 09:10,"1.78,1.74",1회말
2026-09-02T00:31:48+00:00,2026,104,8383,bs,MLB,홀짝,2,,휴스애스,시카화이,09.02(수) 09:10,"1.59,2.07",1회말
2026-09-02T00:31:48+00:00,2026,104,8384,bs,MLB,승패,2,,콜로로키,볼티오리,09.02(수) 09:40,"2.05,1.54",경기전
2026-09-02T00:31:48+00:00,2026,104,8385,bs,MLB,승①패,3,승①패,콜로로키,볼티오리,09.02(수) 09:40,"3.1,3.5,1.85",경기전
2026-09-02T00:31:48+00:00,2026,104,8386,bs,MLB,핸디캡,2,H +2.5,콜로로키,볼티오리,09.02(수) 09:40,"1.4,2.37",경기전
2026-09-02T00:31:48+00:00,2026,104,8387,bs,MLB,언더오버,2,U 11.5,콜로로키,볼티오리,09.02(수) 09:40,"1.65,1.89",경기전
2026-09-02T00:31:48+00:00,2026,104,8388,bs,MLB,홀짝,2,,콜로로키,볼티오리,09.02(수) 09:40,"1.6,2.06",경기전
2026-09-02T00:31:48+00:00,2026,104,8389,bs,MLB,승패,2,,LA에인절,뉴욕양키,09.02(수) 10:38,"2.4,1.39",경기전
2026-09-02T00:31:48+00:00,2026,104,8390,bs,MLB,승①패,3,승①패,LA에인절,뉴욕양키,09.02(수) 10:38,"3.95,3.5,1.64",경기전
2026-09-02T00:31:48+00:00,2026,104,8391,bs,MLB,핸디캡,2,H +2.5,LA에인절,뉴욕양키,09.02(수) 10:38,"1.48,2.17",경기전
2026-09-02T00:31:48+00:00,2026,104,8392,bs,MLB,언더오버,2,U 7.5,LA에인절,뉴욕양키,09.02(수) 10:38,"1.79,1.73",경기전
2026-09-02T00:31:48+00:00,2026,104,8393,bs,MLB,홀짝,2,,LA에인절,뉴욕양키,09.02(수) 10:38,"1.59,2.07",경기전
2026-09-02T00:31:48+00:00,2026,104,8394,bs,MLB,승패,2,,애리다이,필라필리,09.02(수) 10:40,"2.02,1.56",경기전
2026-09-02T00:31:48+00:00,2026,104,8395,bs,MLB,승①패,3,승①패,애리다이,필라필리,09.02(수) 10:40,"3.05,3.25,1.95",경기전
2026-09-02T00:31:48+00:00,2026,104,8396,bs,MLB,핸디캡,2,H +2.5,애리다이,필라필리,09.02(수) 10:40,"1.34,2.56",경기전
2026-09-02T00:31:48+00:00,2026,104,8397,bs,MLB,언더오버,2,U 7.5,애리다이,필라필리,09.02(수) 10:40,"1.79,1.73",경기전
2026-09-02T00:31:48+00:00,2026,104,8398,bs,MLB,홀짝,2,,애리다이,필라필리,09.02(수) 10:40,"1.58,2.09",경기전
2026-09-02T00:31:48+00:00,2026,104,8399,bs,MLB,승패,2,,LA다저스,세인카디,09.02(수) 11:10,"1.42,2.31",경기전
2026-09-02T00:31:48+00:00,2026,104,8400,bs,MLB,승①패,3,승①패,LA다저스,세인카디,09.02(수) 11:10,"1.88,3.45,3.05",경기전
2026-09-02T00:31:48+00:00,2026,104,8401,bs,MLB,핸디캡,2,H -2.5,LA다저스,세인카디,09.02(수) 11:10,"2.49,1.36",경기전
2026-09-02T00:31:48+00:00,2026,104,8402,bs,MLB,언더오버,2,U 8.5,LA다저스,세인카디,09.02(수) 11:10,"1.93,1.62",경기전
2026-09-02T00:31:48+00:00,2026,104,8403,bs,MLB,홀짝,2,,LA다저스,세인카디,09.02(수) 11:10,"1.6,2.06",경기전
2026-09-02T00:31:48+00:00,2026,104,8404,bs,MLB,전반승무패,3,h(전반),LA다저스,세인카디,09.02(수) 11:10,"1.68,6.2,2.55",경기전
2026-09-02T00:31:48+00:00,2026,104,8405,bs,MLB,전반핸디캡,2,h H -1.5,LA다저스,세인카디,09.02(수) 11:10,"2.34,1.41",경기전
2026-09-02T00:31:48+00:00,2026,104,8406,bs,MLB,전반언더오버,2,h U 4.5,LA다저스,세인카디,09.02(수) 11:10,"1.97,1.59",경기전
2026-09-02T00:31:48+00:00,2026,104,8407,bs,NPB,승패,2,,요미우리,요코베이,09.02(수) 18:00,"1.91,1.63",경기전
2026-09-02T00:31:48+00:00,2026,104,8408,bs,NPB,승①패,3,승①패,요미우리,요코베이,09.02(수) 18:00,"3.15,2.65,2.2",경기전
2026-09-02T00:31:48+00:00,2026,104,8409,bs,NPB,핸디캡,2,H +2.5,요미우리,요코베이,09.02(수) 18:00,"1.24,3.03",경기전
2026-09-02T00:31:48+00:00,2026,104,8410,bs,NPB,언더오버,2,U 6.5,요미우리,요코베이,09.02(수) 18:00,"1.65,1.89",경기전
2026-09-02T00:31:48+00:00,2026,104,8411,bs,NPB,홀짝,2,,요미우리,요코베이,09.02(수) 18:00,"1.64,1.99",경기전
2026-09-02T00:31:48+00:00,2026,104,8412,bs,NPB,승패,2,,야쿠르트,한신,09.02(수) 18:00,"1.96,1.6",경기전
2026-09-02T00:31:48+00:00,2026,104,8413,bs,NPB,승①패,3,승①패,야쿠르트,한신,09.02(수) 18:00,"3.1,2.9,2.07",경기전
2026-09-02T00:31:48+00:00,2026,104,8414,bs,NPB,핸디캡,2,H +2.5,야쿠르트,한신,09.02(수) 18:00,"1.28,2.82",경기전
2026-09-02T00:31:48+00:00,2026,104,8415,bs,NPB,언더오버,2,U 7.5,야쿠르트,한신,09.02(수) 18:00,"1.76,1.76",경기전
2026-09-02T00:31:48+00:00,2026,104,8416,bs,NPB,홀짝,2,,야쿠르트,한신,09.02(수) 18:00,"1.64,1.99",경기전
2026-09-02T00:31:48+00:00,2026,104,8417,bs,NPB,승패,2,,주니치,히로카프,09.02(수) 18:00,"1.48,2.17",경기전
2026-09-02T00:31:48+00:00,2026,104,8418,bs,NPB,승①패,3,승①패,주니치,히로카프,09.02(수) 18:00,"2.18,2.8,3.0",경기전
2026-09-02T00:31:48+00:00,2026,104,8419,bs,NPB,핸디캡,2,H -2.5,주니치,히로카프,09.02(수) 18:00,"3.03,1.24",경기전
2026-09-02T00:31:48+00:00,2026,104,8420,bs,NPB,언더오버,2,U 6.5,주니치,히로카프,09.02(수) 18:00,"1.78,1.74",경기전
2026-09-02T00:31:48+00:00,2026,104,8421,bs,NPB,홀짝,2,,주니치,히로카프,09.02(수) 18:00,"1.64,1.99",경기전
2026-09-02T00:31:48+00:00,2026,104,8422,bs,NPB,승패,2,,닛폰햄,소프트뱅,09.02(수) 18:00,"1.87,1.66",경기전
2026-09-02T00:31:48+00:00,2026,104,8423,bs,NPB,승①패,3,승①패,닛폰햄,소프트뱅,09.02(수) 18:00,"2.9,2.9,2.17",경기전
2026-09-02T00:31:48+00:00,2026,104,8424,bs,NPB,핸디캡,2,H +2.5,닛폰햄,소프트뱅,09.02(수) 18:00,"1.25,2.97",경기전
2026-09-02T00:31:48+00:00,2026,104,8425,bs,NPB,언더오버,2,U 7.5,닛폰햄,소프트뱅,09.02(수) 18:00,"1.8,1.72",경기전
2026-09-02T00:31:48+00:00,2026,104,8426,bs,NPB,홀짝,2,,닛폰햄,소프트뱅,09.02(수) 18:00,"1.64,1.99",경기전
2026-09-02T00:31:48+00:00,2026,104,8427,bs,NPB,승패,2,,라쿠텐,오릭스,09.02(수) 18:00,"1.63,1.91",경기전
2026-09-02T00:31:48+00:00,2026,104,8428,bs,NPB,승①패,3,승①패,라쿠텐,오릭스,09.02(수) 18:00,"2.45,2.8,2.6",경기전
2026-09-02T00:31:48+00:00,2026,104,8429,bs,NPB,핸디캡,2,H -2.5,라쿠텐,오릭스,09.02(수) 18:00,"3.46,1.18",경기전
2026-09-02T00:31:48+00:00,2026,104,8430,bs,NPB,언더오버,2,U 6.5,라쿠텐,오릭스,09.02(수) 18:00,"1.93,1.62",경기전
2026-09-02T00:31:48+00:00,2026,104,8431,bs,NPB,홀짝,2,,라쿠텐,오릭스,09.02(수) 18:00,"1.64,1.99",경기전
2026-09-02T00:31:48+00:00,2026,104,8432,sc,일리그컵,승무패,3,,하치노헤,도치기시,09.02(수) 18:30,"2.7,3.1,2.19",경기전
2026-09-02T00:31:48+00:00,2026,104,8433,sc,일리그컵,핸디캡,3,H +1.0,하치노헤,도치기시,09.02(수) 18:30,"1.53,3.65,4.5",경기전
2026-09-02T00:31:48+00:00,2026,104,8434,sc,일리그컵,언더오버,2,U 2.5,하치노헤,도치기시,09.02(수) 18:30,"1.73,1.79",경기전
2026-09-02T00:31:48+00:00,2026,104,8435,sc,일리그컵,홀짝,2,,하치노헤,도치기시,09.02(수) 18:30,"1.81,1.79",경기전
2026-09-02T00:31:48+00:00,2026,104,8436,bs,KBO,승패,2,,두산,LG,09.02(수) 18:30,"1.99,1.58",경기전
2026-09-02T00:31:48+00:00,2026,104,8437,bs,KBO,승①패,3,승①패,두산,LG,09.02(수) 18:30,"2.9,3.35,1.98",경기전
2026-09-02T00:31:48+00:00,2026,104,8438,bs,KBO,핸디캡,2,H +2.5,두산,LG,09.02(수) 18:30,"1.35,2.53",경기전
2026-09-02T00:31:48+00:00,2026,104,8439,bs,KBO,언더오버,2,U 9.5,두산,LG,09.02(수) 18:30,"1.7,1.82",경기전
2026-09-02T00:31:48+00:00,2026,104,8440,bs,KBO,홀짝,2,,두산,LG,09.02(수) 18:30,"1.62,2.03",경기전
2026-09-02T00:31:48+00:00,2026,104,8441,bs,KBO,전반승무패,3,h(전반),두산,LG,09.02(수) 18:30,"2.3,6.4,1.79",경기전
2026-09-02T00:31:48+00:00,2026,104,8442,bs,KBO,전반핸디캡,2,h H +1.5,두산,LG,09.02(수) 18:30,"1.38,2.43",경기전
2026-09-02T00:31:48+00:00,2026,104,8443,bs,KBO,전반언더오버,2,h U 5.5,두산,LG,09.02(수) 18:30,"1.63,1.91",경기전
2026-09-02T00:31:48+00:00,2026,104,8444,bs,KBO,승패,2,,삼성,롯데,09.02(수) 18:30,"1.45,2.24",경기전
2026-09-02T00:31:48+00:00,2026,104,8445,bs,KBO,승①패,3,승①패,삼성,롯데,09.02(수) 18:30,"1.91,3.55,2.9",경기전
2026-09-02T00:31:48+00:00,2026,104,8446,bs,KBO,핸디캡,2,H -2.5,삼성,롯데,09.02(수) 18:30,"2.46,1.37",경기전
2026-09-02T00:31:48+00:00,2026,104,8447,bs,KBO,언더오버,2,U 10.5,삼성,롯데,09.02(수) 18:30,"1.81,1.71",경기전
2026-09-02T00:31:48+00:00,2026,104,8448,bs,KBO,홀짝,2,,삼성,롯데,09.02(수) 18:30,"1.61,2.04",경기전
2026-09-02T00:31:48+00:00,2026,104,8449,bs,KBO,전반승무패,3,h(전반),삼성,롯데,09.02(수) 18:30,"1.73,6.9,2.35",경기전
2026-09-02T00:31:48+00:00,2026,104,8450,bs,KBO,전반핸디캡,2,h H -1.5,삼성,롯데,09.02(수) 18:30,"2.29,1.43",경기전
2026-09-02T00:31:48+00:00,2026,104,8451,bs,KBO,전반언더오버,2,h U 6.5,삼성,롯데,09.02(수) 18:30,"1.61,1.94",경기전
2026-09-02T00:31:48+00:00,2026,104,8452,bs,KBO,승패,2,,KT,한화,09.02(수) 18:30,"1.7,1.82",경기전
2026-09-02T00:31:48+00:00,2026,104,8453,bs,KBO,승①패,3,승①패,KT,한화,09.02(수) 18:30,"2.4,3.35,2.3",경기전
2026-09-02T00:31:48+00:00,2026,104,8454,bs,KBO,핸디캡,2,H -2.5,KT,한화,09.02(수) 18:30,"3.23,1.21",경기전
2026-09-02T00:31:48+00:00,2026,104,8455,bs,KBO,언더오버,2,U 9.5,KT,한화,09.02(수) 18:30,"1.79,1.73",경기전
2026-09-02T00:31:48+00:00,2026,104,8456,bs,KBO,홀짝,2,,KT,한화,09.02(수) 18:30,"1.61,2.04",경기전
2026-09-02T00:31:48+00:00,2026,104,8457,bs,KBO,전반승무패,3,h(전반),KT,한화,09.02(수) 18:30,"1.98,6.4,2.05",경기전
2026-09-02T00:31:48+00:00,2026,104,8458,bs,KBO,전반핸디캡,2,h H -1.5,KT,한화,09.02(수) 18:30,"2.68,1.31",경기전
2026-09-02T00:31:48+00:00,2026,104,8459,bs,KBO,전반언더오버,2,h U 5.5,KT,한화,09.02(수) 18:30,"1.63,1.91",경기전
2026-09-02T00:31:48+00:00,2026,104,8460,bs,KBO,승패,2,,NC,KIA,09.02(수) 18:30,"1.82,1.7",경기전
2026-09-02T00:31:48+00:00,2026,104,8461,bs,KBO,승①패,3,승①패,NC,KIA,09.02(수) 18:30,"2.55,3.55,2.1",경기전
2026-09-02T00:31:48+00:00,2026,104,8462,bs,KBO,핸디캡,2,H +2.5,NC,KIA,09.02(수) 18:30,"1.3,2.72",경기전
2026-09-02T00:31:48+00:00,2026,104,8463,bs,KBO,언더오버,2,U 11.5,NC,KIA,09.02(수) 18:30,"1.82,1.7",경기전
2026-09-02T00:31:48+00:00,2026,104,8464,bs,KBO,홀짝,2,,NC,KIA,09.02(수) 18:30,"1.6,2.06",경기전
2026-09-02T00:31:48+00:00,2026,104,8465,bs,KBO,전반승무패,3,h(전반),NC,KIA,09.02(수) 18:30,"2.05,7.0,1.93",경기전
2026-09-02T00:31:48+00:00,2026,104,8466,bs,KBO,전반핸디캡,2,h H +1.5,NC,KIA,09.02(수) 18:30,"1.34,2.56",경기전
2026-09-02T00:31:48+00:00,2026,104,8467,bs,KBO,전반언더오버,2,h U 6.5,NC,KIA,09.02(수) 18:30,"1.8,1.72",경기전
2026-09-02T00:31:48+00:00,2026,104,8468,bs,KBO,승패,2,,키움,SSG,09.02(수) 18:30,"1.82,1.7",경기전
2026-09-02T00:31:48+00:00,2026,104,8469,bs,KBO,승①패,3,승①패,키움,SSG,09.02(수) 18:30,"2.65,3.2,2.18",경기전
2026-09-02T00:31:48+00:00,2026,104,8470,bs,KBO,핸디캡,2,H +2.5,키움,SSG,09.02(수) 18:30,"1.27,2.87",경기전
2026-09-02T00:31:48+00:00,2026,104,8471,bs,KBO,언더오버,2,U 8.5,키움,SSG,09.02(수) 18:30,"1.77,1.75",경기전
2026-09-02T00:31:48+00:00,2026,104,8472,bs,KBO,홀짝,2,,키움,SSG,09.02(수) 18:30,"1.62,2.03",경기전
2026-09-02T00:31:48+00:00,2026,104,8473,bs,KBO,전반승무패,3,h(전반),키움,SSG,09.02(수) 18:30,"2.15,5.9,1.94",경기전
2026-09-02T00:31:48+00:00,2026,104,8474,bs,KBO,전반핸디캡,2,h H +1.5,키움,SSG,09.02(수) 18:30,"1.31,2.68",경기전
2026-09-02T00:31:48+00:00,2026,104,8475,bs,KBO,전반언더오버,2,h U 4.5,키움,SSG,09.02(수) 18:30,"1.82,1.7",경기전
2026-09-02T00:31:48+00:00,2026,104,8476,sc,J1리그,승무패,3,,미토홀리,가시마A,09.02(수) 19:00,"3.5,3.2,1.81",경기전
2026-09-02T00:31:48+00:00,2026,104,8477,sc,J1리그,핸디캡,3,H +1.0,미토홀리,가시마A,09.02(수) 19:00,"1.8,3.35,3.4",경기전
2026-09-02T00:31:48+00:00,2026,104,8478,sc,J1리그,언더오버,2,U 2.5,미토홀리,가시마A,09.02(수) 19:00,"1.66,1.87",경기전
2026-09-02T00:31:48+00:00,2026,104,8479,sc,J1리그,홀짝,2,,미토홀리,가시마A,09.02(수) 19:00,"1.81,1.79",경기전
2026-09-02T00:31:48+00:00,2026,104,8480,sc,J1리그,승무패,3,,제프유나,오카야마,09.02(수) 19:00,"3.65,3.2,1.78",경기전
2026-09-02T00:31:48+00:00,2026,104,8481,sc,J1리그,핸디캡,3,H +1.0,제프유나,오카야마,09.02(수) 19:00,"1.83,3.35,3.3",경기전
2026-09-02T00:31:48+00:00,2026,104,8482,sc,J1리그,언더오버,2,U 2.5,제프유나,오카야마,09.02(수) 19:00,"1.74,1.78",경기전
2026-09-02T00:31:48+00:00,2026,104,8483,sc,J1리그,홀짝,2,,제프유나,오카야마,09.02(수) 19:00,"1.81,1.79",경기전
2026-09-02T00:31:48+00:00,2026,104,8484,sc,J1리그,승무패,3,,도쿄베르,비셀고베,09.02(수) 19:00,"3.6,2.85,1.92",경기전
2026-09-02T00:31:48+00:00,2026,104,8485,sc,J1리그,핸디캡,3,H +1.0,도쿄베르,비셀고베,09.02(수) 19:00,"1.71,3.2,3.95",경기전
2026-09-02T00:31:48+00:00,2026,104,8486,sc,J1리그,언더오버,2,U 2.5,도쿄베르,비셀고베,09.02(수) 19:00,"1.43,2.29",경기전
2026-09-02T00:31:48+00:00,2026,104,8487,sc,J1리그,홀짝,2,,도쿄베르,비셀고베,09.02(수) 19:00,"1.82,1.78",경기전
2026-09-02T00:31:48+00:00,2026,104,8488,sc,J1리그,승무패,3,,마치다Z,가와사키,09.02(수) 19:00,"1.83,3.25,3.4",경기전
2026-09-02T00:31:48+00:00,2026,104,8489,sc,J1리그,핸디캡,3,H -1.0,마치다Z,가와사키,09.02(수) 19:00,"3.4,3.4,1.78",경기전
2026-09-02T00:31:48+00:00,2026,104,8490,sc,J1리그,언더오버,2,U 2.5,마치다Z,가와사키,09.02(수) 19:00,"1.82,1.7",경기전
2026-09-02T00:31:48+00:00,2026,104,8491,sc,J1리그,홀짝,2,,마치다Z,가와사키,09.02(수) 19:00,"1.81,1.79",경기전
2026-09-02T00:31:48+00:00,2026,104,8492,sc,J1리그,승무패,3,,요코마리,교토상가,09.02(수) 19:00,"2.03,3.1,3.0",경기전
2026-09-02T00:31:48+00:00,2026,104,8493,sc,J1리그,핸디캡,3,H -1.0,요코마리,교토상가,09.02(수) 19:00,"4.05,3.5,1.62",경기전
2026-09-02T00:31:48+00:00,2026,104,8494,sc,J1리그,언더오버,2,U 2.5,요코마리,교토상가,09.02(수) 19:00,"1.69,1.84",경기전
2026-09-02T00:31:48+00:00,2026,104,8495,sc,J1리그,홀짝,2,,요코마리,교토상가,09.02(수) 19:00,"1.81,1.79",경기전
2026-09-02T00:31:48+00:00,2026,104,8496,sc,J1리그,승무패,3,,시미즈S,FC도쿄,09.02(수) 19:00,"3.25,3.1,1.93",경기전
2026-09-02T00:31:48+00:00,2026,104,8497,sc,J1리그,핸디캡,3,H +1.0,시미즈S,FC도쿄,09.02(수) 19:00,"1.7,3.4,3.75",경기전
2026-09-02T00:31:48+00:00,2026,104,8498,sc,J1리그,언더오버,2,U 2.5,시미즈S,FC도쿄,09.02(수) 19:00,"1.67,1.86",경기전
2026-09-02T00:31:48+00:00,2026,104,8499,sc,J1리그,홀짝,2,,시미즈S,FC도쿄,09.02(수) 19:00,"1.81,1.79",경기전
2026-09-02T00:31:48+00:00,2026,104,8500,sc,J1리그,승무패,3,,C오사카,가시와R,09.02(수) 19:00,"2.85,3.2,2.06",경기전
2026-09-02T00:31:48+00:00,2026,104,8501,sc,J1리그,핸디캡,3,H +1.0,C오사카,가시와R,09.02(수) 19:00,"1.61,3.6,4.0",경기전
2026-09-02T00:31:48+00:00,2026,104,8502,sc,J1리그,언더오버,2,U 2.5,C오사카,가시와R,09.02(수) 19:00,"1.84,1.69",경기전
2026-09-02T00:31:48+00:00,2026,104,8503,sc,J1리그,홀짝,2,,C오사카,가시와R,09.02(수) 19:00,"1.81,1.79",경기전
2026-09-02T00:31:48+00:00,2026,104,8504,sc,J1리그,승무패,3,,산프히로,나고야G,09.02(수) 19:00,"1.44,3.8,5.2",경기전
2026-09-02T00:31:48+00:00,2026,104,8505,sc,J1리그,핸디캡,3,H -1.0,산프히로,나고야G,09.02(수) 19:00,"2.3,3.35,2.4",경기전
2026-09-02T00:31:48+00:00,2026,104,8506,sc,J1리그,언더오버,2,U 2.5,산프히로,나고야G,09.02(수) 19:00,"2.11,1.51",경기전
2026-09-02T00:31:48+00:00,2026,104,8507,sc,J1리그,홀짝,2,,산프히로,나고야G,09.02(수) 19:00,"1.8,1.8",경기전
2026-09-02T00:31:48+00:00,2026,104,8508,sc,J1리그,승무패,3,,후쿠오카,우라와R,09.02(수) 19:00,"2.2,2.9,2.85",경기전
2026-09-02T00:31:48+00:00,2026,104,8509,sc,J1리그,핸디캡,3,H -1.0,후쿠오카,우라와R,09.02(수) 19:00,"4.75,3.55,1.52",경기전
2026-09-02T00:31:48+00:00,2026,104,8510,sc,J1리그,언더오버,2,U 2.5,후쿠오카,우라와R,09.02(수) 19:00,"1.51,2.11",경기전
2026-09-02T00:31:48+00:00,2026,104,8511,sc,J1리그,홀짝,2,,후쿠오카,우라와R,09.02(수) 19:00,"1.82,1.78",경기전
2026-09-02T00:31:48+00:00,2026,104,8512,sc,J1리그,승무패,3,,V바렌나,G오사카,09.02(수) 19:00,"3.05,3.2,1.96",경기전
2026-09-02T00:31:48+00:00,2026,104,8513,sc,J1리그,핸디캡,3,H +1.0,V바렌나,G오사카,09.02(수) 19:00,"1.66,3.55,3.75",경기전
2026-09-02T00:31:48+00:00,2026,104,8514,sc,J1리그,언더오버,2,U 2.5,V바렌나,G오사카,09.02(수) 19:00,"1.84,1.69",경기전
2026-09-02T00:31:48+00:00,2026,104,8515,sc,J1리그,홀짝,2,,V바렌나,G오사카,09.02(수) 19:00,"1.81,1.79",경기전
2026-09-02T00:31:48+00:00,2026,104,8516,sc,일리그컵,승무패,3,,미야자키,K도야마,09.02(수) 19:00,"2.9,3.05,2.1",경기전
2026-09-02T00:31:48+00:00,2026,104,8517,sc,일리그컵,핸디캡,3,H +1.0,미야자키,K도야마,09.02(수) 19:00,"1.58,3.55,4.25",경기전
2026-09-02T00:31:48+00:00,2026,104,8518,sc,일리그컵,언더오버,2,U 2.5,미야자키,K도야마,09.02(수) 19:00,"1.67,1.86",경기전
2026-09-02T00:31:48+00:00,2026,104,8519,sc,일리그컵,홀짝,2,,미야자키,K도야마,09.02(수) 19:00,"1.81,1.79",경기전
2026-09-02T00:31:48+00:00,2026,104,8520,sc,이탈FA컵,승무패,3,,사수올로,프로시노,09.02(수) 22:00,"1.72,3.35,3.7",경기전
2026-09-02T00:31:48+00:00,2026,104,8521,sc,이탈FA컵,핸디캡,3,H -1.0,사수올로,프로시노,09.02(수) 22:00,"3.1,3.4,1.88",경기전
2026-09-02T00:31:48+00:00,2026,104,8522,sc,이탈FA컵,언더오버,2,U 2.5,사수올로,프로시노,09.02(수) 22:00,"1.85,1.68",경기전
2026-09-02T00:31:48+00:00,2026,104,8523,sc,이탈FA컵,홀짝,2,,사수올로,프로시노,09.02(수) 22:00,"1.81,1.79",경기전
2026-09-02T00:31:48+00:00,2026,104,8524,sc,리그스컵,승무패,3,,톨루카,레온,09.03(목) 10:00,"1.7,3.5,3.65",경기전
2026-09-02T00:31:48+00:00,2026,104,8525,sc,리그스컵,핸디캡,3,H -1.0,톨루카,레온,09.03(목) 10:00,"2.95,3.45,1.92",경기전
2026-09-02T00:31:48+00:00,2026,104,8526,sc,리그스컵,언더오버,2,U 2.5,톨루카,레온,09.03(목) 10:00,"2.07,1.53",경기전
2026-09-02T00:31:48+00:00,2026,104,8527,sc,리그스컵,홀짝,2,,톨루카,레온,09.03(목) 10:00,"1.8,1.8",경기전
2026-09-02T00:31:48+00:00,2026,104,8528,sc,리그스컵,승무패,3,,아메리카,몬테레이,09.03(목) 12:30,"2.06,3.25,2.8",경기전
2026-09-02T00:31:48+00:00,2026,104,8529,sc,리그스컵,핸디캡,3,H -1.0,아메리카,몬테레이,09.03(목) 12:30,"4.0,3.7,1.59",경기전
2026-09-02T00:31:48+00:00,2026,104,8530,sc,리그스컵,언더오버,2,U 2.5,아메리카,몬테레이,09.03(목) 12:30,"1.93,1.62",경기전
2026-09-02T00:31:48+00:00,2026,104,8531,sc,리그스컵,홀짝,2,,아메리카,몬테레이,09.03(목) 12:30,"1.81,1.79",경기전
2026-09-02T00:31:48+00:00,2026,104,8532,sc,이탈FA컵,승무패,3,,우디네세,베네치아,09.03(목) 01:00,"1.82,3.15,3.55",경기전
2026-09-02T00:31:48+00:00,2026,104,8533,sc,이탈FA컵,핸디캡,3,H -1.0,우디네세,베네치아,09.03(목) 01:00,"3.4,3.3,1.81",경기전
2026-09-02T00:31:48+00:00,2026,104,8534,sc,이탈FA컵,언더오버,2,U 2.5,우디네세,베네치아,09.03(목) 01:00,"1.7,1.82",경기전
2026-09-02T00:31:48+00:00,2026,104,8535,sc,이탈FA컵,홀짝,2,,우디네세,베네치아,09.03(목) 01:00,"1.81,1.79",경기전
2026-09-02T00:31:48+00:00,2026,104,8551,sc,EFL챔,승무패,3,,밀월,렉섬,09.03(목) 03:45,"2.07,3.1,2.9",경기전
2026-09-02T00:31:48+00:00,2026,104,8552,sc,EFL챔,핸디캡,3,H -1.0,밀월,렉섬,09.03(목) 03:45,"4.2,3.55,1.59",경기전
2026-09-02T00:31:48+00:00,2026,104,8553,sc,EFL챔,언더오버,2,U 2.5,밀월,렉섬,09.03(목) 03:45,"1.71,1.81",경기전
2026-09-02T00:31:48+00:00,2026,104,8554,sc,EFL챔,홀짝,2,,밀월,렉섬,09.03(목) 03:45,"1.81,1.79",경기전
2026-09-02T00:31:48+00:00,2026,104,8555,sc,EFL챔,승무패,3,,퀸즈파크,카디프C,09.03(목) 03:45,"1.81,3.35,3.35",경기전
2026-09-02T00:31:48+00:00,2026,104,8556,sc,EFL챔,핸디캡,3,H -1.0,퀸즈파크,카디프C,09.03(목) 03:45,"3.3,3.5,1.78",경기전
2026-09-02T00:31:48+00:00,2026,104,8557,sc,EFL챔,언더오버,2,U 2.5,퀸즈파크,카디프C,09.03(목) 03:45,"1.96,1.6",경기전
2026-09-02T00:31:48+00:00,2026,104,8558,sc,EFL챔,홀짝,2,,퀸즈파크,카디프C,09.03(목) 03:45,"1.81,1.79",경기전
2026-09-02T00:31:48+00:00,2026,104,8559,sc,EFL챔,승무패,3,,웨스브로,찰턴A,09.03(목) 03:45,"1.68,3.2,4.15",경기전
2026-09-02T00:31:48+00:00,2026,104,8560,sc,EFL챔,핸디캡,3,H -1.0,웨스브로,찰턴A,09.03(목) 03:45,"3.1,3.2,1.94",경기전
2026-09-02T00:31:48+00:00,2026,104,8561,sc,EFL챔,언더오버,2,U 2.5,웨스브로,찰턴A,09.03(목) 03:45,"1.63,1.91",경기전
2026-09-02T00:31:48+00:00,2026,104,8562,sc,EFL챔,홀짝,2,,웨스브로,찰턴A,09.03(목) 03:45,"1.81,1.79",경기전
2026-09-02T00:31:48+00:00,2026,104,8563,sc,EFL챔,승무패,3,,번리,미들즈브,09.03(목) 04:00,"2.6,3.25,2.19",경기전
2026-09-02T00:31:48+00:00,2026,104,8564,sc,EFL챔,핸디캡,3,H +1.0,번리,미들즈브,09.03(목) 04:00,"1.52,3.8,4.4",경기전
2026-09-02T00:31:48+00:00,2026,104,8565,sc,EFL챔,언더오버,2,U 2.5,번리,미들즈브,09.03(목) 04:00,"1.94,1.61",경기전
2026-09-02T00:31:48+00:00,2026,104,8566,sc,EFL챔,홀짝,2,,번리,미들즈브,09.03(목) 04:00,"1.81,1.79",경기전
2026-09-02T00:31:48+00:00,2026,104,8695,sc,프리그1,승무패,3,,툴루즈,릴OSC,09.04(금) 03:45,"3.05,3.05,2.03",경기전
2026-09-02T00:31:48+00:00,2026,104,8696,sc,프리그1,핸디캡,3,H +1.0,툴루즈,릴OSC,09.04(금) 03:45,"1.62,3.5,4.05",경기전
2026-09-02T00:31:48+00:00,2026,104,8697,sc,프리그1,핸디캡,3,H +2.0,툴루즈,릴OSC,09.04(금) 03:45,"1.14,5.9,9.7",경기전
2026-09-02T00:31:48+00:00,2026,104,8698,sc,프리그1,언더오버,2,U 2.5,툴루즈,릴OSC,09.04(금) 03:45,"1.66,1.87",경기전
2026-09-02T00:31:48+00:00,2026,104,8699,sc,프리그1,홀짝,2,,툴루즈,릴OSC,09.04(금) 03:45,"1.81,1.79",경기전
2026-09-02T00:31:48+00:00,2026,104,8700,sc,라리가,승무패,3,,소시에다,셀타비고,09.04(금) 04:00,"1.84,3.25,3.5",경기전
2026-09-02T00:31:48+00:00,2026,104,8701,sc,라리가,핸디캡,3,H -1.0,소시에다,셀타비고,09.04(금) 04:00,"3.4,3.4,1.78",경기전
2026-09-02T00:31:48+00:00,2026,104,8702,sc,라리가,핸디캡,3,H -2.0,소시에다,셀타비고,09.04(금) 04:00,"7.4,5.3,1.21",경기전
2026-09-02T00:31:48+00:00,2026,104,8703,sc,라리가,언더오버,2,U 2.5,소시에다,셀타비고,09.04(금) 04:00,"1.79,1.77",경기전
2026-09-02T00:31:48+00:00,2026,104,8704,sc,라리가,홀짝,2,,소시에다,셀타비고,09.04(금) 04:00,"1.81,1.79",경기전
2026-09-02T00:31:48+00:00,2026,104,8815,sc,K리그2,승무패,3,,충북청주,서울이랜,09.04(금) 19:30,"3.7,3.35,1.72",경기전
2026-09-02T00:31:48+00:00,2026,104,8816,sc,K리그2,핸디캡,3,H +1.0,충북청주,서울이랜,09.04(금) 19:30,"1.89,3.35,3.1",경기전
2026-09-02T00:31:48+00:00,2026,104,8817,sc,K리그2,언더오버,2,U 2.5,충북청주,서울이랜,09.04(금) 19:30,"1.89,1.65",경기전
2026-09-02T00:31:48+00:00,2026,104,8818,sc,K리그2,홀짝,2,,충북청주,서울이랜,09.04(금) 19:30,"1.81,1.79",경기전
2026-09-02T00:31:48+00:00,2026,104,8819,sc,K리그2,승무패,3,,파주프런,대구FC,09.04(금) 19:30,"4.25,3.65,1.56",경기전
2026-09-02T00:31:48+00:00,2026,104,8820,sc,K리그2,핸디캡,3,H +1.0,파주프런,대구FC,09.04(금) 19:30,"2.12,3.4,2.6",경기전
2026-09-02T00:31:48+00:00,2026,104,8821,sc,K리그2,언더오버,2,U 2.5,파주프런,대구FC,09.04(금) 19:30,"2.13,1.5",경기전
2026-09-02T00:31:48+00:00,2026,104,8822,sc,K리그2,홀짝,2,,파주프런,대구FC,09.04(금) 19:30,"1.8,1.8",경기전
2026-09-02T01:05:47+00:00,2026,103,8058,bs,MLB,승패,2,,시카컵스 5,7 신시레즈,08.31(월) 08:20,"1.55,2.04",홈패
2026-09-02T01:05:47+00:00,2026,103,8059,bs,MLB,승①패,3,승①패,시카컵스 5,7 신시레즈,08.31(월) 08:20,"2.14,3.35,2.6",홈패
2026-09-02T01:05:47+00:00,2026,103,8060,bs,MLB,핸디캡,2,H -2.5,시카컵스 2.5,7 신시레즈,08.31(월) 08:20,"2.92,1.26",핸디패
2026-09-02T01:05:47+00:00,2026,103,8061,bs,MLB,언더오버,2,U 8.5,시카컵스,신시레즈,08.31(월) 08:20,"1.94,1.61",오버
2026-09-02T01:05:47+00:00,2026,103,8062,bs,MLB,홀짝,2,,시카컵스,신시레즈,08.31(월) 08:20,"1.59,2.07",짝
2026-09-02T01:05:47+00:00,2026,103,8063,bs,MLB,전반승무패,3,h(전반),시카컵스 3,6 신시레즈,08.31(월) 08:20,"1.84,5.8,2.3",홈패
2026-09-02T01:05:47+00:00,2026,103,8064,bs,MLB,전반핸디캡,2,h H -1.5,시카컵스 1.5,6 신시레즈,08.31(월) 08:20,"2.64,1.32",핸디패
2026-09-02T01:05:47+00:00,2026,103,8065,bs,MLB,전반언더오버,2,h U 4.5,시카컵스,신시레즈,08.31(월) 08:20,"1.82,1.7",오버
2026-09-02T01:05:47+00:00,2026,103,8066,bk,남농월예,승패,2,,한국M 85,72 사우디M,08.31(월) 19:00,"1.11,4.25",홈승
2026-09-02T01:05:47+00:00,2026,103,8067,bk,남농월예,핸디캡,2,H -11.5,한국M 73.5,72 사우디M,08.31(월) 19:00,"1.76,1.76",핸디승
2026-09-02T01:05:47+00:00,2026,103,8068,bk,남농월예,언더오버,2,U 163.5,한국M,사우디M,08.31(월) 19:00,"1.77,1.75",언더
2026-09-02T01:05:47+00:00,2026,103,8069,bk,남농월예,홀짝,2,,한국M,사우디M,08.31(월) 19:00,"1.8,1.8",홀
2026-09-02T01:05:47+00:00,2026,103,8070,bk,남농월예,승패,2,,일본M 123,70 카타르M,08.31(월) 19:10,"1.0,1.0",홈승
2026-09-02T01:05:47+00:00,2026,103,8071,bk,남농월예,핸디캡,2,H -36.5,일본M 86.5,70 카타르M,08.31(월) 19:10,"1.74,1.78",핸디승
2026-09-02T01:05:47+00:00,2026,103,8072,bk,남농월예,언더오버,2,U 169.5,일본M,카타르M,08.31(월) 19:10,"1.79,1.73",오버
2026-09-02T01:05:47+00:00,2026,103,8073,bk,남농월예,홀짝,2,,일본M,카타르M,08.31(월) 19:10,"1.8,1.8",홀
2026-09-02T01:05:47+00:00,2026,103,8074,bk,남농월예,승패,2,,중국M 89,87 레바논M,08.31(월) 20:30,"1.39,2.4",홈승
2026-09-02T01:05:47+00:00,2026,103,8075,bk,남농월예,핸디캡,2,H -4.5,중국M 84.5,87 레바논M,08.31(월) 20:30,"1.77,1.75",핸디패
2026-09-02T01:05:47+00:00,2026,103,8076,bk,남농월예,언더오버,2,U 166.5,중국M,레바논M,08.31(월) 20:30,"1.79,1.73",오버
2026-09-02T01:05:47+00:00,2026,103,8077,bk,남농월예,홀짝,2,,중국M,레바논M,08.31(월) 20:30,"1.8,1.8",짝
2026-09-02T01:05:47+00:00,2026,103,8078,bk,남농월예,승패,2,,리투아M 78,73 보스니M,09.01(화) 00:30,"1.93,1.62",홈승
2026-09-02T01:05:47+00:00,2026,103,8079,bk,남농월예,핸디캡,2,H +2.5,리투아M 80.5,73 보스니M,09.01(화) 00:30,"1.73,1.79",핸디승
2026-09-02T01:05:47+00:00,2026,103,8080,bk,남농월예,언더오버,2,U 166.5,리투아M,보스니M,09.01(화) 00:30,"1.79,1.73",언더
2026-09-02T01:05:47+00:00,2026,103,8081,bk,남농월예,홀짝,2,,리투아M,보스니M,09.01(화) 00:30,"1.8,1.8",홀
2026-09-02T01:05:47+00:00,2026,103,8082,bk,남농월예,승패,2,,그리스M 108,106 스페인M,09.01(화) 01:00,"1.87,1.66",홈승
2026-09-02T01:05:47+00:00,2026,103,8083,bk,남농월예,핸디캡,2,H +1.5,그리스M 109.5,106 스페인M,09.01(화) 01:00,"1.75,1.77",핸디승
2026-09-02T01:05:47+00:00,2026,103,8084,bk,남농월예,언더오버,2,U 162.5,그리스M,스페인M,09.01(화) 01:00,"1.76,1.76",오버
2026-09-02T01:05:47+00:00,2026,103,8085,bk,남농월예,홀짝,2,,그리스M,스페인M,09.01(화) 01:00,"1.8,1.8",짝
2026-09-02T01:05:47+00:00,2026,103,8086,sc,세리에A,승무패,3,,US레체 0,4 AS로마,09.01(화) 01:30,"6.2,3.95,1.36",홈패
2026-09-02T01:05:47+00:00,2026,103,8087,sc,세리에A,핸디캡,3,H +1.0,US레체 1,4 AS로마,09.01(화) 01:30,"2.65,3.0,2.28",핸디패
2026-09-02T01:05:47+00:00,2026,103,8088,sc,세리에A,핸디캡,3,H +2.0,US레체 2,4 AS로마,09.01(화) 01:30,"1.52,3.9,4.25",핸디패
2026-09-02T01:05:47+00:00,2026,103,8089,sc,세리에A,언더오버,2,U 2.5,US레체,AS로마,09.01(화) 01:30,"1.73,1.79",오버
2026-09-02T01:05:47+00:00,2026,103,8090,sc,세리에A,홀짝,2,,US레체,AS로마,09.01(화) 01:30,"1.81,1.79",짝
2026-09-02T01:05:47+00:00,2026,103,8091,sc,라리가,승무패,3,,오사수나 1,0 헤타페,09.01(화) 02:30,"2.03,2.6,3.85",홈승
2026-09-02T01:05:47+00:00,2026,103,8092,sc,라리가,핸디캡,3,H -1.0,오사수나 0,0 헤타페,09.01(화) 02:30,"4.55,3.05,1.66",핸디무
2026-09-02T01:05:47+00:00,2026,103,8093,sc,라리가,핸디캡,3,H -2.0,오사수나 -1,0 헤타페,09.01(화) 02:30,"11.5,5.9,1.12",핸디패
2026-09-02T01:05:47+00:00,2026,103,8094,sc,라리가,언더오버,2,U 2.5,오사수나,헤타페,09.01(화) 02:30,"1.35,2.61",언더
2026-09-02T01:05:47+00:00,2026,103,8095,sc,라리가,홀짝,2,,오사수나,헤타페,09.01(화) 02:30,"1.83,1.77",홀
2026-09-02T01:05:47+00:00,2026,103,8096,bk,남농월예,승패,2,,이탈리M 64,76 세르비M,09.01(화) 02:30,"2.92,1.26",홈패
2026-09-02T01:05:47+00:00,2026,103,8097,bk,남농월예,핸디캡,2,H +6.5,이탈리M 70.5,76 세르비M,09.01(화) 02:30,"1.81,1.71",핸디패
2026-09-02T01:05:47+00:00,2026,103,8098,bk,남농월예,언더오버,2,U 170.5,이탈리M,세르비M,09.01(화) 02:30,"1.77,1.75",언더
2026-09-02T01:05:47+00:00,2026,103,8099,bk,남농월예,홀짝,2,,이탈리M,세르비M,09.01(화) 02:30,"1.8,1.8",짝
2026-09-02T01:05:47+00:00,2026,103,8100,bk,남농월예,승패,2,,포르투M 90,98 조지아M,09.01(화) 03:00,"2.07,1.53",홈패
2026-09-02T01:05:47+00:00,2026,103,8101,bk,남농월예,핸디캡,2,H +2.5,포르투M 92.5,98 조지아M,09.01(화) 03:00,"1.78,1.74",핸디패
2026-09-02T01:05:47+00:00,2026,103,8102,bk,남농월예,언더오버,2,U 160.5,포르투M,조지아M,09.01(화) 03:00,"1.76,1.76",오버
2026-09-02T01:05:47+00:00,2026,103,8103,bk,남농월예,홀짝,2,,포르투M,조지아M,09.01(화) 03:00,"1.8,1.8",짝
2026-09-02T01:05:47+00:00,2026,103,8104,bk,남농월예,승패,2,,몬테네M 89,98 우크라M,09.01(화) 03:30,"2.22,1.46",홈패
2026-09-02T01:05:47+00:00,2026,103,8105,bk,남농월예,핸디캡,2,H +3.5,몬테네M 92.5,98 우크라M,09.01(화) 03:30,"1.76,1.76",핸디패
2026-09-02T01:05:47+00:00,2026,103,8106,bk,남농월예,언더오버,2,U 159.5,몬테네M,우크라M,09.01(화) 03:30,"1.74,1.78",오버
2026-09-02T01:05:47+00:00,2026,103,8107,bk,남농월예,홀짝,2,,몬테네M,우크라M,09.01(화) 03:30,"1.8,1.8",홀
2026-09-02T01:05:47+00:00,2026,103,8108,sc,세리에A,승무패,3,,아탈란타 1,0 볼로냐,09.01(화) 03:45,"1.74,3.2,3.8",홈승
2026-09-02T01:05:47+00:00,2026,103,8109,sc,세리에A,핸디캡,3,H -1.0,아탈란타 0,0 볼로냐,09.01(화) 03:45,"3.4,3.15,1.86",핸디무
2026-09-02T01:05:47+00:00,2026,103,8110,sc,세리에A,핸디캡,3,H -2.0,아탈란타 -1,0 볼로냐,09.01(화) 03:45,"6.7,5.0,1.25",핸디패
2026-09-02T01:05:47+00:00,2026,103,8111,sc,세리에A,언더오버,2,U 2.5,아탈란타,볼로냐,09.01(화) 03:45,"1.81,1.71",언더
2026-09-02T01:05:47+00:00,2026,103,8112,sc,세리에A,홀짝,2,,아탈란타,볼로냐,09.01(화) 03:45,"1.81,1.79",홀
2026-09-02T01:05:47+00:00,2026,103,8113,sc,EPL,승무패,3,,A빌라 0,1 아스널,09.01(화) 04:00,"5.8,4.3,1.39",홈패
2026-09-02T01:05:47+00:00,2026,103,8114,sc,EPL,핸디캡,3,H +1.0,A빌라 1,1 아스널,09.01(화) 04:00,"2.55,3.45,2.2",핸디무
2026-09-02T01:05:47+00:00,2026,103,8115,sc,EPL,핸디캡,3,H +2.0,A빌라 2,1 아스널,09.01(화) 04:00,"1.57,3.95,4.05",핸디승
2026-09-02T01:05:47+00:00,2026,103,8116,sc,EPL,언더오버,2,U 2.5,A빌라,아스널,09.01(화) 04:00,"2.04,1.58",언더
2026-09-02T01:05:47+00:00,2026,103,8117,sc,EPL,홀짝,2,,A빌라,아스널,09.01(화) 04:00,"1.81,1.79",홀
2026-09-02T01:05:47+00:00,2026,103,8118,sc,라리가,승무패,3,,바르셀로 5,2 라요바예,09.01(화) 04:30,"1.06,7.7,16.0",홈승
2026-09-02T01:05:47+00:00,2026,103,8119,sc,라리가,핸디캡,3,H -1.0,바르셀로 4,2 라요바예,09.01(화) 04:30,"1.25,5.4,6.1",핸디승
2026-09-02T01:05:47+00:00,2026,103,8120,sc,라리가,핸디캡,3,H -2.0,바르셀로 3,2 라요바예,09.01(화) 04:30,"1.68,3.6,3.6",핸디승
2026-09-02T01:05:47+00:00,2026,103,8121,sc,라리가,핸디캡,2,H -3.5,바르셀로 1.5,2 라요바예,09.01(화) 04:30,"2.6,1.33",핸디패
2026-09-02T01:05:47+00:00,2026,103,8122,sc,라리가,언더오버,2,U 3.5,바르셀로,라요바예,09.01(화) 04:30,"2.19,1.5",오버
2026-09-02T01:05:47+00:00,2026,103,8123,sc,라리가,홀짝,2,,바르셀로,라요바예,09.01(화) 04:30,"1.8,1.8",홀
2026-09-02T01:05:47+00:00,2026,103,8124,bk,남농월예,승패,2,,아이슬M 73,110 튀르키M,09.01(화) 04:30,"1.0,1.0",홈패
2026-09-02T01:05:47+00:00,2026,103,8125,bk,남농월예,핸디캡,2,H +16.5,아이슬M 89.5,110 튀르키M,09.01(화) 04:30,"1.72,1.8",핸디패
2026-09-02T01:05:47+00:00,2026,103,8126,bk,남농월예,언더오버,2,U 171.5,아이슬M,튀르키M,09.01(화) 04:30,"1.76,1.76",오버
2026-09-02T01:05:47+00:00,2026,103,8127,bk,남농월예,홀짝,2,,아이슬M,튀르키M,09.01(화) 04:30,"1.8,1.8",홀
2026-09-02T01:05:47+00:00,2026,103,8128,bs,MLB,승패,2,,애틀브레 3,7 샌프자이,09.01(화) 07:05,"1.48,2.17",홈패
2026-09-02T01:05:47+00:00,2026,103,8129,bs,MLB,승①패,3,승①패,애틀브레 3,7 샌프자이,09.01(화) 07:05,"1.97,3.45,2.85",홈패
2026-09-02T01:05:47+00:00,2026,103,8130,bs,MLB,핸디캡,2,H -2.5,애틀브레 0.5,7 샌프자이,09.01(화) 07:05,"2.43,1.38",핸디패
2026-09-02T01:05:47+00:00,2026,103,8131,bs,MLB,언더오버,2,U 8.5,애틀브레,샌프자이,09.01(화) 07:05,"1.8,1.72",오버
2026-09-02T01:05:47+00:00,2026,103,8132,bs,MLB,홀짝,2,,애틀브레,샌프자이,09.01(화) 07:05,"1.59,2.07",짝
2026-09-02T01:05:47+00:00,2026,103,8133,bs,MLB,승패,2,,탬파레이 2,3 뉴욕메츠,09.01(화) 07:40,"1.39,2.4",홈패
2026-09-02T01:05:47+00:00,2026,103,8134,bs,MLB,승①패,3,승①패,탬파레이 2,3 뉴욕메츠,09.01(화) 07:40,"1.86,3.45,3.1",①
2026-09-02T01:05:47+00:00,2026,103,8135,bs,MLB,핸디캡,2,H -2.5,탬파레이 -0.5,3 뉴욕메츠,09.01(화) 07:40,"2.56,1.34",핸디패
2026-09-02T01:05:47+00:00,2026,103,8136,bs,MLB,언더오버,2,U 7.5,탬파레이,뉴욕메츠,09.01(화) 07:40,"1.89,1.65",언더
2026-09-02T01:05:47+00:00,2026,103,8137,bs,MLB,홀짝,2,,탬파레이,뉴욕메츠,09.01(화) 07:40,"1.59,2.07",홀
2026-09-02T01:05:47+00:00,2026,103,8138,bs,MLB,승패,2,,신시레즈 0,5 샌디파드,09.01(화) 07:40,"2.13,1.5",홈패
2026-09-02T01:05:47+00:00,2026,103,8139,bs,MLB,승①패,3,승①패,신시레즈 0,5 샌디파드,09.01(화) 07:40,"3.25,3.4,1.83",홈패
2026-09-02T01:05:47+00:00,2026,103,8140,bs,MLB,핸디캡,2,H +2.5,신시레즈 2.5,5 샌디파드,09.01(화) 07:40,"1.41,2.34",핸디패
2026-09-02T01:05:47+00:00,2026,103,8141,bs,MLB,언더오버,2,U 9.5,신시레즈,샌디파드,09.01(화) 07:40,"1.65,1.89",언더
2026-09-02T01:05:47+00:00,2026,103,8142,bs,MLB,홀짝,2,,신시레즈,샌디파드,09.01(화) 07:40,"1.6,2.06",홀
2026-09-02T01:05:47+00:00,2026,103,8143,bs,MLB,승패,2,,워싱내셔 6,3 마이말린,09.01(화) 07:45,"1.86,1.67",홈승
2026-09-02T01:05:47+00:00,2026,103,8144,bs,MLB,승①패,3,승①패,워싱내셔 6,3 마이말린,09.01(화) 07:45,"2.75,3.3,2.07",홈승
2026-09-02T01:05:47+00:00,2026,103,8145,bs,MLB,핸디캡,2,H +2.5,워싱내셔 8.5,3 마이말린,09.01(화) 07:45,"1.29,2.77",핸디승
2026-09-02T01:05:47+00:00,2026,103,8146,bs,MLB,언더오버,2,U 8.5,워싱내셔,마이말린,09.01(화) 07:45,"1.84,1.69",오버
2026-09-02T01:05:47+00:00,2026,103,8147,bs,MLB,홀짝,2,,워싱내셔,마이말린,09.01(화) 07:45,"1.59,2.07",홀
2026-09-02T01:05:47+00:00,2026,103,8148,bs,MLB,승패,2,,보스레드 9,8 시애매리,09.01(화) 07:45,"1.45,2.24",홈승
2026-09-02T01:05:47+00:00,2026,103,8149,bs,MLB,승①패,3,승①패,보스레드 9,8 시애매리,09.01(화) 07:45,"1.97,3.3,2.95",①
2026-09-02T01:05:47+00:00,2026,103,8150,bs,MLB,핸디캡,2,H -2.5,보스레드 6.5,8 시애매리,09.01(화) 07:45,"2.64,1.32",핸디패
2026-09-02T01:05:47+00:00,2026,103,8151,bs,MLB,언더오버,2,U 7.5,보스레드,시애매리,09.01(화) 07:45,"1.89,1.65",오버
2026-09-02T01:05:47+00:00,2026,103,8152,bs,MLB,홀짝,2,,보스레드,시애매리,09.01(화) 07:45,"1.59,2.07",홀
2026-09-02T01:05:47+00:00,2026,103,8153,bk,남농월예,승패,2,,미국M 104,80 콜롬비M,09.01(화) 08:00,"1.0,1.0",홈승
2026-09-02T01:05:47+00:00,2026,103,8154,bk,남농월예,핸디캡,2,H -26.5,미국M 77.5,80 콜롬비M,09.01(화) 08:00,"1.78,1.74",핸디패
2026-09-02T01:05:47+00:00,2026,103,8155,bk,남농월예,언더오버,2,U 185.5,미국M,콜롬비M,09.01(화) 08:00,"1.74,1.78",언더
2026-09-02T01:05:47+00:00,2026,103,8156,bk,남농월예,홀짝,2,,미국M,콜롬비M,09.01(화) 08:00,"1.8,1.8",짝
2026-09-02T01:05:47+00:00,2026,103,8157,bk,남농월예,승패,2,,캐나다M 97,92 아르헨M,09.01(화) 08:10,"1.34,2.56",홈승
2026-09-02T01:05:47+00:00,2026,103,8158,bk,남농월예,핸디캡,2,H -5.5,캐나다M 91.5,92 아르헨M,09.01(화) 08:10,"1.71,1.81",핸디패
2026-09-02T01:05:47+00:00,2026,103,8159,bk,남농월예,언더오버,2,U 170.5,캐나다M,아르헨M,09.01(화) 08:10,"1.75,1.77",오버
2026-09-02T01:05:47+00:00,2026,103,8160,bk,남농월예,홀짝,2,,캐나다M,아르헨M,09.01(화) 08:10,"1.8,1.8",홀
2026-09-02T01:05:47+00:00,2026,103,8161,bk,남농월예,승패,2,,우루과M 80,75 푸에르M,09.01(화) 08:10,"1.93,1.62",홈승
2026-09-02T01:05:47+00:00,2026,103,8162,bk,남농월예,핸디캡,2,H +1.5,우루과M 81.5,75 푸에르M,09.01(화) 08:10,"1.8,1.72",핸디승
2026-09-02T01:05:47+00:00,2026,103,8163,bk,남농월예,언더오버,2,U 167.5,우루과M,푸에르M,09.01(화) 08:10,"1.77,1.75",언더
2026-09-02T01:05:47+00:00,2026,103,8164,bk,남농월예,홀짝,2,,우루과M,푸에르M,09.01(화) 08:10,"1.8,1.8",홀
2026-09-02T01:05:47+00:00,2026,103,8165,bs,MLB,승패,2,,미네트윈 11,1 디트타이,09.01(화) 08:40,"1.58,1.99",홈승
2026-09-02T01:05:47+00:00,2026,103,8166,bs,MLB,승①패,3,승①패,미네트윈 11,1 디트타이,09.01(화) 08:40,"2.2,3.3,2.55",홈승
2026-09-02T01:05:47+00:00,2026,103,8167,bs,MLB,핸디캡,2,H -2.5,미네트윈 8.5,1 디트타이,09.01(화) 08:40,"2.97,1.25",핸디승
2026-09-02T01:05:47+00:00,2026,103,8168,bs,MLB,언더오버,2,U 8.5,미네트윈,디트타이,09.01(화) 08:40,"1.75,1.77",오버
2026-09-02T01:05:47+00:00,2026,103,8169,bs,MLB,홀짝,2,,미네트윈,디트타이,09.01(화) 08:40,"1.59,2.07",짝
2026-09-02T01:05:47+00:00,2026,103,8170,bs,MLB,승패,2,,시카컵스 17,3 밀워브루,09.01(화) 08:40,"1.74,1.78",홈승
2026-09-02T01:05:47+00:00,2026,103,8171,bs,MLB,승①패,3,승①패,시카컵스 17,3 밀워브루,09.01(화) 08:40,"2.5,3.35,2.22",홈승
2026-09-02T01:05:47+00:00,2026,103,8172,bs,MLB,핸디캡,2,H -2.5,시카컵스 14.5,3 밀워브루,09.01(화) 08:40,"3.46,1.18",핸디승
2026-09-02T01:05:47+00:00,2026,103,8173,bs,MLB,언더오버,2,U 9.5,시카컵스,밀워브루,09.01(화) 08:40,"1.75,1.77",오버
2026-09-02T01:05:47+00:00,2026,103,8174,bs,MLB,홀짝,2,,시카컵스,밀워브루,09.01(화) 08:40,"1.59,2.07",짝
2026-09-02T01:05:47+00:00,2026,103,8175,bs,MLB,승패,2,,텍사레인 8,1 애슬레틱,09.01(화) 09:05,"1.34,2.56",홈승
2026-09-02T01:05:47+00:00,2026,103,8176,bs,MLB,승①패,3,승①패,텍사레인 8,1 애슬레틱,09.01(화) 09:05,"1.77,3.45,3.4",홈승
2026-09-02T01:05:47+00:00,2026,103,8177,bs,MLB,핸디캡,2,H -2.5,텍사레인 5.5,1 애슬레틱,09.01(화) 09:05,"2.34,1.41",핸디승
2026-09-02T01:05:47+00:00,2026,103,8178,bs,MLB,언더오버,2,U 7.5,텍사레인,애슬레틱,09.01(화) 09:05,"1.75,1.77",오버
2026-09-02T01:05:47+00:00,2026,103,8179,bs,MLB,홀짝,2,,텍사레인,애슬레틱,09.01(화) 09:05,"1.59,2.07",홀
2026-09-02T01:05:47+00:00,2026,103,8180,bs,MLB,승패,2,,휴스애스 6,3 시카화이,09.01(화) 09:10,"1.62,1.93",홈승
2026-09-02T01:05:47+00:00,2026,103,8181,bs,MLB,승①패,3,승①패,휴스애스 6,3 시카화이,09.01(화) 09:10,"2.28,3.3,2.45",홈승
2026-09-02T01:05:47+00:00,2026,103,8182,bs,MLB,핸디캡,2,H -2.5,휴스애스 3.5,3 시카화이,09.01(화) 09:10,"3.09,1.23",핸디승
2026-09-02T01:05:47+00:00,2026,103,8183,bs,MLB,언더오버,2,U 8.5,휴스애스,시카화이,09.01(화) 09:10,"1.73,1.79",오버
2026-09-02T01:05:47+00:00,2026,103,8184,bs,MLB,홀짝,2,,휴스애스,시카화이,09.01(화) 09:10,"1.59,2.07",홀
2026-09-02T01:05:47+00:00,2026,103,8185,bk,남농월예,승패,2,,도미공M 101,66 칠레M,09.01(화) 09:10,"1.0,1.0",홈승
2026-09-02T01:05:47+00:00,2026,103,8186,bk,남농월예,핸디캡,2,H -22.5,도미공M 78.5,66 칠레M,09.01(화) 09:10,"1.78,1.74",핸디승
2026-09-02T01:05:47+00:00,2026,103,8187,bk,남농월예,언더오버,2,U 169.5,도미공M,칠레M,09.01(화) 09:10,"1.74,1.78",언더
2026-09-02T01:05:47+00:00,2026,103,8188,bk,남농월예,홀짝,2,,도미공M,칠레M,09.01(화) 09:10,"1.8,1.8",홀
2026-09-02T01:05:47+00:00,2026,103,8189,bk,남농월예,승패,2,,바하마M 100,82 파나마M,09.01(화) 09:10,"1.0,1.0",홈승
2026-09-02T01:05:47+00:00,2026,103,8190,bk,남농월예,핸디캡,2,H -25.5,바하마M 74.5,82 파나마M,09.01(화) 09:10,"1.74,1.78",핸디패
2026-09-02T01:05:47+00:00,2026,103,8191,bk,남농월예,언더오버,2,U 175.5,바하마M,파나마M,09.01(화) 09:10,"1.76,1.76",오버
2026-09-02T01:05:47+00:00,2026,103,8192,bk,남농월예,홀짝,2,,바하마M,파나마M,09.01(화) 09:10,"1.8,1.8",짝
2026-09-02T01:05:47+00:00,2026,103,8193,bs,MLB,승패,2,,콜로로키 1,2 볼티오리,09.01(화) 09:40,"2.07,1.53",홈패
2026-09-02T01:05:47+00:00,2026,103,8194,bs,MLB,승①패,3,승①패,콜로로키 1,2 볼티오리,09.01(화) 09:40,"3.1,3.5,1.85",①
2026-09-02T01:05:47+00:00,2026,103,8195,bs,MLB,핸디캡,2,H +2.5,콜로로키 3.5,2 볼티오리,09.01(화) 09:40,"1.4,2.37",핸디승
2026-09-02T01:05:47+00:00,2026,103,8196,bs,MLB,언더오버,2,U 10.5,콜로로키,볼티오리,09.01(화) 09:40,"1.96,1.6",언더
2026-09-02T01:05:47+00:00,2026,103,8197,bs,MLB,홀짝,2,,콜로로키,볼티오리,09.01(화) 09:40,"1.6,2.06",홀
2026-09-02T01:05:47+00:00,2026,103,8198,bs,MLB,승패,2,,LA에인절 10,1 뉴욕양키,09.01(화) 10:38,"2.07,1.53",홈승
2026-09-02T01:05:47+00:00,2026,103,8199,bs,MLB,승①패,3,승①패,LA에인절 10,1 뉴욕양키,09.01(화) 10:38,"3.15,3.35,1.87",홈승
2026-09-02T01:05:47+00:00,2026,103,8200,bs,MLB,핸디캡,2,H +2.5,LA에인절 12.5,1 뉴욕양키,09.01(화) 10:38,"1.37,2.46",핸디승
2026-09-02T01:05:47+00:00,2026,103,8201,bs,MLB,언더오버,2,U 8.5,LA에인절,뉴욕양키,09.01(화) 10:38,"1.74,1.78",오버
2026-09-02T01:05:47+00:00,2026,103,8202,bs,MLB,홀짝,2,,LA에인절,뉴욕양키,09.01(화) 10:38,"1.59,2.07",홀
2026-09-02T01:05:47+00:00,2026,103,8203,bs,MLB,승패,2,,애리다이 1,2 필라필리,09.01(화) 10:40,"1.86,1.67",홈패
2026-09-02T01:05:47+00:00,2026,103,8204,bs,MLB,승①패,3,승①패,애리다이 1,2 필라필리,09.01(화) 10:40,"2.75,3.3,2.07",①
2026-09-02T01:05:47+00:00,2026,103,8205,bs,MLB,핸디캡,2,H +2.5,애리다이 3.5,2 필라필리,09.01(화) 10:40,"1.29,2.77",핸디승
2026-09-02T01:05:47+00:00,2026,103,8206,bs,MLB,언더오버,2,U 8.5,애리다이,필라필리,09.01(화) 10:40,"1.73,1.79",언더
2026-09-02T01:05:47+00:00,2026,103,8207,bs,MLB,홀짝,2,,애리다이,필라필리,09.01(화) 10:40,"1.59,2.07",홀
2026-09-02T01:05:47+00:00,2026,103,8208,bs,MLB,전반승무패,3,h(전반),애리다이 1,2 필라필리,09.01(화) 10:40,"2.2,5.5,1.95",홈패
2026-09-02T01:05:47+00:00,2026,103,8209,bs,MLB,전반핸디캡,2,h H +1.5,애리다이 2.5,2 필라필리,09.01(화) 10:40,"1.27,2.87",핸디승
2026-09-02T01:05:47+00:00,2026,103,8210,bs,MLB,전반언더오버,2,h U 4.5,애리다이,필라필리,09.01(화) 10:40,"1.68,1.85",언더
2026-09-02T01:05:47+00:00,2026,103,8211,bk,남농월예,승패,2,,멕시코M 79,74 브라질M,09.01(화) 11:10,"2.6,1.33",홈승
2026-09-02T01:05:47+00:00,2026,103,8212,bk,남농월예,핸디캡,2,H +5.5,멕시코M 84.5,74 브라질M,09.01(화) 11:10,"1.78,1.74",핸디승
2026-09-02T01:05:47+00:00,2026,103,8213,bk,남농월예,언더오버,2,U 175.5,멕시코M,브라질M,09.01(화) 11:10,"1.75,1.77",언더
2026-09-02T01:05:47+00:00,2026,103,8214,bk,남농월예,홀짝,2,,멕시코M,브라질M,09.01(화) 11:10,"1.8,1.8",홀
2026-09-02T01:05:47+00:00,2026,103,8215,bs,NPB,승패,2,,요미우리 4,3 요코베이,09.01(화) 18:00,"1.6,1.96",홈승
2026-09-02T01:05:47+00:00,2026,103,8216,bs,NPB,승①패,3,승①패,요미우리 4,3 요코베이,09.01(화) 18:00,"2.45,2.75,2.65",①
2026-09-02T01:05:47+00:00,2026,103,8217,bs,NPB,핸디캡,2,H -2.5,요미우리 1.5,3 요코베이,09.01(화) 18:00,"3.65,1.16",핸디패
2026-09-02T01:05:47+00:00,2026,103,8218,bs,NPB,언더오버,2,U 5.5,요미우리,요코베이,09.01(화) 18:00,"2.05,1.54",오버
2026-09-02T01:05:47+00:00,2026,103,8219,bs,NPB,홀짝,2,,요미우리,요코베이,09.01(화) 18:00,"1.64,1.99",홀
2026-09-02T01:05:47+00:00,2026,103,8220,bs,NPB,승패,2,,야쿠르트 2,6 한신,09.01(화) 18:00,"2.97,1.25",홈패
2026-09-02T01:05:47+00:00,2026,103,8221,bs,NPB,승①패,3,승①패,야쿠르트 2,6 한신,09.01(화) 18:00,"5.6,3.2,1.52",홈패
2026-09-02T01:05:47+00:00,2026,103,8222,bs,NPB,핸디캡,2,H +2.5,야쿠르트 4.5,6 한신,09.01(화) 18:00,"1.59,1.97",핸디패
2026-09-02T01:05:47+00:00,2026,103,8223,bs,NPB,언더오버,2,U 7.5,야쿠르트,한신,09.01(화) 18:00,"1.63,1.91",오버
2026-09-02T01:05:47+00:00,2026,103,8224,bs,NPB,홀짝,2,,야쿠르트,한신,09.01(화) 18:00,"1.66,1.97",짝
2026-09-02T01:05:47+00:00,2026,103,8225,bs,NPB,승패,2,,주니치 1,5 히로카프,09.01(화) 18:00,"1.55,2.04",홈패
2026-09-02T01:05:47+00:00,2026,103,8226,bs,NPB,승①패,3,승①패,주니치 1,5 히로카프,09.01(화) 18:00,"2.37,2.7,2.8",홈패
2026-09-02T01:05:47+00:00,2026,103,8227,bs,NPB,핸디캡,2,H -2.5,주니치 -1.5,5 히로카프,09.01(화) 18:00,"2.87,1.27",핸디패
2026-09-02T01:05:47+00:00,2026,103,8228,bs,NPB,언더오버,2,U 6.5,주니치,히로카프,09.01(화) 18:00,"1.65,1.89",언더
2026-09-02T01:05:47+00:00,2026,103,8229,bs,NPB,홀짝,2,,주니치,히로카프,09.01(화) 18:00,"1.64,1.99",짝
2026-09-02T01:05:47+00:00,2026,103,8230,bs,NPB,승패,2,,닛폰햄 2,1 소프트뱅,09.01(화) 18:00,"2.43,1.38",홈승
2026-09-02T01:05:47+00:00,2026,103,8231,bs,NPB,승①패,3,승①패,닛폰햄 2,1 소프트뱅,09.01(화) 18:00,"4.2,2.95,1.75",①
2026-09-02T01:05:47+00:00,2026,103,8232,bs,NPB,핸디캡,2,H +2.5,닛폰햄 4.5,1 소프트뱅,09.01(화) 18:00,"1.41,2.34",핸디승
2026-09-02T01:05:47+00:00,2026,103,8233,bs,NPB,언더오버,2,U 6.5,닛폰햄,소프트뱅,09.01(화) 18:00,"1.97,1.59",언더
2026-09-02T01:05:47+00:00,2026,103,8234,bs,NPB,홀짝,2,,닛폰햄,소프트뱅,09.01(화) 18:00,"1.65,1.98",홀
2026-09-02T01:05:47+00:00,2026,103,8235,bs,NPB,승패,2,,라쿠텐 5,1 오릭스,09.01(화) 18:00,"1.75,1.77",홈승
2026-09-02T01:05:47+00:00,2026,103,8236,bs,NPB,승①패,3,승①패,라쿠텐 5,1 오릭스,09.01(화) 18:00,"2.7,2.8,2.37",홈승
2026-09-02T01:05:47+00:00,2026,103,8237,bs,NPB,핸디캡,2,H -2.5,라쿠텐 2.5,1 오릭스,09.01(화) 18:00,"3.86,1.14",핸디승
2026-09-02T01:05:47+00:00,2026,103,8238,bs,NPB,언더오버,2,U 6.5,라쿠텐,오릭스,09.01(화) 18:00,"1.99,1.58",언더
2026-09-02T01:05:47+00:00,2026,103,8239,bs,NPB,홀짝,2,,라쿠텐,오릭스,09.01(화) 18:00,"1.64,1.99",짝
2026-09-02T01:05:47+00:00,2026,103,8240,bs,NPB,승패,2,,지바롯데 1,0 세이부,09.01(화) 18:00,"2.15,1.49",홈승
2026-09-02T01:05:47+00:00,2026,103,8241,bs,NPB,승①패,3,승①패,지바롯데 1,0 세이부,09.01(화) 18:00,"3.5,2.85,1.95",①
2026-09-02T01:05:47+00:00,2026,103,8242,bs,NPB,핸디캡,2,H +2.5,지바롯데 3.5,0 세이부,09.01(화) 18:00,"1.3,2.72",핸디승
2026-09-02T01:05:47+00:00,2026,103,8243,bs,NPB,언더오버,2,U 6.5,지바롯데,세이부,09.01(화) 18:00,"1.9,1.64",언더
2026-09-02T01:05:47+00:00,2026,103,8244,bs,NPB,홀짝,2,,지바롯데,세이부,09.01(화) 18:00,"1.64,1.99",홀
2026-09-02T01:05:47+00:00,2026,103,8245,bs,KBO,승패,2,,두산 1,3 LG,09.01(화) 18:30,"1.79,1.73",홈패
2026-09-02T01:05:47+00:00,2026,103,8246,bs,KBO,승①패,3,승①패,두산 1,3 LG,09.01(화) 18:30,"2.55,3.25,2.22",홈패
2026-09-02T01:05:47+00:00,2026,103,8247,bs,KBO,핸디캡,2,H +2.5,두산 3.5,3 LG,09.01(화) 18:30,"1.26,2.92",핸디승
2026-09-02T01:05:47+00:00,2026,103,8248,bs,KBO,언더오버,2,U 8.5,두산,LG,09.01(화) 18:30,"1.76,1.76",언더
2026-09-02T01:05:47+00:00,2026,103,8249,bs,KBO,홀짝,2,,두산,LG,09.01(화) 18:30,"1.62,2.03",짝
2026-09-02T01:05:47+00:00,2026,103,8250,bs,KBO,전반승무패,3,h(전반),두산 1,3 LG,09.01(화) 18:30,"2.1,5.4,2.05",홈패
2026-09-02T01:05:47+00:00,2026,103,8251,bs,KBO,전반핸디캡,2,h H +1.5,두산 2.5,3 LG,09.01(화) 18:30,"1.28,2.82",핸디패
2026-09-02T01:05:47+00:00,2026,103,8252,bs,KBO,전반언더오버,2,h U 4.5,두산,LG,09.01(화) 18:30,"1.78,1.74",언더
2026-09-02T01:05:47+00:00,2026,103,8253,bs,KBO,승패,2,,삼성 3,0 롯데,09.01(화) 18:30,"1.49,2.15",홈승
2026-09-02T01:05:47+00:00,2026,103,8254,bs,KBO,승①패,3,승①패,삼성 3,0 롯데,09.01(화) 18:30,"1.91,3.55,2.9",홈승
2026-09-02T01:05:47+00:00,2026,103,8255,bs,KBO,핸디캡,2,H -2.5,삼성 0.5,0 롯데,09.01(화) 18:30,"2.43,1.38",핸디승
2026-09-02T01:05:47+00:00,2026,103,8256,bs,KBO,언더오버,2,U 10.5,삼성,롯데,09.01(화) 18:30,"1.84,1.69",언더
2026-09-02T01:05:47+00:00,2026,103,8257,bs,KBO,홀짝,2,,삼성,롯데,09.01(화) 18:30,"1.61,2.04",홀
2026-09-02T01:05:47+00:00,2026,103,8258,bs,KBO,전반승무패,3,h(전반),삼성 2,0 롯데,09.01(화) 18:30,"1.71,6.8,2.4",홈승
2026-09-02T01:05:47+00:00,2026,103,8259,bs,KBO,전반핸디캡,2,h H -1.5,삼성 0.5,0 롯데,09.01(화) 18:30,"2.07,1.53",핸디승
2026-09-02T01:05:47+00:00,2026,103,8260,bs,KBO,전반언더오버,2,h U 5.5,삼성,롯데,09.01(화) 18:30,"1.85,1.68",언더
2026-09-02T01:05:47+00:00,2026,103,8261,bs,KBO,승패,2,,KT 6,1 한화,09.01(화) 18:30,"1.52,2.09",홈승
2026-09-02T01:05:47+00:00,2026,103,8262,bs,KBO,승①패,3,승①패,KT 6,1 한화,09.01(화) 18:30,"2.06,3.5,2.65",홈승
2026-09-02T01:05:47+00:00,2026,103,8263,bs,KBO,핸디캡,2,H -2.5,KT 3.5,1 한화,09.01(화) 18:30,"2.82,1.28",핸디승
2026-09-02T01:05:47+00:00,2026,103,8264,bs,KBO,언더오버,2,U 9.5,KT,한화,09.01(화) 18:30,"1.75,1.77",언더
2026-09-02T01:05:47+00:00,2026,103,8265,bs,KBO,홀짝,2,,KT,한화,09.01(화) 18:30,"1.61,2.04",홀
2026-09-02T01:05:47+00:00,2026,103,8266,bs,KBO,전반승무패,3,h(전반),KT 4,0 한화,09.01(화) 18:30,"1.77,6.3,2.35",홈승
2026-09-02T01:05:47+00:00,2026,103,8267,bs,KBO,전반핸디캡,2,h H -1.5,KT 2.5,0 한화,09.01(화) 18:30,"2.37,1.4",핸디승
2026-09-02T01:05:47+00:00,2026,103,8268,bs,KBO,전반언더오버,2,h U 4.5,KT,한화,09.01(화) 18:30,"1.99,1.58",언더
2026-09-02T01:05:47+00:00,2026,103,8269,bs,KBO,승패,2,,NC 7,2 KIA,09.01(화) 18:30,"1.93,1.62",홈승
2026-09-02T01:05:47+00:00,2026,103,8270,bs,KBO,승①패,3,승①패,NC 7,2 KIA,09.01(화) 18:30,"2.8,3.3,2.04",홈승
2026-09-02T01:05:47+00:00,2026,103,8271,bs,KBO,핸디캡,2,H +2.5,NC 9.5,2 KIA,09.01(화) 18:30,"1.4,2.37",핸디승
2026-09-02T01:05:47+00:00,2026,103,8272,bs,KBO,언더오버,2,U 9.5,NC,KIA,09.01(화) 18:30,"1.72,1.8",언더
2026-09-02T01:05:47+00:00,2026,103,8273,bs,KBO,홀짝,2,,NC,KIA,09.01(화) 18:30,"1.62,2.03",홀
2026-09-02T01:05:47+00:00,2026,103,8274,bs,KBO,전반승무패,3,h(전반),NC 3,1 KIA,09.01(화) 18:30,"2.25,5.6,1.9",홈승
2026-09-02T01:05:47+00:00,2026,103,8275,bs,KBO,전반핸디캡,2,h H +1.5,NC 4.5,1 KIA,09.01(화) 18:30,"1.36,2.49",핸디승
2026-09-02T01:05:47+00:00,2026,103,8276,bs,KBO,전반언더오버,2,h U 4.5,NC,KIA,09.01(화) 18:30,"1.91,1.63",언더
2026-09-02T01:05:47+00:00,2026,103,8277,bs,KBO,승패,2,,키움 0,4 SSG,09.01(화) 18:30,"1.7,1.82",홈패
2026-09-02T01:05:47+00:00,2026,103,8278,bs,KBO,승①패,3,승①패,키움 0,4 SSG,09.01(화) 18:30,"2.4,3.25,2.35",홈패
2026-09-02T01:05:47+00:00,2026,103,8279,bs,KBO,핸디캡,2,H -2.5,키움 -2.5,4 SSG,09.01(화) 18:30,"3.3,1.2",핸디패
2026-09-02T01:05:47+00:00,2026,103,8280,bs,KBO,언더오버,2,U 8.5,키움,SSG,09.01(화) 18:30,"1.78,1.74",언더
2026-09-02T01:05:47+00:00,2026,103,8281,bs,KBO,홀짝,2,,키움,SSG,09.01(화) 18:30,"1.62,2.03",짝
2026-09-02T01:05:47+00:00,2026,103,8282,bs,KBO,전반승무패,3,h(전반),키움 0,4 SSG,09.01(화) 18:30,"1.87,5.9,2.25",홈패
2026-09-02T01:05:47+00:00,2026,103,8283,bs,KBO,전반핸디캡,2,h H -1.5,키움 -1.5,4 SSG,09.01(화) 18:30,"2.64,1.32",핸디패
2026-09-02T01:05:47+00:00,2026,103,8284,bs,KBO,전반언더오버,2,h U 4.5,키움,SSG,09.01(화) 18:30,"1.76,1.76",언더
2026-09-02T01:05:47+00:00,2026,103,8293,sc,EFL챔,승무패,3,,링컨시티 0,0 블랙번R,09.02(수) 03:45,"2.18,3.0,2.8",무승부
2026-09-02T01:05:47+00:00,2026,103,8294,sc,EFL챔,핸디캡,3,H -1.0,링컨시티 -1,0 블랙번R,09.02(수) 03:45,"4.2,3.65,1.57",핸디패
2026-09-02T01:05:47+00:00,2026,103,8295,sc,EFL챔,언더오버,2,U 2.5,링컨시티,블랙번R,09.02(수) 03:45,"1.75,1.77",언더
2026-09-02T01:05:47+00:00,2026,103,8296,sc,EFL챔,홀짝,2,,링컨시티,블랙번R,09.02(수) 03:45,"1.81,1.79",짝
2026-09-02T01:05:47+00:00,2026,103,8297,sc,EFL챔,승무패,3,,포츠머스 0,2 더비카운,09.02(수) 03:45,"1.95,3.05,3.25",홈패
2026-09-02T01:05:47+00:00,2026,103,8298,sc,EFL챔,핸디캡,3,H -1.0,포츠머스 -1,2 더비카운,09.02(수) 03:45,"3.65,3.5,1.7",핸디패
2026-09-02T01:05:47+00:00,2026,103,8299,sc,EFL챔,언더오버,2,U 2.5,포츠머스,더비카운,09.02(수) 03:45,"1.63,1.91",언더
2026-09-02T01:05:47+00:00,2026,103,8300,sc,EFL챔,홀짝,2,,포츠머스,더비카운,09.02(수) 03:45,"1.81,1.79",짝
2026-09-02T01:05:47+00:00,2026,103,8301,sc,EFL챔,승무패,3,,프레스턴 1,3 브리스C,09.02(수) 03:45,"2.42,3.05,2.45",홈패
2026-09-02T01:05:47+00:00,2026,103,8302,sc,EFL챔,핸디캡,3,H -1.0,프레스턴 0,3 브리스C,09.02(수) 03:45,"5.4,4.0,1.4",핸디패
2026-09-02T01:05:47+00:00,2026,103,8303,sc,EFL챔,언더오버,2,U 2.5,프레스턴,브리스C,09.02(수) 03:45,"1.73,1.79",오버
2026-09-02T01:05:47+00:00,2026,103,8304,sc,EFL챔,홀짝,2,,프레스턴,브리스C,09.02(수) 03:45,"1.81,1.79",짝
2026-09-02T01:05:47+00:00,2026,103,8305,sc,EFL챔,승무패,3,,셰필드U 3,2 볼턴W,09.02(수) 03:45,"1.56,3.6,4.35",홈승
2026-09-02T01:05:47+00:00,2026,103,8306,sc,EFL챔,핸디캡,3,H -1.0,셰필드U 2,2 볼턴W,09.02(수) 03:45,"2.65,3.15,2.2",핸디무
2026-09-02T01:05:47+00:00,2026,103,8307,sc,EFL챔,언더오버,2,U 2.5,셰필드U,볼턴W,09.02(수) 03:45,"1.86,1.67",오버
2026-09-02T01:05:47+00:00,2026,103,8308,sc,EFL챔,홀짝,2,,셰필드U,볼턴W,09.02(수) 03:45,"1.81,1.79",홀
2026-09-02T01:05:47+00:00,2026,103,8309,sc,EFL챔,승무패,3,,스완지C 2,0 왓포드,09.02(수) 03:45,"1.78,3.2,3.65",홈승
2026-09-02T01:05:47+00:00,2026,103,8310,sc,EFL챔,핸디캡,3,H -1.0,스완지C 1,0 왓포드,09.02(수) 03:45,"3.2,3.25,1.89",핸디승
2026-09-02T01:05:47+00:00,2026,103,8311,sc,EFL챔,언더오버,2,U 2.5,스완지C,왓포드,09.02(수) 03:45,"1.77,1.75",언더
2026-09-02T01:05:47+00:00,2026,103,8312,sc,EFL챔,홀짝,2,,스완지C,왓포드,09.02(수) 03:45,"1.81,1.79",짝
2026-09-02T01:05:47+00:00,2026,103,8313,sc,EFL챔,승무패,3,,웨스트햄 4,2 울버햄튼,09.02(수) 03:45,"1.93,3.3,3.05",홈승
2026-09-02T01:05:47+00:00,2026,103,8314,sc,EFL챔,핸디캡,3,H -1.0,웨스트햄 3,2 울버햄튼,09.02(수) 03:45,"3.5,3.5,1.73",핸디승
2026-09-02T01:05:47+00:00,2026,103,8315,sc,EFL챔,언더오버,2,U 2.5,웨스트햄,울버햄튼,09.02(수) 03:45,"2.04,1.55",오버
2026-09-02T01:05:47+00:00,2026,103,8316,sc,EFL챔,홀짝,2,,웨스트햄,울버햄튼,09.02(수) 03:45,"1.81,1.79",짝
2026-09-02T01:05:47+00:00,2026,103,8317,sc,EFL챔,승무패,3,,버밍엄C 1,1 사우샘프,09.02(수) 04:00,"2.36,3.0,2.55",무승부
2026-09-02T01:05:47+00:00,2026,103,8318,sc,EFL챔,핸디캡,3,H -1.0,버밍엄C 0,1 사우샘프,09.02(수) 04:00,"4.65,3.75,1.5",핸디패
2026-09-02T01:05:47+00:00,2026,103,8319,sc,EFL챔,언더오버,2,U 2.5,버밍엄C,사우샘프,09.02(수) 04:00,"1.84,1.69",언더
2026-09-02T01:05:47+00:00,2026,103,8320,sc,EFL챔,홀짝,2,,버밍엄C,사우샘프,09.02(수) 04:00,"1.81,1.79",짝
2026-09-02T01:05:47+00:00,2026,103,8321,sc,EFL챔,승무패,3,,스토크C 1,0 노리치C,09.02(수) 04:00,"2.95,3.1,2.05",홈승
2026-09-02T01:05:47+00:00,2026,103,8322,sc,EFL챔,핸디캡,3,H +1.0,스토크C 2,0 노리치C,09.02(수) 04:00,"1.64,3.6,3.8",핸디승
2026-09-02T01:05:47+00:00,2026,103,8323,sc,EFL챔,언더오버,2,U 2.5,스토크C,노리치C,09.02(수) 04:00,"1.93,1.62",언더
2026-09-02T01:05:47+00:00,2026,103,8324,sc,EFL챔,홀짝,2,,스토크C,노리치C,09.02(수) 04:00,"1.81,1.79",홀
2026-09-02T01:05:47+00:00,2026,103,8325,sc,이탈FA컵,승무패,3,,토리노 0,1 AC몬차,09.02(수) 04:00,"1.71,3.2,3.95",홈패
2026-09-02T01:05:47+00:00,2026,103,8326,sc,이탈FA컵,핸디캡,3,H -1.0,토리노 -1,1 AC몬차,09.02(수) 04:00,"3.0,3.0,2.07",핸디패
2026-09-02T01:05:47+00:00,2026,103,8327,sc,이탈FA컵,언더오버,2,U 2.5,토리노,AC몬차,09.02(수) 04:00,"1.63,1.91",언더
2026-09-02T01:05:47+00:00,2026,103,8328,sc,이탈FA컵,홀짝,2,,토리노,AC몬차,09.02(수) 04:00,"1.81,1.79",홀
2026-09-02T01:05:47+00:00,2026,103,8329,bs,MLB,승패,2,,탬파레이 6,2 뉴욕메츠,09.02(수) 07:40,"1.6,1.96",홈승
2026-09-02T01:05:47+00:00,2026,103,8330,bs,MLB,승①패,3,승①패,탬파레이 6,2 뉴욕메츠,09.02(수) 07:40,"2.26,3.25,2.5",홈승
2026-09-02T01:05:47+00:00,2026,103,8331,bs,MLB,핸디캡,2,H -2.5,탬파레이 3.5,2 뉴욕메츠,09.02(수) 07:40,"3.09,1.23",핸디승
2026-09-02T01:05:47+00:00,2026,103,8332,bs,MLB,언더오버,2,U 7.5,탬파레이,뉴욕메츠,09.02(수) 07:40,"1.8,1.72",오버
2026-09-02T01:05:47+00:00,2026,103,8333,bs,MLB,홀짝,2,,탬파레이,뉴욕메츠,09.02(수) 07:40,"1.58,2.09",짝
2026-09-02T01:05:47+00:00,2026,103,8334,bs,MLB,승패,2,,피츠파이 11,7 샌프자이,09.02(수) 07:40,"1.46,2.22",6회말
2026-09-02T01:05:47+00:00,2026,103,8335,bs,MLB,승①패,3,승①패,피츠파이 11,7 샌프자이,09.02(수) 07:40,"2.01,3.25,2.9",6회말
2026-09-02T01:05:47+00:00,2026,103,8336,bs,MLB,핸디캡,2,H -2.5,피츠파이 8.5,7 샌프자이,09.02(수) 07:40,"2.72,1.3",6회말
2026-09-02T01:05:47+00:00,2026,103,8337,bs,MLB,언더오버,2,U 7.5,피츠파이,샌프자이,09.02(수) 07:40,"1.68,1.85",6회말
2026-09-02T01:05:47+00:00,2026,103,8338,bs,MLB,홀짝,2,,피츠파이,샌프자이,09.02(수) 07:40,"1.58,2.09",6회말
2026-09-02T01:05:47+00:00,2026,103,8339,bs,MLB,승패,2,,클리가디 6,1 토론블루,09.02(수) 07:40,"1.44,2.26",9회초
2026-09-02T01:05:47+00:00,2026,103,8340,bs,MLB,승①패,3,승①패,클리가디 6,1 토론블루,09.02(수) 07:40,"1.95,3.35,2.95",9회초
2026-09-02T01:05:47+00:00,2026,103,8341,bs,MLB,핸디캡,2,H -2.5,클리가디 3.5,1 토론블루,09.02(수) 07:40,"2.64,1.32",9회초
2026-09-02T01:05:47+00:00,2026,103,8342,bs,MLB,언더오버,2,U 7.5,클리가디,토론블루,09.02(수) 07:40,"1.86,1.67",9회초
2026-09-02T01:05:47+00:00,2026,103,8343,bs,MLB,홀짝,2,,클리가디,토론블루,09.02(수) 07:40,"1.59,2.07",9회초
2026-09-02T01:05:47+00:00,2026,103,8344,bs,MLB,승패,2,,신시레즈 2,2 샌디파드,09.02(수) 07:40,"2.02,1.56",8회말
2026-09-02T01:05:47+00:00,2026,103,8345,bs,MLB,승①패,3,승①패,신시레즈 2,2 샌디파드,09.02(수) 07:40,"3.0,3.4,1.92",8회말
2026-09-02T01:05:47+00:00,2026,103,8346,bs,MLB,핸디캡,2,H +2.5,신시레즈 4.5,2 샌디파드,09.02(수) 07:40,"1.36,2.49",8회말
2026-09-02T01:05:47+00:00,2026,103,8347,bs,MLB,언더오버,2,U 9.5,신시레즈,샌디파드,09.02(수) 07:40,"1.73,1.79",8회말
2026-09-02T01:05:47+00:00,2026,103,8348,bs,MLB,홀짝,2,,신시레즈,샌디파드,09.02(수) 07:40,"1.59,2.07",8회말
2026-09-02T01:05:47+00:00,2026,103,8349,bs,MLB,승패,2,,워싱내셔 8,2 애틀브레,09.02(수) 07:45,"2.29,1.43",8회초
2026-09-02T01:05:47+00:00,2026,103,8350,bs,MLB,승①패,3,승①패,워싱내셔 8,2 애틀브레,09.02(수) 07:45,"3.55,3.5,1.72",8회초
2026-09-02T01:05:47+00:00,2026,103,8351,bs,MLB,핸디캡,2,H +2.5,워싱내셔 10.5,2 애틀브레,09.02(수) 07:45,"1.48,2.17",8회초
2026-09-02T01:05:47+00:00,2026,103,8352,bs,MLB,언더오버,2,U 9.5,워싱내셔,애틀브레,09.02(수) 07:45,"1.87,1.66",8회초
2026-09-02T01:05:47+00:00,2026,103,8353,bs,MLB,홀짝,2,,워싱내셔,애틀브레,09.02(수) 07:45,"1.6,2.06",8회초
2026-09-02T01:05:47+00:00,2026,103,8354,bs,MLB,승패,2,,보스레드 1,9 시애매리,09.02(수) 07:45,"1.61,1.94",6회말
2026-09-02T01:05:47+00:00,2026,103,8355,bs,MLB,승①패,3,승①패,보스레드 1,9 시애매리,09.02(수) 07:45,"2.29,3.2,2.5",6회말
2026-09-02T01:05:47+00:00,2026,103,8356,bs,MLB,핸디캡,2,H -2.5,보스레드 -1.5,9 시애매리,09.02(수) 07:45,"3.16,1.22",6회말
2026-09-02T01:05:47+00:00,2026,103,8357,bs,MLB,언더오버,2,U 7.5,보스레드,시애매리,09.02(수) 07:45,"1.73,1.79",6회말
2026-09-02T01:05:47+00:00,2026,103,8358,bs,MLB,홀짝,2,,보스레드,시애매리,09.02(수) 07:45,"1.58,2.09",6회말
2026-09-02T01:05:47+00:00,2026,103,8359,bs,MLB,승패,2,,미네트윈 1,1 디트타이,09.02(수) 08:40,"1.77,1.75",5회말
2026-09-02T01:05:47+00:00,2026,103,8360,bs,MLB,승①패,3,승①패,미네트윈 1,1 디트타이,09.02(수) 08:40,"2.55,3.3,2.2",5회말
2026-09-02T01:05:47+00:00,2026,103,8361,bs,MLB,핸디캡,2,H +2.5,미네트윈 3.5,1 디트타이,09.02(수) 08:40,"1.26,2.92",5회말
2026-09-02T01:05:47+00:00,2026,103,8362,bs,MLB,언더오버,2,U 8.5,미네트윈,디트타이,09.02(수) 08:40,"1.81,1.71",5회말
2026-09-02T01:05:47+00:00,2026,103,8363,bs,MLB,홀짝,2,,미네트윈,디트타이,09.02(수) 08:40,"1.59,2.07",5회말
2026-09-02T01:05:47+00:00,2026,103,8364,bs,MLB,승패,2,,캔자로얄 0,3 마이말린,09.02(수) 08:40,"1.67,1.86",6회말
2026-09-02T01:05:47+00:00,2026,103,8365,bs,MLB,승①패,3,승①패,캔자로얄 0,3 마이말린,09.02(수) 08:40,"2.33,3.4,2.35",6회말
2026-09-02T01:05:47+00:00,2026,103,8366,bs,MLB,핸디캡,2,H -2.5,캔자로얄 -2.5,3 마이말린,09.02(수) 08:40,"3.16,1.22",6회말
2026-09-02T01:05:47+00:00,2026,103,8367,bs,MLB,언더오버,2,U 9.5,캔자로얄,마이말린,09.02(수) 08:40,"1.87,1.66",6회말
2026-09-02T01:05:47+00:00,2026,103,8368,bs,MLB,홀짝,2,,캔자로얄,마이말린,09.02(수) 08:40,"1.59,2.07",6회말
2026-09-02T01:05:47+00:00,2026,103,8369,bs,MLB,승패,2,,시카컵스 3,1 밀워브루,09.02(수) 08:40,"1.67,1.86",5회초
2026-09-02T01:05:47+00:00,2026,103,8370,bs,MLB,승①패,3,승①패,시카컵스 3,1 밀워브루,09.02(수) 08:40,"2.35,3.4,2.33",5회초
2026-09-02T01:05:47+00:00,2026,103,8371,bs,MLB,핸디캡,2,H -2.5,시카컵스 0.5,1 밀워브루,09.02(수) 08:40,"3.23,1.21",5회초
2026-09-02T01:05:47+00:00,2026,103,8372,bs,MLB,언더오버,2,U 10.5,시카컵스,밀워브루,09.02(수) 08:40,"1.68,1.85",5회초
2026-09-02T01:05:47+00:00,2026,103,8373,bs,MLB,홀짝,2,,시카컵스,밀워브루,09.02(수) 08:40,"1.59,2.07",5회초
2026-09-02T01:05:47+00:00,2026,103,8374,bs,MLB,승패,2,,텍사레인 2,1 애슬레틱,09.02(수) 09:05,"1.39,2.4",3회말
2026-09-02T01:05:47+00:00,2026,103,8375,bs,MLB,승①패,3,승①패,텍사레인 2,1 애슬레틱,09.02(수) 09:05,"1.86,3.35,3.2",3회말
2026-09-02T01:05:47+00:00,2026,103,8376,bs,MLB,핸디캡,2,H -2.5,텍사레인 -0.5,1 애슬레틱,09.02(수) 09:05,"2.49,1.36",3회말
2026-09-02T01:05:47+00:00,2026,103,8377,bs,MLB,언더오버,2,U 7.5,텍사레인,애슬레틱,09.02(수) 09:05,"1.68,1.85",3회말
2026-09-02T01:05:47+00:00,2026,103,8378,bs,MLB,홀짝,2,,텍사레인,애슬레틱,09.02(수) 09:05,"1.59,2.07",3회말
2026-09-02T01:05:47+00:00,2026,103,8379,bs,MLB,승패,2,,휴스애스 0,0 시카화이,09.02(수) 09:10,"1.82,1.7",2회말
2026-09-02T01:05:47+00:00,2026,103,8380,bs,MLB,승①패,3,승①패,휴스애스 0,0 시카화이,09.02(수) 09:10,"2.65,3.3,2.13",2회말
2026-09-02T01:05:47+00:00,2026,103,8381,bs,MLB,핸디캡,2,H +2.5,휴스애스 2.5,0 시카화이,09.02(수) 09:10,"1.28,2.82",2회말
2026-09-02T01:05:47+00:00,2026,103,8382,bs,MLB,언더오버,2,U 8.5,휴스애스,시카화이,09.02(수) 09:10,"1.78,1.74",2회말
2026-09-02T01:05:47+00:00,2026,103,8383,bs,MLB,홀짝,2,,휴스애스,시카화이,09.02(수) 09:10,"1.59,2.07",2회말
2026-09-02T01:05:47+00:00,2026,103,8384,bs,MLB,승패,2,,콜로로키 0,0 볼티오리,09.02(수) 09:40,"2.05,1.54",2회초
2026-09-02T01:05:47+00:00,2026,103,8385,bs,MLB,승①패,3,승①패,콜로로키 0,0 볼티오리,09.02(수) 09:40,"3.1,3.5,1.85",2회초
2026-09-02T01:05:47+00:00,2026,103,8386,bs,MLB,핸디캡,2,H +2.5,콜로로키 2.5,0 볼티오리,09.02(수) 09:40,"1.4,2.37",2회초
2026-09-02T01:05:47+00:00,2026,103,8387,bs,MLB,언더오버,2,U 11.5,콜로로키,볼티오리,09.02(수) 09:40,"1.65,1.89",2회초
2026-09-02T01:05:47+00:00,2026,103,8388,bs,MLB,홀짝,2,,콜로로키,볼티오리,09.02(수) 09:40,"1.6,2.06",2회초
2026-09-02T01:05:47+00:00,2026,103,8389,bs,MLB,승패,2,,LA에인절,뉴욕양키,09.02(수) 10:38,"2.4,1.39",경기전
2026-09-02T01:05:47+00:00,2026,103,8390,bs,MLB,승①패,3,승①패,LA에인절,뉴욕양키,09.02(수) 10:38,"3.85,3.35,1.69",경기전
2026-09-02T01:05:47+00:00,2026,103,8391,bs,MLB,핸디캡,2,H +2.5,LA에인절,뉴욕양키,09.02(수) 10:38,"1.48,2.17",경기전
2026-09-02T01:05:47+00:00,2026,103,8392,bs,MLB,언더오버,2,U 7.5,LA에인절,뉴욕양키,09.02(수) 10:38,"1.79,1.73",경기전
2026-09-02T01:05:47+00:00,2026,103,8393,bs,MLB,홀짝,2,,LA에인절,뉴욕양키,09.02(수) 10:38,"1.59,2.07",경기전
2026-09-02T01:05:47+00:00,2026,103,8394,bs,MLB,승패,2,,애리다이,필라필리,09.02(수) 10:40,"2.02,1.56",경기전
2026-09-02T01:05:47+00:00,2026,103,8395,bs,MLB,승①패,3,승①패,애리다이,필라필리,09.02(수) 10:40,"3.05,3.25,1.95",경기전
2026-09-02T01:05:47+00:00,2026,103,8396,bs,MLB,핸디캡,2,H +2.5,애리다이,필라필리,09.02(수) 10:40,"1.34,2.56",경기전
2026-09-02T01:05:47+00:00,2026,103,8397,bs,MLB,언더오버,2,U 7.5,애리다이,필라필리,09.02(수) 10:40,"1.79,1.73",경기전
2026-09-02T01:05:47+00:00,2026,103,8398,bs,MLB,홀짝,2,,애리다이,필라필리,09.02(수) 10:40,"1.58,2.09",경기전
2026-09-02T01:05:47+00:00,2026,103,8399,bs,MLB,승패,2,,LA다저스,세인카디,09.02(수) 11:10,"1.42,2.31",경기전
2026-09-02T01:05:47+00:00,2026,103,8400,bs,MLB,승①패,3,승①패,LA다저스,세인카디,09.02(수) 11:10,"1.88,3.45,3.05",경기전
2026-09-02T01:05:47+00:00,2026,103,8401,bs,MLB,핸디캡,2,H -2.5,LA다저스,세인카디,09.02(수) 11:10,"2.49,1.36",경기전
2026-09-02T01:05:47+00:00,2026,103,8402,bs,MLB,언더오버,2,U 8.5,LA다저스,세인카디,09.02(수) 11:10,"1.93,1.62",경기전
2026-09-02T01:05:47+00:00,2026,103,8403,bs,MLB,홀짝,2,,LA다저스,세인카디,09.02(수) 11:10,"1.6,2.06",경기전
2026-09-02T01:05:47+00:00,2026,103,8404,bs,MLB,전반승무패,3,h(전반),LA다저스,세인카디,09.02(수) 11:10,"1.68,6.2,2.55",경기전
2026-09-02T01:05:47+00:00,2026,103,8405,bs,MLB,전반핸디캡,2,h H -1.5,LA다저스,세인카디,09.02(수) 11:10,"2.34,1.41",경기전
2026-09-02T01:05:47+00:00,2026,103,8406,bs,MLB,전반언더오버,2,h U 4.5,LA다저스,세인카디,09.02(수) 11:10,"1.97,1.59",경기전
2026-09-02T01:05:47+00:00,2026,103,8476,sc,J1리그,승무패,3,,미토홀리,가시마A,09.02(수) 19:00,"3.3,3.1,1.91",경기전
2026-09-02T01:05:47+00:00,2026,103,8477,sc,J1리그,핸디캡,3,H +1.0,미토홀리,가시마A,09.02(수) 19:00,"1.7,3.4,3.75",경기전
2026-09-02T01:05:47+00:00,2026,103,8478,sc,J1리그,언더오버,2,U 2.5,미토홀리,가시마A,09.02(수) 19:00,"1.66,1.87",경기전
2026-09-02T01:05:47+00:00,2026,103,8479,sc,J1리그,홀짝,2,,미토홀리,가시마A,09.02(수) 19:00,"1.81,1.79",경기전
2026-09-02T01:05:47+00:00,2026,103,8480,sc,J1리그,승무패,3,,제프유나,오카야마,09.02(수) 19:00,"3.35,3.1,1.89",경기전
2026-09-02T01:05:47+00:00,2026,103,8481,sc,J1리그,핸디캡,3,H +1.0,제프유나,오카야마,09.02(수) 19:00,"1.72,3.35,3.7",경기전
2026-09-02T01:05:47+00:00,2026,103,8482,sc,J1리그,언더오버,2,U 2.5,제프유나,오카야마,09.02(수) 19:00,"1.69,1.84",경기전
2026-09-02T01:05:47+00:00,2026,103,8483,sc,J1리그,홀짝,2,,제프유나,오카야마,09.02(수) 19:00,"1.81,1.79",경기전
2026-09-02T01:05:47+00:00,2026,103,8484,sc,J1리그,승무패,3,,도쿄베르,비셀고베,09.02(수) 19:00,"3.6,2.85,1.92",경기전
2026-09-02T01:05:47+00:00,2026,103,8485,sc,J1리그,핸디캡,3,H +1.0,도쿄베르,비셀고베,09.02(수) 19:00,"1.71,3.2,3.95",경기전
2026-09-02T01:05:47+00:00,2026,103,8486,sc,J1리그,언더오버,2,U 2.5,도쿄베르,비셀고베,09.02(수) 19:00,"1.43,2.29",경기전
2026-09-02T01:05:47+00:00,2026,103,8487,sc,J1리그,홀짝,2,,도쿄베르,비셀고베,09.02(수) 19:00,"1.82,1.78",경기전
2026-09-02T01:05:47+00:00,2026,103,8488,sc,J1리그,승무패,3,,마치다Z,가와사키,09.02(수) 19:00,"1.83,3.25,3.4",경기전
2026-09-02T01:05:47+00:00,2026,103,8489,sc,J1리그,핸디캡,3,H -1.0,마치다Z,가와사키,09.02(수) 19:00,"3.4,3.4,1.78",경기전
2026-09-02T01:05:47+00:00,2026,103,8490,sc,J1리그,언더오버,2,U 2.5,마치다Z,가와사키,09.02(수) 19:00,"1.82,1.7",경기전
2026-09-02T01:05:47+00:00,2026,103,8491,sc,J1리그,홀짝,2,,마치다Z,가와사키,09.02(수) 19:00,"1.81,1.79",경기전
2026-09-02T01:05:47+00:00,2026,103,8492,sc,J1리그,승무패,3,,요코마리,교토상가,09.02(수) 19:00,"2.03,3.1,3.0",경기전
2026-09-02T01:05:47+00:00,2026,103,8493,sc,J1리그,핸디캡,3,H -1.0,요코마리,교토상가,09.02(수) 19:00,"4.05,3.5,1.62",경기전
2026-09-02T01:05:47+00:00,2026,103,8494,sc,J1리그,언더오버,2,U 2.5,요코마리,교토상가,09.02(수) 19:00,"1.69,1.84",경기전
2026-09-02T01:05:47+00:00,2026,103,8495,sc,J1리그,홀짝,2,,요코마리,교토상가,09.02(수) 19:00,"1.81,1.79",경기전
2026-09-02T01:05:47+00:00,2026,103,8496,sc,J1리그,승무패,3,,시미즈S,FC도쿄,09.02(수) 19:00,"3.25,3.1,1.93",경기전
2026-09-02T01:05:47+00:00,2026,103,8497,sc,J1리그,핸디캡,3,H +1.0,시미즈S,FC도쿄,09.02(수) 19:00,"1.7,3.4,3.75",경기전
2026-09-02T01:05:47+00:00,2026,103,8498,sc,J1리그,언더오버,2,U 2.5,시미즈S,FC도쿄,09.02(수) 19:00,"1.67,1.86",경기전
2026-09-02T01:05:47+00:00,2026,103,8499,sc,J1리그,홀짝,2,,시미즈S,FC도쿄,09.02(수) 19:00,"1.81,1.79",경기전
2026-09-02T01:05:47+00:00,2026,103,8500,sc,J1리그,승무패,3,,C오사카,가시와R,09.02(수) 19:00,"2.7,3.15,2.17",경기전
2026-09-02T01:05:47+00:00,2026,103,8501,sc,J1리그,핸디캡,3,H +1.0,C오사카,가시와R,09.02(수) 19:00,"1.55,3.7,4.25",경기전
2026-09-02T01:05:47+00:00,2026,103,8502,sc,J1리그,언더오버,2,U 2.5,C오사카,가시와R,09.02(수) 19:00,"1.84,1.69",경기전
2026-09-02T01:05:47+00:00,2026,103,8503,sc,J1리그,홀짝,2,,C오사카,가시와R,09.02(수) 19:00,"1.81,1.79",경기전
2026-09-02T01:05:47+00:00,2026,103,8504,sc,J1리그,승무패,3,,산프히로,나고야G,09.02(수) 19:00,"1.44,3.8,5.2",경기전
2026-09-02T01:05:47+00:00,2026,103,8505,sc,J1리그,핸디캡,3,H -1.0,산프히로,나고야G,09.02(수) 19:00,"2.3,3.35,2.4",경기전
2026-09-02T01:05:47+00:00,2026,103,8506,sc,J1리그,언더오버,2,U 2.5,산프히로,나고야G,09.02(수) 19:00,"2.11,1.51",경기전
2026-09-02T01:05:47+00:00,2026,103,8507,sc,J1리그,홀짝,2,,산프히로,나고야G,09.02(수) 19:00,"1.8,1.8",경기전
2026-09-02T01:05:47+00:00,2026,103,8508,sc,J1리그,승무패,3,,후쿠오카,우라와R,09.02(수) 19:00,"2.2,2.9,2.85",경기전
2026-09-02T01:05:47+00:00,2026,103,8509,sc,J1리그,핸디캡,3,H -1.0,후쿠오카,우라와R,09.02(수) 19:00,"4.75,3.55,1.52",경기전
2026-09-02T01:05:47+00:00,2026,103,8510,sc,J1리그,언더오버,2,U 2.5,후쿠오카,우라와R,09.02(수) 19:00,"1.51,2.11",경기전
2026-09-02T01:05:47+00:00,2026,103,8511,sc,J1리그,홀짝,2,,후쿠오카,우라와R,09.02(수) 19:00,"1.82,1.78",경기전
2026-09-02T01:05:47+00:00,2026,103,8512,sc,J1리그,승무패,3,,V바렌나,G오사카,09.02(수) 19:00,"3.05,3.2,1.96",경기전
2026-09-02T01:05:47+00:00,2026,103,8513,sc,J1리그,핸디캡,3,H +1.0,V바렌나,G오사카,09.02(수) 19:00,"1.66,3.55,3.75",경기전
2026-09-02T01:05:47+00:00,2026,103,8514,sc,J1리그,언더오버,2,U 2.5,V바렌나,G오사카,09.02(수) 19:00,"1.84,1.69",경기전
2026-09-02T01:05:47+00:00,2026,103,8515,sc,J1리그,홀짝,2,,V바렌나,G오사카,09.02(수) 19:00,"1.81,1.79",경기전
2026-09-02T01:05:47+00:00,2026,103,8520,sc,이탈FA컵,승무패,3,,사수올로,프로시노,09.02(수) 22:00,"1.72,3.35,3.7",경기전
2026-09-02T01:05:47+00:00,2026,103,8521,sc,이탈FA컵,핸디캡,3,H -1.0,사수올로,프로시노,09.02(수) 22:00,"3.1,3.4,1.88",경기전
2026-09-02T01:05:47+00:00,2026,103,8522,sc,이탈FA컵,언더오버,2,U 2.5,사수올로,프로시노,09.02(수) 22:00,"1.69,1.84",경기전
2026-09-02T01:05:47+00:00,2026,103,8523,sc,이탈FA컵,홀짝,2,,사수올로,프로시노,09.02(수) 22:00,"1.81,1.79",경기전
2026-09-02T01:05:47+00:00,2026,104,8359,bs,MLB,승패,2,,미네트윈 3,1 디트타이,09.02(수) 08:40,"1.77,1.75",5회말
2026-09-02T01:05:47+00:00,2026,104,8360,bs,MLB,승①패,3,승①패,미네트윈 3,1 디트타이,09.02(수) 08:40,"2.55,3.3,2.2",5회말
2026-09-02T01:05:47+00:00,2026,104,8361,bs,MLB,핸디캡,2,H +2.5,미네트윈 5.5,1 디트타이,09.02(수) 08:40,"1.26,2.92",5회말
2026-09-02T01:05:47+00:00,2026,104,8362,bs,MLB,언더오버,2,U 8.5,미네트윈,디트타이,09.02(수) 08:40,"1.81,1.71",5회말
2026-09-02T01:05:47+00:00,2026,104,8363,bs,MLB,홀짝,2,,미네트윈,디트타이,09.02(수) 08:40,"1.59,2.07",5회말
2026-09-02T01:05:47+00:00,2026,104,8364,bs,MLB,승패,2,,캔자로얄 0,3 마이말린,09.02(수) 08:40,"1.67,1.86",6회말
2026-09-02T01:05:47+00:00,2026,104,8365,bs,MLB,승①패,3,승①패,캔자로얄 0,3 마이말린,09.02(수) 08:40,"2.33,3.4,2.35",6회말
2026-09-02T01:05:47+00:00,2026,104,8366,bs,MLB,핸디캡,2,H -2.5,캔자로얄 -2.5,3 마이말린,09.02(수) 08:40,"3.16,1.22",6회말
2026-09-02T01:05:47+00:00,2026,104,8367,bs,MLB,언더오버,2,U 9.5,캔자로얄,마이말린,09.02(수) 08:40,"1.87,1.66",6회말
2026-09-02T01:05:47+00:00,2026,104,8368,bs,MLB,홀짝,2,,캔자로얄,마이말린,09.02(수) 08:40,"1.59,2.07",6회말
2026-09-02T01:05:47+00:00,2026,104,8369,bs,MLB,승패,2,,시카컵스 3,1 밀워브루,09.02(수) 08:40,"1.67,1.86",5회초
2026-09-02T01:05:47+00:00,2026,104,8370,bs,MLB,승①패,3,승①패,시카컵스 3,1 밀워브루,09.02(수) 08:40,"2.35,3.4,2.33",5회초
2026-09-02T01:05:47+00:00,2026,104,8371,bs,MLB,핸디캡,2,H -2.5,시카컵스 0.5,1 밀워브루,09.02(수) 08:40,"3.23,1.21",5회초
2026-09-02T01:05:47+00:00,2026,104,8372,bs,MLB,언더오버,2,U 10.5,시카컵스,밀워브루,09.02(수) 08:40,"1.68,1.85",5회초
2026-09-02T01:05:47+00:00,2026,104,8373,bs,MLB,홀짝,2,,시카컵스,밀워브루,09.02(수) 08:40,"1.59,2.07",5회초
2026-09-02T01:05:47+00:00,2026,104,8374,bs,MLB,승패,2,,텍사레인 2,1 애슬레틱,09.02(수) 09:05,"1.39,2.4",3회말
2026-09-02T01:05:47+00:00,2026,104,8375,bs,MLB,승①패,3,승①패,텍사레인 2,1 애슬레틱,09.02(수) 09:05,"1.86,3.35,3.2",3회말
2026-09-02T01:05:47+00:00,2026,104,8376,bs,MLB,핸디캡,2,H -2.5,텍사레인 -0.5,1 애슬레틱,09.02(수) 09:05,"2.49,1.36",3회말
2026-09-02T01:05:47+00:00,2026,104,8377,bs,MLB,언더오버,2,U 7.5,텍사레인,애슬레틱,09.02(수) 09:05,"1.68,1.85",3회말
2026-09-02T01:05:47+00:00,2026,104,8378,bs,MLB,홀짝,2,,텍사레인,애슬레틱,09.02(수) 09:05,"1.59,2.07",3회말
2026-09-02T01:05:47+00:00,2026,104,8379,bs,MLB,승패,2,,휴스애스 0,0 시카화이,09.02(수) 09:10,"1.82,1.7",2회말
2026-09-02T01:05:47+00:00,2026,104,8380,bs,MLB,승①패,3,승①패,휴스애스 0,0 시카화이,09.02(수) 09:10,"2.65,3.3,2.13",2회말
2026-09-02T01:05:47+00:00,2026,104,8381,bs,MLB,핸디캡,2,H +2.5,휴스애스 2.5,0 시카화이,09.02(수) 09:10,"1.28,2.82",2회말
2026-09-02T01:05:47+00:00,2026,104,8382,bs,MLB,언더오버,2,U 8.5,휴스애스,시카화이,09.02(수) 09:10,"1.78,1.74",2회말
2026-09-02T01:05:47+00:00,2026,104,8383,bs,MLB,홀짝,2,,휴스애스,시카화이,09.02(수) 09:10,"1.59,2.07",2회말
2026-09-02T01:05:47+00:00,2026,104,8384,bs,MLB,승패,2,,콜로로키 0,0 볼티오리,09.02(수) 09:40,"2.05,1.54",2회초
2026-09-02T01:05:47+00:00,2026,104,8385,bs,MLB,승①패,3,승①패,콜로로키 0,0 볼티오리,09.02(수) 09:40,"3.1,3.5,1.85",2회초
2026-09-02T01:05:47+00:00,2026,104,8386,bs,MLB,핸디캡,2,H +2.5,콜로로키 2.5,0 볼티오리,09.02(수) 09:40,"1.4,2.37",2회초
2026-09-02T01:05:47+00:00,2026,104,8387,bs,MLB,언더오버,2,U 11.5,콜로로키,볼티오리,09.02(수) 09:40,"1.65,1.89",2회초
2026-09-02T01:05:47+00:00,2026,104,8388,bs,MLB,홀짝,2,,콜로로키,볼티오리,09.02(수) 09:40,"1.6,2.06",2회초
2026-09-02T01:05:47+00:00,2026,104,8389,bs,MLB,승패,2,,LA에인절,뉴욕양키,09.02(수) 10:38,"2.4,1.39",경기전
2026-09-02T01:05:47+00:00,2026,104,8390,bs,MLB,승①패,3,승①패,LA에인절,뉴욕양키,09.02(수) 10:38,"3.95,3.5,1.64",경기전
2026-09-02T01:05:47+00:00,2026,104,8391,bs,MLB,핸디캡,2,H +2.5,LA에인절,뉴욕양키,09.02(수) 10:38,"1.48,2.17",경기전
2026-09-02T01:05:47+00:00,2026,104,8392,bs,MLB,언더오버,2,U 7.5,LA에인절,뉴욕양키,09.02(수) 10:38,"1.79,1.73",경기전
2026-09-02T01:05:47+00:00,2026,104,8393,bs,MLB,홀짝,2,,LA에인절,뉴욕양키,09.02(수) 10:38,"1.59,2.07",경기전
2026-09-02T01:05:47+00:00,2026,104,8394,bs,MLB,승패,2,,애리다이,필라필리,09.02(수) 10:40,"2.02,1.56",경기전
2026-09-02T01:05:47+00:00,2026,104,8395,bs,MLB,승①패,3,승①패,애리다이,필라필리,09.02(수) 10:40,"3.05,3.25,1.95",경기전
2026-09-02T01:05:47+00:00,2026,104,8396,bs,MLB,핸디캡,2,H +2.5,애리다이,필라필리,09.02(수) 10:40,"1.34,2.56",경기전
2026-09-02T01:05:47+00:00,2026,104,8397,bs,MLB,언더오버,2,U 7.5,애리다이,필라필리,09.02(수) 10:40,"1.79,1.73",경기전
2026-09-02T01:05:47+00:00,2026,104,8398,bs,MLB,홀짝,2,,애리다이,필라필리,09.02(수) 10:40,"1.58,2.09",경기전
2026-09-02T01:05:47+00:00,2026,104,8399,bs,MLB,승패,2,,LA다저스,세인카디,09.02(수) 11:10,"1.42,2.31",경기전
2026-09-02T01:05:47+00:00,2026,104,8400,bs,MLB,승①패,3,승①패,LA다저스,세인카디,09.02(수) 11:10,"1.88,3.45,3.05",경기전
2026-09-02T01:05:47+00:00,2026,104,8401,bs,MLB,핸디캡,2,H -2.5,LA다저스,세인카디,09.02(수) 11:10,"2.49,1.36",경기전
2026-09-02T01:05:47+00:00,2026,104,8402,bs,MLB,언더오버,2,U 8.5,LA다저스,세인카디,09.02(수) 11:10,"2.0,1.57",경기전
2026-09-02T01:05:47+00:00,2026,104,8403,bs,MLB,홀짝,2,,LA다저스,세인카디,09.02(수) 11:10,"1.6,2.06",경기전
2026-09-02T01:05:47+00:00,2026,104,8404,bs,MLB,전반승무패,3,h(전반),LA다저스,세인카디,09.02(수) 11:10,"1.68,6.2,2.55",경기전
2026-09-02T01:05:47+00:00,2026,104,8405,bs,MLB,전반핸디캡,2,h H -1.5,LA다저스,세인카디,09.02(수) 11:10,"2.34,1.41",경기전
2026-09-02T01:05:47+00:00,2026,104,8406,bs,MLB,전반언더오버,2,h U 4.5,LA다저스,세인카디,09.02(수) 11:10,"1.97,1.59",경기전
2026-09-02T01:05:47+00:00,2026,104,8407,bs,NPB,승패,2,,요미우리,요코베이,09.02(수) 18:00,"1.91,1.63",경기전
2026-09-02T01:05:47+00:00,2026,104,8408,bs,NPB,승①패,3,승①패,요미우리,요코베이,09.02(수) 18:00,"3.15,2.65,2.2",경기전
2026-09-02T01:05:47+00:00,2026,104,8409,bs,NPB,핸디캡,2,H +2.5,요미우리,요코베이,09.02(수) 18:00,"1.24,3.03",경기전
2026-09-02T01:05:47+00:00,2026,104,8410,bs,NPB,언더오버,2,U 6.5,요미우리,요코베이,09.02(수) 18:00,"1.65,1.89",경기전
2026-09-02T01:05:47+00:00,2026,104,8411,bs,NPB,홀짝,2,,요미우리,요코베이,09.02(수) 18:00,"1.64,1.99",경기전
2026-09-02T01:05:47+00:00,2026,104,8412,bs,NPB,승패,2,,야쿠르트,한신,09.02(수) 18:00,"1.96,1.6",경기전
2026-09-02T01:05:47+00:00,2026,104,8413,bs,NPB,승①패,3,승①패,야쿠르트,한신,09.02(수) 18:00,"3.1,2.9,2.07",경기전
2026-09-02T01:05:47+00:00,2026,104,8414,bs,NPB,핸디캡,2,H +2.5,야쿠르트,한신,09.02(수) 18:00,"1.28,2.82",경기전
2026-09-02T01:05:47+00:00,2026,104,8415,bs,NPB,언더오버,2,U 7.5,야쿠르트,한신,09.02(수) 18:00,"1.76,1.76",경기전
2026-09-02T01:05:47+00:00,2026,104,8416,bs,NPB,홀짝,2,,야쿠르트,한신,09.02(수) 18:00,"1.64,1.99",경기전
2026-09-02T01:05:47+00:00,2026,104,8417,bs,NPB,승패,2,,주니치,히로카프,09.02(수) 18:00,"1.48,2.17",경기전
2026-09-02T01:05:47+00:00,2026,104,8418,bs,NPB,승①패,3,승①패,주니치,히로카프,09.02(수) 18:00,"2.18,2.8,3.0",경기전
2026-09-02T01:05:47+00:00,2026,104,8419,bs,NPB,핸디캡,2,H -2.5,주니치,히로카프,09.02(수) 18:00,"3.03,1.24",경기전
2026-09-02T01:05:47+00:00,2026,104,8420,bs,NPB,언더오버,2,U 6.5,주니치,히로카프,09.02(수) 18:00,"1.78,1.74",경기전
2026-09-02T01:05:47+00:00,2026,104,8421,bs,NPB,홀짝,2,,주니치,히로카프,09.02(수) 18:00,"1.64,1.99",경기전
2026-09-02T01:05:47+00:00,2026,104,8422,bs,NPB,승패,2,,닛폰햄,소프트뱅,09.02(수) 18:00,"1.87,1.66",경기전
2026-09-02T01:05:47+00:00,2026,104,8423,bs,NPB,승①패,3,승①패,닛폰햄,소프트뱅,09.02(수) 18:00,"2.9,2.9,2.17",경기전
2026-09-02T01:05:47+00:00,2026,104,8424,bs,NPB,핸디캡,2,H +2.5,닛폰햄,소프트뱅,09.02(수) 18:00,"1.25,2.97",경기전
2026-09-02T01:05:47+00:00,2026,104,8425,bs,NPB,언더오버,2,U 7.5,닛폰햄,소프트뱅,09.02(수) 18:00,"1.8,1.72",경기전
2026-09-02T01:05:47+00:00,2026,104,8426,bs,NPB,홀짝,2,,닛폰햄,소프트뱅,09.02(수) 18:00,"1.64,1.99",경기전
2026-09-02T01:05:47+00:00,2026,104,8427,bs,NPB,승패,2,,라쿠텐,오릭스,09.02(수) 18:00,"1.63,1.91",경기전
2026-09-02T01:05:47+00:00,2026,104,8428,bs,NPB,승①패,3,승①패,라쿠텐,오릭스,09.02(수) 18:00,"2.45,2.8,2.6",경기전
2026-09-02T01:05:47+00:00,2026,104,8429,bs,NPB,핸디캡,2,H -2.5,라쿠텐,오릭스,09.02(수) 18:00,"3.46,1.18",경기전
2026-09-02T01:05:47+00:00,2026,104,8430,bs,NPB,언더오버,2,U 6.5,라쿠텐,오릭스,09.02(수) 18:00,"1.93,1.62",경기전
2026-09-02T01:05:47+00:00,2026,104,8431,bs,NPB,홀짝,2,,라쿠텐,오릭스,09.02(수) 18:00,"1.64,1.99",경기전
2026-09-02T01:05:47+00:00,2026,104,8432,sc,일리그컵,승무패,3,,하치노헤,도치기시,09.02(수) 18:30,"2.7,3.1,2.19",경기전
2026-09-02T01:05:47+00:00,2026,104,8433,sc,일리그컵,핸디캡,3,H +1.0,하치노헤,도치기시,09.02(수) 18:30,"1.53,3.65,4.5",경기전
2026-09-02T01:05:47+00:00,2026,104,8434,sc,일리그컵,언더오버,2,U 2.5,하치노헤,도치기시,09.02(수) 18:30,"1.73,1.79",경기전
2026-09-02T01:05:47+00:00,2026,104,8435,sc,일리그컵,홀짝,2,,하치노헤,도치기시,09.02(수) 18:30,"1.81,1.79",경기전
2026-09-02T01:05:47+00:00,2026,104,8436,bs,KBO,승패,2,,두산,LG,09.02(수) 18:30,"1.99,1.58",경기전
2026-09-02T01:05:47+00:00,2026,104,8437,bs,KBO,승①패,3,승①패,두산,LG,09.02(수) 18:30,"2.9,3.35,1.98",경기전
2026-09-02T01:05:47+00:00,2026,104,8438,bs,KBO,핸디캡,2,H +2.5,두산,LG,09.02(수) 18:30,"1.35,2.53",경기전
2026-09-02T01:05:47+00:00,2026,104,8439,bs,KBO,언더오버,2,U 9.5,두산,LG,09.02(수) 18:30,"1.7,1.82",경기전
2026-09-02T01:05:47+00:00,2026,104,8440,bs,KBO,홀짝,2,,두산,LG,09.02(수) 18:30,"1.62,2.03",경기전
2026-09-02T01:05:47+00:00,2026,104,8441,bs,KBO,전반승무패,3,h(전반),두산,LG,09.02(수) 18:30,"2.3,6.4,1.79",경기전
2026-09-02T01:05:47+00:00,2026,104,8442,bs,KBO,전반핸디캡,2,h H +1.5,두산,LG,09.02(수) 18:30,"1.38,2.43",경기전
2026-09-02T01:05:47+00:00,2026,104,8443,bs,KBO,전반언더오버,2,h U 5.5,두산,LG,09.02(수) 18:30,"1.63,1.91",경기전
2026-09-02T01:05:47+00:00,2026,104,8444,bs,KBO,승패,2,,삼성,롯데,09.02(수) 18:30,"1.45,2.24",경기전
2026-09-02T01:05:47+00:00,2026,104,8445,bs,KBO,승①패,3,승①패,삼성,롯데,09.02(수) 18:30,"1.91,3.55,2.9",경기전
2026-09-02T01:05:47+00:00,2026,104,8446,bs,KBO,핸디캡,2,H -2.5,삼성,롯데,09.02(수) 18:30,"2.46,1.37",경기전
2026-09-02T01:05:47+00:00,2026,104,8447,bs,KBO,언더오버,2,U 10.5,삼성,롯데,09.02(수) 18:30,"1.81,1.71",경기전
2026-09-02T01:05:47+00:00,2026,104,8448,bs,KBO,홀짝,2,,삼성,롯데,09.02(수) 18:30,"1.61,2.04",경기전
2026-09-02T01:05:47+00:00,2026,104,8449,bs,KBO,전반승무패,3,h(전반),삼성,롯데,09.02(수) 18:30,"1.73,6.9,2.35",경기전
2026-09-02T01:05:47+00:00,2026,104,8450,bs,KBO,전반핸디캡,2,h H -1.5,삼성,롯데,09.02(수) 18:30,"2.29,1.43",경기전
2026-09-02T01:05:47+00:00,2026,104,8451,bs,KBO,전반언더오버,2,h U 6.5,삼성,롯데,09.02(수) 18:30,"1.61,1.94",경기전
2026-09-02T01:05:47+00:00,2026,104,8452,bs,KBO,승패,2,,KT,한화,09.02(수) 18:30,"1.7,1.82",경기전
2026-09-02T01:05:47+00:00,2026,104,8453,bs,KBO,승①패,3,승①패,KT,한화,09.02(수) 18:30,"2.4,3.35,2.3",경기전
2026-09-02T01:05:47+00:00,2026,104,8454,bs,KBO,핸디캡,2,H -2.5,KT,한화,09.02(수) 18:30,"3.23,1.21",경기전
2026-09-02T01:05:47+00:00,2026,104,8455,bs,KBO,언더오버,2,U 9.5,KT,한화,09.02(수) 18:30,"1.79,1.73",경기전
2026-09-02T01:05:47+00:00,2026,104,8456,bs,KBO,홀짝,2,,KT,한화,09.02(수) 18:30,"1.61,2.04",경기전
2026-09-02T01:05:47+00:00,2026,104,8457,bs,KBO,전반승무패,3,h(전반),KT,한화,09.02(수) 18:30,"1.98,6.4,2.05",경기전
2026-09-02T01:05:47+00:00,2026,104,8458,bs,KBO,전반핸디캡,2,h H -1.5,KT,한화,09.02(수) 18:30,"2.68,1.31",경기전
2026-09-02T01:05:47+00:00,2026,104,8459,bs,KBO,전반언더오버,2,h U 5.5,KT,한화,09.02(수) 18:30,"1.63,1.91",경기전
2026-09-02T01:05:47+00:00,2026,104,8460,bs,KBO,승패,2,,NC,KIA,09.02(수) 18:30,"1.82,1.7",경기전
2026-09-02T01:05:47+00:00,2026,104,8461,bs,KBO,승①패,3,승①패,NC,KIA,09.02(수) 18:30,"2.55,3.55,2.1",경기전
2026-09-02T01:05:47+00:00,2026,104,8462,bs,KBO,핸디캡,2,H +2.5,NC,KIA,09.02(수) 18:30,"1.3,2.72",경기전
2026-09-02T01:05:47+00:00,2026,104,8463,bs,KBO,언더오버,2,U 11.5,NC,KIA,09.02(수) 18:30,"1.82,1.7",경기전
2026-09-02T01:05:47+00:00,2026,104,8464,bs,KBO,홀짝,2,,NC,KIA,09.02(수) 18:30,"1.6,2.06",경기전
2026-09-02T01:05:47+00:00,2026,104,8465,bs,KBO,전반승무패,3,h(전반),NC,KIA,09.02(수) 18:30,"2.05,7.0,1.93",경기전
2026-09-02T01:05:47+00:00,2026,104,8466,bs,KBO,전반핸디캡,2,h H +1.5,NC,KIA,09.02(수) 18:30,"1.34,2.56",경기전
2026-09-02T01:05:47+00:00,2026,104,8467,bs,KBO,전반언더오버,2,h U 6.5,NC,KIA,09.02(수) 18:30,"1.8,1.72",경기전
2026-09-02T01:05:47+00:00,2026,104,8468,bs,KBO,승패,2,,키움,SSG,09.02(수) 18:30,"1.82,1.7",경기전
2026-09-02T01:05:47+00:00,2026,104,8469,bs,KBO,승①패,3,승①패,키움,SSG,09.02(수) 18:30,"2.65,3.2,2.18",경기전
2026-09-02T01:05:47+00:00,2026,104,8470,bs,KBO,핸디캡,2,H +2.5,키움,SSG,09.02(수) 18:30,"1.27,2.87",경기전
2026-09-02T01:05:47+00:00,2026,104,8471,bs,KBO,언더오버,2,U 8.5,키움,SSG,09.02(수) 18:30,"1.77,1.75",경기전
2026-09-02T01:05:47+00:00,2026,104,8472,bs,KBO,홀짝,2,,키움,SSG,09.02(수) 18:30,"1.62,2.03",경기전
2026-09-02T01:05:47+00:00,2026,104,8473,bs,KBO,전반승무패,3,h(전반),키움,SSG,09.02(수) 18:30,"2.15,5.9,1.94",경기전
2026-09-02T01:05:47+00:00,2026,104,8474,bs,KBO,전반핸디캡,2,h H +1.5,키움,SSG,09.02(수) 18:30,"1.31,2.68",경기전
2026-09-02T01:05:47+00:00,2026,104,8475,bs,KBO,전반언더오버,2,h U 4.5,키움,SSG,09.02(수) 18:30,"1.82,1.7",경기전
2026-09-02T01:05:47+00:00,2026,104,8476,sc,J1리그,승무패,3,,미토홀리,가시마A,09.02(수) 19:00,"3.5,3.2,1.81",경기전
2026-09-02T01:05:47+00:00,2026,104,8477,sc,J1리그,핸디캡,3,H +1.0,미토홀리,가시마A,09.02(수) 19:00,"1.8,3.35,3.4",경기전
2026-09-02T01:05:47+00:00,2026,104,8478,sc,J1리그,언더오버,2,U 2.5,미토홀리,가시마A,09.02(수) 19:00,"1.66,1.87",경기전
2026-09-02T01:05:47+00:00,2026,104,8479,sc,J1리그,홀짝,2,,미토홀리,가시마A,09.02(수) 19:00,"1.81,1.79",경기전
2026-09-02T01:05:47+00:00,2026,104,8480,sc,J1리그,승무패,3,,제프유나,오카야마,09.02(수) 19:00,"3.65,3.2,1.78",경기전
2026-09-02T01:05:47+00:00,2026,104,8481,sc,J1리그,핸디캡,3,H +1.0,제프유나,오카야마,09.02(수) 19:00,"1.83,3.35,3.3",경기전
2026-09-02T01:05:47+00:00,2026,104,8482,sc,J1리그,언더오버,2,U 2.5,제프유나,오카야마,09.02(수) 19:00,"1.74,1.78",경기전
2026-09-02T01:05:47+00:00,2026,104,8483,sc,J1리그,홀짝,2,,제프유나,오카야마,09.02(수) 19:00,"1.81,1.79",경기전
2026-09-02T01:05:47+00:00,2026,104,8484,sc,J1리그,승무패,3,,도쿄베르,비셀고베,09.02(수) 19:00,"3.6,2.85,1.92",경기전
2026-09-02T01:05:47+00:00,2026,104,8485,sc,J1리그,핸디캡,3,H +1.0,도쿄베르,비셀고베,09.02(수) 19:00,"1.71,3.2,3.95",경기전
2026-09-02T01:05:47+00:00,2026,104,8486,sc,J1리그,언더오버,2,U 2.5,도쿄베르,비셀고베,09.02(수) 19:00,"1.43,2.29",경기전
2026-09-02T01:05:47+00:00,2026,104,8487,sc,J1리그,홀짝,2,,도쿄베르,비셀고베,09.02(수) 19:00,"1.82,1.78",경기전
2026-09-02T01:05:47+00:00,2026,104,8488,sc,J1리그,승무패,3,,마치다Z,가와사키,09.02(수) 19:00,"1.83,3.25,3.4",경기전
2026-09-02T01:05:47+00:00,2026,104,8489,sc,J1리그,핸디캡,3,H -1.0,마치다Z,가와사키,09.02(수) 19:00,"3.4,3.4,1.78",경기전
2026-09-02T01:05:47+00:00,2026,104,8490,sc,J1리그,언더오버,2,U 2.5,마치다Z,가와사키,09.02(수) 19:00,"1.82,1.7",경기전
2026-09-02T01:05:47+00:00,2026,104,8491,sc,J1리그,홀짝,2,,마치다Z,가와사키,09.02(수) 19:00,"1.81,1.79",경기전
2026-09-02T01:05:47+00:00,2026,104,8492,sc,J1리그,승무패,3,,요코마리,교토상가,09.02(수) 19:00,"2.03,3.1,3.0",경기전
2026-09-02T01:05:47+00:00,2026,104,8493,sc,J1리그,핸디캡,3,H -1.0,요코마리,교토상가,09.02(수) 19:00,"4.05,3.5,1.62",경기전
2026-09-02T01:05:47+00:00,2026,104,8494,sc,J1리그,언더오버,2,U 2.5,요코마리,교토상가,09.02(수) 19:00,"1.69,1.84",경기전
2026-09-02T01:05:47+00:00,2026,104,8495,sc,J1리그,홀짝,2,,요코마리,교토상가,09.02(수) 19:00,"1.81,1.79",경기전
2026-09-02T01:05:47+00:00,2026,104,8496,sc,J1리그,승무패,3,,시미즈S,FC도쿄,09.02(수) 19:00,"3.25,3.1,1.93",경기전
2026-09-02T01:05:47+00:00,2026,104,8497,sc,J1리그,핸디캡,3,H +1.0,시미즈S,FC도쿄,09.02(수) 19:00,"1.7,3.4,3.75",경기전
2026-09-02T01:05:47+00:00,2026,104,8498,sc,J1리그,언더오버,2,U 2.5,시미즈S,FC도쿄,09.02(수) 19:00,"1.67,1.86",경기전
2026-09-02T01:05:47+00:00,2026,104,8499,sc,J1리그,홀짝,2,,시미즈S,FC도쿄,09.02(수) 19:00,"1.81,1.79",경기전
2026-09-02T01:05:47+00:00,2026,104,8500,sc,J1리그,승무패,3,,C오사카,가시와R,09.02(수) 19:00,"2.85,3.2,2.06",경기전
2026-09-02T01:05:47+00:00,2026,104,8501,sc,J1리그,핸디캡,3,H +1.0,C오사카,가시와R,09.02(수) 19:00,"1.61,3.6,4.0",경기전
2026-09-02T01:05:47+00:00,2026,104,8502,sc,J1리그,언더오버,2,U 2.5,C오사카,가시와R,09.02(수) 19:00,"1.84,1.69",경기전
2026-09-02T01:05:47+00:00,2026,104,8503,sc,J1리그,홀짝,2,,C오사카,가시와R,09.02(수) 19:00,"1.81,1.79",경기전
2026-09-02T01:05:47+00:00,2026,104,8504,sc,J1리그,승무패,3,,산프히로,나고야G,09.02(수) 19:00,"1.44,3.8,5.2",경기전
2026-09-02T01:05:47+00:00,2026,104,8505,sc,J1리그,핸디캡,3,H -1.0,산프히로,나고야G,09.02(수) 19:00,"2.3,3.35,2.4",경기전
2026-09-02T01:05:47+00:00,2026,104,8506,sc,J1리그,언더오버,2,U 2.5,산프히로,나고야G,09.02(수) 19:00,"2.11,1.51",경기전
2026-09-02T01:05:47+00:00,2026,104,8507,sc,J1리그,홀짝,2,,산프히로,나고야G,09.02(수) 19:00,"1.8,1.8",경기전
2026-09-02T01:05:47+00:00,2026,104,8508,sc,J1리그,승무패,3,,후쿠오카,우라와R,09.02(수) 19:00,"2.2,2.9,2.85",경기전
2026-09-02T01:05:47+00:00,2026,104,8509,sc,J1리그,핸디캡,3,H -1.0,후쿠오카,우라와R,09.02(수) 19:00,"4.75,3.55,1.52",경기전
2026-09-02T01:05:47+00:00,2026,104,8510,sc,J1리그,언더오버,2,U 2.5,후쿠오카,우라와R,09.02(수) 19:00,"1.51,2.11",경기전
2026-09-02T01:05:47+00:00,2026,104,8511,sc,J1리그,홀짝,2,,후쿠오카,우라와R,09.02(수) 19:00,"1.82,1.78",경기전
2026-09-02T01:05:47+00:00,2026,104,8512,sc,J1리그,승무패,3,,V바렌나,G오사카,09.02(수) 19:00,"3.05,3.2,1.96",경기전
2026-09-02T01:05:47+00:00,2026,104,8513,sc,J1리그,핸디캡,3,H +1.0,V바렌나,G오사카,09.02(수) 19:00,"1.66,3.55,3.75",경기전
2026-09-02T01:05:47+00:00,2026,104,8514,sc,J1리그,언더오버,2,U 2.5,V바렌나,G오사카,09.02(수) 19:00,"1.84,1.69",경기전
2026-09-02T01:05:47+00:00,2026,104,8515,sc,J1리그,홀짝,2,,V바렌나,G오사카,09.02(수) 19:00,"1.81,1.79",경기전
2026-09-02T01:05:47+00:00,2026,104,8516,sc,일리그컵,승무패,3,,미야자키,K도야마,09.02(수) 19:00,"2.9,3.05,2.1",경기전
2026-09-02T01:05:47+00:00,2026,104,8517,sc,일리그컵,핸디캡,3,H +1.0,미야자키,K도야마,09.02(수) 19:00,"1.58,3.55,4.25",경기전
2026-09-02T01:05:47+00:00,2026,104,8518,sc,일리그컵,언더오버,2,U 2.5,미야자키,K도야마,09.02(수) 19:00,"1.67,1.86",경기전
2026-09-02T01:05:47+00:00,2026,104,8519,sc,일리그컵,홀짝,2,,미야자키,K도야마,09.02(수) 19:00,"1.81,1.79",경기전
2026-09-02T01:05:47+00:00,2026,104,8520,sc,이탈FA컵,승무패,3,,사수올로,프로시노,09.02(수) 22:00,"1.72,3.35,3.7",경기전
2026-09-02T01:05:47+00:00,2026,104,8521,sc,이탈FA컵,핸디캡,3,H -1.0,사수올로,프로시노,09.02(수) 22:00,"3.1,3.4,1.88",경기전
2026-09-02T01:05:47+00:00,2026,104,8522,sc,이탈FA컵,언더오버,2,U 2.5,사수올로,프로시노,09.02(수) 22:00,"1.85,1.68",경기전
2026-09-02T01:05:47+00:00,2026,104,8523,sc,이탈FA컵,홀짝,2,,사수올로,프로시노,09.02(수) 22:00,"1.81,1.79",경기전
2026-09-02T01:05:47+00:00,2026,104,8524,sc,리그스컵,승무패,3,,톨루카,레온,09.03(목) 10:00,"1.7,3.5,3.65",경기전
2026-09-02T01:05:47+00:00,2026,104,8525,sc,리그스컵,핸디캡,3,H -1.0,톨루카,레온,09.03(목) 10:00,"2.95,3.45,1.92",경기전
2026-09-02T01:05:47+00:00,2026,104,8526,sc,리그스컵,언더오버,2,U 2.5,톨루카,레온,09.03(목) 10:00,"2.07,1.53",경기전
2026-09-02T01:05:47+00:00,2026,104,8527,sc,리그스컵,홀짝,2,,톨루카,레온,09.03(목) 10:00,"1.8,1.8",경기전
2026-09-02T01:05:47+00:00,2026,104,8528,sc,리그스컵,승무패,3,,아메리카,몬테레이,09.03(목) 12:30,"2.06,3.25,2.8",경기전
2026-09-02T01:05:47+00:00,2026,104,8529,sc,리그스컵,핸디캡,3,H -1.0,아메리카,몬테레이,09.03(목) 12:30,"4.0,3.7,1.59",경기전
2026-09-02T01:05:47+00:00,2026,104,8530,sc,리그스컵,언더오버,2,U 2.5,아메리카,몬테레이,09.03(목) 12:30,"1.93,1.62",경기전
2026-09-02T01:05:47+00:00,2026,104,8531,sc,리그스컵,홀짝,2,,아메리카,몬테레이,09.03(목) 12:30,"1.81,1.79",경기전
2026-09-02T01:05:47+00:00,2026,104,8532,sc,이탈FA컵,승무패,3,,우디네세,베네치아,09.03(목) 01:00,"1.82,3.15,3.55",경기전
2026-09-02T01:05:47+00:00,2026,104,8533,sc,이탈FA컵,핸디캡,3,H -1.0,우디네세,베네치아,09.03(목) 01:00,"3.4,3.3,1.81",경기전
2026-09-02T01:05:47+00:00,2026,104,8534,sc,이탈FA컵,언더오버,2,U 2.5,우디네세,베네치아,09.03(목) 01:00,"1.7,1.82",경기전
2026-09-02T01:05:47+00:00,2026,104,8535,sc,이탈FA컵,홀짝,2,,우디네세,베네치아,09.03(목) 01:00,"1.81,1.79",경기전
2026-09-02T01:05:47+00:00,2026,104,8551,sc,EFL챔,승무패,3,,밀월,렉섬,09.03(목) 03:45,"2.07,3.1,2.9",경기전
2026-09-02T01:05:47+00:00,2026,104,8552,sc,EFL챔,핸디캡,3,H -1.0,밀월,렉섬,09.03(목) 03:45,"4.2,3.55,1.59",경기전
2026-09-02T01:05:47+00:00,2026,104,8553,sc,EFL챔,언더오버,2,U 2.5,밀월,렉섬,09.03(목) 03:45,"1.71,1.81",경기전
2026-09-02T01:05:47+00:00,2026,104,8554,sc,EFL챔,홀짝,2,,밀월,렉섬,09.03(목) 03:45,"1.81,1.79",경기전
2026-09-02T01:05:47+00:00,2026,104,8555,sc,EFL챔,승무패,3,,퀸즈파크,카디프C,09.03(목) 03:45,"1.81,3.35,3.35",경기전
2026-09-02T01:05:47+00:00,2026,104,8556,sc,EFL챔,핸디캡,3,H -1.0,퀸즈파크,카디프C,09.03(목) 03:45,"3.3,3.5,1.78",경기전
2026-09-02T01:05:47+00:00,2026,104,8557,sc,EFL챔,언더오버,2,U 2.5,퀸즈파크,카디프C,09.03(목) 03:45,"1.96,1.6",경기전
2026-09-02T01:05:47+00:00,2026,104,8558,sc,EFL챔,홀짝,2,,퀸즈파크,카디프C,09.03(목) 03:45,"1.81,1.79",경기전
2026-09-02T01:05:47+00:00,2026,104,8559,sc,EFL챔,승무패,3,,웨스브로,찰턴A,09.03(목) 03:45,"1.68,3.2,4.15",경기전
2026-09-02T01:05:47+00:00,2026,104,8560,sc,EFL챔,핸디캡,3,H -1.0,웨스브로,찰턴A,09.03(목) 03:45,"3.1,3.2,1.94",경기전
2026-09-02T01:05:47+00:00,2026,104,8561,sc,EFL챔,언더오버,2,U 2.5,웨스브로,찰턴A,09.03(목) 03:45,"1.63,1.91",경기전
2026-09-02T01:05:47+00:00,2026,104,8562,sc,EFL챔,홀짝,2,,웨스브로,찰턴A,09.03(목) 03:45,"1.81,1.79",경기전
2026-09-02T01:05:47+00:00,2026,104,8563,sc,EFL챔,승무패,3,,번리,미들즈브,09.03(목) 04:00,"2.6,3.25,2.19",경기전
2026-09-02T01:05:47+00:00,2026,104,8564,sc,EFL챔,핸디캡,3,H +1.0,번리,미들즈브,09.03(목) 04:00,"1.52,3.8,4.4",경기전
2026-09-02T01:05:47+00:00,2026,104,8565,sc,EFL챔,언더오버,2,U 2.5,번리,미들즈브,09.03(목) 04:00,"1.94,1.61",경기전
2026-09-02T01:05:47+00:00,2026,104,8566,sc,EFL챔,홀짝,2,,번리,미들즈브,09.03(목) 04:00,"1.81,1.79",경기전
2026-09-02T01:05:47+00:00,2026,104,8695,sc,프리그1,승무패,3,,툴루즈,릴OSC,09.04(금) 03:45,"3.05,3.05,2.03",경기전
2026-09-02T01:05:47+00:00,2026,104,8696,sc,프리그1,핸디캡,3,H +1.0,툴루즈,릴OSC,09.04(금) 03:45,"1.62,3.5,4.05",경기전
2026-09-02T01:05:47+00:00,2026,104,8697,sc,프리그1,핸디캡,3,H +2.0,툴루즈,릴OSC,09.04(금) 03:45,"1.14,5.9,9.7",경기전
2026-09-02T01:05:47+00:00,2026,104,8698,sc,프리그1,언더오버,2,U 2.5,툴루즈,릴OSC,09.04(금) 03:45,"1.66,1.87",경기전
2026-09-02T01:05:47+00:00,2026,104,8699,sc,프리그1,홀짝,2,,툴루즈,릴OSC,09.04(금) 03:45,"1.81,1.79",경기전
2026-09-02T01:05:47+00:00,2026,104,8700,sc,라리가,승무패,3,,소시에다,셀타비고,09.04(금) 04:00,"1.84,3.25,3.5",경기전
2026-09-02T01:05:47+00:00,2026,104,8701,sc,라리가,핸디캡,3,H -1.0,소시에다,셀타비고,09.04(금) 04:00,"3.4,3.4,1.78",경기전
2026-09-02T01:05:47+00:00,2026,104,8702,sc,라리가,핸디캡,3,H -2.0,소시에다,셀타비고,09.04(금) 04:00,"7.4,5.3,1.21",경기전
2026-09-02T01:05:47+00:00,2026,104,8703,sc,라리가,언더오버,2,U 2.5,소시에다,셀타비고,09.04(금) 04:00,"1.79,1.77",경기전
2026-09-02T01:05:47+00:00,2026,104,8704,sc,라리가,홀짝,2,,소시에다,셀타비고,09.04(금) 04:00,"1.81,1.79",경기전
2026-09-02T01:05:47+00:00,2026,104,8815,sc,K리그2,승무패,3,,충북청주,서울이랜,09.04(금) 19:30,"3.7,3.35,1.72",경기전
2026-09-02T01:05:47+00:00,2026,104,8816,sc,K리그2,핸디캡,3,H +1.0,충북청주,서울이랜,09.04(금) 19:30,"1.89,3.35,3.1",경기전
2026-09-02T01:05:47+00:00,2026,104,8817,sc,K리그2,언더오버,2,U 2.5,충북청주,서울이랜,09.04(금) 19:30,"1.89,1.65",경기전
2026-09-02T01:05:47+00:00,2026,104,8818,sc,K리그2,홀짝,2,,충북청주,서울이랜,09.04(금) 19:30,"1.81,1.79",경기전
2026-09-02T01:05:47+00:00,2026,104,8819,sc,K리그2,승무패,3,,파주프런,대구FC,09.04(금) 19:30,"4.25,3.65,1.56",경기전
2026-09-02T01:05:47+00:00,2026,104,8820,sc,K리그2,핸디캡,3,H +1.0,파주프런,대구FC,09.04(금) 19:30,"2.12,3.4,2.6",경기전
2026-09-02T01:05:47+00:00,2026,104,8821,sc,K리그2,언더오버,2,U 2.5,파주프런,대구FC,09.04(금) 19:30,"2.13,1.5",경기전
2026-09-02T01:05:47+00:00,2026,104,8822,sc,K리그2,홀짝,2,,파주프런,대구FC,09.04(금) 19:30,"1.8,1.8",경기전
2026-09-02T01:40:41+00:00,2026,103,8058,bs,MLB,승패,2,,시카컵스 5,7 신시레즈,08.31(월) 08:20,"1.55,2.04",홈패
2026-09-02T01:40:41+00:00,2026,103,8059,bs,MLB,승①패,3,승①패,시카컵스 5,7 신시레즈,08.31(월) 08:20,"2.14,3.35,2.6",홈패
2026-09-02T01:40:41+00:00,2026,103,8060,bs,MLB,핸디캡,2,H -2.5,시카컵스 2.5,7 신시레즈,08.31(월) 08:20,"2.92,1.26",핸디패
2026-09-02T01:40:41+00:00,2026,103,8061,bs,MLB,언더오버,2,U 8.5,시카컵스,신시레즈,08.31(월) 08:20,"1.94,1.61",오버
2026-09-02T01:40:41+00:00,2026,103,8062,bs,MLB,홀짝,2,,시카컵스,신시레즈,08.31(월) 08:20,"1.59,2.07",짝
2026-09-02T01:40:41+00:00,2026,103,8063,bs,MLB,전반승무패,3,h(전반),시카컵스 3,6 신시레즈,08.31(월) 08:20,"1.84,5.8,2.3",홈패
2026-09-02T01:40:41+00:00,2026,103,8064,bs,MLB,전반핸디캡,2,h H -1.5,시카컵스 1.5,6 신시레즈,08.31(월) 08:20,"2.64,1.32",핸디패
2026-09-02T01:40:41+00:00,2026,103,8065,bs,MLB,전반언더오버,2,h U 4.5,시카컵스,신시레즈,08.31(월) 08:20,"1.82,1.7",오버
2026-09-02T01:40:41+00:00,2026,103,8066,bk,남농월예,승패,2,,한국M 85,72 사우디M,08.31(월) 19:00,"1.11,4.25",홈승
2026-09-02T01:40:41+00:00,2026,103,8067,bk,남농월예,핸디캡,2,H -11.5,한국M 73.5,72 사우디M,08.31(월) 19:00,"1.76,1.76",핸디승
2026-09-02T01:40:41+00:00,2026,103,8068,bk,남농월예,언더오버,2,U 163.5,한국M,사우디M,08.31(월) 19:00,"1.77,1.75",언더
2026-09-02T01:40:41+00:00,2026,103,8069,bk,남농월예,홀짝,2,,한국M,사우디M,08.31(월) 19:00,"1.8,1.8",홀
2026-09-02T01:40:41+00:00,2026,103,8070,bk,남농월예,승패,2,,일본M 123,70 카타르M,08.31(월) 19:10,"1.0,1.0",홈승
2026-09-02T01:40:41+00:00,2026,103,8071,bk,남농월예,핸디캡,2,H -36.5,일본M 86.5,70 카타르M,08.31(월) 19:10,"1.74,1.78",핸디승
2026-09-02T01:40:41+00:00,2026,103,8072,bk,남농월예,언더오버,2,U 169.5,일본M,카타르M,08.31(월) 19:10,"1.79,1.73",오버
2026-09-02T01:40:41+00:00,2026,103,8073,bk,남농월예,홀짝,2,,일본M,카타르M,08.31(월) 19:10,"1.8,1.8",홀
2026-09-02T01:40:41+00:00,2026,103,8074,bk,남농월예,승패,2,,중국M 89,87 레바논M,08.31(월) 20:30,"1.39,2.4",홈승
2026-09-02T01:40:41+00:00,2026,103,8075,bk,남농월예,핸디캡,2,H -4.5,중국M 84.5,87 레바논M,08.31(월) 20:30,"1.77,1.75",핸디패
2026-09-02T01:40:41+00:00,2026,103,8076,bk,남농월예,언더오버,2,U 166.5,중국M,레바논M,08.31(월) 20:30,"1.79,1.73",오버
2026-09-02T01:40:41+00:00,2026,103,8077,bk,남농월예,홀짝,2,,중국M,레바논M,08.31(월) 20:30,"1.8,1.8",짝
2026-09-02T01:40:41+00:00,2026,103,8078,bk,남농월예,승패,2,,리투아M 78,73 보스니M,09.01(화) 00:30,"1.93,1.62",홈승
2026-09-02T01:40:41+00:00,2026,103,8079,bk,남농월예,핸디캡,2,H +2.5,리투아M 80.5,73 보스니M,09.01(화) 00:30,"1.73,1.79",핸디승
2026-09-02T01:40:41+00:00,2026,103,8080,bk,남농월예,언더오버,2,U 166.5,리투아M,보스니M,09.01(화) 00:30,"1.79,1.73",언더
2026-09-02T01:40:41+00:00,2026,103,8081,bk,남농월예,홀짝,2,,리투아M,보스니M,09.01(화) 00:30,"1.8,1.8",홀
2026-09-02T01:40:41+00:00,2026,103,8082,bk,남농월예,승패,2,,그리스M 108,106 스페인M,09.01(화) 01:00,"1.87,1.66",홈승
2026-09-02T01:40:41+00:00,2026,103,8083,bk,남농월예,핸디캡,2,H +1.5,그리스M 109.5,106 스페인M,09.01(화) 01:00,"1.75,1.77",핸디승
2026-09-02T01:40:41+00:00,2026,103,8084,bk,남농월예,언더오버,2,U 162.5,그리스M,스페인M,09.01(화) 01:00,"1.76,1.76",오버
2026-09-02T01:40:41+00:00,2026,103,8085,bk,남농월예,홀짝,2,,그리스M,스페인M,09.01(화) 01:00,"1.8,1.8",짝
2026-09-02T01:40:41+00:00,2026,103,8086,sc,세리에A,승무패,3,,US레체 0,4 AS로마,09.01(화) 01:30,"6.2,3.95,1.36",홈패
2026-09-02T01:40:41+00:00,2026,103,8087,sc,세리에A,핸디캡,3,H +1.0,US레체 1,4 AS로마,09.01(화) 01:30,"2.65,3.0,2.28",핸디패
2026-09-02T01:40:41+00:00,2026,103,8088,sc,세리에A,핸디캡,3,H +2.0,US레체 2,4 AS로마,09.01(화) 01:30,"1.52,3.9,4.25",핸디패
2026-09-02T01:40:41+00:00,2026,103,8089,sc,세리에A,언더오버,2,U 2.5,US레체,AS로마,09.01(화) 01:30,"1.73,1.79",오버
2026-09-02T01:40:41+00:00,2026,103,8090,sc,세리에A,홀짝,2,,US레체,AS로마,09.01(화) 01:30,"1.81,1.79",짝
2026-09-02T01:40:41+00:00,2026,103,8091,sc,라리가,승무패,3,,오사수나 1,0 헤타페,09.01(화) 02:30,"2.03,2.6,3.85",홈승
2026-09-02T01:40:41+00:00,2026,103,8092,sc,라리가,핸디캡,3,H -1.0,오사수나 0,0 헤타페,09.01(화) 02:30,"4.55,3.05,1.66",핸디무
2026-09-02T01:40:41+00:00,2026,103,8093,sc,라리가,핸디캡,3,H -2.0,오사수나 -1,0 헤타페,09.01(화) 02:30,"11.5,5.9,1.12",핸디패
2026-09-02T01:40:41+00:00,2026,103,8094,sc,라리가,언더오버,2,U 2.5,오사수나,헤타페,09.01(화) 02:30,"1.35,2.61",언더
2026-09-02T01:40:41+00:00,2026,103,8095,sc,라리가,홀짝,2,,오사수나,헤타페,09.01(화) 02:30,"1.83,1.77",홀
2026-09-02T01:40:41+00:00,2026,103,8096,bk,남농월예,승패,2,,이탈리M 64,76 세르비M,09.01(화) 02:30,"2.92,1.26",홈패
2026-09-02T01:40:41+00:00,2026,103,8097,bk,남농월예,핸디캡,2,H +6.5,이탈리M 70.5,76 세르비M,09.01(화) 02:30,"1.81,1.71",핸디패
2026-09-02T01:40:41+00:00,2026,103,8098,bk,남농월예,언더오버,2,U 170.5,이탈리M,세르비M,09.01(화) 02:30,"1.77,1.75",언더
2026-09-02T01:40:41+00:00,2026,103,8099,bk,남농월예,홀짝,2,,이탈리M,세르비M,09.01(화) 02:30,"1.8,1.8",짝
2026-09-02T01:40:41+00:00,2026,103,8100,bk,남농월예,승패,2,,포르투M 90,98 조지아M,09.01(화) 03:00,"2.07,1.53",홈패
2026-09-02T01:40:41+00:00,2026,103,8101,bk,남농월예,핸디캡,2,H +2.5,포르투M 92.5,98 조지아M,09.01(화) 03:00,"1.78,1.74",핸디패
2026-09-02T01:40:41+00:00,2026,103,8102,bk,남농월예,언더오버,2,U 160.5,포르투M,조지아M,09.01(화) 03:00,"1.76,1.76",오버
2026-09-02T01:40:41+00:00,2026,103,8103,bk,남농월예,홀짝,2,,포르투M,조지아M,09.01(화) 03:00,"1.8,1.8",짝
2026-09-02T01:40:41+00:00,2026,103,8104,bk,남농월예,승패,2,,몬테네M 89,98 우크라M,09.01(화) 03:30,"2.22,1.46",홈패
2026-09-02T01:40:41+00:00,2026,103,8105,bk,남농월예,핸디캡,2,H +3.5,몬테네M 92.5,98 우크라M,09.01(화) 03:30,"1.76,1.76",핸디패
2026-09-02T01:40:41+00:00,2026,103,8106,bk,남농월예,언더오버,2,U 159.5,몬테네M,우크라M,09.01(화) 03:30,"1.74,1.78",오버
2026-09-02T01:40:41+00:00,2026,103,8107,bk,남농월예,홀짝,2,,몬테네M,우크라M,09.01(화) 03:30,"1.8,1.8",홀
2026-09-02T01:40:41+00:00,2026,103,8108,sc,세리에A,승무패,3,,아탈란타 1,0 볼로냐,09.01(화) 03:45,"1.74,3.2,3.8",홈승
2026-09-02T01:40:41+00:00,2026,103,8109,sc,세리에A,핸디캡,3,H -1.0,아탈란타 0,0 볼로냐,09.01(화) 03:45,"3.4,3.15,1.86",핸디무
2026-09-02T01:40:41+00:00,2026,103,8110,sc,세리에A,핸디캡,3,H -2.0,아탈란타 -1,0 볼로냐,09.01(화) 03:45,"6.7,5.0,1.25",핸디패
2026-09-02T01:40:41+00:00,2026,103,8111,sc,세리에A,언더오버,2,U 2.5,아탈란타,볼로냐,09.01(화) 03:45,"1.81,1.71",언더
2026-09-02T01:40:41+00:00,2026,103,8112,sc,세리에A,홀짝,2,,아탈란타,볼로냐,09.01(화) 03:45,"1.81,1.79",홀
2026-09-02T01:40:41+00:00,2026,103,8113,sc,EPL,승무패,3,,A빌라 0,1 아스널,09.01(화) 04:00,"5.8,4.3,1.39",홈패
2026-09-02T01:40:41+00:00,2026,103,8114,sc,EPL,핸디캡,3,H +1.0,A빌라 1,1 아스널,09.01(화) 04:00,"2.55,3.45,2.2",핸디무
2026-09-02T01:40:41+00:00,2026,103,8115,sc,EPL,핸디캡,3,H +2.0,A빌라 2,1 아스널,09.01(화) 04:00,"1.57,3.95,4.05",핸디승
2026-09-02T01:40:41+00:00,2026,103,8116,sc,EPL,언더오버,2,U 2.5,A빌라,아스널,09.01(화) 04:00,"2.04,1.58",언더
2026-09-02T01:40:41+00:00,2026,103,8117,sc,EPL,홀짝,2,,A빌라,아스널,09.01(화) 04:00,"1.81,1.79",홀
2026-09-02T01:40:41+00:00,2026,103,8118,sc,라리가,승무패,3,,바르셀로 5,2 라요바예,09.01(화) 04:30,"1.06,7.7,16.0",홈승
2026-09-02T01:40:41+00:00,2026,103,8119,sc,라리가,핸디캡,3,H -1.0,바르셀로 4,2 라요바예,09.01(화) 04:30,"1.25,5.4,6.1",핸디승
2026-09-02T01:40:41+00:00,2026,103,8120,sc,라리가,핸디캡,3,H -2.0,바르셀로 3,2 라요바예,09.01(화) 04:30,"1.68,3.6,3.6",핸디승
2026-09-02T01:40:41+00:00,2026,103,8121,sc,라리가,핸디캡,2,H -3.5,바르셀로 1.5,2 라요바예,09.01(화) 04:30,"2.6,1.33",핸디패
2026-09-02T01:40:41+00:00,2026,103,8122,sc,라리가,언더오버,2,U 3.5,바르셀로,라요바예,09.01(화) 04:30,"2.19,1.5",오버
2026-09-02T01:40:41+00:00,2026,103,8123,sc,라리가,홀짝,2,,바르셀로,라요바예,09.01(화) 04:30,"1.8,1.8",홀
2026-09-02T01:40:41+00:00,2026,103,8124,bk,남농월예,승패,2,,아이슬M 73,110 튀르키M,09.01(화) 04:30,"1.0,1.0",홈패
2026-09-02T01:40:41+00:00,2026,103,8125,bk,남농월예,핸디캡,2,H +16.5,아이슬M 89.5,110 튀르키M,09.01(화) 04:30,"1.72,1.8",핸디패
2026-09-02T01:40:41+00:00,2026,103,8126,bk,남농월예,언더오버,2,U 171.5,아이슬M,튀르키M,09.01(화) 04:30,"1.76,1.76",오버
2026-09-02T01:40:41+00:00,2026,103,8127,bk,남농월예,홀짝,2,,아이슬M,튀르키M,09.01(화) 04:30,"1.8,1.8",홀
2026-09-02T01:40:41+00:00,2026,103,8128,bs,MLB,승패,2,,애틀브레 3,7 샌프자이,09.01(화) 07:05,"1.48,2.17",홈패
2026-09-02T01:40:41+00:00,2026,103,8129,bs,MLB,승①패,3,승①패,애틀브레 3,7 샌프자이,09.01(화) 07:05,"1.97,3.45,2.85",홈패
2026-09-02T01:40:41+00:00,2026,103,8130,bs,MLB,핸디캡,2,H -2.5,애틀브레 0.5,7 샌프자이,09.01(화) 07:05,"2.43,1.38",핸디패
2026-09-02T01:40:41+00:00,2026,103,8131,bs,MLB,언더오버,2,U 8.5,애틀브레,샌프자이,09.01(화) 07:05,"1.8,1.72",오버
2026-09-02T01:40:41+00:00,2026,103,8132,bs,MLB,홀짝,2,,애틀브레,샌프자이,09.01(화) 07:05,"1.59,2.07",짝
2026-09-02T01:40:41+00:00,2026,103,8133,bs,MLB,승패,2,,탬파레이 2,3 뉴욕메츠,09.01(화) 07:40,"1.39,2.4",홈패
2026-09-02T01:40:41+00:00,2026,103,8134,bs,MLB,승①패,3,승①패,탬파레이 2,3 뉴욕메츠,09.01(화) 07:40,"1.86,3.45,3.1",①
2026-09-02T01:40:41+00:00,2026,103,8135,bs,MLB,핸디캡,2,H -2.5,탬파레이 -0.5,3 뉴욕메츠,09.01(화) 07:40,"2.56,1.34",핸디패
2026-09-02T01:40:41+00:00,2026,103,8136,bs,MLB,언더오버,2,U 7.5,탬파레이,뉴욕메츠,09.01(화) 07:40,"1.89,1.65",언더
2026-09-02T01:40:41+00:00,2026,103,8137,bs,MLB,홀짝,2,,탬파레이,뉴욕메츠,09.01(화) 07:40,"1.59,2.07",홀
2026-09-02T01:40:41+00:00,2026,103,8138,bs,MLB,승패,2,,신시레즈 0,5 샌디파드,09.01(화) 07:40,"2.13,1.5",홈패
2026-09-02T01:40:41+00:00,2026,103,8139,bs,MLB,승①패,3,승①패,신시레즈 0,5 샌디파드,09.01(화) 07:40,"3.25,3.4,1.83",홈패
2026-09-02T01:40:41+00:00,2026,103,8140,bs,MLB,핸디캡,2,H +2.5,신시레즈 2.5,5 샌디파드,09.01(화) 07:40,"1.41,2.34",핸디패
2026-09-02T01:40:41+00:00,2026,103,8141,bs,MLB,언더오버,2,U 9.5,신시레즈,샌디파드,09.01(화) 07:40,"1.65,1.89",언더
2026-09-02T01:40:41+00:00,2026,103,8142,bs,MLB,홀짝,2,,신시레즈,샌디파드,09.01(화) 07:40,"1.6,2.06",홀
2026-09-02T01:40:41+00:00,2026,103,8143,bs,MLB,승패,2,,워싱내셔 6,3 마이말린,09.01(화) 07:45,"1.86,1.67",홈승
2026-09-02T01:40:41+00:00,2026,103,8144,bs,MLB,승①패,3,승①패,워싱내셔 6,3 마이말린,09.01(화) 07:45,"2.75,3.3,2.07",홈승
2026-09-02T01:40:41+00:00,2026,103,8145,bs,MLB,핸디캡,2,H +2.5,워싱내셔 8.5,3 마이말린,09.01(화) 07:45,"1.29,2.77",핸디승
2026-09-02T01:40:41+00:00,2026,103,8146,bs,MLB,언더오버,2,U 8.5,워싱내셔,마이말린,09.01(화) 07:45,"1.84,1.69",오버
2026-09-02T01:40:41+00:00,2026,103,8147,bs,MLB,홀짝,2,,워싱내셔,마이말린,09.01(화) 07:45,"1.59,2.07",홀
2026-09-02T01:40:41+00:00,2026,103,8148,bs,MLB,승패,2,,보스레드 9,8 시애매리,09.01(화) 07:45,"1.45,2.24",홈승
2026-09-02T01:40:41+00:00,2026,103,8149,bs,MLB,승①패,3,승①패,보스레드 9,8 시애매리,09.01(화) 07:45,"1.97,3.3,2.95",①
2026-09-02T01:40:41+00:00,2026,103,8150,bs,MLB,핸디캡,2,H -2.5,보스레드 6.5,8 시애매리,09.01(화) 07:45,"2.64,1.32",핸디패
2026-09-02T01:40:41+00:00,2026,103,8151,bs,MLB,언더오버,2,U 7.5,보스레드,시애매리,09.01(화) 07:45,"1.89,1.65",오버
2026-09-02T01:40:41+00:00,2026,103,8152,bs,MLB,홀짝,2,,보스레드,시애매리,09.01(화) 07:45,"1.59,2.07",홀
2026-09-02T01:40:41+00:00,2026,103,8153,bk,남농월예,승패,2,,미국M 104,80 콜롬비M,09.01(화) 08:00,"1.0,1.0",홈승
2026-09-02T01:40:41+00:00,2026,103,8154,bk,남농월예,핸디캡,2,H -26.5,미국M 77.5,80 콜롬비M,09.01(화) 08:00,"1.78,1.74",핸디패
2026-09-02T01:40:41+00:00,2026,103,8155,bk,남농월예,언더오버,2,U 185.5,미국M,콜롬비M,09.01(화) 08:00,"1.74,1.78",언더
2026-09-02T01:40:41+00:00,2026,103,8156,bk,남농월예,홀짝,2,,미국M,콜롬비M,09.01(화) 08:00,"1.8,1.8",짝
2026-09-02T01:40:41+00:00,2026,103,8157,bk,남농월예,승패,2,,캐나다M 97,92 아르헨M,09.01(화) 08:10,"1.34,2.56",홈승
2026-09-02T01:40:41+00:00,2026,103,8158,bk,남농월예,핸디캡,2,H -5.5,캐나다M 91.5,92 아르헨M,09.01(화) 08:10,"1.71,1.81",핸디패
2026-09-02T01:40:41+00:00,2026,103,8159,bk,남농월예,언더오버,2,U 170.5,캐나다M,아르헨M,09.01(화) 08:10,"1.75,1.77",오버
2026-09-02T01:40:41+00:00,2026,103,8160,bk,남농월예,홀짝,2,,캐나다M,아르헨M,09.01(화) 08:10,"1.8,1.8",홀
2026-09-02T01:40:41+00:00,2026,103,8161,bk,남농월예,승패,2,,우루과M 80,75 푸에르M,09.01(화) 08:10,"1.93,1.62",홈승
2026-09-02T01:40:41+00:00,2026,103,8162,bk,남농월예,핸디캡,2,H +1.5,우루과M 81.5,75 푸에르M,09.01(화) 08:10,"1.8,1.72",핸디승
2026-09-02T01:40:41+00:00,2026,103,8163,bk,남농월예,언더오버,2,U 167.5,우루과M,푸에르M,09.01(화) 08:10,"1.77,1.75",언더
2026-09-02T01:40:41+00:00,2026,103,8164,bk,남농월예,홀짝,2,,우루과M,푸에르M,09.01(화) 08:10,"1.8,1.8",홀
2026-09-02T01:40:41+00:00,2026,103,8165,bs,MLB,승패,2,,미네트윈 11,1 디트타이,09.01(화) 08:40,"1.58,1.99",홈승
2026-09-02T01:40:41+00:00,2026,103,8166,bs,MLB,승①패,3,승①패,미네트윈 11,1 디트타이,09.01(화) 08:40,"2.2,3.3,2.55",홈승
2026-09-02T01:40:41+00:00,2026,103,8167,bs,MLB,핸디캡,2,H -2.5,미네트윈 8.5,1 디트타이,09.01(화) 08:40,"2.97,1.25",핸디승
2026-09-02T01:40:41+00:00,2026,103,8168,bs,MLB,언더오버,2,U 8.5,미네트윈,디트타이,09.01(화) 08:40,"1.75,1.77",오버
2026-09-02T01:40:41+00:00,2026,103,8169,bs,MLB,홀짝,2,,미네트윈,디트타이,09.01(화) 08:40,"1.59,2.07",짝
2026-09-02T01:40:41+00:00,2026,103,8170,bs,MLB,승패,2,,시카컵스 17,3 밀워브루,09.01(화) 08:40,"1.74,1.78",홈승
2026-09-02T01:40:41+00:00,2026,103,8171,bs,MLB,승①패,3,승①패,시카컵스 17,3 밀워브루,09.01(화) 08:40,"2.5,3.35,2.22",홈승
2026-09-02T01:40:41+00:00,2026,103,8172,bs,MLB,핸디캡,2,H -2.5,시카컵스 14.5,3 밀워브루,09.01(화) 08:40,"3.46,1.18",핸디승
2026-09-02T01:40:41+00:00,2026,103,8173,bs,MLB,언더오버,2,U 9.5,시카컵스,밀워브루,09.01(화) 08:40,"1.75,1.77",오버
2026-09-02T01:40:41+00:00,2026,103,8174,bs,MLB,홀짝,2,,시카컵스,밀워브루,09.01(화) 08:40,"1.59,2.07",짝
2026-09-02T01:40:41+00:00,2026,103,8175,bs,MLB,승패,2,,텍사레인 8,1 애슬레틱,09.01(화) 09:05,"1.34,2.56",홈승
2026-09-02T01:40:41+00:00,2026,103,8176,bs,MLB,승①패,3,승①패,텍사레인 8,1 애슬레틱,09.01(화) 09:05,"1.77,3.45,3.4",홈승
2026-09-02T01:40:41+00:00,2026,103,8177,bs,MLB,핸디캡,2,H -2.5,텍사레인 5.5,1 애슬레틱,09.01(화) 09:05,"2.34,1.41",핸디승
2026-09-02T01:40:41+00:00,2026,103,8178,bs,MLB,언더오버,2,U 7.5,텍사레인,애슬레틱,09.01(화) 09:05,"1.75,1.77",오버
2026-09-02T01:40:41+00:00,2026,103,8179,bs,MLB,홀짝,2,,텍사레인,애슬레틱,09.01(화) 09:05,"1.59,2.07",홀
2026-09-02T01:40:41+00:00,2026,103,8180,bs,MLB,승패,2,,휴스애스 6,3 시카화이,09.01(화) 09:10,"1.62,1.93",홈승
2026-09-02T01:40:41+00:00,2026,103,8181,bs,MLB,승①패,3,승①패,휴스애스 6,3 시카화이,09.01(화) 09:10,"2.28,3.3,2.45",홈승
2026-09-02T01:40:41+00:00,2026,103,8182,bs,MLB,핸디캡,2,H -2.5,휴스애스 3.5,3 시카화이,09.01(화) 09:10,"3.09,1.23",핸디승
2026-09-02T01:40:41+00:00,2026,103,8183,bs,MLB,언더오버,2,U 8.5,휴스애스,시카화이,09.01(화) 09:10,"1.73,1.79",오버
2026-09-02T01:40:41+00:00,2026,103,8184,bs,MLB,홀짝,2,,휴스애스,시카화이,09.01(화) 09:10,"1.59,2.07",홀
2026-09-02T01:40:41+00:00,2026,103,8185,bk,남농월예,승패,2,,도미공M 101,66 칠레M,09.01(화) 09:10,"1.0,1.0",홈승
2026-09-02T01:40:41+00:00,2026,103,8186,bk,남농월예,핸디캡,2,H -22.5,도미공M 78.5,66 칠레M,09.01(화) 09:10,"1.78,1.74",핸디승
2026-09-02T01:40:41+00:00,2026,103,8187,bk,남농월예,언더오버,2,U 169.5,도미공M,칠레M,09.01(화) 09:10,"1.74,1.78",언더
2026-09-02T01:40:41+00:00,2026,103,8188,bk,남농월예,홀짝,2,,도미공M,칠레M,09.01(화) 09:10,"1.8,1.8",홀
2026-09-02T01:40:41+00:00,2026,103,8189,bk,남농월예,승패,2,,바하마M 100,82 파나마M,09.01(화) 09:10,"1.0,1.0",홈승
2026-09-02T01:40:41+00:00,2026,103,8190,bk,남농월예,핸디캡,2,H -25.5,바하마M 74.5,82 파나마M,09.01(화) 09:10,"1.74,1.78",핸디패
2026-09-02T01:40:41+00:00,2026,103,8191,bk,남농월예,언더오버,2,U 175.5,바하마M,파나마M,09.01(화) 09:10,"1.76,1.76",오버
2026-09-02T01:40:41+00:00,2026,103,8192,bk,남농월예,홀짝,2,,바하마M,파나마M,09.01(화) 09:10,"1.8,1.8",짝
2026-09-02T01:40:41+00:00,2026,103,8193,bs,MLB,승패,2,,콜로로키 1,2 볼티오리,09.01(화) 09:40,"2.07,1.53",홈패
2026-09-02T01:40:41+00:00,2026,103,8194,bs,MLB,승①패,3,승①패,콜로로키 1,2 볼티오리,09.01(화) 09:40,"3.1,3.5,1.85",①
2026-09-02T01:40:41+00:00,2026,103,8195,bs,MLB,핸디캡,2,H +2.5,콜로로키 3.5,2 볼티오리,09.01(화) 09:40,"1.4,2.37",핸디승
2026-09-02T01:40:41+00:00,2026,103,8196,bs,MLB,언더오버,2,U 10.5,콜로로키,볼티오리,09.01(화) 09:40,"1.96,1.6",언더
2026-09-02T01:40:41+00:00,2026,103,8197,bs,MLB,홀짝,2,,콜로로키,볼티오리,09.01(화) 09:40,"1.6,2.06",홀
2026-09-02T01:40:41+00:00,2026,103,8198,bs,MLB,승패,2,,LA에인절 10,1 뉴욕양키,09.01(화) 10:38,"2.07,1.53",홈승
2026-09-02T01:40:41+00:00,2026,103,8199,bs,MLB,승①패,3,승①패,LA에인절 10,1 뉴욕양키,09.01(화) 10:38,"3.15,3.35,1.87",홈승
2026-09-02T01:40:41+00:00,2026,103,8200,bs,MLB,핸디캡,2,H +2.5,LA에인절 12.5,1 뉴욕양키,09.01(화) 10:38,"1.37,2.46",핸디승
2026-09-02T01:40:41+00:00,2026,103,8201,bs,MLB,언더오버,2,U 8.5,LA에인절,뉴욕양키,09.01(화) 10:38,"1.74,1.78",오버
2026-09-02T01:40:41+00:00,2026,103,8202,bs,MLB,홀짝,2,,LA에인절,뉴욕양키,09.01(화) 10:38,"1.59,2.07",홀
2026-09-02T01:40:41+00:00,2026,103,8203,bs,MLB,승패,2,,애리다이 1,2 필라필리,09.01(화) 10:40,"1.86,1.67",홈패
2026-09-02T01:40:41+00:00,2026,103,8204,bs,MLB,승①패,3,승①패,애리다이 1,2 필라필리,09.01(화) 10:40,"2.75,3.3,2.07",①
2026-09-02T01:40:41+00:00,2026,103,8205,bs,MLB,핸디캡,2,H +2.5,애리다이 3.5,2 필라필리,09.01(화) 10:40,"1.29,2.77",핸디승
2026-09-02T01:40:41+00:00,2026,103,8206,bs,MLB,언더오버,2,U 8.5,애리다이,필라필리,09.01(화) 10:40,"1.73,1.79",언더
2026-09-02T01:40:41+00:00,2026,103,8207,bs,MLB,홀짝,2,,애리다이,필라필리,09.01(화) 10:40,"1.59,2.07",홀
2026-09-02T01:40:41+00:00,2026,103,8208,bs,MLB,전반승무패,3,h(전반),애리다이 1,2 필라필리,09.01(화) 10:40,"2.2,5.5,1.95",홈패
2026-09-02T01:40:41+00:00,2026,103,8209,bs,MLB,전반핸디캡,2,h H +1.5,애리다이 2.5,2 필라필리,09.01(화) 10:40,"1.27,2.87",핸디승
2026-09-02T01:40:41+00:00,2026,103,8210,bs,MLB,전반언더오버,2,h U 4.5,애리다이,필라필리,09.01(화) 10:40,"1.68,1.85",언더
2026-09-02T01:40:41+00:00,2026,103,8211,bk,남농월예,승패,2,,멕시코M 79,74 브라질M,09.01(화) 11:10,"2.6,1.33",홈승
2026-09-02T01:40:41+00:00,2026,103,8212,bk,남농월예,핸디캡,2,H +5.5,멕시코M 84.5,74 브라질M,09.01(화) 11:10,"1.78,1.74",핸디승
2026-09-02T01:40:41+00:00,2026,103,8213,bk,남농월예,언더오버,2,U 175.5,멕시코M,브라질M,09.01(화) 11:10,"1.75,1.77",언더
2026-09-02T01:40:41+00:00,2026,103,8214,bk,남농월예,홀짝,2,,멕시코M,브라질M,09.01(화) 11:10,"1.8,1.8",홀
2026-09-02T01:40:41+00:00,2026,103,8215,bs,NPB,승패,2,,요미우리 4,3 요코베이,09.01(화) 18:00,"1.6,1.96",홈승
2026-09-02T01:40:41+00:00,2026,103,8216,bs,NPB,승①패,3,승①패,요미우리 4,3 요코베이,09.01(화) 18:00,"2.45,2.75,2.65",①
2026-09-02T01:40:41+00:00,2026,103,8217,bs,NPB,핸디캡,2,H -2.5,요미우리 1.5,3 요코베이,09.01(화) 18:00,"3.65,1.16",핸디패
2026-09-02T01:40:41+00:00,2026,103,8218,bs,NPB,언더오버,2,U 5.5,요미우리,요코베이,09.01(화) 18:00,"2.05,1.54",오버
2026-09-02T01:40:41+00:00,2026,103,8219,bs,NPB,홀짝,2,,요미우리,요코베이,09.01(화) 18:00,"1.64,1.99",홀
2026-09-02T01:40:41+00:00,2026,103,8220,bs,NPB,승패,2,,야쿠르트 2,6 한신,09.01(화) 18:00,"2.97,1.25",홈패
2026-09-02T01:40:41+00:00,2026,103,8221,bs,NPB,승①패,3,승①패,야쿠르트 2,6 한신,09.01(화) 18:00,"5.6,3.2,1.52",홈패
2026-09-02T01:40:41+00:00,2026,103,8222,bs,NPB,핸디캡,2,H +2.5,야쿠르트 4.5,6 한신,09.01(화) 18:00,"1.59,1.97",핸디패
2026-09-02T01:40:41+00:00,2026,103,8223,bs,NPB,언더오버,2,U 7.5,야쿠르트,한신,09.01(화) 18:00,"1.63,1.91",오버
2026-09-02T01:40:41+00:00,2026,103,8224,bs,NPB,홀짝,2,,야쿠르트,한신,09.01(화) 18:00,"1.66,1.97",짝
2026-09-02T01:40:41+00:00,2026,103,8225,bs,NPB,승패,2,,주니치 1,5 히로카프,09.01(화) 18:00,"1.55,2.04",홈패
2026-09-02T01:40:41+00:00,2026,103,8226,bs,NPB,승①패,3,승①패,주니치 1,5 히로카프,09.01(화) 18:00,"2.37,2.7,2.8",홈패
2026-09-02T01:40:41+00:00,2026,103,8227,bs,NPB,핸디캡,2,H -2.5,주니치 -1.5,5 히로카프,09.01(화) 18:00,"2.87,1.27",핸디패
2026-09-02T01:40:41+00:00,2026,103,8228,bs,NPB,언더오버,2,U 6.5,주니치,히로카프,09.01(화) 18:00,"1.65,1.89",언더
2026-09-02T01:40:41+00:00,2026,103,8229,bs,NPB,홀짝,2,,주니치,히로카프,09.01(화) 18:00,"1.64,1.99",짝
2026-09-02T01:40:41+00:00,2026,103,8230,bs,NPB,승패,2,,닛폰햄 2,1 소프트뱅,09.01(화) 18:00,"2.43,1.38",홈승
2026-09-02T01:40:41+00:00,2026,103,8231,bs,NPB,승①패,3,승①패,닛폰햄 2,1 소프트뱅,09.01(화) 18:00,"4.2,2.95,1.75",①
2026-09-02T01:40:41+00:00,2026,103,8232,bs,NPB,핸디캡,2,H +2.5,닛폰햄 4.5,1 소프트뱅,09.01(화) 18:00,"1.41,2.34",핸디승
2026-09-02T01:40:41+00:00,2026,103,8233,bs,NPB,언더오버,2,U 6.5,닛폰햄,소프트뱅,09.01(화) 18:00,"1.97,1.59",언더
2026-09-02T01:40:41+00:00,2026,103,8234,bs,NPB,홀짝,2,,닛폰햄,소프트뱅,09.01(화) 18:00,"1.65,1.98",홀
2026-09-02T01:40:41+00:00,2026,103,8235,bs,NPB,승패,2,,라쿠텐 5,1 오릭스,09.01(화) 18:00,"1.75,1.77",홈승
2026-09-02T01:40:41+00:00,2026,103,8236,bs,NPB,승①패,3,승①패,라쿠텐 5,1 오릭스,09.01(화) 18:00,"2.7,2.8,2.37",홈승
2026-09-02T01:40:41+00:00,2026,103,8237,bs,NPB,핸디캡,2,H -2.5,라쿠텐 2.5,1 오릭스,09.01(화) 18:00,"3.86,1.14",핸디승
2026-09-02T01:40:41+00:00,2026,103,8238,bs,NPB,언더오버,2,U 6.5,라쿠텐,오릭스,09.01(화) 18:00,"1.99,1.58",언더
2026-09-02T01:40:41+00:00,2026,103,8239,bs,NPB,홀짝,2,,라쿠텐,오릭스,09.01(화) 18:00,"1.64,1.99",짝
2026-09-02T01:40:41+00:00,2026,103,8240,bs,NPB,승패,2,,지바롯데 1,0 세이부,09.01(화) 18:00,"2.15,1.49",홈승
2026-09-02T01:40:41+00:00,2026,103,8241,bs,NPB,승①패,3,승①패,지바롯데 1,0 세이부,09.01(화) 18:00,"3.5,2.85,1.95",①
2026-09-02T01:40:41+00:00,2026,103,8242,bs,NPB,핸디캡,2,H +2.5,지바롯데 3.5,0 세이부,09.01(화) 18:00,"1.3,2.72",핸디승
2026-09-02T01:40:41+00:00,2026,103,8243,bs,NPB,언더오버,2,U 6.5,지바롯데,세이부,09.01(화) 18:00,"1.9,1.64",언더
2026-09-02T01:40:41+00:00,2026,103,8244,bs,NPB,홀짝,2,,지바롯데,세이부,09.01(화) 18:00,"1.64,1.99",홀
2026-09-02T01:40:41+00:00,2026,103,8245,bs,KBO,승패,2,,두산 1,3 LG,09.01(화) 18:30,"1.79,1.73",홈패
2026-09-02T01:40:41+00:00,2026,103,8246,bs,KBO,승①패,3,승①패,두산 1,3 LG,09.01(화) 18:30,"2.55,3.25,2.22",홈패
2026-09-02T01:40:41+00:00,2026,103,8247,bs,KBO,핸디캡,2,H +2.5,두산 3.5,3 LG,09.01(화) 18:30,"1.26,2.92",핸디승
2026-09-02T01:40:41+00:00,2026,103,8248,bs,KBO,언더오버,2,U 8.5,두산,LG,09.01(화) 18:30,"1.76,1.76",언더
2026-09-02T01:40:41+00:00,2026,103,8249,bs,KBO,홀짝,2,,두산,LG,09.01(화) 18:30,"1.62,2.03",짝
2026-09-02T01:40:41+00:00,2026,103,8250,bs,KBO,전반승무패,3,h(전반),두산 1,3 LG,09.01(화) 18:30,"2.1,5.4,2.05",홈패
2026-09-02T01:40:41+00:00,2026,103,8251,bs,KBO,전반핸디캡,2,h H +1.5,두산 2.5,3 LG,09.01(화) 18:30,"1.28,2.82",핸디패
2026-09-02T01:40:41+00:00,2026,103,8252,bs,KBO,전반언더오버,2,h U 4.5,두산,LG,09.01(화) 18:30,"1.78,1.74",언더
2026-09-02T01:40:41+00:00,2026,103,8253,bs,KBO,승패,2,,삼성 3,0 롯데,09.01(화) 18:30,"1.49,2.15",홈승
2026-09-02T01:40:41+00:00,2026,103,8254,bs,KBO,승①패,3,승①패,삼성 3,0 롯데,09.01(화) 18:30,"1.91,3.55,2.9",홈승
2026-09-02T01:40:41+00:00,2026,103,8255,bs,KBO,핸디캡,2,H -2.5,삼성 0.5,0 롯데,09.01(화) 18:30,"2.43,1.38",핸디승
2026-09-02T01:40:41+00:00,2026,103,8256,bs,KBO,언더오버,2,U 10.5,삼성,롯데,09.01(화) 18:30,"1.84,1.69",언더
2026-09-02T01:40:41+00:00,2026,103,8257,bs,KBO,홀짝,2,,삼성,롯데,09.01(화) 18:30,"1.61,2.04",홀
2026-09-02T01:40:41+00:00,2026,103,8258,bs,KBO,전반승무패,3,h(전반),삼성 2,0 롯데,09.01(화) 18:30,"1.71,6.8,2.4",홈승
2026-09-02T01:40:41+00:00,2026,103,8259,bs,KBO,전반핸디캡,2,h H -1.5,삼성 0.5,0 롯데,09.01(화) 18:30,"2.07,1.53",핸디승
2026-09-02T01:40:41+00:00,2026,103,8260,bs,KBO,전반언더오버,2,h U 5.5,삼성,롯데,09.01(화) 18:30,"1.85,1.68",언더
2026-09-02T01:40:41+00:00,2026,103,8261,bs,KBO,승패,2,,KT 6,1 한화,09.01(화) 18:30,"1.52,2.09",홈승
2026-09-02T01:40:41+00:00,2026,103,8262,bs,KBO,승①패,3,승①패,KT 6,1 한화,09.01(화) 18:30,"2.06,3.5,2.65",홈승
2026-09-02T01:40:41+00:00,2026,103,8263,bs,KBO,핸디캡,2,H -2.5,KT 3.5,1 한화,09.01(화) 18:30,"2.82,1.28",핸디승
2026-09-02T01:40:41+00:00,2026,103,8264,bs,KBO,언더오버,2,U 9.5,KT,한화,09.01(화) 18:30,"1.75,1.77",언더
2026-09-02T01:40:41+00:00,2026,103,8265,bs,KBO,홀짝,2,,KT,한화,09.01(화) 18:30,"1.61,2.04",홀
2026-09-02T01:40:41+00:00,2026,103,8266,bs,KBO,전반승무패,3,h(전반),KT 4,0 한화,09.01(화) 18:30,"1.77,6.3,2.35",홈승
2026-09-02T01:40:41+00:00,2026,103,8267,bs,KBO,전반핸디캡,2,h H -1.5,KT 2.5,0 한화,09.01(화) 18:30,"2.37,1.4",핸디승
2026-09-02T01:40:41+00:00,2026,103,8268,bs,KBO,전반언더오버,2,h U 4.5,KT,한화,09.01(화) 18:30,"1.99,1.58",언더
2026-09-02T01:40:41+00:00,2026,103,8269,bs,KBO,승패,2,,NC 7,2 KIA,09.01(화) 18:30,"1.93,1.62",홈승
2026-09-02T01:40:41+00:00,2026,103,8270,bs,KBO,승①패,3,승①패,NC 7,2 KIA,09.01(화) 18:30,"2.8,3.3,2.04",홈승
2026-09-02T01:40:41+00:00,2026,103,8271,bs,KBO,핸디캡,2,H +2.5,NC 9.5,2 KIA,09.01(화) 18:30,"1.4,2.37",핸디승
2026-09-02T01:40:41+00:00,2026,103,8272,bs,KBO,언더오버,2,U 9.5,NC,KIA,09.01(화) 18:30,"1.72,1.8",언더
2026-09-02T01:40:41+00:00,2026,103,8273,bs,KBO,홀짝,2,,NC,KIA,09.01(화) 18:30,"1.62,2.03",홀
2026-09-02T01:40:41+00:00,2026,103,8274,bs,KBO,전반승무패,3,h(전반),NC 3,1 KIA,09.01(화) 18:30,"2.25,5.6,1.9",홈승
2026-09-02T01:40:41+00:00,2026,103,8275,bs,KBO,전반핸디캡,2,h H +1.5,NC 4.5,1 KIA,09.01(화) 18:30,"1.36,2.49",핸디승
2026-09-02T01:40:41+00:00,2026,103,8276,bs,KBO,전반언더오버,2,h U 4.5,NC,KIA,09.01(화) 18:30,"1.91,1.63",언더
2026-09-02T01:40:41+00:00,2026,103,8277,bs,KBO,승패,2,,키움 0,4 SSG,09.01(화) 18:30,"1.7,1.82",홈패
2026-09-02T01:40:41+00:00,2026,103,8278,bs,KBO,승①패,3,승①패,키움 0,4 SSG,09.01(화) 18:30,"2.4,3.25,2.35",홈패
2026-09-02T01:40:41+00:00,2026,103,8279,bs,KBO,핸디캡,2,H -2.5,키움 -2.5,4 SSG,09.01(화) 18:30,"3.3,1.2",핸디패
2026-09-02T01:40:41+00:00,2026,103,8280,bs,KBO,언더오버,2,U 8.5,키움,SSG,09.01(화) 18:30,"1.78,1.74",언더
2026-09-02T01:40:41+00:00,2026,103,8281,bs,KBO,홀짝,2,,키움,SSG,09.01(화) 18:30,"1.62,2.03",짝
2026-09-02T01:40:41+00:00,2026,103,8282,bs,KBO,전반승무패,3,h(전반),키움 0,4 SSG,09.01(화) 18:30,"1.87,5.9,2.25",홈패
2026-09-02T01:40:41+00:00,2026,103,8283,bs,KBO,전반핸디캡,2,h H -1.5,키움 -1.5,4 SSG,09.01(화) 18:30,"2.64,1.32",핸디패
2026-09-02T01:40:41+00:00,2026,103,8284,bs,KBO,전반언더오버,2,h U 4.5,키움,SSG,09.01(화) 18:30,"1.76,1.76",언더
2026-09-02T01:40:41+00:00,2026,103,8293,sc,EFL챔,승무패,3,,링컨시티 0,0 블랙번R,09.02(수) 03:45,"2.18,3.0,2.8",무승부
2026-09-02T01:40:41+00:00,2026,103,8294,sc,EFL챔,핸디캡,3,H -1.0,링컨시티 -1,0 블랙번R,09.02(수) 03:45,"4.2,3.65,1.57",핸디패
2026-09-02T01:40:41+00:00,2026,103,8295,sc,EFL챔,언더오버,2,U 2.5,링컨시티,블랙번R,09.02(수) 03:45,"1.75,1.77",언더
2026-09-02T01:40:41+00:00,2026,103,8296,sc,EFL챔,홀짝,2,,링컨시티,블랙번R,09.02(수) 03:45,"1.81,1.79",짝
2026-09-02T01:40:41+00:00,2026,103,8297,sc,EFL챔,승무패,3,,포츠머스 0,2 더비카운,09.02(수) 03:45,"1.95,3.05,3.25",홈패
2026-09-02T01:40:41+00:00,2026,103,8298,sc,EFL챔,핸디캡,3,H -1.0,포츠머스 -1,2 더비카운,09.02(수) 03:45,"3.65,3.5,1.7",핸디패
2026-09-02T01:40:41+00:00,2026,103,8299,sc,EFL챔,언더오버,2,U 2.5,포츠머스,더비카운,09.02(수) 03:45,"1.63,1.91",언더
2026-09-02T01:40:41+00:00,2026,103,8300,sc,EFL챔,홀짝,2,,포츠머스,더비카운,09.02(수) 03:45,"1.81,1.79",짝
2026-09-02T01:40:41+00:00,2026,103,8301,sc,EFL챔,승무패,3,,프레스턴 1,3 브리스C,09.02(수) 03:45,"2.42,3.05,2.45",홈패
2026-09-02T01:40:41+00:00,2026,103,8302,sc,EFL챔,핸디캡,3,H -1.0,프레스턴 0,3 브리스C,09.02(수) 03:45,"5.4,4.0,1.4",핸디패
2026-09-02T01:40:41+00:00,2026,103,8303,sc,EFL챔,언더오버,2,U 2.5,프레스턴,브리스C,09.02(수) 03:45,"1.73,1.79",오버
2026-09-02T01:40:41+00:00,2026,103,8304,sc,EFL챔,홀짝,2,,프레스턴,브리스C,09.02(수) 03:45,"1.81,1.79",짝
2026-09-02T01:40:41+00:00,2026,103,8305,sc,EFL챔,승무패,3,,셰필드U 3,2 볼턴W,09.02(수) 03:45,"1.56,3.6,4.35",홈승
2026-09-02T01:40:41+00:00,2026,103,8306,sc,EFL챔,핸디캡,3,H -1.0,셰필드U 2,2 볼턴W,09.02(수) 03:45,"2.65,3.15,2.2",핸디무
2026-09-02T01:40:41+00:00,2026,103,8307,sc,EFL챔,언더오버,2,U 2.5,셰필드U,볼턴W,09.02(수) 03:45,"1.86,1.67",오버
2026-09-02T01:40:41+00:00,2026,103,8308,sc,EFL챔,홀짝,2,,셰필드U,볼턴W,09.02(수) 03:45,"1.81,1.79",홀
2026-09-02T01:40:41+00:00,2026,103,8309,sc,EFL챔,승무패,3,,스완지C 2,0 왓포드,09.02(수) 03:45,"1.78,3.2,3.65",홈승
2026-09-02T01:40:41+00:00,2026,103,8310,sc,EFL챔,핸디캡,3,H -1.0,스완지C 1,0 왓포드,09.02(수) 03:45,"3.2,3.25,1.89",핸디승
2026-09-02T01:40:41+00:00,2026,103,8311,sc,EFL챔,언더오버,2,U 2.5,스완지C,왓포드,09.02(수) 03:45,"1.77,1.75",언더
2026-09-02T01:40:41+00:00,2026,103,8312,sc,EFL챔,홀짝,2,,스완지C,왓포드,09.02(수) 03:45,"1.81,1.79",짝
2026-09-02T01:40:41+00:00,2026,103,8313,sc,EFL챔,승무패,3,,웨스트햄 4,2 울버햄튼,09.02(수) 03:45,"1.93,3.3,3.05",홈승
2026-09-02T01:40:41+00:00,2026,103,8314,sc,EFL챔,핸디캡,3,H -1.0,웨스트햄 3,2 울버햄튼,09.02(수) 03:45,"3.5,3.5,1.73",핸디승
2026-09-02T01:40:41+00:00,2026,103,8315,sc,EFL챔,언더오버,2,U 2.5,웨스트햄,울버햄튼,09.02(수) 03:45,"2.04,1.55",오버
2026-09-02T01:40:41+00:00,2026,103,8316,sc,EFL챔,홀짝,2,,웨스트햄,울버햄튼,09.02(수) 03:45,"1.81,1.79",짝
2026-09-02T01:40:41+00:00,2026,103,8317,sc,EFL챔,승무패,3,,버밍엄C 1,1 사우샘프,09.02(수) 04:00,"2.36,3.0,2.55",무승부
2026-09-02T01:40:41+00:00,2026,103,8318,sc,EFL챔,핸디캡,3,H -1.0,버밍엄C 0,1 사우샘프,09.02(수) 04:00,"4.65,3.75,1.5",핸디패
2026-09-02T01:40:41+00:00,2026,103,8319,sc,EFL챔,언더오버,2,U 2.5,버밍엄C,사우샘프,09.02(수) 04:00,"1.84,1.69",언더
2026-09-02T01:40:41+00:00,2026,103,8320,sc,EFL챔,홀짝,2,,버밍엄C,사우샘프,09.02(수) 04:00,"1.81,1.79",짝
2026-09-02T01:40:41+00:00,2026,103,8321,sc,EFL챔,승무패,3,,스토크C 1,0 노리치C,09.02(수) 04:00,"2.95,3.1,2.05",홈승
2026-09-02T01:40:41+00:00,2026,103,8322,sc,EFL챔,핸디캡,3,H +1.0,스토크C 2,0 노리치C,09.02(수) 04:00,"1.64,3.6,3.8",핸디승
2026-09-02T01:40:41+00:00,2026,103,8323,sc,EFL챔,언더오버,2,U 2.5,스토크C,노리치C,09.02(수) 04:00,"1.93,1.62",언더
2026-09-02T01:40:41+00:00,2026,103,8324,sc,EFL챔,홀짝,2,,스토크C,노리치C,09.02(수) 04:00,"1.81,1.79",홀
2026-09-02T01:40:41+00:00,2026,103,8325,sc,이탈FA컵,승무패,3,,토리노 0,1 AC몬차,09.02(수) 04:00,"1.71,3.2,3.95",홈패
2026-09-02T01:40:41+00:00,2026,103,8326,sc,이탈FA컵,핸디캡,3,H -1.0,토리노 -1,1 AC몬차,09.02(수) 04:00,"3.0,3.0,2.07",핸디패
2026-09-02T01:40:41+00:00,2026,103,8327,sc,이탈FA컵,언더오버,2,U 2.5,토리노,AC몬차,09.02(수) 04:00,"1.63,1.91",언더
2026-09-02T01:40:41+00:00,2026,103,8328,sc,이탈FA컵,홀짝,2,,토리노,AC몬차,09.02(수) 04:00,"1.81,1.79",홀
2026-09-02T01:40:41+00:00,2026,103,8329,bs,MLB,승패,2,,탬파레이 6,2 뉴욕메츠,09.02(수) 07:40,"1.6,1.96",홈승
2026-09-02T01:40:41+00:00,2026,103,8330,bs,MLB,승①패,3,승①패,탬파레이 6,2 뉴욕메츠,09.02(수) 07:40,"2.26,3.25,2.5",홈승
2026-09-02T01:40:41+00:00,2026,103,8331,bs,MLB,핸디캡,2,H -2.5,탬파레이 3.5,2 뉴욕메츠,09.02(수) 07:40,"3.09,1.23",핸디승
2026-09-02T01:40:41+00:00,2026,103,8332,bs,MLB,언더오버,2,U 7.5,탬파레이,뉴욕메츠,09.02(수) 07:40,"1.8,1.72",오버
2026-09-02T01:40:41+00:00,2026,103,8333,bs,MLB,홀짝,2,,탬파레이,뉴욕메츠,09.02(수) 07:40,"1.58,2.09",짝
2026-09-02T01:40:41+00:00,2026,103,8334,bs,MLB,승패,2,,피츠파이 12,7 샌프자이,09.02(수) 07:40,"1.46,2.22",8회초
2026-09-02T01:40:41+00:00,2026,103,8335,bs,MLB,승①패,3,승①패,피츠파이 12,7 샌프자이,09.02(수) 07:40,"2.01,3.25,2.9",8회초
2026-09-02T01:40:41+00:00,2026,103,8336,bs,MLB,핸디캡,2,H -2.5,피츠파이 9.5,7 샌프자이,09.02(수) 07:40,"2.72,1.3",8회초
2026-09-02T01:40:41+00:00,2026,103,8337,bs,MLB,언더오버,2,U 7.5,피츠파이,샌프자이,09.02(수) 07:40,"1.68,1.85",8회초
2026-09-02T01:40:41+00:00,2026,103,8338,bs,MLB,홀짝,2,,피츠파이,샌프자이,09.02(수) 07:40,"1.58,2.09",8회초
2026-09-02T01:40:41+00:00,2026,103,8339,bs,MLB,승패,2,,클리가디 6,1 토론블루,09.02(수) 07:40,"1.44,2.26",홈승
2026-09-02T01:40:41+00:00,2026,103,8340,bs,MLB,승①패,3,승①패,클리가디 6,1 토론블루,09.02(수) 07:40,"1.95,3.35,2.95",홈승
2026-09-02T01:40:41+00:00,2026,103,8341,bs,MLB,핸디캡,2,H -2.5,클리가디 3.5,1 토론블루,09.02(수) 07:40,"2.64,1.32",핸디승
2026-09-02T01:40:41+00:00,2026,103,8342,bs,MLB,언더오버,2,U 7.5,클리가디,토론블루,09.02(수) 07:40,"1.86,1.67",언더
2026-09-02T01:40:41+00:00,2026,103,8343,bs,MLB,홀짝,2,,클리가디,토론블루,09.02(수) 07:40,"1.59,2.07",홀
2026-09-02T01:40:41+00:00,2026,103,8344,bs,MLB,승패,2,,신시레즈 4,3 샌디파드,09.02(수) 07:40,"2.02,1.56",홈승
2026-09-02T01:40:41+00:00,2026,103,8345,bs,MLB,승①패,3,승①패,신시레즈 4,3 샌디파드,09.02(수) 07:40,"3.0,3.4,1.92",①
2026-09-02T01:40:41+00:00,2026,103,8346,bs,MLB,핸디캡,2,H +2.5,신시레즈 6.5,3 샌디파드,09.02(수) 07:40,"1.36,2.49",핸디승
2026-09-02T01:40:41+00:00,2026,103,8347,bs,MLB,언더오버,2,U 9.5,신시레즈,샌디파드,09.02(수) 07:40,"1.73,1.79",언더
2026-09-02T01:40:41+00:00,2026,103,8348,bs,MLB,홀짝,2,,신시레즈,샌디파드,09.02(수) 07:40,"1.59,2.07",홀
2026-09-02T01:40:41+00:00,2026,103,8349,bs,MLB,승패,2,,워싱내셔 9,5 애틀브레,09.02(수) 07:45,"2.29,1.43",홈승
2026-09-02T01:40:41+00:00,2026,103,8350,bs,MLB,승①패,3,승①패,워싱내셔 9,5 애틀브레,09.02(수) 07:45,"3.55,3.5,1.72",홈승
2026-09-02T01:40:41+00:00,2026,103,8351,bs,MLB,핸디캡,2,H +2.5,워싱내셔 11.5,5 애틀브레,09.02(수) 07:45,"1.48,2.17",핸디승
2026-09-02T01:40:41+00:00,2026,103,8352,bs,MLB,언더오버,2,U 9.5,워싱내셔,애틀브레,09.02(수) 07:45,"1.87,1.66",오버
2026-09-02T01:40:41+00:00,2026,103,8353,bs,MLB,홀짝,2,,워싱내셔,애틀브레,09.02(수) 07:45,"1.6,2.06",짝
2026-09-02T01:40:41+00:00,2026,103,8354,bs,MLB,승패,2,,보스레드 4,9 시애매리,09.02(수) 07:45,"1.61,1.94",8회초
2026-09-02T01:40:41+00:00,2026,103,8355,bs,MLB,승①패,3,승①패,보스레드 4,9 시애매리,09.02(수) 07:45,"2.29,3.2,2.5",8회초
2026-09-02T01:40:41+00:00,2026,103,8356,bs,MLB,핸디캡,2,H -2.5,보스레드 1.5,9 시애매리,09.02(수) 07:45,"3.16,1.22",8회초
2026-09-02T01:40:41+00:00,2026,103,8357,bs,MLB,언더오버,2,U 7.5,보스레드,시애매리,09.02(수) 07:45,"1.73,1.79",8회초
2026-09-02T01:40:41+00:00,2026,103,8358,bs,MLB,홀짝,2,,보스레드,시애매리,09.02(수) 07:45,"1.58,2.09",8회초
2026-09-02T01:40:41+00:00,2026,103,8359,bs,MLB,승패,2,,미네트윈 12,1 디트타이,09.02(수) 08:40,"1.77,1.75",6회말
2026-09-02T01:40:41+00:00,2026,103,8360,bs,MLB,승①패,3,승①패,미네트윈 12,1 디트타이,09.02(수) 08:40,"2.55,3.3,2.2",6회말
2026-09-02T01:40:41+00:00,2026,103,8361,bs,MLB,핸디캡,2,H +2.5,미네트윈 14.5,1 디트타이,09.02(수) 08:40,"1.26,2.92",6회말
2026-09-02T01:40:41+00:00,2026,103,8362,bs,MLB,언더오버,2,U 8.5,미네트윈,디트타이,09.02(수) 08:40,"1.81,1.71",6회말
2026-09-02T01:40:41+00:00,2026,103,8363,bs,MLB,홀짝,2,,미네트윈,디트타이,09.02(수) 08:40,"1.59,2.07",6회말
2026-09-02T01:40:41+00:00,2026,103,8364,bs,MLB,승패,2,,캔자로얄 0,6 마이말린,09.02(수) 08:40,"1.67,1.86",8회말
2026-09-02T01:40:41+00:00,2026,103,8365,bs,MLB,승①패,3,승①패,캔자로얄 0,6 마이말린,09.02(수) 08:40,"2.33,3.4,2.35",8회말
2026-09-02T01:40:41+00:00,2026,103,8366,bs,MLB,핸디캡,2,H -2.5,캔자로얄 -2.5,6 마이말린,09.02(수) 08:40,"3.16,1.22",8회말
2026-09-02T01:40:41+00:00,2026,103,8367,bs,MLB,언더오버,2,U 9.5,캔자로얄,마이말린,09.02(수) 08:40,"1.87,1.66",8회말
2026-09-02T01:40:41+00:00,2026,103,8368,bs,MLB,홀짝,2,,캔자로얄,마이말린,09.02(수) 08:40,"1.59,2.07",8회말
2026-09-02T01:40:41+00:00,2026,103,8369,bs,MLB,승패,2,,시카컵스 3,5 밀워브루,09.02(수) 08:40,"1.67,1.86",6회말
2026-09-02T01:40:41+00:00,2026,103,8370,bs,MLB,승①패,3,승①패,시카컵스 3,5 밀워브루,09.02(수) 08:40,"2.35,3.4,2.33",6회말
2026-09-02T01:40:41+00:00,2026,103,8371,bs,MLB,핸디캡,2,H -2.5,시카컵스 0.5,5 밀워브루,09.02(수) 08:40,"3.23,1.21",6회말
2026-09-02T01:40:41+00:00,2026,103,8372,bs,MLB,언더오버,2,U 10.5,시카컵스,밀워브루,09.02(수) 08:40,"1.68,1.85",6회말
2026-09-02T01:40:41+00:00,2026,103,8373,bs,MLB,홀짝,2,,시카컵스,밀워브루,09.02(수) 08:40,"1.59,2.07",6회말
2026-09-02T01:40:41+00:00,2026,103,8374,bs,MLB,승패,2,,텍사레인 2,1 애슬레틱,09.02(수) 09:05,"1.39,2.4",5회말
2026-09-02T01:40:41+00:00,2026,103,8375,bs,MLB,승①패,3,승①패,텍사레인 2,1 애슬레틱,09.02(수) 09:05,"1.86,3.35,3.2",5회말
2026-09-02T01:40:41+00:00,2026,103,8376,bs,MLB,핸디캡,2,H -2.5,텍사레인 -0.5,1 애슬레틱,09.02(수) 09:05,"2.49,1.36",5회말
2026-09-02T01:40:41+00:00,2026,103,8377,bs,MLB,언더오버,2,U 7.5,텍사레인,애슬레틱,09.02(수) 09:05,"1.68,1.85",5회말
2026-09-02T01:40:41+00:00,2026,103,8378,bs,MLB,홀짝,2,,텍사레인,애슬레틱,09.02(수) 09:05,"1.59,2.07",5회말
2026-09-02T01:40:41+00:00,2026,103,8379,bs,MLB,승패,2,,휴스애스 0,0 시카화이,09.02(수) 09:10,"1.82,1.7",5회초
2026-09-02T01:40:41+00:00,2026,103,8380,bs,MLB,승①패,3,승①패,휴스애스 0,0 시카화이,09.02(수) 09:10,"2.65,3.3,2.13",5회초
2026-09-02T01:40:41+00:00,2026,103,8381,bs,MLB,핸디캡,2,H +2.5,휴스애스 2.5,0 시카화이,09.02(수) 09:10,"1.28,2.82",5회초
2026-09-02T01:40:41+00:00,2026,103,8382,bs,MLB,언더오버,2,U 8.5,휴스애스,시카화이,09.02(수) 09:10,"1.78,1.74",5회초
2026-09-02T01:40:41+00:00,2026,103,8383,bs,MLB,홀짝,2,,휴스애스,시카화이,09.02(수) 09:10,"1.59,2.07",5회초
2026-09-02T01:40:41+00:00,2026,103,8384,bs,MLB,승패,2,,콜로로키 2,1 볼티오리,09.02(수) 09:40,"2.05,1.54",4회초
2026-09-02T01:40:41+00:00,2026,103,8385,bs,MLB,승①패,3,승①패,콜로로키 2,1 볼티오리,09.02(수) 09:40,"3.1,3.5,1.85",4회초
2026-09-02T01:40:41+00:00,2026,103,8386,bs,MLB,핸디캡,2,H +2.5,콜로로키 4.5,1 볼티오리,09.02(수) 09:40,"1.4,2.37",4회초
2026-09-02T01:40:41+00:00,2026,103,8387,bs,MLB,언더오버,2,U 11.5,콜로로키,볼티오리,09.02(수) 09:40,"1.65,1.89",4회초
2026-09-02T01:40:41+00:00,2026,103,8388,bs,MLB,홀짝,2,,콜로로키,볼티오리,09.02(수) 09:40,"1.6,2.06",4회초
2026-09-02T01:40:41+00:00,2026,103,8389,bs,MLB,승패,2,,LA에인절 0,0 뉴욕양키,09.02(수) 10:38,"2.4,1.39",1회초
2026-09-02T01:40:41+00:00,2026,103,8390,bs,MLB,승①패,3,승①패,LA에인절 0,0 뉴욕양키,09.02(수) 10:38,"3.85,3.35,1.69",1회초
2026-09-02T01:40:41+00:00,2026,103,8391,bs,MLB,핸디캡,2,H +2.5,LA에인절 2.5,0 뉴욕양키,09.02(수) 10:38,"1.48,2.17",1회초
2026-09-02T01:40:41+00:00,2026,103,8392,bs,MLB,언더오버,2,U 7.5,LA에인절,뉴욕양키,09.02(수) 10:38,"1.79,1.73",1회초
2026-09-02T01:40:41+00:00,2026,103,8393,bs,MLB,홀짝,2,,LA에인절,뉴욕양키,09.02(수) 10:38,"1.59,2.07",1회초
2026-09-02T01:40:41+00:00,2026,103,8394,bs,MLB,승패,2,,애리다이 0,0 필라필리,09.02(수) 10:40,"2.02,1.56",1회초
2026-09-02T01:40:41+00:00,2026,103,8395,bs,MLB,승①패,3,승①패,애리다이 0,0 필라필리,09.02(수) 10:40,"3.05,3.25,1.95",1회초
2026-09-02T01:40:41+00:00,2026,103,8396,bs,MLB,핸디캡,2,H +2.5,애리다이 2.5,0 필라필리,09.02(수) 10:40,"1.34,2.56",1회초
2026-09-02T01:40:41+00:00,2026,103,8397,bs,MLB,언더오버,2,U 7.5,애리다이,필라필리,09.02(수) 10:40,"1.79,1.73",1회초
2026-09-02T01:40:41+00:00,2026,103,8398,bs,MLB,홀짝,2,,애리다이,필라필리,09.02(수) 10:40,"1.58,2.09",1회초
2026-09-02T01:40:41+00:00,2026,103,8399,bs,MLB,승패,2,,LA다저스,세인카디,09.02(수) 11:10,"1.42,2.31",경기전
2026-09-02T01:40:41+00:00,2026,103,8400,bs,MLB,승①패,3,승①패,LA다저스,세인카디,09.02(수) 11:10,"1.88,3.45,3.05",경기전
2026-09-02T01:40:41+00:00,2026,103,8401,bs,MLB,핸디캡,2,H -2.5,LA다저스,세인카디,09.02(수) 11:10,"2.49,1.36",경기전
2026-09-02T01:40:41+00:00,2026,103,8402,bs,MLB,언더오버,2,U 8.5,LA다저스,세인카디,09.02(수) 11:10,"1.93,1.62",경기전
2026-09-02T01:40:41+00:00,2026,103,8403,bs,MLB,홀짝,2,,LA다저스,세인카디,09.02(수) 11:10,"1.6,2.06",경기전
2026-09-02T01:40:41+00:00,2026,103,8404,bs,MLB,전반승무패,3,h(전반),LA다저스,세인카디,09.02(수) 11:10,"1.68,6.2,2.55",경기전
2026-09-02T01:40:41+00:00,2026,103,8405,bs,MLB,전반핸디캡,2,h H -1.5,LA다저스,세인카디,09.02(수) 11:10,"2.34,1.41",경기전
2026-09-02T01:40:41+00:00,2026,103,8406,bs,MLB,전반언더오버,2,h U 4.5,LA다저스,세인카디,09.02(수) 11:10,"1.97,1.59",경기전
2026-09-02T01:40:41+00:00,2026,103,8476,sc,J1리그,승무패,3,,미토홀리,가시마A,09.02(수) 19:00,"3.3,3.1,1.91",경기전
2026-09-02T01:40:41+00:00,2026,103,8477,sc,J1리그,핸디캡,3,H +1.0,미토홀리,가시마A,09.02(수) 19:00,"1.7,3.4,3.75",경기전
2026-09-02T01:40:41+00:00,2026,103,8478,sc,J1리그,언더오버,2,U 2.5,미토홀리,가시마A,09.02(수) 19:00,"1.66,1.87",경기전
2026-09-02T01:40:41+00:00,2026,103,8479,sc,J1리그,홀짝,2,,미토홀리,가시마A,09.02(수) 19:00,"1.81,1.79",경기전
2026-09-02T01:40:41+00:00,2026,103,8480,sc,J1리그,승무패,3,,제프유나,오카야마,09.02(수) 19:00,"3.35,3.1,1.89",경기전
2026-09-02T01:40:41+00:00,2026,103,8481,sc,J1리그,핸디캡,3,H +1.0,제프유나,오카야마,09.02(수) 19:00,"1.72,3.35,3.7",경기전
2026-09-02T01:40:41+00:00,2026,103,8482,sc,J1리그,언더오버,2,U 2.5,제프유나,오카야마,09.02(수) 19:00,"1.69,1.84",경기전
2026-09-02T01:40:41+00:00,2026,103,8483,sc,J1리그,홀짝,2,,제프유나,오카야마,09.02(수) 19:00,"1.81,1.79",경기전
2026-09-02T01:40:41+00:00,2026,103,8484,sc,J1리그,승무패,3,,도쿄베르,비셀고베,09.02(수) 19:00,"3.6,2.85,1.92",경기전
2026-09-02T01:40:41+00:00,2026,103,8485,sc,J1리그,핸디캡,3,H +1.0,도쿄베르,비셀고베,09.02(수) 19:00,"1.71,3.2,3.95",경기전
2026-09-02T01:40:41+00:00,2026,103,8486,sc,J1리그,언더오버,2,U 2.5,도쿄베르,비셀고베,09.02(수) 19:00,"1.43,2.29",경기전
2026-09-02T01:40:41+00:00,2026,103,8487,sc,J1리그,홀짝,2,,도쿄베르,비셀고베,09.02(수) 19:00,"1.82,1.78",경기전
2026-09-02T01:40:41+00:00,2026,103,8488,sc,J1리그,승무패,3,,마치다Z,가와사키,09.02(수) 19:00,"1.83,3.25,3.4",경기전
2026-09-02T01:40:41+00:00,2026,103,8489,sc,J1리그,핸디캡,3,H -1.0,마치다Z,가와사키,09.02(수) 19:00,"3.4,3.4,1.78",경기전
2026-09-02T01:40:41+00:00,2026,103,8490,sc,J1리그,언더오버,2,U 2.5,마치다Z,가와사키,09.02(수) 19:00,"1.82,1.7",경기전
2026-09-02T01:40:41+00:00,2026,103,8491,sc,J1리그,홀짝,2,,마치다Z,가와사키,09.02(수) 19:00,"1.81,1.79",경기전
2026-09-02T01:40:41+00:00,2026,103,8492,sc,J1리그,승무패,3,,요코마리,교토상가,09.02(수) 19:00,"2.03,3.1,3.0",경기전
2026-09-02T01:40:41+00:00,2026,103,8493,sc,J1리그,핸디캡,3,H -1.0,요코마리,교토상가,09.02(수) 19:00,"4.05,3.5,1.62",경기전
2026-09-02T01:40:41+00:00,2026,103,8494,sc,J1리그,언더오버,2,U 2.5,요코마리,교토상가,09.02(수) 19:00,"1.69,1.84",경기전
2026-09-02T01:40:41+00:00,2026,103,8495,sc,J1리그,홀짝,2,,요코마리,교토상가,09.02(수) 19:00,"1.81,1.79",경기전
2026-09-02T01:40:41+00:00,2026,103,8496,sc,J1리그,승무패,3,,시미즈S,FC도쿄,09.02(수) 19:00,"3.25,3.1,1.93",경기전
2026-09-02T01:40:41+00:00,2026,103,8497,sc,J1리그,핸디캡,3,H +1.0,시미즈S,FC도쿄,09.02(수) 19:00,"1.7,3.4,3.75",경기전
2026-09-02T01:40:41+00:00,2026,103,8498,sc,J1리그,언더오버,2,U 2.5,시미즈S,FC도쿄,09.02(수) 19:00,"1.67,1.86",경기전
2026-09-02T01:40:41+00:00,2026,103,8499,sc,J1리그,홀짝,2,,시미즈S,FC도쿄,09.02(수) 19:00,"1.81,1.79",경기전
2026-09-02T01:40:41+00:00,2026,103,8500,sc,J1리그,승무패,3,,C오사카,가시와R,09.02(수) 19:00,"2.7,3.15,2.17",경기전
2026-09-02T01:40:41+00:00,2026,103,8501,sc,J1리그,핸디캡,3,H +1.0,C오사카,가시와R,09.02(수) 19:00,"1.55,3.7,4.25",경기전
2026-09-02T01:40:41+00:00,2026,103,8502,sc,J1리그,언더오버,2,U 2.5,C오사카,가시와R,09.02(수) 19:00,"1.84,1.69",경기전
2026-09-02T01:40:41+00:00,2026,103,8503,sc,J1리그,홀짝,2,,C오사카,가시와R,09.02(수) 19:00,"1.81,1.79",경기전
2026-09-02T01:40:41+00:00,2026,103,8504,sc,J1리그,승무패,3,,산프히로,나고야G,09.02(수) 19:00,"1.44,3.8,5.2",경기전
2026-09-02T01:40:41+00:00,2026,103,8505,sc,J1리그,핸디캡,3,H -1.0,산프히로,나고야G,09.02(수) 19:00,"2.3,3.35,2.4",경기전
2026-09-02T01:40:41+00:00,2026,103,8506,sc,J1리그,언더오버,2,U 2.5,산프히로,나고야G,09.02(수) 19:00,"2.11,1.51",경기전
2026-09-02T01:40:41+00:00,2026,103,8507,sc,J1리그,홀짝,2,,산프히로,나고야G,09.02(수) 19:00,"1.8,1.8",경기전
2026-09-02T01:40:41+00:00,2026,103,8508,sc,J1리그,승무패,3,,후쿠오카,우라와R,09.02(수) 19:00,"2.2,2.9,2.85",경기전
2026-09-02T01:40:41+00:00,2026,103,8509,sc,J1리그,핸디캡,3,H -1.0,후쿠오카,우라와R,09.02(수) 19:00,"4.75,3.55,1.52",경기전
2026-09-02T01:40:41+00:00,2026,103,8510,sc,J1리그,언더오버,2,U 2.5,후쿠오카,우라와R,09.02(수) 19:00,"1.51,2.11",경기전
2026-09-02T01:40:41+00:00,2026,103,8511,sc,J1리그,홀짝,2,,후쿠오카,우라와R,09.02(수) 19:00,"1.82,1.78",경기전
2026-09-02T01:40:41+00:00,2026,103,8512,sc,J1리그,승무패,3,,V바렌나,G오사카,09.02(수) 19:00,"3.05,3.2,1.96",경기전
2026-09-02T01:40:41+00:00,2026,103,8513,sc,J1리그,핸디캡,3,H +1.0,V바렌나,G오사카,09.02(수) 19:00,"1.66,3.55,3.75",경기전
2026-09-02T01:40:41+00:00,2026,103,8514,sc,J1리그,언더오버,2,U 2.5,V바렌나,G오사카,09.02(수) 19:00,"1.84,1.69",경기전
2026-09-02T01:40:41+00:00,2026,103,8515,sc,J1리그,홀짝,2,,V바렌나,G오사카,09.02(수) 19:00,"1.81,1.79",경기전
2026-09-02T01:40:41+00:00,2026,103,8520,sc,이탈FA컵,승무패,3,,사수올로,프로시노,09.02(수) 22:00,"1.72,3.35,3.7",경기전
2026-09-02T01:40:41+00:00,2026,103,8521,sc,이탈FA컵,핸디캡,3,H -1.0,사수올로,프로시노,09.02(수) 22:00,"3.1,3.4,1.88",경기전
2026-09-02T01:40:41+00:00,2026,103,8522,sc,이탈FA컵,언더오버,2,U 2.5,사수올로,프로시노,09.02(수) 22:00,"1.69,1.84",경기전
2026-09-02T01:40:41+00:00,2026,103,8523,sc,이탈FA컵,홀짝,2,,사수올로,프로시노,09.02(수) 22:00,"1.81,1.79",경기전
2026-09-02T01:40:41+00:00,2026,104,8359,bs,MLB,승패,2,,미네트윈 12,1 디트타이,09.02(수) 08:40,"1.77,1.75",6회말
2026-09-02T01:40:41+00:00,2026,104,8360,bs,MLB,승①패,3,승①패,미네트윈 12,1 디트타이,09.02(수) 08:40,"2.55,3.3,2.2",6회말
2026-09-02T01:40:41+00:00,2026,104,8361,bs,MLB,핸디캡,2,H +2.5,미네트윈 14.5,1 디트타이,09.02(수) 08:40,"1.26,2.92",6회말
2026-09-02T01:40:41+00:00,2026,104,8362,bs,MLB,언더오버,2,U 8.5,미네트윈,디트타이,09.02(수) 08:40,"1.81,1.71",6회말
2026-09-02T01:40:41+00:00,2026,104,8363,bs,MLB,홀짝,2,,미네트윈,디트타이,09.02(수) 08:40,"1.59,2.07",6회말
2026-09-02T01:40:41+00:00,2026,104,8364,bs,MLB,승패,2,,캔자로얄 0,6 마이말린,09.02(수) 08:40,"1.67,1.86",8회말
2026-09-02T01:40:41+00:00,2026,104,8365,bs,MLB,승①패,3,승①패,캔자로얄 0,6 마이말린,09.02(수) 08:40,"2.33,3.4,2.35",8회말
2026-09-02T01:40:41+00:00,2026,104,8366,bs,MLB,핸디캡,2,H -2.5,캔자로얄 -2.5,6 마이말린,09.02(수) 08:40,"3.16,1.22",8회말
2026-09-02T01:40:41+00:00,2026,104,8367,bs,MLB,언더오버,2,U 9.5,캔자로얄,마이말린,09.02(수) 08:40,"1.87,1.66",8회말
2026-09-02T01:40:41+00:00,2026,104,8368,bs,MLB,홀짝,2,,캔자로얄,마이말린,09.02(수) 08:40,"1.59,2.07",8회말
2026-09-02T01:40:41+00:00,2026,104,8369,bs,MLB,승패,2,,시카컵스 3,5 밀워브루,09.02(수) 08:40,"1.67,1.86",6회말
2026-09-02T01:40:41+00:00,2026,104,8370,bs,MLB,승①패,3,승①패,시카컵스 3,5 밀워브루,09.02(수) 08:40,"2.35,3.4,2.33",6회말
2026-09-02T01:40:41+00:00,2026,104,8371,bs,MLB,핸디캡,2,H -2.5,시카컵스 0.5,5 밀워브루,09.02(수) 08:40,"3.23,1.21",6회말
2026-09-02T01:40:41+00:00,2026,104,8372,bs,MLB,언더오버,2,U 10.5,시카컵스,밀워브루,09.02(수) 08:40,"1.68,1.85",6회말
2026-09-02T01:40:41+00:00,2026,104,8373,bs,MLB,홀짝,2,,시카컵스,밀워브루,09.02(수) 08:40,"1.59,2.07",6회말
2026-09-02T01:40:41+00:00,2026,104,8374,bs,MLB,승패,2,,텍사레인 2,1 애슬레틱,09.02(수) 09:05,"1.39,2.4",5회말
2026-09-02T01:40:41+00:00,2026,104,8375,bs,MLB,승①패,3,승①패,텍사레인 2,1 애슬레틱,09.02(수) 09:05,"1.86,3.35,3.2",5회말
2026-09-02T01:40:41+00:00,2026,104,8376,bs,MLB,핸디캡,2,H -2.5,텍사레인 -0.5,1 애슬레틱,09.02(수) 09:05,"2.49,1.36",5회말
2026-09-02T01:40:41+00:00,2026,104,8377,bs,MLB,언더오버,2,U 7.5,텍사레인,애슬레틱,09.02(수) 09:05,"1.68,1.85",5회말
2026-09-02T01:40:41+00:00,2026,104,8378,bs,MLB,홀짝,2,,텍사레인,애슬레틱,09.02(수) 09:05,"1.59,2.07",5회말
2026-09-02T01:40:41+00:00,2026,104,8379,bs,MLB,승패,2,,휴스애스 0,0 시카화이,09.02(수) 09:10,"1.82,1.7",5회초
2026-09-02T01:40:41+00:00,2026,104,8380,bs,MLB,승①패,3,승①패,휴스애스 0,0 시카화이,09.02(수) 09:10,"2.65,3.3,2.13",5회초
2026-09-02T01:40:41+00:00,2026,104,8381,bs,MLB,핸디캡,2,H +2.5,휴스애스 2.5,0 시카화이,09.02(수) 09:10,"1.28,2.82",5회초
2026-09-02T01:40:41+00:00,2026,104,8382,bs,MLB,언더오버,2,U 8.5,휴스애스,시카화이,09.02(수) 09:10,"1.78,1.74",5회초
2026-09-02T01:40:41+00:00,2026,104,8383,bs,MLB,홀짝,2,,휴스애스,시카화이,09.02(수) 09:10,"1.59,2.07",5회초
2026-09-02T01:40:41+00:00,2026,104,8384,bs,MLB,승패,2,,콜로로키 2,1 볼티오리,09.02(수) 09:40,"2.05,1.54",4회초
2026-09-02T01:40:41+00:00,2026,104,8385,bs,MLB,승①패,3,승①패,콜로로키 2,1 볼티오리,09.02(수) 09:40,"3.1,3.5,1.85",4회초
2026-09-02T01:40:41+00:00,2026,104,8386,bs,MLB,핸디캡,2,H +2.5,콜로로키 4.5,1 볼티오리,09.02(수) 09:40,"1.4,2.37",4회초
2026-09-02T01:40:41+00:00,2026,104,8387,bs,MLB,언더오버,2,U 11.5,콜로로키,볼티오리,09.02(수) 09:40,"1.65,1.89",4회초
2026-09-02T01:40:41+00:00,2026,104,8388,bs,MLB,홀짝,2,,콜로로키,볼티오리,09.02(수) 09:40,"1.6,2.06",4회초
2026-09-02T01:40:41+00:00,2026,104,8389,bs,MLB,승패,2,,LA에인절 0,0 뉴욕양키,09.02(수) 10:38,"2.4,1.39",1회초
2026-09-02T01:40:41+00:00,2026,104,8390,bs,MLB,승①패,3,승①패,LA에인절 0,0 뉴욕양키,09.02(수) 10:38,"3.95,3.5,1.64",1회초
2026-09-02T01:40:41+00:00,2026,104,8391,bs,MLB,핸디캡,2,H +2.5,LA에인절 2.5,0 뉴욕양키,09.02(수) 10:38,"1.48,2.17",1회초
2026-09-02T01:40:41+00:00,2026,104,8392,bs,MLB,언더오버,2,U 7.5,LA에인절,뉴욕양키,09.02(수) 10:38,"1.79,1.73",1회초
2026-09-02T01:40:41+00:00,2026,104,8393,bs,MLB,홀짝,2,,LA에인절,뉴욕양키,09.02(수) 10:38,"1.59,2.07",1회초
2026-09-02T01:40:41+00:00,2026,104,8394,bs,MLB,승패,2,,애리다이 0,0 필라필리,09.02(수) 10:40,"1.94,1.61",1회초
2026-09-02T01:40:41+00:00,2026,104,8395,bs,MLB,승①패,3,승①패,애리다이 0,0 필라필리,09.02(수) 10:40,"3.05,3.25,1.95",1회초
2026-09-02T01:40:41+00:00,2026,104,8396,bs,MLB,핸디캡,2,H +2.5,애리다이 2.5,0 필라필리,09.02(수) 10:40,"1.34,2.56",1회초
2026-09-02T01:40:41+00:00,2026,104,8397,bs,MLB,언더오버,2,U 7.5,애리다이,필라필리,09.02(수) 10:40,"1.79,1.73",1회초
2026-09-02T01:40:41+00:00,2026,104,8398,bs,MLB,홀짝,2,,애리다이,필라필리,09.02(수) 10:40,"1.58,2.09",1회초
2026-09-02T01:40:41+00:00,2026,104,8399,bs,MLB,승패,2,,LA다저스,세인카디,09.02(수) 11:10,"1.42,2.31",경기전
2026-09-02T01:40:41+00:00,2026,104,8400,bs,MLB,승①패,3,승①패,LA다저스,세인카디,09.02(수) 11:10,"1.88,3.45,3.05",경기전
2026-09-02T01:40:41+00:00,2026,104,8401,bs,MLB,핸디캡,2,H -2.5,LA다저스,세인카디,09.02(수) 11:10,"2.49,1.36",경기전
2026-09-02T01:40:41+00:00,2026,104,8402,bs,MLB,언더오버,2,U 8.5,LA다저스,세인카디,09.02(수) 11:10,"2.0,1.57",경기전
2026-09-02T01:40:41+00:00,2026,104,8403,bs,MLB,홀짝,2,,LA다저스,세인카디,09.02(수) 11:10,"1.6,2.06",경기전
2026-09-02T01:40:41+00:00,2026,104,8404,bs,MLB,전반승무패,3,h(전반),LA다저스,세인카디,09.02(수) 11:10,"1.73,5.8,2.5",경기전
2026-09-02T01:40:41+00:00,2026,104,8405,bs,MLB,전반핸디캡,2,h H -1.5,LA다저스,세인카디,09.02(수) 11:10,"2.34,1.41",경기전
2026-09-02T01:40:41+00:00,2026,104,8406,bs,MLB,전반언더오버,2,h U 4.5,LA다저스,세인카디,09.02(수) 11:10,"1.97,1.59",경기전
2026-09-02T01:40:41+00:00,2026,104,8407,bs,NPB,승패,2,,요미우리,요코베이,09.02(수) 18:00,"1.91,1.63",경기전
2026-09-02T01:40:41+00:00,2026,104,8408,bs,NPB,승①패,3,승①패,요미우리,요코베이,09.02(수) 18:00,"3.15,2.65,2.2",경기전
2026-09-02T01:40:41+00:00,2026,104,8409,bs,NPB,핸디캡,2,H +2.5,요미우리,요코베이,09.02(수) 18:00,"1.24,3.03",경기전
2026-09-02T01:40:41+00:00,2026,104,8410,bs,NPB,언더오버,2,U 6.5,요미우리,요코베이,09.02(수) 18:00,"1.65,1.89",경기전
2026-09-02T01:40:41+00:00,2026,104,8411,bs,NPB,홀짝,2,,요미우리,요코베이,09.02(수) 18:00,"1.64,1.99",경기전
2026-09-02T01:40:41+00:00,2026,104,8412,bs,NPB,승패,2,,야쿠르트,한신,09.02(수) 18:00,"1.96,1.6",경기전
2026-09-02T01:40:41+00:00,2026,104,8413,bs,NPB,승①패,3,승①패,야쿠르트,한신,09.02(수) 18:00,"3.1,2.9,2.07",경기전
2026-09-02T01:40:41+00:00,2026,104,8414,bs,NPB,핸디캡,2,H +2.5,야쿠르트,한신,09.02(수) 18:00,"1.28,2.82",경기전
2026-09-02T01:40:41+00:00,2026,104,8415,bs,NPB,언더오버,2,U 7.5,야쿠르트,한신,09.02(수) 18:00,"1.76,1.76",경기전
2026-09-02T01:40:41+00:00,2026,104,8416,bs,NPB,홀짝,2,,야쿠르트,한신,09.02(수) 18:00,"1.64,1.99",경기전
2026-09-02T01:40:41+00:00,2026,104,8417,bs,NPB,승패,2,,주니치,히로카프,09.02(수) 18:00,"1.48,2.17",경기전
2026-09-02T01:40:41+00:00,2026,104,8418,bs,NPB,승①패,3,승①패,주니치,히로카프,09.02(수) 18:00,"2.18,2.8,3.0",경기전
2026-09-02T01:40:41+00:00,2026,104,8419,bs,NPB,핸디캡,2,H -2.5,주니치,히로카프,09.02(수) 18:00,"3.03,1.24",경기전
2026-09-02T01:40:41+00:00,2026,104,8420,bs,NPB,언더오버,2,U 6.5,주니치,히로카프,09.02(수) 18:00,"1.78,1.74",경기전
2026-09-02T01:40:41+00:00,2026,104,8421,bs,NPB,홀짝,2,,주니치,히로카프,09.02(수) 18:00,"1.64,1.99",경기전
2026-09-02T01:40:41+00:00,2026,104,8422,bs,NPB,승패,2,,닛폰햄,소프트뱅,09.02(수) 18:00,"1.87,1.66",경기전
2026-09-02T01:40:41+00:00,2026,104,8423,bs,NPB,승①패,3,승①패,닛폰햄,소프트뱅,09.02(수) 18:00,"2.9,2.9,2.17",경기전
2026-09-02T01:40:41+00:00,2026,104,8424,bs,NPB,핸디캡,2,H +2.5,닛폰햄,소프트뱅,09.02(수) 18:00,"1.25,2.97",경기전
2026-09-02T01:40:41+00:00,2026,104,8425,bs,NPB,언더오버,2,U 7.5,닛폰햄,소프트뱅,09.02(수) 18:00,"1.8,1.72",경기전
2026-09-02T01:40:41+00:00,2026,104,8426,bs,NPB,홀짝,2,,닛폰햄,소프트뱅,09.02(수) 18:00,"1.64,1.99",경기전
2026-09-02T01:40:41+00:00,2026,104,8427,bs,NPB,승패,2,,라쿠텐,오릭스,09.02(수) 18:00,"1.63,1.91",경기전
2026-09-02T01:40:41+00:00,2026,104,8428,bs,NPB,승①패,3,승①패,라쿠텐,오릭스,09.02(수) 18:00,"2.45,2.8,2.6",경기전
2026-09-02T01:40:41+00:00,2026,104,8429,bs,NPB,핸디캡,2,H -2.5,라쿠텐,오릭스,09.02(수) 18:00,"3.46,1.18",경기전
2026-09-02T01:40:41+00:00,2026,104,8430,bs,NPB,언더오버,2,U 6.5,라쿠텐,오릭스,09.02(수) 18:00,"1.93,1.62",경기전
2026-09-02T01:40:41+00:00,2026,104,8431,bs,NPB,홀짝,2,,라쿠텐,오릭스,09.02(수) 18:00,"1.64,1.99",경기전
2026-09-02T01:40:41+00:00,2026,104,8432,sc,일리그컵,승무패,3,,하치노헤,도치기시,09.02(수) 18:30,"2.7,3.1,2.19",경기전
2026-09-02T01:40:41+00:00,2026,104,8433,sc,일리그컵,핸디캡,3,H +1.0,하치노헤,도치기시,09.02(수) 18:30,"1.53,3.65,4.5",경기전
2026-09-02T01:40:41+00:00,2026,104,8434,sc,일리그컵,언더오버,2,U 2.5,하치노헤,도치기시,09.02(수) 18:30,"1.73,1.79",경기전
2026-09-02T01:40:41+00:00,2026,104,8435,sc,일리그컵,홀짝,2,,하치노헤,도치기시,09.02(수) 18:30,"1.81,1.79",경기전
2026-09-02T01:40:41+00:00,2026,104,8436,bs,KBO,승패,2,,두산,LG,09.02(수) 18:30,"1.99,1.58",경기전
2026-09-02T01:40:41+00:00,2026,104,8437,bs,KBO,승①패,3,승①패,두산,LG,09.02(수) 18:30,"2.9,3.35,1.98",경기전
2026-09-02T01:40:41+00:00,2026,104,8438,bs,KBO,핸디캡,2,H +2.5,두산,LG,09.02(수) 18:30,"1.35,2.53",경기전
2026-09-02T01:40:41+00:00,2026,104,8439,bs,KBO,언더오버,2,U 9.5,두산,LG,09.02(수) 18:30,"1.7,1.82",경기전
2026-09-02T01:40:41+00:00,2026,104,8440,bs,KBO,홀짝,2,,두산,LG,09.02(수) 18:30,"1.62,2.03",경기전
2026-09-02T01:40:41+00:00,2026,104,8441,bs,KBO,전반승무패,3,h(전반),두산,LG,09.02(수) 18:30,"2.3,6.4,1.79",경기전
2026-09-02T01:40:41+00:00,2026,104,8442,bs,KBO,전반핸디캡,2,h H +1.5,두산,LG,09.02(수) 18:30,"1.38,2.43",경기전
2026-09-02T01:40:41+00:00,2026,104,8443,bs,KBO,전반언더오버,2,h U 5.5,두산,LG,09.02(수) 18:30,"1.63,1.91",경기전
2026-09-02T01:40:41+00:00,2026,104,8444,bs,KBO,승패,2,,삼성,롯데,09.02(수) 18:30,"1.45,2.24",경기전
2026-09-02T01:40:41+00:00,2026,104,8445,bs,KBO,승①패,3,승①패,삼성,롯데,09.02(수) 18:30,"1.91,3.55,2.9",경기전
2026-09-02T01:40:41+00:00,2026,104,8446,bs,KBO,핸디캡,2,H -2.5,삼성,롯데,09.02(수) 18:30,"2.46,1.37",경기전
2026-09-02T01:40:41+00:00,2026,104,8447,bs,KBO,언더오버,2,U 10.5,삼성,롯데,09.02(수) 18:30,"1.81,1.71",경기전
2026-09-02T01:40:41+00:00,2026,104,8448,bs,KBO,홀짝,2,,삼성,롯데,09.02(수) 18:30,"1.61,2.04",경기전
2026-09-02T01:40:41+00:00,2026,104,8449,bs,KBO,전반승무패,3,h(전반),삼성,롯데,09.02(수) 18:30,"1.73,6.9,2.35",경기전
2026-09-02T01:40:41+00:00,2026,104,8450,bs,KBO,전반핸디캡,2,h H -1.5,삼성,롯데,09.02(수) 18:30,"2.29,1.43",경기전
2026-09-02T01:40:41+00:00,2026,104,8451,bs,KBO,전반언더오버,2,h U 6.5,삼성,롯데,09.02(수) 18:30,"1.61,1.94",경기전
2026-09-02T01:40:41+00:00,2026,104,8452,bs,KBO,승패,2,,KT,한화,09.02(수) 18:30,"1.7,1.82",경기전
2026-09-02T01:40:41+00:00,2026,104,8453,bs,KBO,승①패,3,승①패,KT,한화,09.02(수) 18:30,"2.4,3.35,2.3",경기전
2026-09-02T01:40:41+00:00,2026,104,8454,bs,KBO,핸디캡,2,H -2.5,KT,한화,09.02(수) 18:30,"3.23,1.21",경기전
2026-09-02T01:40:41+00:00,2026,104,8455,bs,KBO,언더오버,2,U 9.5,KT,한화,09.02(수) 18:30,"1.79,1.73",경기전
2026-09-02T01:40:41+00:00,2026,104,8456,bs,KBO,홀짝,2,,KT,한화,09.02(수) 18:30,"1.61,2.04",경기전
2026-09-02T01:40:41+00:00,2026,104,8457,bs,KBO,전반승무패,3,h(전반),KT,한화,09.02(수) 18:30,"1.98,6.4,2.05",경기전
2026-09-02T01:40:41+00:00,2026,104,8458,bs,KBO,전반핸디캡,2,h H -1.5,KT,한화,09.02(수) 18:30,"2.68,1.31",경기전
2026-09-02T01:40:41+00:00,2026,104,8459,bs,KBO,전반언더오버,2,h U 5.5,KT,한화,09.02(수) 18:30,"1.63,1.91",경기전
2026-09-02T01:40:41+00:00,2026,104,8460,bs,KBO,승패,2,,NC,KIA,09.02(수) 18:30,"1.82,1.7",경기전
2026-09-02T01:40:41+00:00,2026,104,8461,bs,KBO,승①패,3,승①패,NC,KIA,09.02(수) 18:30,"2.55,3.55,2.1",경기전
2026-09-02T01:40:41+00:00,2026,104,8462,bs,KBO,핸디캡,2,H +2.5,NC,KIA,09.02(수) 18:30,"1.3,2.72",경기전
2026-09-02T01:40:41+00:00,2026,104,8463,bs,KBO,언더오버,2,U 11.5,NC,KIA,09.02(수) 18:30,"1.82,1.7",경기전
2026-09-02T01:40:41+00:00,2026,104,8464,bs,KBO,홀짝,2,,NC,KIA,09.02(수) 18:30,"1.6,2.06",경기전
2026-09-02T01:40:41+00:00,2026,104,8465,bs,KBO,전반승무패,3,h(전반),NC,KIA,09.02(수) 18:30,"2.05,7.0,1.93",경기전
2026-09-02T01:40:41+00:00,2026,104,8466,bs,KBO,전반핸디캡,2,h H +1.5,NC,KIA,09.02(수) 18:30,"1.34,2.56",경기전
2026-09-02T01:40:41+00:00,2026,104,8467,bs,KBO,전반언더오버,2,h U 6.5,NC,KIA,09.02(수) 18:30,"1.8,1.72",경기전
2026-09-02T01:40:41+00:00,2026,104,8468,bs,KBO,승패,2,,키움,SSG,09.02(수) 18:30,"1.82,1.7",경기전
2026-09-02T01:40:41+00:00,2026,104,8469,bs,KBO,승①패,3,승①패,키움,SSG,09.02(수) 18:30,"2.65,3.2,2.18",경기전
2026-09-02T01:40:41+00:00,2026,104,8470,bs,KBO,핸디캡,2,H +2.5,키움,SSG,09.02(수) 18:30,"1.27,2.87",경기전
2026-09-02T01:40:41+00:00,2026,104,8471,bs,KBO,언더오버,2,U 8.5,키움,SSG,09.02(수) 18:30,"1.77,1.75",경기전
2026-09-02T01:40:41+00:00,2026,104,8472,bs,KBO,홀짝,2,,키움,SSG,09.02(수) 18:30,"1.62,2.03",경기전
2026-09-02T01:40:41+00:00,2026,104,8473,bs,KBO,전반승무패,3,h(전반),키움,SSG,09.02(수) 18:30,"2.15,5.9,1.94",경기전
2026-09-02T01:40:41+00:00,2026,104,8474,bs,KBO,전반핸디캡,2,h H +1.5,키움,SSG,09.02(수) 18:30,"1.31,2.68",경기전
2026-09-02T01:40:41+00:00,2026,104,8475,bs,KBO,전반언더오버,2,h U 4.5,키움,SSG,09.02(수) 18:30,"1.82,1.7",경기전
2026-09-02T01:40:41+00:00,2026,104,8476,sc,J1리그,승무패,3,,미토홀리,가시마A,09.02(수) 19:00,"3.5,3.2,1.81",경기전
2026-09-02T01:40:41+00:00,2026,104,8477,sc,J1리그,핸디캡,3,H +1.0,미토홀리,가시마A,09.02(수) 19:00,"1.8,3.35,3.4",경기전
2026-09-02T01:40:41+00:00,2026,104,8478,sc,J1리그,언더오버,2,U 2.5,미토홀리,가시마A,09.02(수) 19:00,"1.66,1.87",경기전
2026-09-02T01:40:41+00:00,2026,104,8479,sc,J1리그,홀짝,2,,미토홀리,가시마A,09.02(수) 19:00,"1.81,1.79",경기전
2026-09-02T01:40:41+00:00,2026,104,8480,sc,J1리그,승무패,3,,제프유나,오카야마,09.02(수) 19:00,"3.65,3.2,1.78",경기전
2026-09-02T01:40:41+00:00,2026,104,8481,sc,J1리그,핸디캡,3,H +1.0,제프유나,오카야마,09.02(수) 19:00,"1.83,3.35,3.3",경기전
2026-09-02T01:40:41+00:00,2026,104,8482,sc,J1리그,언더오버,2,U 2.5,제프유나,오카야마,09.02(수) 19:00,"1.74,1.78",경기전
2026-09-02T01:40:41+00:00,2026,104,8483,sc,J1리그,홀짝,2,,제프유나,오카야마,09.02(수) 19:00,"1.81,1.79",경기전
2026-09-02T01:40:41+00:00,2026,104,8484,sc,J1리그,승무패,3,,도쿄베르,비셀고베,09.02(수) 19:00,"3.6,2.85,1.92",경기전
2026-09-02T01:40:41+00:00,2026,104,8485,sc,J1리그,핸디캡,3,H +1.0,도쿄베르,비셀고베,09.02(수) 19:00,"1.71,3.2,3.95",경기전
2026-09-02T01:40:41+00:00,2026,104,8486,sc,J1리그,언더오버,2,U 2.5,도쿄베르,비셀고베,09.02(수) 19:00,"1.43,2.29",경기전
2026-09-02T01:40:41+00:00,2026,104,8487,sc,J1리그,홀짝,2,,도쿄베르,비셀고베,09.02(수) 19:00,"1.82,1.78",경기전
2026-09-02T01:40:41+00:00,2026,104,8488,sc,J1리그,승무패,3,,마치다Z,가와사키,09.02(수) 19:00,"1.83,3.25,3.4",경기전
2026-09-02T01:40:41+00:00,2026,104,8489,sc,J1리그,핸디캡,3,H -1.0,마치다Z,가와사키,09.02(수) 19:00,"3.4,3.4,1.78",경기전
2026-09-02T01:40:41+00:00,2026,104,8490,sc,J1리그,언더오버,2,U 2.5,마치다Z,가와사키,09.02(수) 19:00,"1.82,1.7",경기전
2026-09-02T01:40:41+00:00,2026,104,8491,sc,J1리그,홀짝,2,,마치다Z,가와사키,09.02(수) 19:00,"1.81,1.79",경기전
2026-09-02T01:40:41+00:00,2026,104,8492,sc,J1리그,승무패,3,,요코마리,교토상가,09.02(수) 19:00,"2.03,3.1,3.0",경기전
2026-09-02T01:40:41+00:00,2026,104,8493,sc,J1리그,핸디캡,3,H -1.0,요코마리,교토상가,09.02(수) 19:00,"4.05,3.5,1.62",경기전
2026-09-02T01:40:41+00:00,2026,104,8494,sc,J1리그,언더오버,2,U 2.5,요코마리,교토상가,09.02(수) 19:00,"1.69,1.84",경기전
2026-09-02T01:40:41+00:00,2026,104,8495,sc,J1리그,홀짝,2,,요코마리,교토상가,09.02(수) 19:00,"1.81,1.79",경기전
2026-09-02T01:40:41+00:00,2026,104,8496,sc,J1리그,승무패,3,,시미즈S,FC도쿄,09.02(수) 19:00,"3.25,3.1,1.93",경기전
2026-09-02T01:40:41+00:00,2026,104,8497,sc,J1리그,핸디캡,3,H +1.0,시미즈S,FC도쿄,09.02(수) 19:00,"1.7,3.4,3.75",경기전
2026-09-02T01:40:41+00:00,2026,104,8498,sc,J1리그,언더오버,2,U 2.5,시미즈S,FC도쿄,09.02(수) 19:00,"1.67,1.86",경기전
2026-09-02T01:40:41+00:00,2026,104,8499,sc,J1리그,홀짝,2,,시미즈S,FC도쿄,09.02(수) 19:00,"1.81,1.79",경기전
2026-09-02T01:40:41+00:00,2026,104,8500,sc,J1리그,승무패,3,,C오사카,가시와R,09.02(수) 19:00,"2.85,3.2,2.06",경기전
2026-09-02T01:40:41+00:00,2026,104,8501,sc,J1리그,핸디캡,3,H +1.0,C오사카,가시와R,09.02(수) 19:00,"1.61,3.6,4.0",경기전
2026-09-02T01:40:41+00:00,2026,104,8502,sc,J1리그,언더오버,2,U 2.5,C오사카,가시와R,09.02(수) 19:00,"1.84,1.69",경기전
2026-09-02T01:40:41+00:00,2026,104,8503,sc,J1리그,홀짝,2,,C오사카,가시와R,09.02(수) 19:00,"1.81,1.79",경기전
2026-09-02T01:40:41+00:00,2026,104,8504,sc,J1리그,승무패,3,,산프히로,나고야G,09.02(수) 19:00,"1.44,3.8,5.2",경기전
2026-09-02T01:40:41+00:00,2026,104,8505,sc,J1리그,핸디캡,3,H -1.0,산프히로,나고야G,09.02(수) 19:00,"2.3,3.35,2.4",경기전
2026-09-02T01:40:41+00:00,2026,104,8506,sc,J1리그,언더오버,2,U 2.5,산프히로,나고야G,09.02(수) 19:00,"2.11,1.51",경기전
2026-09-02T01:40:41+00:00,2026,104,8507,sc,J1리그,홀짝,2,,산프히로,나고야G,09.02(수) 19:00,"1.8,1.8",경기전
2026-09-02T01:40:41+00:00,2026,104,8508,sc,J1리그,승무패,3,,후쿠오카,우라와R,09.02(수) 19:00,"2.2,2.9,2.85",경기전
2026-09-02T01:40:41+00:00,2026,104,8509,sc,J1리그,핸디캡,3,H -1.0,후쿠오카,우라와R,09.02(수) 19:00,"4.75,3.55,1.52",경기전
2026-09-02T01:40:41+00:00,2026,104,8510,sc,J1리그,언더오버,2,U 2.5,후쿠오카,우라와R,09.02(수) 19:00,"1.51,2.11",경기전
2026-09-02T01:40:41+00:00,2026,104,8511,sc,J1리그,홀짝,2,,후쿠오카,우라와R,09.02(수) 19:00,"1.82,1.78",경기전
2026-09-02T01:40:41+00:00,2026,104,8512,sc,J1리그,승무패,3,,V바렌나,G오사카,09.02(수) 19:00,"3.05,3.2,1.96",경기전
2026-09-02T01:40:41+00:00,2026,104,8513,sc,J1리그,핸디캡,3,H +1.0,V바렌나,G오사카,09.02(수) 19:00,"1.66,3.55,3.75",경기전
2026-09-02T01:40:41+00:00,2026,104,8514,sc,J1리그,언더오버,2,U 2.5,V바렌나,G오사카,09.02(수) 19:00,"1.84,1.69",경기전
2026-09-02T01:40:41+00:00,2026,104,8515,sc,J1리그,홀짝,2,,V바렌나,G오사카,09.02(수) 19:00,"1.81,1.79",경기전
2026-09-02T01:40:41+00:00,2026,104,8516,sc,일리그컵,승무패,3,,미야자키,K도야마,09.02(수) 19:00,"2.9,3.05,2.1",경기전
2026-09-02T01:40:41+00:00,2026,104,8517,sc,일리그컵,핸디캡,3,H +1.0,미야자키,K도야마,09.02(수) 19:00,"1.58,3.55,4.25",경기전
2026-09-02T01:40:41+00:00,2026,104,8518,sc,일리그컵,언더오버,2,U 2.5,미야자키,K도야마,09.02(수) 19:00,"1.67,1.86",경기전
2026-09-02T01:40:41+00:00,2026,104,8519,sc,일리그컵,홀짝,2,,미야자키,K도야마,09.02(수) 19:00,"1.81,1.79",경기전
2026-09-02T01:40:41+00:00,2026,104,8520,sc,이탈FA컵,승무패,3,,사수올로,프로시노,09.02(수) 22:00,"1.72,3.35,3.7",경기전
2026-09-02T01:40:41+00:00,2026,104,8521,sc,이탈FA컵,핸디캡,3,H -1.0,사수올로,프로시노,09.02(수) 22:00,"3.1,3.4,1.88",경기전
2026-09-02T01:40:41+00:00,2026,104,8522,sc,이탈FA컵,언더오버,2,U 2.5,사수올로,프로시노,09.02(수) 22:00,"1.85,1.68",경기전
2026-09-02T01:40:41+00:00,2026,104,8523,sc,이탈FA컵,홀짝,2,,사수올로,프로시노,09.02(수) 22:00,"1.81,1.79",경기전
2026-09-02T01:40:41+00:00,2026,104,8524,sc,리그스컵,승무패,3,,톨루카,레온,09.03(목) 10:00,"1.7,3.5,3.65",경기전
2026-09-02T01:40:41+00:00,2026,104,8525,sc,리그스컵,핸디캡,3,H -1.0,톨루카,레온,09.03(목) 10:00,"2.95,3.45,1.92",경기전
2026-09-02T01:40:41+00:00,2026,104,8526,sc,리그스컵,언더오버,2,U 2.5,톨루카,레온,09.03(목) 10:00,"2.07,1.53",경기전
2026-09-02T01:40:41+00:00,2026,104,8527,sc,리그스컵,홀짝,2,,톨루카,레온,09.03(목) 10:00,"1.8,1.8",경기전
2026-09-02T01:40:41+00:00,2026,104,8528,sc,리그스컵,승무패,3,,아메리카,몬테레이,09.03(목) 12:30,"2.06,3.25,2.8",경기전
2026-09-02T01:40:41+00:00,2026,104,8529,sc,리그스컵,핸디캡,3,H -1.0,아메리카,몬테레이,09.03(목) 12:30,"4.0,3.7,1.59",경기전
2026-09-02T01:40:41+00:00,2026,104,8530,sc,리그스컵,언더오버,2,U 2.5,아메리카,몬테레이,09.03(목) 12:30,"1.93,1.62",경기전
2026-09-02T01:40:41+00:00,2026,104,8531,sc,리그스컵,홀짝,2,,아메리카,몬테레이,09.03(목) 12:30,"1.81,1.79",경기전
2026-09-02T01:40:41+00:00,2026,104,8532,sc,이탈FA컵,승무패,3,,우디네세,베네치아,09.03(목) 01:00,"1.82,3.15,3.55",경기전
2026-09-02T01:40:41+00:00,2026,104,8533,sc,이탈FA컵,핸디캡,3,H -1.0,우디네세,베네치아,09.03(목) 01:00,"3.4,3.3,1.81",경기전
2026-09-02T01:40:41+00:00,2026,104,8534,sc,이탈FA컵,언더오버,2,U 2.5,우디네세,베네치아,09.03(목) 01:00,"1.7,1.82",경기전
2026-09-02T01:40:41+00:00,2026,104,8535,sc,이탈FA컵,홀짝,2,,우디네세,베네치아,09.03(목) 01:00,"1.81,1.79",경기전
2026-09-02T01:40:41+00:00,2026,104,8551,sc,EFL챔,승무패,3,,밀월,렉섬,09.03(목) 03:45,"2.07,3.1,2.9",경기전
2026-09-02T01:40:41+00:00,2026,104,8552,sc,EFL챔,핸디캡,3,H -1.0,밀월,렉섬,09.03(목) 03:45,"4.2,3.55,1.59",경기전
2026-09-02T01:40:41+00:00,2026,104,8553,sc,EFL챔,언더오버,2,U 2.5,밀월,렉섬,09.03(목) 03:45,"1.71,1.81",경기전
2026-09-02T01:40:41+00:00,2026,104,8554,sc,EFL챔,홀짝,2,,밀월,렉섬,09.03(목) 03:45,"1.81,1.79",경기전
2026-09-02T01:40:41+00:00,2026,104,8555,sc,EFL챔,승무패,3,,퀸즈파크,카디프C,09.03(목) 03:45,"1.81,3.35,3.35",경기전
2026-09-02T01:40:41+00:00,2026,104,8556,sc,EFL챔,핸디캡,3,H -1.0,퀸즈파크,카디프C,09.03(목) 03:45,"3.3,3.5,1.78",경기전
2026-09-02T01:40:41+00:00,2026,104,8557,sc,EFL챔,언더오버,2,U 2.5,퀸즈파크,카디프C,09.03(목) 03:45,"1.96,1.6",경기전
2026-09-02T01:40:41+00:00,2026,104,8558,sc,EFL챔,홀짝,2,,퀸즈파크,카디프C,09.03(목) 03:45,"1.81,1.79",경기전
2026-09-02T01:40:41+00:00,2026,104,8559,sc,EFL챔,승무패,3,,웨스브로,찰턴A,09.03(목) 03:45,"1.68,3.2,4.15",경기전
2026-09-02T01:40:41+00:00,2026,104,8560,sc,EFL챔,핸디캡,3,H -1.0,웨스브로,찰턴A,09.03(목) 03:45,"3.1,3.2,1.94",경기전
2026-09-02T01:40:41+00:00,2026,104,8561,sc,EFL챔,언더오버,2,U 2.5,웨스브로,찰턴A,09.03(목) 03:45,"1.63,1.91",경기전
2026-09-02T01:40:41+00:00,2026,104,8562,sc,EFL챔,홀짝,2,,웨스브로,찰턴A,09.03(목) 03:45,"1.81,1.79",경기전
2026-09-02T01:40:41+00:00,2026,104,8563,sc,EFL챔,승무패,3,,번리,미들즈브,09.03(목) 04:00,"2.6,3.25,2.19",경기전
2026-09-02T01:40:41+00:00,2026,104,8564,sc,EFL챔,핸디캡,3,H +1.0,번리,미들즈브,09.03(목) 04:00,"1.52,3.8,4.4",경기전
2026-09-02T01:40:41+00:00,2026,104,8565,sc,EFL챔,언더오버,2,U 2.5,번리,미들즈브,09.03(목) 04:00,"1.94,1.61",경기전
2026-09-02T01:40:41+00:00,2026,104,8566,sc,EFL챔,홀짝,2,,번리,미들즈브,09.03(목) 04:00,"1.81,1.79",경기전
2026-09-02T01:40:41+00:00,2026,104,8695,sc,프리그1,승무패,3,,툴루즈,릴OSC,09.04(금) 03:45,"3.05,3.05,2.03",경기전
2026-09-02T01:40:41+00:00,2026,104,8696,sc,프리그1,핸디캡,3,H +1.0,툴루즈,릴OSC,09.04(금) 03:45,"1.62,3.5,4.05",경기전
2026-09-02T01:40:41+00:00,2026,104,8697,sc,프리그1,핸디캡,3,H +2.0,툴루즈,릴OSC,09.04(금) 03:45,"1.14,5.9,9.7",경기전
2026-09-02T01:40:41+00:00,2026,104,8698,sc,프리그1,언더오버,2,U 2.5,툴루즈,릴OSC,09.04(금) 03:45,"1.66,1.87",경기전
2026-09-02T01:40:41+00:00,2026,104,8699,sc,프리그1,홀짝,2,,툴루즈,릴OSC,09.04(금) 03:45,"1.81,1.79",경기전
2026-09-02T01:40:41+00:00,2026,104,8700,sc,라리가,승무패,3,,소시에다,셀타비고,09.04(금) 04:00,"1.84,3.25,3.5",경기전
2026-09-02T01:40:41+00:00,2026,104,8701,sc,라리가,핸디캡,3,H -1.0,소시에다,셀타비고,09.04(금) 04:00,"3.4,3.4,1.78",경기전
2026-09-02T01:40:41+00:00,2026,104,8702,sc,라리가,핸디캡,3,H -2.0,소시에다,셀타비고,09.04(금) 04:00,"7.4,5.3,1.21",경기전
2026-09-02T01:40:41+00:00,2026,104,8703,sc,라리가,언더오버,2,U 2.5,소시에다,셀타비고,09.04(금) 04:00,"1.79,1.77",경기전
2026-09-02T01:40:41+00:00,2026,104,8704,sc,라리가,홀짝,2,,소시에다,셀타비고,09.04(금) 04:00,"1.81,1.79",경기전
2026-09-02T01:40:41+00:00,2026,104,8815,sc,K리그2,승무패,3,,충북청주,서울이랜,09.04(금) 19:30,"3.7,3.35,1.72",경기전
2026-09-02T01:40:41+00:00,2026,104,8816,sc,K리그2,핸디캡,3,H +1.0,충북청주,서울이랜,09.04(금) 19:30,"1.89,3.35,3.1",경기전
2026-09-02T01:40:41+00:00,2026,104,8817,sc,K리그2,언더오버,2,U 2.5,충북청주,서울이랜,09.04(금) 19:30,"1.89,1.65",경기전
2026-09-02T01:40:41+00:00,2026,104,8818,sc,K리그2,홀짝,2,,충북청주,서울이랜,09.04(금) 19:30,"1.81,1.79",경기전
2026-09-02T01:40:41+00:00,2026,104,8819,sc,K리그2,승무패,3,,파주프런,대구FC,09.04(금) 19:30,"4.25,3.65,1.56",경기전
2026-09-02T01:40:41+00:00,2026,104,8820,sc,K리그2,핸디캡,3,H +1.0,파주프런,대구FC,09.04(금) 19:30,"2.12,3.4,2.6",경기전
2026-09-02T01:40:41+00:00,2026,104,8821,sc,K리그2,언더오버,2,U 2.5,파주프런,대구FC,09.04(금) 19:30,"2.13,1.5",경기전
2026-09-02T01:40:41+00:00,2026,104,8822,sc,K리그2,홀짝,2,,파주프런,대구FC,09.04(금) 19:30,"1.8,1.8",경기전
2026-09-02T02:41:36+00:00,2026,103,8058,bs,MLB,승패,2,,시카컵스 5,7 신시레즈,08.31(월) 08:20,"1.55,2.04",홈패
2026-09-02T02:41:36+00:00,2026,103,8059,bs,MLB,승①패,3,승①패,시카컵스 5,7 신시레즈,08.31(월) 08:20,"2.14,3.35,2.6",홈패
2026-09-02T02:41:36+00:00,2026,103,8060,bs,MLB,핸디캡,2,H -2.5,시카컵스 2.5,7 신시레즈,08.31(월) 08:20,"2.92,1.26",핸디패
2026-09-02T02:41:36+00:00,2026,103,8061,bs,MLB,언더오버,2,U 8.5,시카컵스,신시레즈,08.31(월) 08:20,"1.94,1.61",오버
2026-09-02T02:41:36+00:00,2026,103,8062,bs,MLB,홀짝,2,,시카컵스,신시레즈,08.31(월) 08:20,"1.59,2.07",짝
2026-09-02T02:41:36+00:00,2026,103,8063,bs,MLB,전반승무패,3,h(전반),시카컵스 3,6 신시레즈,08.31(월) 08:20,"1.84,5.8,2.3",홈패
2026-09-02T02:41:36+00:00,2026,103,8064,bs,MLB,전반핸디캡,2,h H -1.5,시카컵스 1.5,6 신시레즈,08.31(월) 08:20,"2.64,1.32",핸디패
2026-09-02T02:41:36+00:00,2026,103,8065,bs,MLB,전반언더오버,2,h U 4.5,시카컵스,신시레즈,08.31(월) 08:20,"1.82,1.7",오버
2026-09-02T02:41:36+00:00,2026,103,8066,bk,남농월예,승패,2,,한국M 85,72 사우디M,08.31(월) 19:00,"1.11,4.25",홈승
2026-09-02T02:41:36+00:00,2026,103,8067,bk,남농월예,핸디캡,2,H -11.5,한국M 73.5,72 사우디M,08.31(월) 19:00,"1.76,1.76",핸디승
2026-09-02T02:41:36+00:00,2026,103,8068,bk,남농월예,언더오버,2,U 163.5,한국M,사우디M,08.31(월) 19:00,"1.77,1.75",언더
2026-09-02T02:41:36+00:00,2026,103,8069,bk,남농월예,홀짝,2,,한국M,사우디M,08.31(월) 19:00,"1.8,1.8",홀
2026-09-02T02:41:36+00:00,2026,103,8070,bk,남농월예,승패,2,,일본M 123,70 카타르M,08.31(월) 19:10,"1.0,1.0",홈승
2026-09-02T02:41:36+00:00,2026,103,8071,bk,남농월예,핸디캡,2,H -36.5,일본M 86.5,70 카타르M,08.31(월) 19:10,"1.74,1.78",핸디승
2026-09-02T02:41:36+00:00,2026,103,8072,bk,남농월예,언더오버,2,U 169.5,일본M,카타르M,08.31(월) 19:10,"1.79,1.73",오버
2026-09-02T02:41:36+00:00,2026,103,8073,bk,남농월예,홀짝,2,,일본M,카타르M,08.31(월) 19:10,"1.8,1.8",홀
2026-09-02T02:41:36+00:00,2026,103,8074,bk,남농월예,승패,2,,중국M 89,87 레바논M,08.31(월) 20:30,"1.39,2.4",홈승
2026-09-02T02:41:36+00:00,2026,103,8075,bk,남농월예,핸디캡,2,H -4.5,중국M 84.5,87 레바논M,08.31(월) 20:30,"1.77,1.75",핸디패
2026-09-02T02:41:36+00:00,2026,103,8076,bk,남농월예,언더오버,2,U 166.5,중국M,레바논M,08.31(월) 20:30,"1.79,1.73",오버
2026-09-02T02:41:36+00:00,2026,103,8077,bk,남농월예,홀짝,2,,중국M,레바논M,08.31(월) 20:30,"1.8,1.8",짝
2026-09-02T02:41:36+00:00,2026,103,8078,bk,남농월예,승패,2,,리투아M 78,73 보스니M,09.01(화) 00:30,"1.93,1.62",홈승
2026-09-02T02:41:36+00:00,2026,103,8079,bk,남농월예,핸디캡,2,H +2.5,리투아M 80.5,73 보스니M,09.01(화) 00:30,"1.73,1.79",핸디승
2026-09-02T02:41:36+00:00,2026,103,8080,bk,남농월예,언더오버,2,U 166.5,리투아M,보스니M,09.01(화) 00:30,"1.79,1.73",언더
2026-09-02T02:41:36+00:00,2026,103,8081,bk,남농월예,홀짝,2,,리투아M,보스니M,09.01(화) 00:30,"1.8,1.8",홀
2026-09-02T02:41:36+00:00,2026,103,8082,bk,남농월예,승패,2,,그리스M 108,106 스페인M,09.01(화) 01:00,"1.87,1.66",홈승
2026-09-02T02:41:36+00:00,2026,103,8083,bk,남농월예,핸디캡,2,H +1.5,그리스M 109.5,106 스페인M,09.01(화) 01:00,"1.75,1.77",핸디승
2026-09-02T02:41:36+00:00,2026,103,8084,bk,남농월예,언더오버,2,U 162.5,그리스M,스페인M,09.01(화) 01:00,"1.76,1.76",오버
2026-09-02T02:41:36+00:00,2026,103,8085,bk,남농월예,홀짝,2,,그리스M,스페인M,09.01(화) 01:00,"1.8,1.8",짝
2026-09-02T02:41:36+00:00,2026,103,8086,sc,세리에A,승무패,3,,US레체 0,4 AS로마,09.01(화) 01:30,"6.2,3.95,1.36",홈패
2026-09-02T02:41:36+00:00,2026,103,8087,sc,세리에A,핸디캡,3,H +1.0,US레체 1,4 AS로마,09.01(화) 01:30,"2.65,3.0,2.28",핸디패
2026-09-02T02:41:36+00:00,2026,103,8088,sc,세리에A,핸디캡,3,H +2.0,US레체 2,4 AS로마,09.01(화) 01:30,"1.52,3.9,4.25",핸디패
2026-09-02T02:41:36+00:00,2026,103,8089,sc,세리에A,언더오버,2,U 2.5,US레체,AS로마,09.01(화) 01:30,"1.73,1.79",오버
2026-09-02T02:41:36+00:00,2026,103,8090,sc,세리에A,홀짝,2,,US레체,AS로마,09.01(화) 01:30,"1.81,1.79",짝
2026-09-02T02:41:36+00:00,2026,103,8091,sc,라리가,승무패,3,,오사수나 1,0 헤타페,09.01(화) 02:30,"2.03,2.6,3.85",홈승
2026-09-02T02:41:36+00:00,2026,103,8092,sc,라리가,핸디캡,3,H -1.0,오사수나 0,0 헤타페,09.01(화) 02:30,"4.55,3.05,1.66",핸디무
2026-09-02T02:41:36+00:00,2026,103,8093,sc,라리가,핸디캡,3,H -2.0,오사수나 -1,0 헤타페,09.01(화) 02:30,"11.5,5.9,1.12",핸디패
2026-09-02T02:41:36+00:00,2026,103,8094,sc,라리가,언더오버,2,U 2.5,오사수나,헤타페,09.01(화) 02:30,"1.35,2.61",언더
2026-09-02T02:41:36+00:00,2026,103,8095,sc,라리가,홀짝,2,,오사수나,헤타페,09.01(화) 02:30,"1.83,1.77",홀
2026-09-02T02:41:36+00:00,2026,103,8096,bk,남농월예,승패,2,,이탈리M 64,76 세르비M,09.01(화) 02:30,"2.92,1.26",홈패
2026-09-02T02:41:36+00:00,2026,103,8097,bk,남농월예,핸디캡,2,H +6.5,이탈리M 70.5,76 세르비M,09.01(화) 02:30,"1.81,1.71",핸디패
2026-09-02T02:41:36+00:00,2026,103,8098,bk,남농월예,언더오버,2,U 170.5,이탈리M,세르비M,09.01(화) 02:30,"1.77,1.75",언더
2026-09-02T02:41:36+00:00,2026,103,8099,bk,남농월예,홀짝,2,,이탈리M,세르비M,09.01(화) 02:30,"1.8,1.8",짝
2026-09-02T02:41:36+00:00,2026,103,8100,bk,남농월예,승패,2,,포르투M 90,98 조지아M,09.01(화) 03:00,"2.07,1.53",홈패
2026-09-02T02:41:36+00:00,2026,103,8101,bk,남농월예,핸디캡,2,H +2.5,포르투M 92.5,98 조지아M,09.01(화) 03:00,"1.78,1.74",핸디패
2026-09-02T02:41:36+00:00,2026,103,8102,bk,남농월예,언더오버,2,U 160.5,포르투M,조지아M,09.01(화) 03:00,"1.76,1.76",오버
2026-09-02T02:41:36+00:00,2026,103,8103,bk,남농월예,홀짝,2,,포르투M,조지아M,09.01(화) 03:00,"1.8,1.8",짝
2026-09-02T02:41:36+00:00,2026,103,8104,bk,남농월예,승패,2,,몬테네M 89,98 우크라M,09.01(화) 03:30,"2.22,1.46",홈패
2026-09-02T02:41:36+00:00,2026,103,8105,bk,남농월예,핸디캡,2,H +3.5,몬테네M 92.5,98 우크라M,09.01(화) 03:30,"1.76,1.76",핸디패
2026-09-02T02:41:36+00:00,2026,103,8106,bk,남농월예,언더오버,2,U 159.5,몬테네M,우크라M,09.01(화) 03:30,"1.74,1.78",오버
2026-09-02T02:41:36+00:00,2026,103,8107,bk,남농월예,홀짝,2,,몬테네M,우크라M,09.01(화) 03:30,"1.8,1.8",홀
2026-09-02T02:41:36+00:00,2026,103,8108,sc,세리에A,승무패,3,,아탈란타 1,0 볼로냐,09.01(화) 03:45,"1.74,3.2,3.8",홈승
2026-09-02T02:41:36+00:00,2026,103,8109,sc,세리에A,핸디캡,3,H -1.0,아탈란타 0,0 볼로냐,09.01(화) 03:45,"3.4,3.15,1.86",핸디무
2026-09-02T02:41:36+00:00,2026,103,8110,sc,세리에A,핸디캡,3,H -2.0,아탈란타 -1,0 볼로냐,09.01(화) 03:45,"6.7,5.0,1.25",핸디패
2026-09-02T02:41:36+00:00,2026,103,8111,sc,세리에A,언더오버,2,U 2.5,아탈란타,볼로냐,09.01(화) 03:45,"1.81,1.71",언더
2026-09-02T02:41:36+00:00,2026,103,8112,sc,세리에A,홀짝,2,,아탈란타,볼로냐,09.01(화) 03:45,"1.81,1.79",홀
2026-09-02T02:41:36+00:00,2026,103,8113,sc,EPL,승무패,3,,A빌라 0,1 아스널,09.01(화) 04:00,"5.8,4.3,1.39",홈패
2026-09-02T02:41:36+00:00,2026,103,8114,sc,EPL,핸디캡,3,H +1.0,A빌라 1,1 아스널,09.01(화) 04:00,"2.55,3.45,2.2",핸디무
2026-09-02T02:41:36+00:00,2026,103,8115,sc,EPL,핸디캡,3,H +2.0,A빌라 2,1 아스널,09.01(화) 04:00,"1.57,3.95,4.05",핸디승
2026-09-02T02:41:36+00:00,2026,103,8116,sc,EPL,언더오버,2,U 2.5,A빌라,아스널,09.01(화) 04:00,"2.04,1.58",언더
2026-09-02T02:41:36+00:00,2026,103,8117,sc,EPL,홀짝,2,,A빌라,아스널,09.01(화) 04:00,"1.81,1.79",홀
2026-09-02T02:41:36+00:00,2026,103,8118,sc,라리가,승무패,3,,바르셀로 5,2 라요바예,09.01(화) 04:30,"1.06,7.7,16.0",홈승
2026-09-02T02:41:36+00:00,2026,103,8119,sc,라리가,핸디캡,3,H -1.0,바르셀로 4,2 라요바예,09.01(화) 04:30,"1.25,5.4,6.1",핸디승
2026-09-02T02:41:36+00:00,2026,103,8120,sc,라리가,핸디캡,3,H -2.0,바르셀로 3,2 라요바예,09.01(화) 04:30,"1.68,3.6,3.6",핸디승
2026-09-02T02:41:36+00:00,2026,103,8121,sc,라리가,핸디캡,2,H -3.5,바르셀로 1.5,2 라요바예,09.01(화) 04:30,"2.6,1.33",핸디패
2026-09-02T02:41:36+00:00,2026,103,8122,sc,라리가,언더오버,2,U 3.5,바르셀로,라요바예,09.01(화) 04:30,"2.19,1.5",오버
2026-09-02T02:41:36+00:00,2026,103,8123,sc,라리가,홀짝,2,,바르셀로,라요바예,09.01(화) 04:30,"1.8,1.8",홀
2026-09-02T02:41:36+00:00,2026,103,8124,bk,남농월예,승패,2,,아이슬M 73,110 튀르키M,09.01(화) 04:30,"1.0,1.0",홈패
2026-09-02T02:41:36+00:00,2026,103,8125,bk,남농월예,핸디캡,2,H +16.5,아이슬M 89.5,110 튀르키M,09.01(화) 04:30,"1.72,1.8",핸디패
2026-09-02T02:41:36+00:00,2026,103,8126,bk,남농월예,언더오버,2,U 171.5,아이슬M,튀르키M,09.01(화) 04:30,"1.76,1.76",오버
2026-09-02T02:41:36+00:00,2026,103,8127,bk,남농월예,홀짝,2,,아이슬M,튀르키M,09.01(화) 04:30,"1.8,1.8",홀
2026-09-02T02:41:36+00:00,2026,103,8128,bs,MLB,승패,2,,애틀브레 3,7 샌프자이,09.01(화) 07:05,"1.48,2.17",홈패
2026-09-02T02:41:36+00:00,2026,103,8129,bs,MLB,승①패,3,승①패,애틀브레 3,7 샌프자이,09.01(화) 07:05,"1.97,3.45,2.85",홈패
2026-09-02T02:41:36+00:00,2026,103,8130,bs,MLB,핸디캡,2,H -2.5,애틀브레 0.5,7 샌프자이,09.01(화) 07:05,"2.43,1.38",핸디패
2026-09-02T02:41:36+00:00,2026,103,8131,bs,MLB,언더오버,2,U 8.5,애틀브레,샌프자이,09.01(화) 07:05,"1.8,1.72",오버
2026-09-02T02:41:36+00:00,2026,103,8132,bs,MLB,홀짝,2,,애틀브레,샌프자이,09.01(화) 07:05,"1.59,2.07",짝
2026-09-02T02:41:36+00:00,2026,103,8133,bs,MLB,승패,2,,탬파레이 2,3 뉴욕메츠,09.01(화) 07:40,"1.39,2.4",홈패
2026-09-02T02:41:36+00:00,2026,103,8134,bs,MLB,승①패,3,승①패,탬파레이 2,3 뉴욕메츠,09.01(화) 07:40,"1.86,3.45,3.1",①
2026-09-02T02:41:36+00:00,2026,103,8135,bs,MLB,핸디캡,2,H -2.5,탬파레이 -0.5,3 뉴욕메츠,09.01(화) 07:40,"2.56,1.34",핸디패
2026-09-02T02:41:36+00:00,2026,103,8136,bs,MLB,언더오버,2,U 7.5,탬파레이,뉴욕메츠,09.01(화) 07:40,"1.89,1.65",언더
2026-09-02T02:41:36+00:00,2026,103,8137,bs,MLB,홀짝,2,,탬파레이,뉴욕메츠,09.01(화) 07:40,"1.59,2.07",홀
2026-09-02T02:41:36+00:00,2026,103,8138,bs,MLB,승패,2,,신시레즈 0,5 샌디파드,09.01(화) 07:40,"2.13,1.5",홈패
2026-09-02T02:41:36+00:00,2026,103,8139,bs,MLB,승①패,3,승①패,신시레즈 0,5 샌디파드,09.01(화) 07:40,"3.25,3.4,1.83",홈패
2026-09-02T02:41:36+00:00,2026,103,8140,bs,MLB,핸디캡,2,H +2.5,신시레즈 2.5,5 샌디파드,09.01(화) 07:40,"1.41,2.34",핸디패
2026-09-02T02:41:36+00:00,2026,103,8141,bs,MLB,언더오버,2,U 9.5,신시레즈,샌디파드,09.01(화) 07:40,"1.65,1.89",언더
2026-09-02T02:41:36+00:00,2026,103,8142,bs,MLB,홀짝,2,,신시레즈,샌디파드,09.01(화) 07:40,"1.6,2.06",홀
2026-09-02T02:41:36+00:00,2026,103,8143,bs,MLB,승패,2,,워싱내셔 6,3 마이말린,09.01(화) 07:45,"1.86,1.67",홈승
2026-09-02T02:41:36+00:00,2026,103,8144,bs,MLB,승①패,3,승①패,워싱내셔 6,3 마이말린,09.01(화) 07:45,"2.75,3.3,2.07",홈승
2026-09-02T02:41:36+00:00,2026,103,8145,bs,MLB,핸디캡,2,H +2.5,워싱내셔 8.5,3 마이말린,09.01(화) 07:45,"1.29,2.77",핸디승
2026-09-02T02:41:36+00:00,2026,103,8146,bs,MLB,언더오버,2,U 8.5,워싱내셔,마이말린,09.01(화) 07:45,"1.84,1.69",오버
2026-09-02T02:41:36+00:00,2026,103,8147,bs,MLB,홀짝,2,,워싱내셔,마이말린,09.01(화) 07:45,"1.59,2.07",홀
2026-09-02T02:41:36+00:00,2026,103,8148,bs,MLB,승패,2,,보스레드 9,8 시애매리,09.01(화) 07:45,"1.45,2.24",홈승
2026-09-02T02:41:36+00:00,2026,103,8149,bs,MLB,승①패,3,승①패,보스레드 9,8 시애매리,09.01(화) 07:45,"1.97,3.3,2.95",①
2026-09-02T02:41:36+00:00,2026,103,8150,bs,MLB,핸디캡,2,H -2.5,보스레드 6.5,8 시애매리,09.01(화) 07:45,"2.64,1.32",핸디패
2026-09-02T02:41:36+00:00,2026,103,8151,bs,MLB,언더오버,2,U 7.5,보스레드,시애매리,09.01(화) 07:45,"1.89,1.65",오버
2026-09-02T02:41:36+00:00,2026,103,8152,bs,MLB,홀짝,2,,보스레드,시애매리,09.01(화) 07:45,"1.59,2.07",홀
2026-09-02T02:41:36+00:00,2026,103,8153,bk,남농월예,승패,2,,미국M 104,80 콜롬비M,09.01(화) 08:00,"1.0,1.0",홈승
2026-09-02T02:41:36+00:00,2026,103,8154,bk,남농월예,핸디캡,2,H -26.5,미국M 77.5,80 콜롬비M,09.01(화) 08:00,"1.78,1.74",핸디패
2026-09-02T02:41:36+00:00,2026,103,8155,bk,남농월예,언더오버,2,U 185.5,미국M,콜롬비M,09.01(화) 08:00,"1.74,1.78",언더
2026-09-02T02:41:36+00:00,2026,103,8156,bk,남농월예,홀짝,2,,미국M,콜롬비M,09.01(화) 08:00,"1.8,1.8",짝
2026-09-02T02:41:36+00:00,2026,103,8157,bk,남농월예,승패,2,,캐나다M 97,92 아르헨M,09.01(화) 08:10,"1.34,2.56",홈승
2026-09-02T02:41:36+00:00,2026,103,8158,bk,남농월예,핸디캡,2,H -5.5,캐나다M 91.5,92 아르헨M,09.01(화) 08:10,"1.71,1.81",핸디패
2026-09-02T02:41:36+00:00,2026,103,8159,bk,남농월예,언더오버,2,U 170.5,캐나다M,아르헨M,09.01(화) 08:10,"1.75,1.77",오버
2026-09-02T02:41:36+00:00,2026,103,8160,bk,남농월예,홀짝,2,,캐나다M,아르헨M,09.01(화) 08:10,"1.8,1.8",홀
2026-09-02T02:41:36+00:00,2026,103,8161,bk,남농월예,승패,2,,우루과M 80,75 푸에르M,09.01(화) 08:10,"1.93,1.62",홈승
2026-09-02T02:41:36+00:00,2026,103,8162,bk,남농월예,핸디캡,2,H +1.5,우루과M 81.5,75 푸에르M,09.01(화) 08:10,"1.8,1.72",핸디승
2026-09-02T02:41:36+00:00,2026,103,8163,bk,남농월예,언더오버,2,U 167.5,우루과M,푸에르M,09.01(화) 08:10,"1.77,1.75",언더
2026-09-02T02:41:36+00:00,2026,103,8164,bk,남농월예,홀짝,2,,우루과M,푸에르M,09.01(화) 08:10,"1.8,1.8",홀
2026-09-02T02:41:36+00:00,2026,103,8165,bs,MLB,승패,2,,미네트윈 11,1 디트타이,09.01(화) 08:40,"1.58,1.99",홈승
2026-09-02T02:41:36+00:00,2026,103,8166,bs,MLB,승①패,3,승①패,미네트윈 11,1 디트타이,09.01(화) 08:40,"2.2,3.3,2.55",홈승
2026-09-02T02:41:36+00:00,2026,103,8167,bs,MLB,핸디캡,2,H -2.5,미네트윈 8.5,1 디트타이,09.01(화) 08:40,"2.97,1.25",핸디승
2026-09-02T02:41:36+00:00,2026,103,8168,bs,MLB,언더오버,2,U 8.5,미네트윈,디트타이,09.01(화) 08:40,"1.75,1.77",오버
2026-09-02T02:41:36+00:00,2026,103,8169,bs,MLB,홀짝,2,,미네트윈,디트타이,09.01(화) 08:40,"1.59,2.07",짝
2026-09-02T02:41:36+00:00,2026,103,8170,bs,MLB,승패,2,,시카컵스 17,3 밀워브루,09.01(화) 08:40,"1.74,1.78",홈승
2026-09-02T02:41:36+00:00,2026,103,8171,bs,MLB,승①패,3,승①패,시카컵스 17,3 밀워브루,09.01(화) 08:40,"2.5,3.35,2.22",홈승
2026-09-02T02:41:36+00:00,2026,103,8172,bs,MLB,핸디캡,2,H -2.5,시카컵스 14.5,3 밀워브루,09.01(화) 08:40,"3.46,1.18",핸디승
2026-09-02T02:41:36+00:00,2026,103,8173,bs,MLB,언더오버,2,U 9.5,시카컵스,밀워브루,09.01(화) 08:40,"1.75,1.77",오버
2026-09-02T02:41:36+00:00,2026,103,8174,bs,MLB,홀짝,2,,시카컵스,밀워브루,09.01(화) 08:40,"1.59,2.07",짝
2026-09-02T02:41:36+00:00,2026,103,8175,bs,MLB,승패,2,,텍사레인 8,1 애슬레틱,09.01(화) 09:05,"1.34,2.56",홈승
2026-09-02T02:41:36+00:00,2026,103,8176,bs,MLB,승①패,3,승①패,텍사레인 8,1 애슬레틱,09.01(화) 09:05,"1.77,3.45,3.4",홈승
2026-09-02T02:41:36+00:00,2026,103,8177,bs,MLB,핸디캡,2,H -2.5,텍사레인 5.5,1 애슬레틱,09.01(화) 09:05,"2.34,1.41",핸디승
2026-09-02T02:41:36+00:00,2026,103,8178,bs,MLB,언더오버,2,U 7.5,텍사레인,애슬레틱,09.01(화) 09:05,"1.75,1.77",오버
2026-09-02T02:41:36+00:00,2026,103,8179,bs,MLB,홀짝,2,,텍사레인,애슬레틱,09.01(화) 09:05,"1.59,2.07",홀
2026-09-02T02:41:36+00:00,2026,103,8180,bs,MLB,승패,2,,휴스애스 6,3 시카화이,09.01(화) 09:10,"1.62,1.93",홈승
2026-09-02T02:41:36+00:00,2026,103,8181,bs,MLB,승①패,3,승①패,휴스애스 6,3 시카화이,09.01(화) 09:10,"2.28,3.3,2.45",홈승
2026-09-02T02:41:36+00:00,2026,103,8182,bs,MLB,핸디캡,2,H -2.5,휴스애스 3.5,3 시카화이,09.01(화) 09:10,"3.09,1.23",핸디승
2026-09-02T02:41:36+00:00,2026,103,8183,bs,MLB,언더오버,2,U 8.5,휴스애스,시카화이,09.01(화) 09:10,"1.73,1.79",오버
2026-09-02T02:41:36+00:00,2026,103,8184,bs,MLB,홀짝,2,,휴스애스,시카화이,09.01(화) 09:10,"1.59,2.07",홀
2026-09-02T02:41:36+00:00,2026,103,8185,bk,남농월예,승패,2,,도미공M 101,66 칠레M,09.01(화) 09:10,"1.0,1.0",홈승
2026-09-02T02:41:36+00:00,2026,103,8186,bk,남농월예,핸디캡,2,H -22.5,도미공M 78.5,66 칠레M,09.01(화) 09:10,"1.78,1.74",핸디승
2026-09-02T02:41:36+00:00,2026,103,8187,bk,남농월예,언더오버,2,U 169.5,도미공M,칠레M,09.01(화) 09:10,"1.74,1.78",언더
2026-09-02T02:41:36+00:00,2026,103,8188,bk,남농월예,홀짝,2,,도미공M,칠레M,09.01(화) 09:10,"1.8,1.8",홀
2026-09-02T02:41:36+00:00,2026,103,8189,bk,남농월예,승패,2,,바하마M 100,82 파나마M,09.01(화) 09:10,"1.0,1.0",홈승
2026-09-02T02:41:36+00:00,2026,103,8190,bk,남농월예,핸디캡,2,H -25.5,바하마M 74.5,82 파나마M,09.01(화) 09:10,"1.74,1.78",핸디패
2026-09-02T02:41:36+00:00,2026,103,8191,bk,남농월예,언더오버,2,U 175.5,바하마M,파나마M,09.01(화) 09:10,"1.76,1.76",오버
2026-09-02T02:41:36+00:00,2026,103,8192,bk,남농월예,홀짝,2,,바하마M,파나마M,09.01(화) 09:10,"1.8,1.8",짝
2026-09-02T02:41:36+00:00,2026,103,8193,bs,MLB,승패,2,,콜로로키 1,2 볼티오리,09.01(화) 09:40,"2.07,1.53",홈패
2026-09-02T02:41:36+00:00,2026,103,8194,bs,MLB,승①패,3,승①패,콜로로키 1,2 볼티오리,09.01(화) 09:40,"3.1,3.5,1.85",①
2026-09-02T02:41:36+00:00,2026,103,8195,bs,MLB,핸디캡,2,H +2.5,콜로로키 3.5,2 볼티오리,09.01(화) 09:40,"1.4,2.37",핸디승
2026-09-02T02:41:36+00:00,2026,103,8196,bs,MLB,언더오버,2,U 10.5,콜로로키,볼티오리,09.01(화) 09:40,"1.96,1.6",언더
2026-09-02T02:41:36+00:00,2026,103,8197,bs,MLB,홀짝,2,,콜로로키,볼티오리,09.01(화) 09:40,"1.6,2.06",홀
2026-09-02T02:41:36+00:00,2026,103,8198,bs,MLB,승패,2,,LA에인절 10,1 뉴욕양키,09.01(화) 10:38,"2.07,1.53",홈승
2026-09-02T02:41:36+00:00,2026,103,8199,bs,MLB,승①패,3,승①패,LA에인절 10,1 뉴욕양키,09.01(화) 10:38,"3.15,3.35,1.87",홈승
2026-09-02T02:41:36+00:00,2026,103,8200,bs,MLB,핸디캡,2,H +2.5,LA에인절 12.5,1 뉴욕양키,09.01(화) 10:38,"1.37,2.46",핸디승
2026-09-02T02:41:36+00:00,2026,103,8201,bs,MLB,언더오버,2,U 8.5,LA에인절,뉴욕양키,09.01(화) 10:38,"1.74,1.78",오버
2026-09-02T02:41:36+00:00,2026,103,8202,bs,MLB,홀짝,2,,LA에인절,뉴욕양키,09.01(화) 10:38,"1.59,2.07",홀
2026-09-02T02:41:36+00:00,2026,103,8203,bs,MLB,승패,2,,애리다이 1,2 필라필리,09.01(화) 10:40,"1.86,1.67",홈패
2026-09-02T02:41:36+00:00,2026,103,8204,bs,MLB,승①패,3,승①패,애리다이 1,2 필라필리,09.01(화) 10:40,"2.75,3.3,2.07",①
2026-09-02T02:41:36+00:00,2026,103,8205,bs,MLB,핸디캡,2,H +2.5,애리다이 3.5,2 필라필리,09.01(화) 10:40,"1.29,2.77",핸디승
2026-09-02T02:41:36+00:00,2026,103,8206,bs,MLB,언더오버,2,U 8.5,애리다이,필라필리,09.01(화) 10:40,"1.73,1.79",언더
2026-09-02T02:41:36+00:00,2026,103,8207,bs,MLB,홀짝,2,,애리다이,필라필리,09.01(화) 10:40,"1.59,2.07",홀
2026-09-02T02:41:36+00:00,2026,103,8208,bs,MLB,전반승무패,3,h(전반),애리다이 1,2 필라필리,09.01(화) 10:40,"2.2,5.5,1.95",홈패
2026-09-02T02:41:36+00:00,2026,103,8209,bs,MLB,전반핸디캡,2,h H +1.5,애리다이 2.5,2 필라필리,09.01(화) 10:40,"1.27,2.87",핸디승
2026-09-02T02:41:36+00:00,2026,103,8210,bs,MLB,전반언더오버,2,h U 4.5,애리다이,필라필리,09.01(화) 10:40,"1.68,1.85",언더
2026-09-02T02:41:36+00:00,2026,103,8211,bk,남농월예,승패,2,,멕시코M 79,74 브라질M,09.01(화) 11:10,"2.6,1.33",홈승
2026-09-02T02:41:36+00:00,2026,103,8212,bk,남농월예,핸디캡,2,H +5.5,멕시코M 84.5,74 브라질M,09.01(화) 11:10,"1.78,1.74",핸디승
2026-09-02T02:41:36+00:00,2026,103,8213,bk,남농월예,언더오버,2,U 175.5,멕시코M,브라질M,09.01(화) 11:10,"1.75,1.77",언더
2026-09-02T02:41:36+00:00,2026,103,8214,bk,남농월예,홀짝,2,,멕시코M,브라질M,09.01(화) 11:10,"1.8,1.8",홀
2026-09-02T02:41:36+00:00,2026,103,8215,bs,NPB,승패,2,,요미우리 4,3 요코베이,09.01(화) 18:00,"1.6,1.96",홈승
2026-09-02T02:41:36+00:00,2026,103,8216,bs,NPB,승①패,3,승①패,요미우리 4,3 요코베이,09.01(화) 18:00,"2.45,2.75,2.65",①
2026-09-02T02:41:36+00:00,2026,103,8217,bs,NPB,핸디캡,2,H -2.5,요미우리 1.5,3 요코베이,09.01(화) 18:00,"3.65,1.16",핸디패
2026-09-02T02:41:36+00:00,2026,103,8218,bs,NPB,언더오버,2,U 5.5,요미우리,요코베이,09.01(화) 18:00,"2.05,1.54",오버
2026-09-02T02:41:36+00:00,2026,103,8219,bs,NPB,홀짝,2,,요미우리,요코베이,09.01(화) 18:00,"1.64,1.99",홀
2026-09-02T02:41:36+00:00,2026,103,8220,bs,NPB,승패,2,,야쿠르트 2,6 한신,09.01(화) 18:00,"2.97,1.25",홈패
2026-09-02T02:41:36+00:00,2026,103,8221,bs,NPB,승①패,3,승①패,야쿠르트 2,6 한신,09.01(화) 18:00,"5.6,3.2,1.52",홈패
2026-09-02T02:41:36+00:00,2026,103,8222,bs,NPB,핸디캡,2,H +2.5,야쿠르트 4.5,6 한신,09.01(화) 18:00,"1.59,1.97",핸디패
2026-09-02T02:41:36+00:00,2026,103,8223,bs,NPB,언더오버,2,U 7.5,야쿠르트,한신,09.01(화) 18:00,"1.63,1.91",오버
2026-09-02T02:41:36+00:00,2026,103,8224,bs,NPB,홀짝,2,,야쿠르트,한신,09.01(화) 18:00,"1.66,1.97",짝
2026-09-02T02:41:36+00:00,2026,103,8225,bs,NPB,승패,2,,주니치 1,5 히로카프,09.01(화) 18:00,"1.55,2.04",홈패
2026-09-02T02:41:36+00:00,2026,103,8226,bs,NPB,승①패,3,승①패,주니치 1,5 히로카프,09.01(화) 18:00,"2.37,2.7,2.8",홈패
2026-09-02T02:41:36+00:00,2026,103,8227,bs,NPB,핸디캡,2,H -2.5,주니치 -1.5,5 히로카프,09.01(화) 18:00,"2.87,1.27",핸디패
2026-09-02T02:41:36+00:00,2026,103,8228,bs,NPB,언더오버,2,U 6.5,주니치,히로카프,09.01(화) 18:00,"1.65,1.89",언더
2026-09-02T02:41:36+00:00,2026,103,8229,bs,NPB,홀짝,2,,주니치,히로카프,09.01(화) 18:00,"1.64,1.99",짝
2026-09-02T02:41:36+00:00,2026,103,8230,bs,NPB,승패,2,,닛폰햄 2,1 소프트뱅,09.01(화) 18:00,"2.43,1.38",홈승
2026-09-02T02:41:36+00:00,2026,103,8231,bs,NPB,승①패,3,승①패,닛폰햄 2,1 소프트뱅,09.01(화) 18:00,"4.2,2.95,1.75",①
2026-09-02T02:41:36+00:00,2026,103,8232,bs,NPB,핸디캡,2,H +2.5,닛폰햄 4.5,1 소프트뱅,09.01(화) 18:00,"1.41,2.34",핸디승
2026-09-02T02:41:36+00:00,2026,103,8233,bs,NPB,언더오버,2,U 6.5,닛폰햄,소프트뱅,09.01(화) 18:00,"1.97,1.59",언더
2026-09-02T02:41:36+00:00,2026,103,8234,bs,NPB,홀짝,2,,닛폰햄,소프트뱅,09.01(화) 18:00,"1.65,1.98",홀
2026-09-02T02:41:36+00:00,2026,103,8235,bs,NPB,승패,2,,라쿠텐 5,1 오릭스,09.01(화) 18:00,"1.75,1.77",홈승
2026-09-02T02:41:36+00:00,2026,103,8236,bs,NPB,승①패,3,승①패,라쿠텐 5,1 오릭스,09.01(화) 18:00,"2.7,2.8,2.37",홈승
2026-09-02T02:41:36+00:00,2026,103,8237,bs,NPB,핸디캡,2,H -2.5,라쿠텐 2.5,1 오릭스,09.01(화) 18:00,"3.86,1.14",핸디승
2026-09-02T02:41:36+00:00,2026,103,8238,bs,NPB,언더오버,2,U 6.5,라쿠텐,오릭스,09.01(화) 18:00,"1.99,1.58",언더
2026-09-02T02:41:36+00:00,2026,103,8239,bs,NPB,홀짝,2,,라쿠텐,오릭스,09.01(화) 18:00,"1.64,1.99",짝
2026-09-02T02:41:36+00:00,2026,103,8240,bs,NPB,승패,2,,지바롯데 1,0 세이부,09.01(화) 18:00,"2.15,1.49",홈승
2026-09-02T02:41:36+00:00,2026,103,8241,bs,NPB,승①패,3,승①패,지바롯데 1,0 세이부,09.01(화) 18:00,"3.5,2.85,1.95",①
2026-09-02T02:41:36+00:00,2026,103,8242,bs,NPB,핸디캡,2,H +2.5,지바롯데 3.5,0 세이부,09.01(화) 18:00,"1.3,2.72",핸디승
2026-09-02T02:41:36+00:00,2026,103,8243,bs,NPB,언더오버,2,U 6.5,지바롯데,세이부,09.01(화) 18:00,"1.9,1.64",언더
2026-09-02T02:41:36+00:00,2026,103,8244,bs,NPB,홀짝,2,,지바롯데,세이부,09.01(화) 18:00,"1.64,1.99",홀
2026-09-02T02:41:36+00:00,2026,103,8245,bs,KBO,승패,2,,두산 1,3 LG,09.01(화) 18:30,"1.79,1.73",홈패
2026-09-02T02:41:36+00:00,2026,103,8246,bs,KBO,승①패,3,승①패,두산 1,3 LG,09.01(화) 18:30,"2.55,3.25,2.22",홈패
2026-09-02T02:41:36+00:00,2026,103,8247,bs,KBO,핸디캡,2,H +2.5,두산 3.5,3 LG,09.01(화) 18:30,"1.26,2.92",핸디승
2026-09-02T02:41:36+00:00,2026,103,8248,bs,KBO,언더오버,2,U 8.5,두산,LG,09.01(화) 18:30,"1.76,1.76",언더
2026-09-02T02:41:36+00:00,2026,103,8249,bs,KBO,홀짝,2,,두산,LG,09.01(화) 18:30,"1.62,2.03",짝
2026-09-02T02:41:36+00:00,2026,103,8250,bs,KBO,전반승무패,3,h(전반),두산 1,3 LG,09.01(화) 18:30,"2.1,5.4,2.05",홈패
2026-09-02T02:41:36+00:00,2026,103,8251,bs,KBO,전반핸디캡,2,h H +1.5,두산 2.5,3 LG,09.01(화) 18:30,"1.28,2.82",핸디패
2026-09-02T02:41:36+00:00,2026,103,8252,bs,KBO,전반언더오버,2,h U 4.5,두산,LG,09.01(화) 18:30,"1.78,1.74",언더
2026-09-02T02:41:36+00:00,2026,103,8253,bs,KBO,승패,2,,삼성 3,0 롯데,09.01(화) 18:30,"1.49,2.15",홈승
2026-09-02T02:41:36+00:00,2026,103,8254,bs,KBO,승①패,3,승①패,삼성 3,0 롯데,09.01(화) 18:30,"1.91,3.55,2.9",홈승
2026-09-02T02:41:36+00:00,2026,103,8255,bs,KBO,핸디캡,2,H -2.5,삼성 0.5,0 롯데,09.01(화) 18:30,"2.43,1.38",핸디승
2026-09-02T02:41:36+00:00,2026,103,8256,bs,KBO,언더오버,2,U 10.5,삼성,롯데,09.01(화) 18:30,"1.84,1.69",언더
2026-09-02T02:41:36+00:00,2026,103,8257,bs,KBO,홀짝,2,,삼성,롯데,09.01(화) 18:30,"1.61,2.04",홀
2026-09-02T02:41:36+00:00,2026,103,8258,bs,KBO,전반승무패,3,h(전반),삼성 2,0 롯데,09.01(화) 18:30,"1.71,6.8,2.4",홈승
2026-09-02T02:41:36+00:00,2026,103,8259,bs,KBO,전반핸디캡,2,h H -1.5,삼성 0.5,0 롯데,09.01(화) 18:30,"2.07,1.53",핸디승
2026-09-02T02:41:36+00:00,2026,103,8260,bs,KBO,전반언더오버,2,h U 5.5,삼성,롯데,09.01(화) 18:30,"1.85,1.68",언더
2026-09-02T02:41:36+00:00,2026,103,8261,bs,KBO,승패,2,,KT 6,1 한화,09.01(화) 18:30,"1.52,2.09",홈승
2026-09-02T02:41:36+00:00,2026,103,8262,bs,KBO,승①패,3,승①패,KT 6,1 한화,09.01(화) 18:30,"2.06,3.5,2.65",홈승
2026-09-02T02:41:36+00:00,2026,103,8263,bs,KBO,핸디캡,2,H -2.5,KT 3.5,1 한화,09.01(화) 18:30,"2.82,1.28",핸디승
2026-09-02T02:41:36+00:00,2026,103,8264,bs,KBO,언더오버,2,U 9.5,KT,한화,09.01(화) 18:30,"1.75,1.77",언더
2026-09-02T02:41:36+00:00,2026,103,8265,bs,KBO,홀짝,2,,KT,한화,09.01(화) 18:30,"1.61,2.04",홀
2026-09-02T02:41:36+00:00,2026,103,8266,bs,KBO,전반승무패,3,h(전반),KT 4,0 한화,09.01(화) 18:30,"1.77,6.3,2.35",홈승
2026-09-02T02:41:36+00:00,2026,103,8267,bs,KBO,전반핸디캡,2,h H -1.5,KT 2.5,0 한화,09.01(화) 18:30,"2.37,1.4",핸디승
2026-09-02T02:41:36+00:00,2026,103,8268,bs,KBO,전반언더오버,2,h U 4.5,KT,한화,09.01(화) 18:30,"1.99,1.58",언더
2026-09-02T02:41:36+00:00,2026,103,8269,bs,KBO,승패,2,,NC 7,2 KIA,09.01(화) 18:30,"1.93,1.62",홈승
2026-09-02T02:41:36+00:00,2026,103,8270,bs,KBO,승①패,3,승①패,NC 7,2 KIA,09.01(화) 18:30,"2.8,3.3,2.04",홈승
2026-09-02T02:41:36+00:00,2026,103,8271,bs,KBO,핸디캡,2,H +2.5,NC 9.5,2 KIA,09.01(화) 18:30,"1.4,2.37",핸디승
2026-09-02T02:41:36+00:00,2026,103,8272,bs,KBO,언더오버,2,U 9.5,NC,KIA,09.01(화) 18:30,"1.72,1.8",언더
2026-09-02T02:41:36+00:00,2026,103,8273,bs,KBO,홀짝,2,,NC,KIA,09.01(화) 18:30,"1.62,2.03",홀
2026-09-02T02:41:36+00:00,2026,103,8274,bs,KBO,전반승무패,3,h(전반),NC 3,1 KIA,09.01(화) 18:30,"2.25,5.6,1.9",홈승
2026-09-02T02:41:36+00:00,2026,103,8275,bs,KBO,전반핸디캡,2,h H +1.5,NC 4.5,1 KIA,09.01(화) 18:30,"1.36,2.49",핸디승
2026-09-02T02:41:36+00:00,2026,103,8276,bs,KBO,전반언더오버,2,h U 4.5,NC,KIA,09.01(화) 18:30,"1.91,1.63",언더
2026-09-02T02:41:36+00:00,2026,103,8277,bs,KBO,승패,2,,키움 0,4 SSG,09.01(화) 18:30,"1.7,1.82",홈패
2026-09-02T02:41:36+00:00,2026,103,8278,bs,KBO,승①패,3,승①패,키움 0,4 SSG,09.01(화) 18:30,"2.4,3.25,2.35",홈패
2026-09-02T02:41:36+00:00,2026,103,8279,bs,KBO,핸디캡,2,H -2.5,키움 -2.5,4 SSG,09.01(화) 18:30,"3.3,1.2",핸디패
2026-09-02T02:41:36+00:00,2026,103,8280,bs,KBO,언더오버,2,U 8.5,키움,SSG,09.01(화) 18:30,"1.78,1.74",언더
2026-09-02T02:41:36+00:00,2026,103,8281,bs,KBO,홀짝,2,,키움,SSG,09.01(화) 18:30,"1.62,2.03",짝
2026-09-02T02:41:36+00:00,2026,103,8282,bs,KBO,전반승무패,3,h(전반),키움 0,4 SSG,09.01(화) 18:30,"1.87,5.9,2.25",홈패
2026-09-02T02:41:36+00:00,2026,103,8283,bs,KBO,전반핸디캡,2,h H -1.5,키움 -1.5,4 SSG,09.01(화) 18:30,"2.64,1.32",핸디패
2026-09-02T02:41:36+00:00,2026,103,8284,bs,KBO,전반언더오버,2,h U 4.5,키움,SSG,09.01(화) 18:30,"1.76,1.76",언더
2026-09-02T02:41:36+00:00,2026,103,8293,sc,EFL챔,승무패,3,,링컨시티 0,0 블랙번R,09.02(수) 03:45,"2.18,3.0,2.8",무승부
2026-09-02T02:41:36+00:00,2026,103,8294,sc,EFL챔,핸디캡,3,H -1.0,링컨시티 -1,0 블랙번R,09.02(수) 03:45,"4.2,3.65,1.57",핸디패
2026-09-02T02:41:36+00:00,2026,103,8295,sc,EFL챔,언더오버,2,U 2.5,링컨시티,블랙번R,09.02(수) 03:45,"1.75,1.77",언더
2026-09-02T02:41:36+00:00,2026,103,8296,sc,EFL챔,홀짝,2,,링컨시티,블랙번R,09.02(수) 03:45,"1.81,1.79",짝
2026-09-02T02:41:36+00:00,2026,103,8297,sc,EFL챔,승무패,3,,포츠머스 0,2 더비카운,09.02(수) 03:45,"1.95,3.05,3.25",홈패
2026-09-02T02:41:36+00:00,2026,103,8298,sc,EFL챔,핸디캡,3,H -1.0,포츠머스 -1,2 더비카운,09.02(수) 03:45,"3.65,3.5,1.7",핸디패
2026-09-02T02:41:36+00:00,2026,103,8299,sc,EFL챔,언더오버,2,U 2.5,포츠머스,더비카운,09.02(수) 03:45,"1.63,1.91",언더
2026-09-02T02:41:36+00:00,2026,103,8300,sc,EFL챔,홀짝,2,,포츠머스,더비카운,09.02(수) 03:45,"1.81,1.79",짝
2026-09-02T02:41:36+00:00,2026,103,8301,sc,EFL챔,승무패,3,,프레스턴 1,3 브리스C,09.02(수) 03:45,"2.42,3.05,2.45",홈패
2026-09-02T02:41:36+00:00,2026,103,8302,sc,EFL챔,핸디캡,3,H -1.0,프레스턴 0,3 브리스C,09.02(수) 03:45,"5.4,4.0,1.4",핸디패
2026-09-02T02:41:36+00:00,2026,103,8303,sc,EFL챔,언더오버,2,U 2.5,프레스턴,브리스C,09.02(수) 03:45,"1.73,1.79",오버
2026-09-02T02:41:36+00:00,2026,103,8304,sc,EFL챔,홀짝,2,,프레스턴,브리스C,09.02(수) 03:45,"1.81,1.79",짝
2026-09-02T02:41:36+00:00,2026,103,8305,sc,EFL챔,승무패,3,,셰필드U 3,2 볼턴W,09.02(수) 03:45,"1.56,3.6,4.35",홈승
2026-09-02T02:41:36+00:00,2026,103,8306,sc,EFL챔,핸디캡,3,H -1.0,셰필드U 2,2 볼턴W,09.02(수) 03:45,"2.65,3.15,2.2",핸디무
2026-09-02T02:41:36+00:00,2026,103,8307,sc,EFL챔,언더오버,2,U 2.5,셰필드U,볼턴W,09.02(수) 03:45,"1.86,1.67",오버
2026-09-02T02:41:36+00:00,2026,103,8308,sc,EFL챔,홀짝,2,,셰필드U,볼턴W,09.02(수) 03:45,"1.81,1.79",홀
2026-09-02T02:41:36+00:00,2026,103,8309,sc,EFL챔,승무패,3,,스완지C 2,0 왓포드,09.02(수) 03:45,"1.78,3.2,3.65",홈승
2026-09-02T02:41:36+00:00,2026,103,8310,sc,EFL챔,핸디캡,3,H -1.0,스완지C 1,0 왓포드,09.02(수) 03:45,"3.2,3.25,1.89",핸디승
2026-09-02T02:41:36+00:00,2026,103,8311,sc,EFL챔,언더오버,2,U 2.5,스완지C,왓포드,09.02(수) 03:45,"1.77,1.75",언더
2026-09-02T02:41:36+00:00,2026,103,8312,sc,EFL챔,홀짝,2,,스완지C,왓포드,09.02(수) 03:45,"1.81,1.79",짝
2026-09-02T02:41:36+00:00,2026,103,8313,sc,EFL챔,승무패,3,,웨스트햄 4,2 울버햄튼,09.02(수) 03:45,"1.93,3.3,3.05",홈승
2026-09-02T02:41:36+00:00,2026,103,8314,sc,EFL챔,핸디캡,3,H -1.0,웨스트햄 3,2 울버햄튼,09.02(수) 03:45,"3.5,3.5,1.73",핸디승
2026-09-02T02:41:36+00:00,2026,103,8315,sc,EFL챔,언더오버,2,U 2.5,웨스트햄,울버햄튼,09.02(수) 03:45,"2.04,1.55",오버
2026-09-02T02:41:36+00:00,2026,103,8316,sc,EFL챔,홀짝,2,,웨스트햄,울버햄튼,09.02(수) 03:45,"1.81,1.79",짝
2026-09-02T02:41:36+00:00,2026,103,8317,sc,EFL챔,승무패,3,,버밍엄C 1,1 사우샘프,09.02(수) 04:00,"2.36,3.0,2.55",무승부
2026-09-02T02:41:36+00:00,2026,103,8318,sc,EFL챔,핸디캡,3,H -1.0,버밍엄C 0,1 사우샘프,09.02(수) 04:00,"4.65,3.75,1.5",핸디패
2026-09-02T02:41:36+00:00,2026,103,8319,sc,EFL챔,언더오버,2,U 2.5,버밍엄C,사우샘프,09.02(수) 04:00,"1.84,1.69",언더
2026-09-02T02:41:36+00:00,2026,103,8320,sc,EFL챔,홀짝,2,,버밍엄C,사우샘프,09.02(수) 04:00,"1.81,1.79",짝
2026-09-02T02:41:36+00:00,2026,103,8321,sc,EFL챔,승무패,3,,스토크C 1,0 노리치C,09.02(수) 04:00,"2.95,3.1,2.05",홈승
2026-09-02T02:41:36+00:00,2026,103,8322,sc,EFL챔,핸디캡,3,H +1.0,스토크C 2,0 노리치C,09.02(수) 04:00,"1.64,3.6,3.8",핸디승
2026-09-02T02:41:36+00:00,2026,103,8323,sc,EFL챔,언더오버,2,U 2.5,스토크C,노리치C,09.02(수) 04:00,"1.93,1.62",언더
2026-09-02T02:41:36+00:00,2026,103,8324,sc,EFL챔,홀짝,2,,스토크C,노리치C,09.02(수) 04:00,"1.81,1.79",홀
2026-09-02T02:41:36+00:00,2026,103,8325,sc,이탈FA컵,승무패,3,,토리노 0,1 AC몬차,09.02(수) 04:00,"1.71,3.2,3.95",홈패
2026-09-02T02:41:36+00:00,2026,103,8326,sc,이탈FA컵,핸디캡,3,H -1.0,토리노 -1,1 AC몬차,09.02(수) 04:00,"3.0,3.0,2.07",핸디패
2026-09-02T02:41:36+00:00,2026,103,8327,sc,이탈FA컵,언더오버,2,U 2.5,토리노,AC몬차,09.02(수) 04:00,"1.63,1.91",언더
2026-09-02T02:41:36+00:00,2026,103,8328,sc,이탈FA컵,홀짝,2,,토리노,AC몬차,09.02(수) 04:00,"1.81,1.79",홀
2026-09-02T02:41:36+00:00,2026,103,8329,bs,MLB,승패,2,,탬파레이 6,2 뉴욕메츠,09.02(수) 07:40,"1.6,1.96",홈승
2026-09-02T02:41:36+00:00,2026,103,8330,bs,MLB,승①패,3,승①패,탬파레이 6,2 뉴욕메츠,09.02(수) 07:40,"2.26,3.25,2.5",홈승
2026-09-02T02:41:36+00:00,2026,103,8331,bs,MLB,핸디캡,2,H -2.5,탬파레이 3.5,2 뉴욕메츠,09.02(수) 07:40,"3.09,1.23",핸디승
2026-09-02T02:41:36+00:00,2026,103,8332,bs,MLB,언더오버,2,U 7.5,탬파레이,뉴욕메츠,09.02(수) 07:40,"1.8,1.72",오버
2026-09-02T02:41:36+00:00,2026,103,8333,bs,MLB,홀짝,2,,탬파레이,뉴욕메츠,09.02(수) 07:40,"1.58,2.09",짝
2026-09-02T02:41:36+00:00,2026,103,8334,bs,MLB,승패,2,,피츠파이 13,12 샌프자이,09.02(수) 07:40,"1.46,2.22",홈승
2026-09-02T02:41:36+00:00,2026,103,8335,bs,MLB,승①패,3,승①패,피츠파이 13,12 샌프자이,09.02(수) 07:40,"2.01,3.25,2.9",①
2026-09-02T02:41:36+00:00,2026,103,8336,bs,MLB,핸디캡,2,H -2.5,피츠파이 10.5,12 샌프자이,09.02(수) 07:40,"2.72,1.3",핸디패
2026-09-02T02:41:36+00:00,2026,103,8337,bs,MLB,언더오버,2,U 7.5,피츠파이,샌프자이,09.02(수) 07:40,"1.68,1.85",오버
2026-09-02T02:41:36+00:00,2026,103,8338,bs,MLB,홀짝,2,,피츠파이,샌프자이,09.02(수) 07:40,"1.58,2.09",홀
2026-09-02T02:41:36+00:00,2026,103,8339,bs,MLB,승패,2,,클리가디 6,1 토론블루,09.02(수) 07:40,"1.44,2.26",홈승
2026-09-02T02:41:36+00:00,2026,103,8340,bs,MLB,승①패,3,승①패,클리가디 6,1 토론블루,09.02(수) 07:40,"1.95,3.35,2.95",홈승
2026-09-02T02:41:36+00:00,2026,103,8341,bs,MLB,핸디캡,2,H -2.5,클리가디 3.5,1 토론블루,09.02(수) 07:40,"2.64,1.32",핸디승
2026-09-02T02:41:36+00:00,2026,103,8342,bs,MLB,언더오버,2,U 7.5,클리가디,토론블루,09.02(수) 07:40,"1.86,1.67",언더
2026-09-02T02:41:36+00:00,2026,103,8343,bs,MLB,홀짝,2,,클리가디,토론블루,09.02(수) 07:40,"1.59,2.07",홀
2026-09-02T02:41:36+00:00,2026,103,8344,bs,MLB,승패,2,,신시레즈 4,3 샌디파드,09.02(수) 07:40,"2.02,1.56",홈승
2026-09-02T02:41:36+00:00,2026,103,8345,bs,MLB,승①패,3,승①패,신시레즈 4,3 샌디파드,09.02(수) 07:40,"3.0,3.4,1.92",①
2026-09-02T02:41:36+00:00,2026,103,8346,bs,MLB,핸디캡,2,H +2.5,신시레즈 6.5,3 샌디파드,09.02(수) 07:40,"1.36,2.49",핸디승
2026-09-02T02:41:36+00:00,2026,103,8347,bs,MLB,언더오버,2,U 9.5,신시레즈,샌디파드,09.02(수) 07:40,"1.73,1.79",언더
2026-09-02T02:41:36+00:00,2026,103,8348,bs,MLB,홀짝,2,,신시레즈,샌디파드,09.02(수) 07:40,"1.59,2.07",홀
2026-09-02T02:41:36+00:00,2026,103,8349,bs,MLB,승패,2,,워싱내셔 9,5 애틀브레,09.02(수) 07:45,"2.29,1.43",홈승
2026-09-02T02:41:36+00:00,2026,103,8350,bs,MLB,승①패,3,승①패,워싱내셔 9,5 애틀브레,09.02(수) 07:45,"3.55,3.5,1.72",홈승
2026-09-02T02:41:36+00:00,2026,103,8351,bs,MLB,핸디캡,2,H +2.5,워싱내셔 11.5,5 애틀브레,09.02(수) 07:45,"1.48,2.17",핸디승
2026-09-02T02:41:36+00:00,2026,103,8352,bs,MLB,언더오버,2,U 9.5,워싱내셔,애틀브레,09.02(수) 07:45,"1.87,1.66",오버
2026-09-02T02:41:36+00:00,2026,103,8353,bs,MLB,홀짝,2,,워싱내셔,애틀브레,09.02(수) 07:45,"1.6,2.06",짝
2026-09-02T02:41:36+00:00,2026,103,8354,bs,MLB,승패,2,,보스레드 6,9 시애매리,09.02(수) 07:45,"1.61,1.94",홈패
2026-09-02T02:41:36+00:00,2026,103,8355,bs,MLB,승①패,3,승①패,보스레드 6,9 시애매리,09.02(수) 07:45,"2.29,3.2,2.5",홈패
2026-09-02T02:41:36+00:00,2026,103,8356,bs,MLB,핸디캡,2,H -2.5,보스레드 3.5,9 시애매리,09.02(수) 07:45,"3.16,1.22",핸디패
2026-09-02T02:41:36+00:00,2026,103,8357,bs,MLB,언더오버,2,U 7.5,보스레드,시애매리,09.02(수) 07:45,"1.73,1.79",오버
2026-09-02T02:41:36+00:00,2026,103,8358,bs,MLB,홀짝,2,,보스레드,시애매리,09.02(수) 07:45,"1.58,2.09",홀
2026-09-02T02:41:36+00:00,2026,103,8359,bs,MLB,승패,2,,미네트윈 15,2 디트타이,09.02(수) 08:40,"1.77,1.75",홈승
2026-09-02T02:41:36+00:00,2026,103,8360,bs,MLB,승①패,3,승①패,미네트윈 15,2 디트타이,09.02(수) 08:40,"2.55,3.3,2.2",홈승
2026-09-02T02:41:36+00:00,2026,103,8361,bs,MLB,핸디캡,2,H +2.5,미네트윈 17.5,2 디트타이,09.02(수) 08:40,"1.26,2.92",핸디승
2026-09-02T02:41:36+00:00,2026,103,8362,bs,MLB,언더오버,2,U 8.5,미네트윈,디트타이,09.02(수) 08:40,"1.81,1.71",오버
2026-09-02T02:41:36+00:00,2026,103,8363,bs,MLB,홀짝,2,,미네트윈,디트타이,09.02(수) 08:40,"1.59,2.07",홀
2026-09-02T02:41:36+00:00,2026,103,8364,bs,MLB,승패,2,,캔자로얄 3,6 마이말린,09.02(수) 08:40,"1.67,1.86",홈패
2026-09-02T02:41:36+00:00,2026,103,8365,bs,MLB,승①패,3,승①패,캔자로얄 3,6 마이말린,09.02(수) 08:40,"2.33,3.4,2.35",홈패
2026-09-02T02:41:36+00:00,2026,103,8366,bs,MLB,핸디캡,2,H -2.5,캔자로얄 0.5,6 마이말린,09.02(수) 08:40,"3.16,1.22",핸디패
2026-09-02T02:41:36+00:00,2026,103,8367,bs,MLB,언더오버,2,U 9.5,캔자로얄,마이말린,09.02(수) 08:40,"1.87,1.66",언더
2026-09-02T02:41:36+00:00,2026,103,8368,bs,MLB,홀짝,2,,캔자로얄,마이말린,09.02(수) 08:40,"1.59,2.07",홀
2026-09-02T02:41:36+00:00,2026,103,8369,bs,MLB,승패,2,,시카컵스 4,9 밀워브루,09.02(수) 08:40,"1.67,1.86",8회말
2026-09-02T02:41:36+00:00,2026,103,8370,bs,MLB,승①패,3,승①패,시카컵스 4,9 밀워브루,09.02(수) 08:40,"2.35,3.4,2.33",8회말
2026-09-02T02:41:36+00:00,2026,103,8371,bs,MLB,핸디캡,2,H -2.5,시카컵스 1.5,9 밀워브루,09.02(수) 08:40,"3.23,1.21",8회말
2026-09-02T02:41:36+00:00,2026,103,8372,bs,MLB,언더오버,2,U 10.5,시카컵스,밀워브루,09.02(수) 08:40,"1.68,1.85",8회말
2026-09-02T02:41:36+00:00,2026,103,8373,bs,MLB,홀짝,2,,시카컵스,밀워브루,09.02(수) 08:40,"1.59,2.07",8회말
2026-09-02T02:41:36+00:00,2026,103,8374,bs,MLB,승패,2,,텍사레인 8,2 애슬레틱,09.02(수) 09:05,"1.39,2.4",7회말
2026-09-02T02:41:36+00:00,2026,103,8375,bs,MLB,승①패,3,승①패,텍사레인 8,2 애슬레틱,09.02(수) 09:05,"1.86,3.35,3.2",7회말
2026-09-02T02:41:36+00:00,2026,103,8376,bs,MLB,핸디캡,2,H -2.5,텍사레인 5.5,2 애슬레틱,09.02(수) 09:05,"2.49,1.36",7회말
2026-09-02T02:41:36+00:00,2026,103,8377,bs,MLB,언더오버,2,U 7.5,텍사레인,애슬레틱,09.02(수) 09:05,"1.68,1.85",7회말
2026-09-02T02:41:36+00:00,2026,103,8378,bs,MLB,홀짝,2,,텍사레인,애슬레틱,09.02(수) 09:05,"1.59,2.07",7회말
2026-09-02T02:41:36+00:00,2026,103,8379,bs,MLB,승패,2,,휴스애스 0,5 시카화이,09.02(수) 09:10,"1.82,1.7",7회말
2026-09-02T02:41:36+00:00,2026,103,8380,bs,MLB,승①패,3,승①패,휴스애스 0,5 시카화이,09.02(수) 09:10,"2.65,3.3,2.13",7회말
2026-09-02T02:41:36+00:00,2026,103,8381,bs,MLB,핸디캡,2,H +2.5,휴스애스 2.5,5 시카화이,09.02(수) 09:10,"1.28,2.82",7회말
2026-09-02T02:41:36+00:00,2026,103,8382,bs,MLB,언더오버,2,U 8.5,휴스애스,시카화이,09.02(수) 09:10,"1.78,1.74",7회말
2026-09-02T02:41:36+00:00,2026,103,8383,bs,MLB,홀짝,2,,휴스애스,시카화이,09.02(수) 09:10,"1.59,2.07",7회말
2026-09-02T02:41:36+00:00,2026,103,8384,bs,MLB,승패,2,,콜로로키 2,1 볼티오리,09.02(수) 09:40,"2.05,1.54",6회말
2026-09-02T02:41:36+00:00,2026,103,8385,bs,MLB,승①패,3,승①패,콜로로키 2,1 볼티오리,09.02(수) 09:40,"3.1,3.5,1.85",6회말
2026-09-02T02:41:36+00:00,2026,103,8386,bs,MLB,핸디캡,2,H +2.5,콜로로키 4.5,1 볼티오리,09.02(수) 09:40,"1.4,2.37",6회말
2026-09-02T02:41:36+00:00,2026,103,8387,bs,MLB,언더오버,2,U 11.5,콜로로키,볼티오리,09.02(수) 09:40,"1.65,1.89",6회말
2026-09-02T02:41:36+00:00,2026,103,8388,bs,MLB,홀짝,2,,콜로로키,볼티오리,09.02(수) 09:40,"1.6,2.06",6회말
2026-09-02T02:41:36+00:00,2026,103,8389,bs,MLB,승패,2,,LA에인절 1,4 뉴욕양키,09.02(수) 10:38,"2.4,1.39",5회초
2026-09-02T02:41:36+00:00,2026,103,8390,bs,MLB,승①패,3,승①패,LA에인절 1,4 뉴욕양키,09.02(수) 10:38,"3.85,3.35,1.69",5회초
2026-09-02T02:41:36+00:00,2026,103,8391,bs,MLB,핸디캡,2,H +2.5,LA에인절 3.5,4 뉴욕양키,09.02(수) 10:38,"1.48,2.17",5회초
2026-09-02T02:41:36+00:00,2026,103,8392,bs,MLB,언더오버,2,U 7.5,LA에인절,뉴욕양키,09.02(수) 10:38,"1.79,1.73",5회초
2026-09-02T02:41:36+00:00,2026,103,8393,bs,MLB,홀짝,2,,LA에인절,뉴욕양키,09.02(수) 10:38,"1.59,2.07",5회초
2026-09-02T02:41:36+00:00,2026,103,8394,bs,MLB,승패,2,,애리다이 0,2 필라필리,09.02(수) 10:40,"2.02,1.56",4회초
2026-09-02T02:41:36+00:00,2026,103,8395,bs,MLB,승①패,3,승①패,애리다이 0,2 필라필리,09.02(수) 10:40,"3.05,3.25,1.95",4회초
2026-09-02T02:41:36+00:00,2026,103,8396,bs,MLB,핸디캡,2,H +2.5,애리다이 2.5,2 필라필리,09.02(수) 10:40,"1.34,2.56",4회초
2026-09-02T02:41:36+00:00,2026,103,8397,bs,MLB,언더오버,2,U 7.5,애리다이,필라필리,09.02(수) 10:40,"1.79,1.73",4회초
2026-09-02T02:41:36+00:00,2026,103,8398,bs,MLB,홀짝,2,,애리다이,필라필리,09.02(수) 10:40,"1.58,2.09",4회초
2026-09-02T02:41:36+00:00,2026,103,8399,bs,MLB,승패,2,,LA다저스 0,2 세인카디,09.02(수) 11:10,"1.42,2.31",2회말
2026-09-02T02:41:36+00:00,2026,103,8400,bs,MLB,승①패,3,승①패,LA다저스 0,2 세인카디,09.02(수) 11:10,"1.88,3.45,3.05",2회말
2026-09-02T02:41:36+00:00,2026,103,8401,bs,MLB,핸디캡,2,H -2.5,LA다저스 -2.5,2 세인카디,09.02(수) 11:10,"2.49,1.36",2회말
2026-09-02T02:41:36+00:00,2026,103,8402,bs,MLB,언더오버,2,U 8.5,LA다저스,세인카디,09.02(수) 11:10,"1.93,1.62",2회말
2026-09-02T02:41:36+00:00,2026,103,8403,bs,MLB,홀짝,2,,LA다저스,세인카디,09.02(수) 11:10,"1.6,2.06",2회말
2026-09-02T02:41:36+00:00,2026,103,8404,bs,MLB,전반승무패,3,h(전반),LA다저스 0,2 세인카디,09.02(수) 11:10,"1.68,6.2,2.55",2회말
2026-09-02T02:41:36+00:00,2026,103,8405,bs,MLB,전반핸디캡,2,h H -1.5,LA다저스 -1.5,2 세인카디,09.02(수) 11:10,"2.34,1.41",2회말
2026-09-02T02:41:36+00:00,2026,103,8406,bs,MLB,전반언더오버,2,h U 4.5,LA다저스,세인카디,09.02(수) 11:10,"1.97,1.59",2회말
2026-09-02T02:41:36+00:00,2026,103,8476,sc,J1리그,승무패,3,,미토홀리,가시마A,09.02(수) 19:00,"3.3,3.1,1.91",경기전
2026-09-02T02:41:36+00:00,2026,103,8477,sc,J1리그,핸디캡,3,H +1.0,미토홀리,가시마A,09.02(수) 19:00,"1.7,3.4,3.75",경기전
2026-09-02T02:41:36+00:00,2026,103,8478,sc,J1리그,언더오버,2,U 2.5,미토홀리,가시마A,09.02(수) 19:00,"1.66,1.87",경기전
2026-09-02T02:41:36+00:00,2026,103,8479,sc,J1리그,홀짝,2,,미토홀리,가시마A,09.02(수) 19:00,"1.81,1.79",경기전
2026-09-02T02:41:36+00:00,2026,103,8480,sc,J1리그,승무패,3,,제프유나,오카야마,09.02(수) 19:00,"3.35,3.1,1.89",경기전
2026-09-02T02:41:36+00:00,2026,103,8481,sc,J1리그,핸디캡,3,H +1.0,제프유나,오카야마,09.02(수) 19:00,"1.72,3.35,3.7",경기전
2026-09-02T02:41:36+00:00,2026,103,8482,sc,J1리그,언더오버,2,U 2.5,제프유나,오카야마,09.02(수) 19:00,"1.69,1.84",경기전
2026-09-02T02:41:36+00:00,2026,103,8483,sc,J1리그,홀짝,2,,제프유나,오카야마,09.02(수) 19:00,"1.81,1.79",경기전
2026-09-02T02:41:36+00:00,2026,103,8484,sc,J1리그,승무패,3,,도쿄베르,비셀고베,09.02(수) 19:00,"3.6,2.85,1.92",경기전
2026-09-02T02:41:36+00:00,2026,103,8485,sc,J1리그,핸디캡,3,H +1.0,도쿄베르,비셀고베,09.02(수) 19:00,"1.71,3.2,3.95",경기전
2026-09-02T02:41:36+00:00,2026,103,8486,sc,J1리그,언더오버,2,U 2.5,도쿄베르,비셀고베,09.02(수) 19:00,"1.43,2.29",경기전
2026-09-02T02:41:36+00:00,2026,103,8487,sc,J1리그,홀짝,2,,도쿄베르,비셀고베,09.02(수) 19:00,"1.82,1.78",경기전
2026-09-02T02:41:36+00:00,2026,103,8488,sc,J1리그,승무패,3,,마치다Z,가와사키,09.02(수) 19:00,"1.83,3.25,3.4",경기전
2026-09-02T02:41:36+00:00,2026,103,8489,sc,J1리그,핸디캡,3,H -1.0,마치다Z,가와사키,09.02(수) 19:00,"3.4,3.4,1.78",경기전
2026-09-02T02:41:36+00:00,2026,103,8490,sc,J1리그,언더오버,2,U 2.5,마치다Z,가와사키,09.02(수) 19:00,"1.82,1.7",경기전
2026-09-02T02:41:36+00:00,2026,103,8491,sc,J1리그,홀짝,2,,마치다Z,가와사키,09.02(수) 19:00,"1.81,1.79",경기전
2026-09-02T02:41:36+00:00,2026,103,8492,sc,J1리그,승무패,3,,요코마리,교토상가,09.02(수) 19:00,"2.03,3.1,3.0",경기전
2026-09-02T02:41:36+00:00,2026,103,8493,sc,J1리그,핸디캡,3,H -1.0,요코마리,교토상가,09.02(수) 19:00,"4.05,3.5,1.62",경기전
2026-09-02T02:41:36+00:00,2026,103,8494,sc,J1리그,언더오버,2,U 2.5,요코마리,교토상가,09.02(수) 19:00,"1.69,1.84",경기전
2026-09-02T02:41:36+00:00,2026,103,8495,sc,J1리그,홀짝,2,,요코마리,교토상가,09.02(수) 19:00,"1.81,1.79",경기전
2026-09-02T02:41:36+00:00,2026,103,8496,sc,J1리그,승무패,3,,시미즈S,FC도쿄,09.02(수) 19:00,"3.25,3.1,1.93",경기전
2026-09-02T02:41:36+00:00,2026,103,8497,sc,J1리그,핸디캡,3,H +1.0,시미즈S,FC도쿄,09.02(수) 19:00,"1.7,3.4,3.75",경기전
2026-09-02T02:41:36+00:00,2026,103,8498,sc,J1리그,언더오버,2,U 2.5,시미즈S,FC도쿄,09.02(수) 19:00,"1.67,1.86",경기전
2026-09-02T02:41:36+00:00,2026,103,8499,sc,J1리그,홀짝,2,,시미즈S,FC도쿄,09.02(수) 19:00,"1.81,1.79",경기전
2026-09-02T02:41:36+00:00,2026,103,8500,sc,J1리그,승무패,3,,C오사카,가시와R,09.02(수) 19:00,"2.7,3.15,2.17",경기전
2026-09-02T02:41:36+00:00,2026,103,8501,sc,J1리그,핸디캡,3,H +1.0,C오사카,가시와R,09.02(수) 19:00,"1.55,3.7,4.25",경기전
2026-09-02T02:41:36+00:00,2026,103,8502,sc,J1리그,언더오버,2,U 2.5,C오사카,가시와R,09.02(수) 19:00,"1.84,1.69",경기전
2026-09-02T02:41:36+00:00,2026,103,8503,sc,J1리그,홀짝,2,,C오사카,가시와R,09.02(수) 19:00,"1.81,1.79",경기전
2026-09-02T02:41:36+00:00,2026,103,8504,sc,J1리그,승무패,3,,산프히로,나고야G,09.02(수) 19:00,"1.44,3.8,5.2",경기전
2026-09-02T02:41:36+00:00,2026,103,8505,sc,J1리그,핸디캡,3,H -1.0,산프히로,나고야G,09.02(수) 19:00,"2.3,3.35,2.4",경기전
2026-09-02T02:41:36+00:00,2026,103,8506,sc,J1리그,언더오버,2,U 2.5,산프히로,나고야G,09.02(수) 19:00,"2.11,1.51",경기전
2026-09-02T02:41:36+00:00,2026,103,8507,sc,J1리그,홀짝,2,,산프히로,나고야G,09.02(수) 19:00,"1.8,1.8",경기전
2026-09-02T02:41:36+00:00,2026,103,8508,sc,J1리그,승무패,3,,후쿠오카,우라와R,09.02(수) 19:00,"2.2,2.9,2.85",경기전
2026-09-02T02:41:36+00:00,2026,103,8509,sc,J1리그,핸디캡,3,H -1.0,후쿠오카,우라와R,09.02(수) 19:00,"4.75,3.55,1.52",경기전
2026-09-02T02:41:36+00:00,2026,103,8510,sc,J1리그,언더오버,2,U 2.5,후쿠오카,우라와R,09.02(수) 19:00,"1.51,2.11",경기전
2026-09-02T02:41:36+00:00,2026,103,8511,sc,J1리그,홀짝,2,,후쿠오카,우라와R,09.02(수) 19:00,"1.82,1.78",경기전
2026-09-02T02:41:36+00:00,2026,103,8512,sc,J1리그,승무패,3,,V바렌나,G오사카,09.02(수) 19:00,"3.05,3.2,1.96",경기전
2026-09-02T02:41:36+00:00,2026,103,8513,sc,J1리그,핸디캡,3,H +1.0,V바렌나,G오사카,09.02(수) 19:00,"1.66,3.55,3.75",경기전
2026-09-02T02:41:36+00:00,2026,103,8514,sc,J1리그,언더오버,2,U 2.5,V바렌나,G오사카,09.02(수) 19:00,"1.84,1.69",경기전
2026-09-02T02:41:36+00:00,2026,103,8515,sc,J1리그,홀짝,2,,V바렌나,G오사카,09.02(수) 19:00,"1.81,1.79",경기전
2026-09-02T02:41:36+00:00,2026,103,8520,sc,이탈FA컵,승무패,3,,사수올로,프로시노,09.02(수) 22:00,"1.72,3.35,3.7",경기전
2026-09-02T02:41:36+00:00,2026,103,8521,sc,이탈FA컵,핸디캡,3,H -1.0,사수올로,프로시노,09.02(수) 22:00,"3.1,3.4,1.88",경기전
2026-09-02T02:41:36+00:00,2026,103,8522,sc,이탈FA컵,언더오버,2,U 2.5,사수올로,프로시노,09.02(수) 22:00,"1.69,1.84",경기전
2026-09-02T02:41:36+00:00,2026,103,8523,sc,이탈FA컵,홀짝,2,,사수올로,프로시노,09.02(수) 22:00,"1.81,1.79",경기전
2026-09-02T02:41:36+00:00,2026,104,8359,bs,MLB,승패,2,,미네트윈 15,2 디트타이,09.02(수) 08:40,"1.77,1.75",홈승
2026-09-02T02:41:36+00:00,2026,104,8360,bs,MLB,승①패,3,승①패,미네트윈 15,2 디트타이,09.02(수) 08:40,"2.55,3.3,2.2",홈승
2026-09-02T02:41:36+00:00,2026,104,8361,bs,MLB,핸디캡,2,H +2.5,미네트윈 17.5,2 디트타이,09.02(수) 08:40,"1.26,2.92",핸디승
2026-09-02T02:41:36+00:00,2026,104,8362,bs,MLB,언더오버,2,U 8.5,미네트윈,디트타이,09.02(수) 08:40,"1.81,1.71",오버
2026-09-02T02:41:36+00:00,2026,104,8363,bs,MLB,홀짝,2,,미네트윈,디트타이,09.02(수) 08:40,"1.59,2.07",홀
2026-09-02T02:41:36+00:00,2026,104,8364,bs,MLB,승패,2,,캔자로얄 3,6 마이말린,09.02(수) 08:40,"1.67,1.86",홈패
2026-09-02T02:41:36+00:00,2026,104,8365,bs,MLB,승①패,3,승①패,캔자로얄 3,6 마이말린,09.02(수) 08:40,"2.33,3.4,2.35",홈패
2026-09-02T02:41:36+00:00,2026,104,8366,bs,MLB,핸디캡,2,H -2.5,캔자로얄 0.5,6 마이말린,09.02(수) 08:40,"3.16,1.22",핸디패
2026-09-02T02:41:36+00:00,2026,104,8367,bs,MLB,언더오버,2,U 9.5,캔자로얄,마이말린,09.02(수) 08:40,"1.87,1.66",언더
2026-09-02T02:41:36+00:00,2026,104,8368,bs,MLB,홀짝,2,,캔자로얄,마이말린,09.02(수) 08:40,"1.59,2.07",홀
2026-09-02T02:41:36+00:00,2026,104,8369,bs,MLB,승패,2,,시카컵스 4,9 밀워브루,09.02(수) 08:40,"1.67,1.86",9회초
2026-09-02T02:41:36+00:00,2026,104,8370,bs,MLB,승①패,3,승①패,시카컵스 4,9 밀워브루,09.02(수) 08:40,"2.35,3.4,2.33",9회초
2026-09-02T02:41:36+00:00,2026,104,8371,bs,MLB,핸디캡,2,H -2.5,시카컵스 1.5,9 밀워브루,09.02(수) 08:40,"3.23,1.21",9회초
2026-09-02T02:41:36+00:00,2026,104,8372,bs,MLB,언더오버,2,U 10.5,시카컵스,밀워브루,09.02(수) 08:40,"1.68,1.85",9회초
2026-09-02T02:41:36+00:00,2026,104,8373,bs,MLB,홀짝,2,,시카컵스,밀워브루,09.02(수) 08:40,"1.59,2.07",9회초
2026-09-02T02:41:36+00:00,2026,104,8374,bs,MLB,승패,2,,텍사레인 8,2 애슬레틱,09.02(수) 09:05,"1.39,2.4",7회말
2026-09-02T02:41:36+00:00,2026,104,8375,bs,MLB,승①패,3,승①패,텍사레인 8,2 애슬레틱,09.02(수) 09:05,"1.86,3.35,3.2",7회말
2026-09-02T02:41:36+00:00,2026,104,8376,bs,MLB,핸디캡,2,H -2.5,텍사레인 5.5,2 애슬레틱,09.02(수) 09:05,"2.49,1.36",7회말
2026-09-02T02:41:36+00:00,2026,104,8377,bs,MLB,언더오버,2,U 7.5,텍사레인,애슬레틱,09.02(수) 09:05,"1.68,1.85",7회말
2026-09-02T02:41:36+00:00,2026,104,8378,bs,MLB,홀짝,2,,텍사레인,애슬레틱,09.02(수) 09:05,"1.59,2.07",7회말
2026-09-02T02:41:36+00:00,2026,104,8379,bs,MLB,승패,2,,휴스애스 0,5 시카화이,09.02(수) 09:10,"1.82,1.7",8회초
2026-09-02T02:41:36+00:00,2026,104,8380,bs,MLB,승①패,3,승①패,휴스애스 0,5 시카화이,09.02(수) 09:10,"2.65,3.3,2.13",8회초
2026-09-02T02:41:36+00:00,2026,104,8381,bs,MLB,핸디캡,2,H +2.5,휴스애스 2.5,5 시카화이,09.02(수) 09:10,"1.28,2.82",8회초
2026-09-02T02:41:36+00:00,2026,104,8382,bs,MLB,언더오버,2,U 8.5,휴스애스,시카화이,09.02(수) 09:10,"1.78,1.74",8회초
2026-09-02T02:41:36+00:00,2026,104,8383,bs,MLB,홀짝,2,,휴스애스,시카화이,09.02(수) 09:10,"1.59,2.07",8회초
2026-09-02T02:41:36+00:00,2026,104,8384,bs,MLB,승패,2,,콜로로키 2,1 볼티오리,09.02(수) 09:40,"2.05,1.54",6회말
2026-09-02T02:41:36+00:00,2026,104,8385,bs,MLB,승①패,3,승①패,콜로로키 2,1 볼티오리,09.02(수) 09:40,"3.1,3.5,1.85",6회말
2026-09-02T02:41:36+00:00,2026,104,8386,bs,MLB,핸디캡,2,H +2.5,콜로로키 4.5,1 볼티오리,09.02(수) 09:40,"1.4,2.37",6회말
2026-09-02T02:41:36+00:00,2026,104,8387,bs,MLB,언더오버,2,U 11.5,콜로로키,볼티오리,09.02(수) 09:40,"1.65,1.89",6회말
2026-09-02T02:41:36+00:00,2026,104,8388,bs,MLB,홀짝,2,,콜로로키,볼티오리,09.02(수) 09:40,"1.6,2.06",6회말
2026-09-02T02:41:36+00:00,2026,104,8389,bs,MLB,승패,2,,LA에인절 1,4 뉴욕양키,09.02(수) 10:38,"2.4,1.39",5회초
2026-09-02T02:41:36+00:00,2026,104,8390,bs,MLB,승①패,3,승①패,LA에인절 1,4 뉴욕양키,09.02(수) 10:38,"3.95,3.5,1.64",5회초
2026-09-02T02:41:36+00:00,2026,104,8391,bs,MLB,핸디캡,2,H +2.5,LA에인절 3.5,4 뉴욕양키,09.02(수) 10:38,"1.48,2.17",5회초
2026-09-02T02:41:36+00:00,2026,104,8392,bs,MLB,언더오버,2,U 7.5,LA에인절,뉴욕양키,09.02(수) 10:38,"1.79,1.73",5회초
2026-09-02T02:41:36+00:00,2026,104,8393,bs,MLB,홀짝,2,,LA에인절,뉴욕양키,09.02(수) 10:38,"1.59,2.07",5회초
2026-09-02T02:41:36+00:00,2026,104,8394,bs,MLB,승패,2,,애리다이 0,2 필라필리,09.02(수) 10:40,"1.94,1.61",4회초
2026-09-02T02:41:36+00:00,2026,104,8395,bs,MLB,승①패,3,승①패,애리다이 0,2 필라필리,09.02(수) 10:40,"3.05,3.25,1.95",4회초
2026-09-02T02:41:36+00:00,2026,104,8396,bs,MLB,핸디캡,2,H +2.5,애리다이 2.5,2 필라필리,09.02(수) 10:40,"1.34,2.56",4회초
2026-09-02T02:41:36+00:00,2026,104,8397,bs,MLB,언더오버,2,U 7.5,애리다이,필라필리,09.02(수) 10:40,"1.79,1.73",4회초
2026-09-02T02:41:36+00:00,2026,104,8398,bs,MLB,홀짝,2,,애리다이,필라필리,09.02(수) 10:40,"1.58,2.09",4회초
2026-09-02T02:41:36+00:00,2026,104,8399,bs,MLB,승패,2,,LA다저스 0,2 세인카디,09.02(수) 11:10,"1.42,2.31",3회초
2026-09-02T02:41:36+00:00,2026,104,8400,bs,MLB,승①패,3,승①패,LA다저스 0,2 세인카디,09.02(수) 11:10,"1.82,3.6,3.1",3회초
2026-09-02T02:41:36+00:00,2026,104,8401,bs,MLB,핸디캡,2,H -2.5,LA다저스 -2.5,2 세인카디,09.02(수) 11:10,"2.37,1.4",3회초
2026-09-02T02:41:36+00:00,2026,104,8402,bs,MLB,언더오버,2,U 8.5,LA다저스,세인카디,09.02(수) 11:10,"2.0,1.57",3회초
2026-09-02T02:41:36+00:00,2026,104,8403,bs,MLB,홀짝,2,,LA다저스,세인카디,09.02(수) 11:10,"1.6,2.06",3회초
2026-09-02T02:41:36+00:00,2026,104,8404,bs,MLB,전반승무패,3,h(전반),LA다저스 0,2 세인카디,09.02(수) 11:10,"1.73,5.8,2.5",3회초
2026-09-02T02:41:36+00:00,2026,104,8405,bs,MLB,전반핸디캡,2,h H -1.5,LA다저스 -1.5,2 세인카디,09.02(수) 11:10,"2.34,1.41",3회초
2026-09-02T02:41:36+00:00,2026,104,8406,bs,MLB,전반언더오버,2,h U 4.5,LA다저스,세인카디,09.02(수) 11:10,"1.97,1.59",3회초
2026-09-02T02:41:36+00:00,2026,104,8407,bs,NPB,승패,2,,요미우리,요코베이,09.02(수) 18:00,"1.91,1.63",경기전
2026-09-02T02:41:36+00:00,2026,104,8408,bs,NPB,승①패,3,승①패,요미우리,요코베이,09.02(수) 18:00,"3.15,2.65,2.2",경기전
2026-09-02T02:41:36+00:00,2026,104,8409,bs,NPB,핸디캡,2,H +2.5,요미우리,요코베이,09.02(수) 18:00,"1.24,3.03",경기전
2026-09-02T02:41:36+00:00,2026,104,8410,bs,NPB,언더오버,2,U 6.5,요미우리,요코베이,09.02(수) 18:00,"1.65,1.89",경기전
2026-09-02T02:41:36+00:00,2026,104,8411,bs,NPB,홀짝,2,,요미우리,요코베이,09.02(수) 18:00,"1.64,1.99",경기전
2026-09-02T02:41:36+00:00,2026,104,8412,bs,NPB,승패,2,,야쿠르트,한신,09.02(수) 18:00,"1.96,1.6",경기전
2026-09-02T02:41:36+00:00,2026,104,8413,bs,NPB,승①패,3,승①패,야쿠르트,한신,09.02(수) 18:00,"3.1,2.9,2.07",경기전
2026-09-02T02:41:36+00:00,2026,104,8414,bs,NPB,핸디캡,2,H +2.5,야쿠르트,한신,09.02(수) 18:00,"1.28,2.82",경기전
2026-09-02T02:41:36+00:00,2026,104,8415,bs,NPB,언더오버,2,U 7.5,야쿠르트,한신,09.02(수) 18:00,"1.76,1.76",경기전
2026-09-02T02:41:36+00:00,2026,104,8416,bs,NPB,홀짝,2,,야쿠르트,한신,09.02(수) 18:00,"1.64,1.99",경기전
2026-09-02T02:41:36+00:00,2026,104,8417,bs,NPB,승패,2,,주니치,히로카프,09.02(수) 18:00,"1.48,2.17",경기전
2026-09-02T02:41:36+00:00,2026,104,8418,bs,NPB,승①패,3,승①패,주니치,히로카프,09.02(수) 18:00,"2.18,2.8,3.0",경기전
2026-09-02T02:41:36+00:00,2026,104,8419,bs,NPB,핸디캡,2,H -2.5,주니치,히로카프,09.02(수) 18:00,"3.03,1.24",경기전
2026-09-02T02:41:36+00:00,2026,104,8420,bs,NPB,언더오버,2,U 6.5,주니치,히로카프,09.02(수) 18:00,"1.78,1.74",경기전
2026-09-02T02:41:36+00:00,2026,104,8421,bs,NPB,홀짝,2,,주니치,히로카프,09.02(수) 18:00,"1.64,1.99",경기전
2026-09-02T02:41:36+00:00,2026,104,8422,bs,NPB,승패,2,,닛폰햄,소프트뱅,09.02(수) 18:00,"1.87,1.66",경기전
2026-09-02T02:41:36+00:00,2026,104,8423,bs,NPB,승①패,3,승①패,닛폰햄,소프트뱅,09.02(수) 18:00,"2.9,2.9,2.17",경기전
2026-09-02T02:41:36+00:00,2026,104,8424,bs,NPB,핸디캡,2,H +2.5,닛폰햄,소프트뱅,09.02(수) 18:00,"1.25,2.97",경기전
2026-09-02T02:41:36+00:00,2026,104,8425,bs,NPB,언더오버,2,U 7.5,닛폰햄,소프트뱅,09.02(수) 18:00,"1.8,1.72",경기전
2026-09-02T02:41:36+00:00,2026,104,8426,bs,NPB,홀짝,2,,닛폰햄,소프트뱅,09.02(수) 18:00,"1.64,1.99",경기전
2026-09-02T02:41:36+00:00,2026,104,8427,bs,NPB,승패,2,,라쿠텐,오릭스,09.02(수) 18:00,"1.63,1.91",경기전
2026-09-02T02:41:36+00:00,2026,104,8428,bs,NPB,승①패,3,승①패,라쿠텐,오릭스,09.02(수) 18:00,"2.45,2.8,2.6",경기전
2026-09-02T02:41:36+00:00,2026,104,8429,bs,NPB,핸디캡,2,H -2.5,라쿠텐,오릭스,09.02(수) 18:00,"3.46,1.18",경기전
2026-09-02T02:41:36+00:00,2026,104,8430,bs,NPB,언더오버,2,U 6.5,라쿠텐,오릭스,09.02(수) 18:00,"1.93,1.62",경기전
2026-09-02T02:41:36+00:00,2026,104,8431,bs,NPB,홀짝,2,,라쿠텐,오릭스,09.02(수) 18:00,"1.64,1.99",경기전
2026-09-02T02:41:36+00:00,2026,104,8432,sc,일리그컵,승무패,3,,하치노헤,도치기시,09.02(수) 18:30,"2.7,3.1,2.19",경기전
2026-09-02T02:41:36+00:00,2026,104,8433,sc,일리그컵,핸디캡,3,H +1.0,하치노헤,도치기시,09.02(수) 18:30,"1.53,3.65,4.5",경기전
2026-09-02T02:41:36+00:00,2026,104,8434,sc,일리그컵,언더오버,2,U 2.5,하치노헤,도치기시,09.02(수) 18:30,"1.73,1.79",경기전
2026-09-02T02:41:36+00:00,2026,104,8435,sc,일리그컵,홀짝,2,,하치노헤,도치기시,09.02(수) 18:30,"1.81,1.79",경기전
2026-09-02T02:41:36+00:00,2026,104,8436,bs,KBO,승패,2,,두산,LG,09.02(수) 18:30,"1.99,1.58",경기전
2026-09-02T02:41:36+00:00,2026,104,8437,bs,KBO,승①패,3,승①패,두산,LG,09.02(수) 18:30,"2.9,3.35,1.98",경기전
2026-09-02T02:41:36+00:00,2026,104,8438,bs,KBO,핸디캡,2,H +2.5,두산,LG,09.02(수) 18:30,"1.35,2.53",경기전
2026-09-02T02:41:36+00:00,2026,104,8439,bs,KBO,언더오버,2,U 9.5,두산,LG,09.02(수) 18:30,"1.7,1.82",경기전
2026-09-02T02:41:36+00:00,2026,104,8440,bs,KBO,홀짝,2,,두산,LG,09.02(수) 18:30,"1.62,2.03",경기전
2026-09-02T02:41:36+00:00,2026,104,8441,bs,KBO,전반승무패,3,h(전반),두산,LG,09.02(수) 18:30,"2.3,6.4,1.79",경기전
2026-09-02T02:41:36+00:00,2026,104,8442,bs,KBO,전반핸디캡,2,h H +1.5,두산,LG,09.02(수) 18:30,"1.38,2.43",경기전
2026-09-02T02:41:36+00:00,2026,104,8443,bs,KBO,전반언더오버,2,h U 5.5,두산,LG,09.02(수) 18:30,"1.63,1.91",경기전
2026-09-02T02:41:36+00:00,2026,104,8444,bs,KBO,승패,2,,삼성,롯데,09.02(수) 18:30,"1.45,2.24",경기전
2026-09-02T02:41:36+00:00,2026,104,8445,bs,KBO,승①패,3,승①패,삼성,롯데,09.02(수) 18:30,"1.91,3.55,2.9",경기전
2026-09-02T02:41:36+00:00,2026,104,8446,bs,KBO,핸디캡,2,H -2.5,삼성,롯데,09.02(수) 18:30,"2.46,1.37",경기전
2026-09-02T02:41:36+00:00,2026,104,8447,bs,KBO,언더오버,2,U 10.5,삼성,롯데,09.02(수) 18:30,"1.81,1.71",경기전
2026-09-02T02:41:36+00:00,2026,104,8448,bs,KBO,홀짝,2,,삼성,롯데,09.02(수) 18:30,"1.61,2.04",경기전
2026-09-02T02:41:36+00:00,2026,104,8449,bs,KBO,전반승무패,3,h(전반),삼성,롯데,09.02(수) 18:30,"1.73,6.9,2.35",경기전
2026-09-02T02:41:36+00:00,2026,104,8450,bs,KBO,전반핸디캡,2,h H -1.5,삼성,롯데,09.02(수) 18:30,"2.29,1.43",경기전
2026-09-02T02:41:36+00:00,2026,104,8451,bs,KBO,전반언더오버,2,h U 6.5,삼성,롯데,09.02(수) 18:30,"1.61,1.94",경기전
2026-09-02T02:41:36+00:00,2026,104,8452,bs,KBO,승패,2,,KT,한화,09.02(수) 18:30,"1.7,1.82",경기전
2026-09-02T02:41:36+00:00,2026,104,8453,bs,KBO,승①패,3,승①패,KT,한화,09.02(수) 18:30,"2.4,3.35,2.3",경기전
2026-09-02T02:41:36+00:00,2026,104,8454,bs,KBO,핸디캡,2,H -2.5,KT,한화,09.02(수) 18:30,"3.23,1.21",경기전
2026-09-02T02:41:36+00:00,2026,104,8455,bs,KBO,언더오버,2,U 9.5,KT,한화,09.02(수) 18:30,"1.79,1.73",경기전
2026-09-02T02:41:36+00:00,2026,104,8456,bs,KBO,홀짝,2,,KT,한화,09.02(수) 18:30,"1.61,2.04",경기전
2026-09-02T02:41:36+00:00,2026,104,8457,bs,KBO,전반승무패,3,h(전반),KT,한화,09.02(수) 18:30,"1.98,6.4,2.05",경기전
2026-09-02T02:41:36+00:00,2026,104,8458,bs,KBO,전반핸디캡,2,h H -1.5,KT,한화,09.02(수) 18:30,"2.68,1.31",경기전
2026-09-02T02:41:36+00:00,2026,104,8459,bs,KBO,전반언더오버,2,h U 5.5,KT,한화,09.02(수) 18:30,"1.63,1.91",경기전
2026-09-02T02:41:36+00:00,2026,104,8460,bs,KBO,승패,2,,NC,KIA,09.02(수) 18:30,"1.82,1.7",경기전
2026-09-02T02:41:36+00:00,2026,104,8461,bs,KBO,승①패,3,승①패,NC,KIA,09.02(수) 18:30,"2.55,3.55,2.1",경기전
2026-09-02T02:41:36+00:00,2026,104,8462,bs,KBO,핸디캡,2,H +2.5,NC,KIA,09.02(수) 18:30,"1.3,2.72",경기전
2026-09-02T02:41:36+00:00,2026,104,8463,bs,KBO,언더오버,2,U 11.5,NC,KIA,09.02(수) 18:30,"1.82,1.7",경기전
2026-09-02T02:41:36+00:00,2026,104,8464,bs,KBO,홀짝,2,,NC,KIA,09.02(수) 18:30,"1.6,2.06",경기전
2026-09-02T02:41:36+00:00,2026,104,8465,bs,KBO,전반승무패,3,h(전반),NC,KIA,09.02(수) 18:30,"2.05,7.0,1.93",경기전
2026-09-02T02:41:36+00:00,2026,104,8466,bs,KBO,전반핸디캡,2,h H +1.5,NC,KIA,09.02(수) 18:30,"1.34,2.56",경기전
2026-09-02T02:41:36+00:00,2026,104,8467,bs,KBO,전반언더오버,2,h U 6.5,NC,KIA,09.02(수) 18:30,"1.8,1.72",경기전
2026-09-02T02:41:36+00:00,2026,104,8468,bs,KBO,승패,2,,키움,SSG,09.02(수) 18:30,"1.82,1.7",경기전
2026-09-02T02:41:36+00:00,2026,104,8469,bs,KBO,승①패,3,승①패,키움,SSG,09.02(수) 18:30,"2.65,3.2,2.18",경기전
2026-09-02T02:41:36+00:00,2026,104,8470,bs,KBO,핸디캡,2,H +2.5,키움,SSG,09.02(수) 18:30,"1.27,2.87",경기전
2026-09-02T02:41:36+00:00,2026,104,8471,bs,KBO,언더오버,2,U 8.5,키움,SSG,09.02(수) 18:30,"1.77,1.75",경기전
2026-09-02T02:41:36+00:00,2026,104,8472,bs,KBO,홀짝,2,,키움,SSG,09.02(수) 18:30,"1.62,2.03",경기전
2026-09-02T02:41:36+00:00,2026,104,8473,bs,KBO,전반승무패,3,h(전반),키움,SSG,09.02(수) 18:30,"2.15,5.9,1.94",경기전
2026-09-02T02:41:36+00:00,2026,104,8474,bs,KBO,전반핸디캡,2,h H +1.5,키움,SSG,09.02(수) 18:30,"1.31,2.68",경기전
2026-09-02T02:41:36+00:00,2026,104,8475,bs,KBO,전반언더오버,2,h U 4.5,키움,SSG,09.02(수) 18:30,"1.82,1.7",경기전
2026-09-02T02:41:36+00:00,2026,104,8476,sc,J1리그,승무패,3,,미토홀리,가시마A,09.02(수) 19:00,"3.5,3.2,1.81",경기전
2026-09-02T02:41:36+00:00,2026,104,8477,sc,J1리그,핸디캡,3,H +1.0,미토홀리,가시마A,09.02(수) 19:00,"1.8,3.35,3.4",경기전
2026-09-02T02:41:36+00:00,2026,104,8478,sc,J1리그,언더오버,2,U 2.5,미토홀리,가시마A,09.02(수) 19:00,"1.66,1.87",경기전
2026-09-02T02:41:36+00:00,2026,104,8479,sc,J1리그,홀짝,2,,미토홀리,가시마A,09.02(수) 19:00,"1.81,1.79",경기전
2026-09-02T02:41:36+00:00,2026,104,8480,sc,J1리그,승무패,3,,제프유나,오카야마,09.02(수) 19:00,"3.65,3.2,1.78",경기전
2026-09-02T02:41:36+00:00,2026,104,8481,sc,J1리그,핸디캡,3,H +1.0,제프유나,오카야마,09.02(수) 19:00,"1.83,3.35,3.3",경기전
2026-09-02T02:41:36+00:00,2026,104,8482,sc,J1리그,언더오버,2,U 2.5,제프유나,오카야마,09.02(수) 19:00,"1.74,1.78",경기전
2026-09-02T02:41:36+00:00,2026,104,8483,sc,J1리그,홀짝,2,,제프유나,오카야마,09.02(수) 19:00,"1.81,1.79",경기전
2026-09-02T02:41:36+00:00,2026,104,8484,sc,J1리그,승무패,3,,도쿄베르,비셀고베,09.02(수) 19:00,"3.6,2.85,1.92",경기전
2026-09-02T02:41:36+00:00,2026,104,8485,sc,J1리그,핸디캡,3,H +1.0,도쿄베르,비셀고베,09.02(수) 19:00,"1.71,3.2,3.95",경기전
2026-09-02T02:41:36+00:00,2026,104,8486,sc,J1리그,언더오버,2,U 2.5,도쿄베르,비셀고베,09.02(수) 19:00,"1.43,2.29",경기전
2026-09-02T02:41:36+00:00,2026,104,8487,sc,J1리그,홀짝,2,,도쿄베르,비셀고베,09.02(수) 19:00,"1.82,1.78",경기전
2026-09-02T02:41:36+00:00,2026,104,8488,sc,J1리그,승무패,3,,마치다Z,가와사키,09.02(수) 19:00,"1.83,3.25,3.4",경기전
2026-09-02T02:41:36+00:00,2026,104,8489,sc,J1리그,핸디캡,3,H -1.0,마치다Z,가와사키,09.02(수) 19:00,"3.4,3.4,1.78",경기전
2026-09-02T02:41:36+00:00,2026,104,8490,sc,J1리그,언더오버,2,U 2.5,마치다Z,가와사키,09.02(수) 19:00,"1.82,1.7",경기전
2026-09-02T02:41:36+00:00,2026,104,8491,sc,J1리그,홀짝,2,,마치다Z,가와사키,09.02(수) 19:00,"1.81,1.79",경기전
2026-09-02T02:41:36+00:00,2026,104,8492,sc,J1리그,승무패,3,,요코마리,교토상가,09.02(수) 19:00,"2.03,3.1,3.0",경기전
2026-09-02T02:41:36+00:00,2026,104,8493,sc,J1리그,핸디캡,3,H -1.0,요코마리,교토상가,09.02(수) 19:00,"4.05,3.5,1.62",경기전
2026-09-02T02:41:36+00:00,2026,104,8494,sc,J1리그,언더오버,2,U 2.5,요코마리,교토상가,09.02(수) 19:00,"1.69,1.84",경기전
2026-09-02T02:41:36+00:00,2026,104,8495,sc,J1리그,홀짝,2,,요코마리,교토상가,09.02(수) 19:00,"1.81,1.79",경기전
2026-09-02T02:41:36+00:00,2026,104,8496,sc,J1리그,승무패,3,,시미즈S,FC도쿄,09.02(수) 19:00,"3.25,3.1,1.93",경기전
2026-09-02T02:41:36+00:00,2026,104,8497,sc,J1리그,핸디캡,3,H +1.0,시미즈S,FC도쿄,09.02(수) 19:00,"1.7,3.4,3.75",경기전
2026-09-02T02:41:36+00:00,2026,104,8498,sc,J1리그,언더오버,2,U 2.5,시미즈S,FC도쿄,09.02(수) 19:00,"1.67,1.86",경기전
2026-09-02T02:41:36+00:00,2026,104,8499,sc,J1리그,홀짝,2,,시미즈S,FC도쿄,09.02(수) 19:00,"1.81,1.79",경기전
2026-09-02T02:41:36+00:00,2026,104,8500,sc,J1리그,승무패,3,,C오사카,가시와R,09.02(수) 19:00,"2.85,3.2,2.06",경기전
2026-09-02T02:41:36+00:00,2026,104,8501,sc,J1리그,핸디캡,3,H +1.0,C오사카,가시와R,09.02(수) 19:00,"1.61,3.6,4.0",경기전
2026-09-02T02:41:36+00:00,2026,104,8502,sc,J1리그,언더오버,2,U 2.5,C오사카,가시와R,09.02(수) 19:00,"1.84,1.69",경기전
2026-09-02T02:41:36+00:00,2026,104,8503,sc,J1리그,홀짝,2,,C오사카,가시와R,09.02(수) 19:00,"1.81,1.79",경기전
2026-09-02T02:41:36+00:00,2026,104,8504,sc,J1리그,승무패,3,,산프히로,나고야G,09.02(수) 19:00,"1.44,3.8,5.2",경기전
2026-09-02T02:41:36+00:00,2026,104,8505,sc,J1리그,핸디캡,3,H -1.0,산프히로,나고야G,09.02(수) 19:00,"2.3,3.35,2.4",경기전
2026-09-02T02:41:36+00:00,2026,104,8506,sc,J1리그,언더오버,2,U 2.5,산프히로,나고야G,09.02(수) 19:00,"2.11,1.51",경기전
2026-09-02T02:41:36+00:00,2026,104,8507,sc,J1리그,홀짝,2,,산프히로,나고야G,09.02(수) 19:00,"1.8,1.8",경기전
2026-09-02T02:41:36+00:00,2026,104,8508,sc,J1리그,승무패,3,,후쿠오카,우라와R,09.02(수) 19:00,"2.2,2.9,2.85",경기전
2026-09-02T02:41:36+00:00,2026,104,8509,sc,J1리그,핸디캡,3,H -1.0,후쿠오카,우라와R,09.02(수) 19:00,"4.75,3.55,1.52",경기전
2026-09-02T02:41:36+00:00,2026,104,8510,sc,J1리그,언더오버,2,U 2.5,후쿠오카,우라와R,09.02(수) 19:00,"1.51,2.11",경기전
2026-09-02T02:41:36+00:00,2026,104,8511,sc,J1리그,홀짝,2,,후쿠오카,우라와R,09.02(수) 19:00,"1.82,1.78",경기전
2026-09-02T02:41:36+00:00,2026,104,8512,sc,J1리그,승무패,3,,V바렌나,G오사카,09.02(수) 19:00,"3.05,3.2,1.96",경기전
2026-09-02T02:41:36+00:00,2026,104,8513,sc,J1리그,핸디캡,3,H +1.0,V바렌나,G오사카,09.02(수) 19:00,"1.66,3.55,3.75",경기전
2026-09-02T02:41:36+00:00,2026,104,8514,sc,J1리그,언더오버,2,U 2.5,V바렌나,G오사카,09.02(수) 19:00,"1.84,1.69",경기전
2026-09-02T02:41:36+00:00,2026,104,8515,sc,J1리그,홀짝,2,,V바렌나,G오사카,09.02(수) 19:00,"1.81,1.79",경기전
2026-09-02T02:41:36+00:00,2026,104,8516,sc,일리그컵,승무패,3,,미야자키,K도야마,09.02(수) 19:00,"2.9,3.05,2.1",경기전
2026-09-02T02:41:36+00:00,2026,104,8517,sc,일리그컵,핸디캡,3,H +1.0,미야자키,K도야마,09.02(수) 19:00,"1.58,3.55,4.25",경기전
2026-09-02T02:41:36+00:00,2026,104,8518,sc,일리그컵,언더오버,2,U 2.5,미야자키,K도야마,09.02(수) 19:00,"1.67,1.86",경기전
2026-09-02T02:41:36+00:00,2026,104,8519,sc,일리그컵,홀짝,2,,미야자키,K도야마,09.02(수) 19:00,"1.81,1.79",경기전
2026-09-02T02:41:36+00:00,2026,104,8520,sc,이탈FA컵,승무패,3,,사수올로,프로시노,09.02(수) 22:00,"1.72,3.35,3.7",경기전
2026-09-02T02:41:36+00:00,2026,104,8521,sc,이탈FA컵,핸디캡,3,H -1.0,사수올로,프로시노,09.02(수) 22:00,"3.1,3.4,1.88",경기전
2026-09-02T02:41:36+00:00,2026,104,8522,sc,이탈FA컵,언더오버,2,U 2.5,사수올로,프로시노,09.02(수) 22:00,"1.85,1.68",경기전
2026-09-02T02:41:36+00:00,2026,104,8523,sc,이탈FA컵,홀짝,2,,사수올로,프로시노,09.02(수) 22:00,"1.81,1.79",경기전
2026-09-02T02:41:36+00:00,2026,104,8524,sc,리그스컵,승무패,3,,톨루카,레온,09.03(목) 10:00,"1.7,3.5,3.65",경기전
2026-09-02T02:41:36+00:00,2026,104,8525,sc,리그스컵,핸디캡,3,H -1.0,톨루카,레온,09.03(목) 10:00,"2.95,3.45,1.92",경기전
2026-09-02T02:41:36+00:00,2026,104,8526,sc,리그스컵,언더오버,2,U 2.5,톨루카,레온,09.03(목) 10:00,"2.07,1.53",경기전
2026-09-02T02:41:36+00:00,2026,104,8527,sc,리그스컵,홀짝,2,,톨루카,레온,09.03(목) 10:00,"1.8,1.8",경기전
2026-09-02T02:41:36+00:00,2026,104,8528,sc,리그스컵,승무패,3,,아메리카,몬테레이,09.03(목) 12:30,"2.06,3.25,2.8",경기전
2026-09-02T02:41:36+00:00,2026,104,8529,sc,리그스컵,핸디캡,3,H -1.0,아메리카,몬테레이,09.03(목) 12:30,"4.0,3.7,1.59",경기전
2026-09-02T02:41:36+00:00,2026,104,8530,sc,리그스컵,언더오버,2,U 2.5,아메리카,몬테레이,09.03(목) 12:30,"1.93,1.62",경기전
2026-09-02T02:41:36+00:00,2026,104,8531,sc,리그스컵,홀짝,2,,아메리카,몬테레이,09.03(목) 12:30,"1.81,1.79",경기전
2026-09-02T02:41:36+00:00,2026,104,8532,sc,이탈FA컵,승무패,3,,우디네세,베네치아,09.03(목) 01:00,"1.82,3.15,3.55",경기전
2026-09-02T02:41:36+00:00,2026,104,8533,sc,이탈FA컵,핸디캡,3,H -1.0,우디네세,베네치아,09.03(목) 01:00,"3.4,3.3,1.81",경기전
2026-09-02T02:41:36+00:00,2026,104,8534,sc,이탈FA컵,언더오버,2,U 2.5,우디네세,베네치아,09.03(목) 01:00,"1.7,1.82",경기전
2026-09-02T02:41:36+00:00,2026,104,8535,sc,이탈FA컵,홀짝,2,,우디네세,베네치아,09.03(목) 01:00,"1.81,1.79",경기전
2026-09-02T02:41:36+00:00,2026,104,8551,sc,EFL챔,승무패,3,,밀월,렉섬,09.03(목) 03:45,"2.07,3.1,2.9",경기전
2026-09-02T02:41:36+00:00,2026,104,8552,sc,EFL챔,핸디캡,3,H -1.0,밀월,렉섬,09.03(목) 03:45,"4.2,3.55,1.59",경기전
2026-09-02T02:41:36+00:00,2026,104,8553,sc,EFL챔,언더오버,2,U 2.5,밀월,렉섬,09.03(목) 03:45,"1.71,1.81",경기전
2026-09-02T02:41:36+00:00,2026,104,8554,sc,EFL챔,홀짝,2,,밀월,렉섬,09.03(목) 03:45,"1.81,1.79",경기전
2026-09-02T02:41:36+00:00,2026,104,8555,sc,EFL챔,승무패,3,,퀸즈파크,카디프C,09.03(목) 03:45,"1.81,3.35,3.35",경기전
2026-09-02T02:41:36+00:00,2026,104,8556,sc,EFL챔,핸디캡,3,H -1.0,퀸즈파크,카디프C,09.03(목) 03:45,"3.3,3.5,1.78",경기전
2026-09-02T02:41:36+00:00,2026,104,8557,sc,EFL챔,언더오버,2,U 2.5,퀸즈파크,카디프C,09.03(목) 03:45,"1.96,1.6",경기전
2026-09-02T02:41:36+00:00,2026,104,8558,sc,EFL챔,홀짝,2,,퀸즈파크,카디프C,09.03(목) 03:45,"1.81,1.79",경기전
2026-09-02T02:41:36+00:00,2026,104,8559,sc,EFL챔,승무패,3,,웨스브로,찰턴A,09.03(목) 03:45,"1.68,3.2,4.15",경기전
2026-09-02T02:41:36+00:00,2026,104,8560,sc,EFL챔,핸디캡,3,H -1.0,웨스브로,찰턴A,09.03(목) 03:45,"3.1,3.2,1.94",경기전
2026-09-02T02:41:36+00:00,2026,104,8561,sc,EFL챔,언더오버,2,U 2.5,웨스브로,찰턴A,09.03(목) 03:45,"1.63,1.91",경기전
2026-09-02T02:41:36+00:00,2026,104,8562,sc,EFL챔,홀짝,2,,웨스브로,찰턴A,09.03(목) 03:45,"1.81,1.79",경기전
2026-09-02T02:41:36+00:00,2026,104,8563,sc,EFL챔,승무패,3,,번리,미들즈브,09.03(목) 04:00,"2.6,3.25,2.19",경기전
2026-09-02T02:41:36+00:00,2026,104,8564,sc,EFL챔,핸디캡,3,H +1.0,번리,미들즈브,09.03(목) 04:00,"1.52,3.8,4.4",경기전
2026-09-02T02:41:36+00:00,2026,104,8565,sc,EFL챔,언더오버,2,U 2.5,번리,미들즈브,09.03(목) 04:00,"1.94,1.61",경기전
2026-09-02T02:41:36+00:00,2026,104,8566,sc,EFL챔,홀짝,2,,번리,미들즈브,09.03(목) 04:00,"1.81,1.79",경기전
2026-09-02T02:41:36+00:00,2026,104,8695,sc,프리그1,승무패,3,,툴루즈,릴OSC,09.04(금) 03:45,"3.05,3.05,2.03",경기전
2026-09-02T02:41:36+00:00,2026,104,8696,sc,프리그1,핸디캡,3,H +1.0,툴루즈,릴OSC,09.04(금) 03:45,"1.62,3.5,4.05",경기전
2026-09-02T02:41:36+00:00,2026,104,8697,sc,프리그1,핸디캡,3,H +2.0,툴루즈,릴OSC,09.04(금) 03:45,"1.14,5.9,9.7",경기전
2026-09-02T02:41:36+00:00,2026,104,8698,sc,프리그1,언더오버,2,U 2.5,툴루즈,릴OSC,09.04(금) 03:45,"1.66,1.87",경기전
2026-09-02T02:41:36+00:00,2026,104,8699,sc,프리그1,홀짝,2,,툴루즈,릴OSC,09.04(금) 03:45,"1.81,1.79",경기전
2026-09-02T02:41:36+00:00,2026,104,8700,sc,라리가,승무패,3,,소시에다,셀타비고,09.04(금) 04:00,"1.84,3.25,3.5",경기전
2026-09-02T02:41:36+00:00,2026,104,8701,sc,라리가,핸디캡,3,H -1.0,소시에다,셀타비고,09.04(금) 04:00,"3.4,3.4,1.78",경기전
2026-09-02T02:41:36+00:00,2026,104,8702,sc,라리가,핸디캡,3,H -2.0,소시에다,셀타비고,09.04(금) 04:00,"7.4,5.3,1.21",경기전
2026-09-02T02:41:36+00:00,2026,104,8703,sc,라리가,언더오버,2,U 2.5,소시에다,셀타비고,09.04(금) 04:00,"1.79,1.77",경기전
2026-09-02T02:41:36+00:00,2026,104,8704,sc,라리가,홀짝,2,,소시에다,셀타비고,09.04(금) 04:00,"1.81,1.79",경기전
2026-09-02T02:41:36+00:00,2026,104,8815,sc,K리그2,승무패,3,,충북청주,서울이랜,09.04(금) 19:30,"3.7,3.35,1.72",경기전
2026-09-02T02:41:36+00:00,2026,104,8816,sc,K리그2,핸디캡,3,H +1.0,충북청주,서울이랜,09.04(금) 19:30,"1.89,3.35,3.1",경기전
2026-09-02T02:41:36+00:00,2026,104,8817,sc,K리그2,언더오버,2,U 2.5,충북청주,서울이랜,09.04(금) 19:30,"1.89,1.65",경기전
2026-09-02T02:41:36+00:00,2026,104,8818,sc,K리그2,홀짝,2,,충북청주,서울이랜,09.04(금) 19:30,"1.81,1.79",경기전
2026-09-02T02:41:36+00:00,2026,104,8819,sc,K리그2,승무패,3,,파주프런,대구FC,09.04(금) 19:30,"4.25,3.65,1.56",경기전
2026-09-02T02:41:36+00:00,2026,104,8820,sc,K리그2,핸디캡,3,H +1.0,파주프런,대구FC,09.04(금) 19:30,"2.12,3.4,2.6",경기전
2026-09-02T02:41:36+00:00,2026,104,8821,sc,K리그2,언더오버,2,U 2.5,파주프런,대구FC,09.04(금) 19:30,"2.13,1.5",경기전
2026-09-02T02:41:36+00:00,2026,104,8822,sc,K리그2,홀짝,2,,파주프런,대구FC,09.04(금) 19:30,"1.8,1.8",경기전
